Date,Close,High,Low,Open,Volume
2007-01-11,81.33882904052734,81.33882904052734,81.33882904052734,81.33882904052734,900
2007-01-12,81.38374328613281,81.38374328613281,81.38374328613281,81.38374328613281,1100
2007-01-16,81.36870574951172,81.38367468266956,81.36870574951172,81.38367468266956,500
2007-01-17,81.41365051269531,81.41365051269531,81.41365051269531,81.41365051269531,8200
2007-01-18,81.40619659423828,81.41368106764105,81.38374888301044,81.41368106764105,23100
2007-01-19,81.39120483398438,81.4211370102252,81.39120483398438,81.40617377659423,13400
2007-01-22,81.42115020751953,81.43611915255563,81.41367144398127,81.42863468003759,3000
2007-01-23,81.42864227294922,81.43612674616517,81.42115779973327,81.42115779973327,2300
2007-01-24,81.4735107421875,81.48099521292754,81.46603198042591,81.46603198042591,4300
2007-01-25,81.4735107421875,81.48847968366756,81.45854750968589,81.48099521292754,31300
2007-01-26,81.466064453125,81.5109598775038,81.466064453125,81.5109598775038,94800
2007-01-29,81.52588653564453,81.54085547637477,81.52588653564453,81.54085547637477,19900
2007-01-30,81.52588653564453,81.54085547637477,81.51092330389244,81.51840777425757,5500
2007-01-31,81.56332397460938,81.56332397460938,81.53339179449527,81.5408762667687,2500
2007-02-01,81.56625366210938,81.59627229077192,81.55874757357675,81.59627229077192,11400
2007-02-02,81.5888671875,81.61137975549447,81.58136108967682,81.5888671875,35400
2007-02-05,81.6113510131836,81.62635747806983,81.58883845311772,81.62635747806983,8700
2007-02-06,81.6037826538086,81.6187948327135,81.59628228982483,81.6187948327135,10400
2007-02-07,81.6489028930664,81.66390936293882,81.6113781301729,81.66390936293882,8500
2007-02-08,81.64136505126953,81.65637151530709,81.64136505126953,81.65637151530709,4500
2007-02-09,81.66390228271484,81.67890875128622,81.60386495748043,81.67140837973777,25400
2007-02-12,81.66390228271484,81.66390228271484,81.65639618569193,81.66390228271484,8500
2007-02-13,81.66390228271484,81.67140837973777,81.64889581414347,81.64889581414347,1500
2007-02-14,81.71638488769531,81.72389098025192,81.7088787951387,81.7088787951387,24600
2007-02-15,81.72392272949219,81.75394138590964,81.69390407307473,81.72392272949219,32200
2007-02-16,81.73889923095703,81.7539114163992,81.71638667826495,81.74640532367812,25200
2007-02-20,81.7464599609375,81.75396605867547,81.73145349093657,81.73145349093657,15000
2007-02-21,81.77645111083984,81.7914575757915,81.70140733513537,81.74643245546343,74300
2007-02-22,81.77645111083984,81.77645111083984,81.76894501562747,81.76894501562747,3200
2007-02-23,81.81394958496094,81.82145567828783,81.7764305692697,81.7764305692697,8700
2007-02-26,81.82144165039062,81.83645383447066,81.80643519178125,81.83645383447066,268100
2007-02-27,81.83650970458984,81.84401007627973,81.81399141309646,81.84401007627973,16600
2007-02-28,81.88899230957031,81.91150486222158,81.84396147879661,81.84396147879661,296600
2007-03-01,81.8867416381836,81.90178352625294,81.84161023498736,81.89426545171236,32500
2007-03-02,81.93191528320312,81.9544809964355,81.89430767414622,81.92439720478644,24800
2007-03-05,81.91685485839844,81.9318967508206,81.9018072269864,81.9318967508206,31200
2007-03-06,81.92439270019531,81.95447649019022,81.89430317120956,81.92439270019531,11000
2007-03-07,81.95443725585938,81.95443725585938,81.93939536806297,81.95443725585938,17600
2007-03-08,81.96197509765625,81.96949891233625,81.94693320728531,81.96949891233625,18100
2007-03-09,81.95443725585938,81.97700869603612,81.92435348026657,81.95443725585938,52900
2007-03-12,81.97701263427734,81.97701263427734,81.94692311825092,81.97701263427734,10800
2007-03-13,82.02971649169922,82.02971649169922,81.9770612421784,81.99210313961645,126800
2007-03-14,82.03717803955078,82.04470185258107,82.01461233944772,82.04470185258107,22400
2007-03-15,82.02971649169922,82.03723457092235,82.00714503705449,82.03723457092235,16600
2007-03-16,82.04466247558594,82.04466247558594,82.02209678631318,82.04466247558594,14500
2007-03-19,82.04466247558594,82.05970435543941,81.91678641038368,82.0521862850052,108600
2007-03-20,82.06721496582031,82.07473877402951,82.05217308838606,82.07473877402951,4100
2007-03-21,82.11994171142578,82.14250741673486,82.07481030080761,82.10489982088278,140500
2007-03-22,82.09736633300781,82.12745584953767,82.08984251912823,82.1199320356581,28400
2007-03-23,82.12747955322266,82.14252144633475,82.10491384405945,82.11995573717155,572400
2007-03-26,82.135009765625,82.14252784327147,82.10492023806744,82.11244405470447,10600
2007-03-27,82.15755462646484,82.17259651693098,82.1199412918158,82.1199412918158,394600
2007-03-28,82.18012237548828,82.20268808124328,82.1575566697333,82.1575566697333,20100
2007-03-29,82.20269012451172,82.21021393961348,82.1876482332976,82.19516630940996,22800
2007-03-30,82.20269012451172,82.21773775471524,82.16508252698169,82.21773775471524,202600
2007-04-02,82.20648193359375,82.22910665018364,82.13860778382407,82.19893844339809,23000
2007-04-03,82.22154235839844,82.25925404583882,82.19137991324091,82.24417282326004,25000
2007-04-04,82.26673889160156,82.28936358633989,82.25165192578166,82.25919540869161,20800
2007-04-05,82.25920867919922,82.28937686171439,82.24412746493788,82.27428989346058,16400
2007-04-09,82.26673889160156,82.27427662051997,82.24411419686325,82.25919540869161,34400
2007-04-10,82.28942108154297,82.29696456972351,82.26679637099689,82.26679637099689,18000
2007-04-11,82.31205749511719,82.34976918738617,82.3045140058641,82.3045140058641,11700
2007-04-12,82.33467102050781,82.34221450873581,82.31958979804742,82.32713328627541,31500
2007-04-13,82.3497543334961,82.3497543334961,82.31958613592178,82.33466735771127,52000
2007-04-16,82.36479949951172,82.36479949951172,82.32709358454638,82.34971828432414,40100
2007-04-17,82.37238311767578,82.37992660594132,82.34975840687476,82.37238311767578,20200
2007-04-18,82.42515563964844,82.42515563964844,82.40253093444366,82.40253093444366,31800
2007-04-19,82.43269348144531,82.43269348144531,82.41006302379594,82.41760650967908,78000
2007-04-20,82.42515563964844,82.44778034485323,82.39498744804399,82.4326991260481,70700
2007-04-23,82.45533752441406,82.4628752580713,82.44025054910928,82.44025054910928,21400
2007-04-24,82.46289825439453,82.48552872366263,82.44781702887923,82.46289825439453,15200
2007-04-25,82.48551940917969,82.50060063299198,82.45535120755899,82.47043243137128,42800
2007-04-26,82.46289825439453,82.50815343893397,82.46289825439453,82.50060994917794,844500
2007-04-27,82.49307250976562,82.51570298069353,82.4779912831442,82.4779912831442,16600
2007-04-30,82.5081558227539,82.52323704870494,82.49306884280595,82.49306884280595,11600
2007-05-01,82.5315170288086,82.53908340358562,82.49369669782924,82.53908340358562,55200
2007-05-02,82.56939697265625,82.57696335236713,82.52400446584764,82.56939697265625,116600
2007-05-03,82.57694244384766,82.59206942798258,82.53911632632752,82.58450305018751,56700
2007-05-04,82.59209442138672,82.59966080147147,82.56183467250467,82.59209442138672,15800
2007-05-07,82.57694244384766,82.59963580577765,82.57694244384766,82.57694244384766,8000
2007-05-08,82.60725402832031,82.61482041139273,82.59969341670715,82.59969341670715,9000
2007-05-09,82.652587890625,82.652587890625,82.6223281512722,82.63745513522102,48200
2007-05-10,82.66018676757812,82.6753195299884,82.63749339542055,82.66018676757812,42800
2007-05-11,82.66777801513672,82.6829107820989,82.66021163165563,82.66777801513672,11300
2007-05-14,82.67530059814453,82.69799396510555,82.66016783919952,82.68286697761704,18900
2007-05-15,82.70557403564453,82.71313464491212,82.66774790347677,82.70557403564453,206700
2007-05-16,82.75096893310547,82.75853531457626,82.72827556015112,82.74340255163467,14400
2007-05-17,82.758544921875,82.76611130422417,82.72828516393704,82.7358515462862,16500
2007-05-18,82.76611328125,82.77367389232107,82.72072075752942,82.76611328125,37400
2007-05-21,82.76611328125,82.77367389232107,82.7434141336603,82.7434141336603,30600
2007-05-22,82.76611328125,82.78124027485097,82.7585468987201,82.77367389232107,6700
2007-05-23,82.81147003173828,82.81903641152697,82.80390365194961,82.81147003173828,21200
2007-05-24,82.82661437988281,82.82661437988281,82.80392100721711,82.81905376996622,4500
2007-05-25,82.84174346923828,82.84930407881963,82.81148371653981,82.84930407881963,38400
2007-05-29,82.84925079345703,82.84925079345703,82.81899683167441,82.81899683167441,13200
2007-05-30,82.88710021972656,82.88710021972656,82.85684047797763,82.85684047797763,10000
2007-05-31,82.89472198486328,82.90984898011718,82.87202860625271,82.87202860625271,15700
2007-06-01,82.90753173828125,82.90753173828125,82.88475169853301,82.89993646053203,16600
2007-06-04,82.9455795288086,82.9455795288086,82.90760889822363,82.92279367435472,63100
2007-06-05,82.93798065185547,82.94557593634447,82.90760530740404,82.92279008287747,20200
2007-06-06,82.95314025878906,82.98351559402441,82.94555077010735,82.97592031183987,128100
2007-06-07,82.99113464355469,82.99113464355469,82.95316401526063,82.99113464355469,29000
2007-06-08,83.00633239746094,83.00633239746094,82.96836755673525,82.99874290541902,28800
2007-06-11,83.013916015625,83.013916015625,82.9759453867306,83.00632073114521,11800
2007-06-12,83.02145385742188,83.02904334314593,82.9834832547994,83.02145385742188,86100
2007-06-13,83.00633239746094,83.05948780928121,83.00633239746094,83.04430303169201,291800
2007-06-14,83.06706237792969,83.06706237792969,83.02909175316847,83.05946709427666,40100
2007-06-15,83.08987426757812,83.08987426757812,83.0519094217763,83.08987426757812,75300
2007-06-18,83.09746551513672,83.09746551513672,83.05190538498655,83.05190538498655,38000
2007-06-19,83.1202392578125,83.1202392578125,83.10505448008607,83.1202392578125,21600
2007-06-20,83.14297485351562,83.15057013506934,83.12019480235679,83.15057013506934,40600
2007-06-21,83.15057373046875,83.16575850073045,83.13538896020707,83.16575850073045,79300
2007-06-22,83.17337036132812,83.17337036132812,83.15059030464361,83.17337036132812,43400
2007-06-25,83.18097686767578,83.19616164301297,83.15819680791773,83.18857215209664,54100
2007-06-26,83.18855285644531,83.18855285644531,83.17336229112708,83.17336229112708,66100
2007-06-27,83.21137237548828,83.23415244076635,83.21137237548828,83.21137237548828,294200
2007-06-28,83.23416137695312,83.30250158012447,83.21897080279957,83.24175666402991,59700
2007-06-29,83.25688171386719,83.30244181662866,83.21891109923102,83.24928643223947,1669100
2007-07-02,83.26002502441406,83.282904012752,83.21426704773819,83.282904012752,1660500
2007-07-03,83.24469757080078,83.29808376726648,83.24469757080078,83.26757653804907,87900
2007-07-05,83.28285217285156,83.29048043710408,83.24472248891051,83.28285217285156,35800
2007-07-06,83.28285217285156,83.29810870135658,83.25997319875478,83.29810870135658,45700
2007-07-09,83.30570220947266,83.30570220947266,83.29044568733283,83.29807394840275,18500
2007-07-10,83.33623504638672,83.3438633103336,83.29810536397335,83.32861260110036,365100
2007-07-11,83.33623504638672,83.35911983822737,83.32861260110036,83.35911983822737,19900
2007-07-12,83.35144805908203,83.36669876035336,83.3285690978463,83.36669876035336,23900
2007-07-13,83.36672973632812,83.37435799912691,83.34385076659142,83.36672973632812,140600
2007-07-16,83.37434387207031,83.38197213357655,83.35909316771648,83.38197213357655,53200
2007-07-17,83.38965606689453,83.38965606689453,83.35915463569552,83.38965606689453,23000
2007-07-18,83.4124755859375,83.42772628960113,83.38959080245448,83.42009802844011,37800
2007-07-19,83.42774963378906,83.42774963378906,83.3972423992671,83.42774963378906,28100
2007-07-20,83.45824432373047,83.45824432373047,83.42010883164514,83.44299361809182,71800
2007-07-23,83.45824432373047,83.46587258587937,83.43536535594292,83.44299361809182,13400
2007-07-24,83.46585845947266,83.46585845947266,83.44297949555734,83.450601937757,30100
2007-07-25,83.48871612548828,83.51922334247908,83.48108786657642,83.48108786657642,33000
2007-07-26,83.53453063964844,83.59554511496978,83.50402340198777,83.54978716780909,348800
2007-07-27,83.53453063964844,83.55740961322878,83.52690237556811,83.54215890372876,76600
2007-07-30,83.53453063964844,83.56503787730911,83.53453063964844,83.56503787730911,52800
2007-07-31,83.56504821777344,83.57267648279769,83.5269127113135,83.57267648279769,54400
2007-08-01,83.59410858154297,83.6170772681783,83.56348171887025,83.57879807094498,91700
2007-08-02,83.62476348876953,83.62476348876953,83.58647843722011,83.60944713155827,149400
2007-08-03,83.6476821899414,83.6476821899414,83.60939716127353,83.64002401591279,52600
2007-08-06,83.64007568359375,83.66304437839302,83.62476516755385,83.66304437839302,130400
2007-08-07,83.6476821899414,83.65534036397003,83.61705533530215,83.64002401591279,93200
2007-08-08,83.66301727294922,83.66301727294922,83.61707989823363,83.65536493814793,57500
2007-08-09,83.71663665771484,83.71663665771484,83.67835744837957,83.69366796381796,30300
2007-08-10,83.73190307617188,83.75487175637004,83.72424490228077,83.74721358247893,103100
2007-08-13,83.7472152709961,83.7548734450416,83.72424659033484,83.73190476438035,146300
2007-08-14,83.79315185546875,83.80846236087521,83.74720865629978,83.75486682974041,226100
2007-08-15,83.87744140625,83.90041010348996,83.80852947305065,83.80852947305065,360200
2007-08-16,83.961669921875,84.04588653734488,83.93869538149607,83.93869538149607,299200
2007-08-17,83.99227905273438,84.01525358985646,83.92337296580531,83.99227905273438,93800
2007-08-20,84.09943389892578,84.10709207466147,83.99990098026804,83.99990098026804,177900
2007-08-21,84.13771057128906,84.17599560468472,84.08411502942074,84.15302692123771,52300
2007-08-22,84.1454086303711,84.15306680897532,84.09181306309898,84.1071235788287,75000
2007-08-23,84.13771057128906,84.16833742971039,84.10708371286775,84.12240006281638,52100
2007-08-24,84.02284240722656,84.11472296181718,84.02284240722656,84.08409611028696,66800
2007-08-27,83.98461151123047,84.04585940803098,83.96929515592184,84.04585940803098,60300
2007-08-28,84.06117248535156,84.06883066270724,84.00757692681735,84.00757692681735,45800
2007-08-29,84.07646942138672,84.12241263662384,84.06115891062556,84.10709628438586,61700
2007-08-30,84.13007354736328,84.14538990116259,84.0994466812421,84.14538990116259,50700
2007-08-31,84.11477661132812,84.11477661132812,84.06883922547067,84.0918079183994,65500
2007-09-04,84.11319732666016,84.12087888648216,84.06707864879752,84.08245349601377,98000
2007-09-05,84.1517105102539,84.16708537351033,84.11328507969735,84.12096664753331,57300
2007-09-06,84.11319732666016,84.14394115730654,84.10550990305202,84.10550990305202,44000
2007-09-07,84.2131576538086,84.2131576538086,84.16704481384537,84.19778866175066,33000
2007-09-10,84.22085571289062,84.24391213578265,84.19011186110455,84.22085571289062,149600
2007-09-11,84.2131576538086,84.25158892963758,84.19010123382698,84.25158892963758,110900
2007-09-12,84.25923156738281,84.26691899175503,84.22080617309517,84.26691899175503,24300
2007-09-13,84.22846221923828,84.2515244853689,84.22078066097967,84.2515244853689,45800
2007-09-14,84.22846221923828,84.26689346567106,84.22846221923828,84.26689346567106,31500
2007-09-17,84.25157165527344,84.25157165527344,84.22850937623095,84.23619680257843,22800
2007-09-18,84.2823486328125,84.29003019839182,84.22854249101411,84.22854249101411,41500
2007-09-19,84.33612060546875,84.33612060546875,84.29768933530858,84.31305832509952,62500
2007-09-20,84.33612060546875,84.35917702204945,84.31305832509952,84.32074575188926,70700
2007-09-21,84.35913848876953,84.36682004826197,84.32839465944215,84.36682004826197,275000
2007-09-24,84.36685943603516,84.36685943603516,84.33612145614322,84.33612145614322,53700
2007-09-25,84.38990783691406,84.38990783691406,84.36684556010529,84.37453298570821,41600
2007-09-26,84.41294860839844,84.41294860839844,84.38220477547115,84.38989219964961,51700
2007-09-27,84.42064666748047,84.42833409316131,84.38990869233247,84.41296510558732,230100
2007-09-28,84.38990783691406,84.42833323735341,84.38990783691406,84.40527682433228,50900
2007-10-01,84.40923309326172,84.4400794904016,84.38609976624397,84.4400794904016,118300
2007-10-02,84.41691589355469,84.41691589355469,84.37835644011913,84.40920282619827,65800
2007-10-03,84.45550537109375,84.4632184417295,84.4246648552489,84.4246648552489,124400
2007-10-04,84.45550537109375,84.47093151236525,84.43237204253559,84.44008511317134,16500
2007-10-05,84.43232727050781,84.45546058679905,84.39377370447107,84.42462008730803,48300
2007-10-08,84.41691589355469,84.4631825310001,84.40148975884183,84.42462896091112,35000
2007-10-09,84.44776153564453,84.45546871958649,84.41691514983715,84.41691514983715,84300
2007-10-10,84.47856903076172,84.47856903076172,84.42458935128562,84.46314290328637,116000
2007-10-11,84.48636627197266,84.48636627197266,84.44009960691486,84.4555198674841,35900
2007-10-12,84.44001007080078,84.48627668679968,84.44001007080078,84.46314337880023,28000
2007-10-15,84.44001007080078,84.47856950636243,84.42458982658243,84.42458982658243,38100
2007-10-16,84.48636627197266,84.50179241589197,84.44781267887453,84.48636627197266,35500
2007-10-17,84.53257751464844,84.5711310797863,84.50943831555075,84.52486444828254,70900
2007-10-18,84.60197448730469,84.6096875533994,84.56342092352239,84.57112810627147,84300
2007-10-19,84.63278198242188,84.6404950449727,84.57108924870118,84.578802311252,352200
2007-10-22,84.60197448730469,84.64824111718171,84.60197448730469,84.64824111718171,21600
2007-10-23,84.63278198242188,84.63278198242188,84.60193561556153,84.60964867811235,59100
2007-10-24,84.68683624267578,84.7022564980161,84.64827677930285,84.64827677930285,16200
2007-10-25,84.7099838256836,84.72540996696851,84.67143023916944,84.72540996696851,66100
2007-10-26,84.7099838256836,84.71769689632605,84.67913742646282,84.70227075504113,48800
2007-10-29,84.7099838256836,84.7099838256836,84.67143023916944,84.68685049710528,18400
2007-10-30,84.72538757324219,84.72538757324219,84.68682811357058,84.6945411821744,16900
2007-10-31,84.7176284790039,84.75618791772682,84.67906904028098,84.70991541459045,84800
2007-11-01,84.78116607666016,84.79664155515911,84.75020921524464,84.75794400228533,41900
2007-11-02,84.79654693603516,84.85846058978063,84.78107147480429,84.85846058978063,172300
2007-11-05,84.82759094238281,84.85080711029445,84.81210956083032,84.82759094238281,43500
2007-11-06,84.83528137207031,84.8507568400372,84.81205931349962,84.83528137207031,33500
2007-11-07,84.89718627929688,84.91266765115415,84.86623534440906,84.86623534440906,33800
2007-11-08,84.95138549804688,84.9591261863652,84.89721248864892,84.92043455360393,29000
2007-11-09,85.00558471679688,85.00558471679688,84.95915238140101,84.97463376281097,149300
2007-11-12,84.99778747558594,85.02100362622505,84.93587380427321,85.01326294120778,220200
2007-11-13,84.95913696289062,84.99009381567544,84.94366148870618,84.98235312637524,93700
2007-11-14,85.01325225830078,85.01325225830078,84.95907927881278,84.97456064690189,37100
2007-11-15,85.06746673583984,85.08294811148116,85.04425057679269,85.05199126461335,45300
2007-11-16,85.07518768310547,85.09840383676563,85.05971221546984,85.06744699708094,48800
2007-11-19,85.12937927246094,85.14485474347708,85.06746557956689,85.10616311372935,148800
2007-11-20,85.15262603759766,85.17584220467383,85.1216691800238,85.15262603759766,107300
2007-11-21,85.16806030273438,85.21449261119989,85.15257893030349,85.18353577075169,50500
2007-11-23,85.18350219726562,85.18350219726562,85.15254536901847,85.15254536901847,16500
2007-11-26,85.21448516845703,85.22222585399639,85.13709602630259,85.18352833071263,147000
2007-11-27,85.1912841796875,85.21450033602483,85.16032733643301,85.21450033602483,58800
2007-11-28,85.19902038574219,85.22224244688165,85.18354491606344,85.20676107278868,36400
2007-11-29,85.22225952148438,85.24547568286107,85.20677814428964,85.21451883288701,53900
2007-11-30,85.22994232177734,85.22994232177734,85.16803456400375,85.20672617456077,112400
2007-12-03,85.24703216552734,85.5110241366598,85.19268052888924,85.5110241366598,132100
2007-12-04,85.27037048339844,85.27037048339844,85.20049230915507,85.23931154243895,80200
2007-12-05,85.27037048339844,85.27037048339844,85.22378503390286,85.26260426718675,42000
2007-12-06,85.2625503540039,85.28584306402325,79.37702397506693,85.23925764398454,101400
2007-12-07,85.25482940673828,85.27035591262126,85.21600425620144,85.27035591262126,45200
2007-12-10,85.28593444824219,85.28593444824219,85.22382246293184,85.25488141753195,35200
2007-12-11,85.37130737304688,85.37130737304688,85.23931131723327,85.29366298279696,23800
2007-12-12,85.34801483154297,85.35578104775081,85.25484393259798,85.29366316586264,45300
2007-12-13,85.34801483154297,85.35578104775081,85.27037044112639,85.34801483154297,35000
2007-12-14,85.33244323730469,85.33244323730469,85.23926646370272,85.23926646370272,33800
2007-12-17,85.3092269897461,85.37133897060251,85.30146077068049,85.37133897060251,33200
2007-12-18,85.30145263671875,85.35580431721628,85.25486717454626,85.25486717454626,150900
2007-12-19,85.38681030273438,85.38681030273438,85.33245865595019,85.36351758609618,100500
2007-12-20,85.40230560302734,85.41783802436798,85.38677910556976,85.40230560302734,50000
2007-12-21,85.35575866699219,85.37128517144946,85.34023216253492,85.3479924528207,29100
2007-12-24,85.35575866699219,85.37128517144946,85.30917322973467,85.36352488116368,43700
2007-12-26,85.37906646728516,85.37906646728516,85.3324810217986,85.34800752899854,28700
2007-12-27,85.41100311279297,85.4187970411203,85.25516021639899,85.41100311279297,176600
2007-12-28,85.41881561279297,85.44219145783187,85.41102168277109,85.44219145783187,44700
2007-12-31,85.40323638916016,85.48115786217858,85.39544245835013,85.44220009818302,55000
2008-01-02,85.4889144897461,85.54346009156063,85.4265749605224,85.54346009156063,44900
2008-01-03,85.44993591308594,85.49668757609496,85.44214198757669,85.49668757609496,141900
2008-01-04,85.51226043701172,85.52784828638143,85.46550877894788,85.52005436169658,102200
2008-01-07,85.46556091308594,85.50452461525549,85.46556091308594,85.50452461525549,131000
2008-01-08,85.52009582519531,85.52788975365897,85.46555021600076,85.49671998482987,59700
2008-01-09,85.55125427246094,85.5746301097329,85.5122905803245,85.56683618230066,357600
2008-01-10,85.57465362548828,85.57465362548828,85.52790193809707,85.55907171136667,18800
2008-01-11,85.62144470214844,85.62144470214844,85.55911107195966,85.57469299324958,78700
2008-01-14,85.62913513183594,85.62913513183594,85.59796538190317,85.62913513183594,35300
2008-01-15,85.6058120727539,85.63698184189961,85.5746423036082,85.62918791335679,115500
2008-01-16,85.62913513183594,85.69147463170148,85.62913513183594,85.63692905557461,97100
2008-01-17,85.65257263183594,85.70711824723817,85.63699071816082,85.67594847486173,133700
2008-01-18,85.75387573242188,85.76166371673308,85.63699057246559,85.65257248611421,104600
2008-01-22,85.84737396240234,85.85516789127291,84.81879531744259,85.85516789127291,272300
2008-01-23,85.85518646240234,85.95648377952784,85.83960454631655,85.87076837848815,107500
2008-01-24,85.87074279785156,85.90191256576489,85.8473669581729,85.85516088640756,120900
2008-01-25,85.9175033569336,85.9175033569336,85.80841213802334,85.81620012149868,132300
2008-01-28,85.87857055664062,85.93311618572004,85.87077662533565,85.91753426813779,101200
2008-01-29,85.93309783935547,85.93309783935547,85.87855222192131,85.87855222192131,100100
2008-01-30,85.98767852783203,85.98767852783203,85.88638118128947,85.9019631019003,48000
2008-01-31,86.00321960449219,86.04217735733923,85.95646197803987,86.04217735733923,79400
2008-02-01,86.0266342163086,86.04226455467017,85.9563155773638,86.04226455467017,89600
2008-02-04,85.99541473388672,86.0110450786522,85.94072044966734,86.00322990626947,86700
2008-02-05,86.01887512207031,86.03450547062118,85.98762634743123,86.02669029634575,104000
2008-02-06,86.03449249267578,86.05793205073499,86.00323776152001,86.00323776152001,114100
2008-02-07,86.03449249267578,86.07356239692808,85.98761337655735,86.04230766577233,125900
2008-02-08,86.03449249267578,86.05011687763844,85.98761337655735,85.98761337655735,70300
2008-02-11,86.01887512207031,86.05012985794072,85.99543556047534,86.05012985794072,93800
2008-02-12,86.01887512207031,86.05794503221615,85.98762634743123,86.05794503221615,321400
2008-02-13,86.07353973388672,86.08916411473551,86.02665466888263,86.07353973388672,67300
2008-02-14,86.08918762207031,86.09700279524313,86.0501177174367,86.0501177174367,233300
2008-02-15,86.09697723388672,86.09697723388672,86.03446778952359,86.08916206303415,270900
2008-02-19,86.08135223388672,86.09698257656179,86.03447312831969,86.08135223388672,97200
2008-02-20,86.10478973388672,86.11260490503794,86.08916535281324,86.10478973388672,75300
2008-02-21,86.12823486328125,86.1360440731687,86.07354058792451,86.07354058792451,129900
2008-02-22,86.12039184570312,86.13601622165491,86.10476150852436,86.12039184570312,91700
2008-02-25,86.12039184570312,86.12820701429251,86.10476150852436,86.12039184570312,171800
2008-02-26,86.14384460449219,86.14384460449219,86.11258988656725,86.13602943470397,125200
2008-02-27,86.16731262207031,86.17512779444064,86.12824868267845,86.17512779444064,146500
2008-02-28,86.15167999267578,86.20637427157331,86.14386482105347,86.198559099951,163900
2008-02-29,86.16731262207031,86.20638252269205,86.15168823855954,86.19075217795141,172900
2008-03-03,86.18843078613281,86.22757528947861,86.14928030926292,86.22757528947861,148700
2008-03-04,86.20411682128906,86.24326731152422,86.1962855285368,86.2276047260197,57800
2008-03-05,86.25890350341797,86.27456608521467,86.22758431334927,86.25890350341797,73600
2008-03-06,86.30587005615234,86.30587005615234,86.25888829257168,86.28237618760018,62800
2008-03-07,86.27457427978516,86.32938137422991,86.24325508674168,86.29023088954425,178900
2008-03-10,86.32938385009766,86.33720916843899,86.26674546221427,86.30589594802275,55800
2008-03-11,86.27457427978516,86.29806218118644,86.23542379509949,86.29023088954425,148400
2008-03-12,86.33719635009766,86.33719635009766,86.26673265433459,86.26673265433459,127100
2008-03-13,86.34503173828125,86.36851963798355,86.30588722995236,86.36851963798355,142100
2008-03-14,86.3763198852539,86.39197648825349,86.3136815262102,86.35283199399319,204800
2008-03-17,86.45464324951172,86.45464324951172,86.38417955258073,86.44681793220249,74900
2008-03-18,86.4703140258789,86.5329464379116,86.40767564032096,86.4703140258789,94300
2008-03-19,86.50950622558594,86.52516881737213,86.43121118724054,86.47818701554208,334600
2008-03-20,86.5251235961914,86.57209939994168,86.45465391704059,86.50946101259105,368000
2008-03-24,86.3841781616211,86.47030443883305,86.37634687091331,86.47030443883305,176500
2008-03-25,86.3763198852539,86.4546148472972,86.36066328225434,86.4546148472972,180900
2008-03-26,86.39198303222656,86.47810928905483,86.39198303222656,86.4624526848693,352200
2008-03-27,86.43110656738281,86.47808233882289,86.42327528096904,86.46242573951663,55500
2008-03-28,86.44685363769531,86.45467895823666,86.40770314088006,86.40770314088006,57900
2008-03-31,86.43904876708984,86.47819330234402,86.40772955476913,86.47819330234402,121500
2008-04-01,86.43507385253906,86.46645415820433,86.4036935468738,86.46645415820433,133600
2008-04-02,86.41938018798828,86.43506734704957,86.3723067404427,86.43506734704957,97800
2008-04-03,86.43507385253906,86.43507385253906,86.38800638663183,86.41154011958545,99200
2008-04-04,86.44293212890625,86.45077271749813,86.40370524521835,86.43508555513223,51200
2008-04-07,86.41938018798828,86.44291391917065,86.38799988468485,86.43506734704957,61700
2008-04-08,86.45074462890625,86.45074462890625,86.40367717191909,86.40367717191909,38100
2008-04-09,86.46644592285156,86.49782622552806,86.45075277892293,86.45075277892293,62100
2008-04-10,86.51351165771484,86.51351165771484,86.47429076903752,86.51351165771484,69600
2008-04-11,86.51351165771484,86.53704538795736,86.4821313556646,86.49782449928004,66000
2008-04-14,86.51351165771484,86.52920480133028,86.4821313556646,86.52920480133028,73100
2008-04-15,86.4742660522461,86.52918006884286,86.4742660522461,86.52918006884286,59000
2008-04-16,86.50568389892578,86.52137704595411,86.45076985469046,86.48999673707937,92000
2008-04-17,86.50568389892578,86.51353047243994,86.44292926635822,86.50568389892578,108200
2008-04-18,86.4742660522461,86.48210663663211,86.42719262003534,86.48210663663211,130700
2008-04-21,86.4821548461914,86.4821548461914,86.43508737292177,86.43508737292177,85400
2008-04-22,86.50568389892578,86.51353047243994,86.45861642820464,86.48215016356521,92800
2008-04-23,86.50568389892578,86.52922361946828,86.48215016356521,86.52922361946828,85800
2008-04-24,86.50568389892578,86.52137704595411,86.45861642820464,86.52137704595411,27900
2008-04-25,86.45860290527344,86.50567036863279,86.45860290527344,86.46644947756033,32500
2008-04-28,86.46644592285156,86.48997965356375,86.46644592285156,86.46644592285156,50400
2008-04-29,86.489990234375,86.50567739504197,86.45076335493535,86.47430307370803,133900
2008-04-30,86.51351165771484,86.54489195976508,86.47429076903752,86.50566508590713,415300
2008-05-01,86.53398895263672,86.54184735785614,86.47113369929515,86.47113369929515,101000
2008-05-02,86.5025405883789,86.51825739504989,86.45540215677684,86.5103989917144,77300
2008-05-05,86.51039123535156,86.51824963798248,86.47110521640185,86.47110521640185,288000
2008-05-06,86.48683166503906,86.52611169416363,86.47897326153192,86.51825928486205,81600
2008-05-07,86.53398895263672,86.54970576307555,86.48685050973398,86.54970576307555,89200
2008-05-08,86.5417709350586,86.5417709350586,86.5103433361407,86.53391253677873,104800
2008-05-09,86.53398895263672,86.54184735785614,86.51041973118535,86.51827813640477,64200
2008-05-12,86.51039123535156,86.54181885167034,86.49467443008972,86.54181885167034,47800
2008-05-13,86.47895812988281,86.50252734207464,86.47895812988281,86.50252734207464,41900
2008-05-14,86.47895812988281,86.51824414633889,86.44753051555887,86.47895812988281,126900
2008-05-15,86.48683166503906,86.52611169416363,86.48683166503906,86.52611169416363,258400
2008-05-16,86.52607727050781,86.52607727050781,86.48679725701047,86.48679725701047,89100
2008-05-19,86.53398895263672,86.53398895263672,86.50256132596594,86.52613054741731,157100
2008-05-20,86.53398895263672,86.54184735785614,86.51041973118535,86.54184735785614,52200
2008-05-21,86.51822662353516,86.54179583095345,86.51822662353516,86.54179583095345,38300
2008-05-22,86.52607727050781,86.54179407126931,86.51036646394952,86.51822486433026,44900
2008-05-23,86.52607727050781,86.57322167858909,86.51822486433026,86.53393567088857,150200
2008-05-27,86.53398895263672,86.54184735785614,86.50256132596594,86.54184735785614,70400
2008-05-28,86.53398895263672,86.54184735785614,86.49470292074652,86.49470292074652,46300
2008-05-29,86.53398895263672,86.53398895263672,86.49470292074652,86.52613054741731,62200
2008-05-30,86.52607727050781,86.54965247165005,86.51036646394952,86.54965247165005,62700
2008-06-02,86.55442810058594,86.64888762393431,86.51507446993543,86.64888762393431,48000
2008-06-03,86.5701675415039,86.5701675415039,86.51506765858137,86.54654815844839,64000
2008-06-04,86.5701675415039,86.57803466375225,86.53868103620006,86.57803466375225,27500
2008-06-05,86.5701675415039,86.5701675415039,86.53080790851489,86.53868103620006,46200
2008-06-06,86.5780029296875,86.58587605448687,86.54651643592463,86.56226268552338,54500
2008-06-09,86.53865051269531,86.5622638819852,86.52290426287891,86.5622638819852,30400
2008-06-10,86.51513671875,86.53087698124807,86.48365018831221,86.48365018831221,318400
2008-06-11,86.53082275390625,86.56230926461198,86.50720937223642,86.54656300654018,252300
2008-06-12,86.53082275390625,86.55443613557608,86.49146311416462,86.50720937223642,196900
2008-06-13,86.5229263305664,86.5386725843989,86.49143982833769,86.50718608217016,169700
2008-06-16,86.5229263305664,86.53079945748264,86.49931295525393,86.50718608217016,72800
2008-06-17,86.56232452392578,86.56232452392578,86.53083800766956,86.55445139350199,70000
2008-06-18,86.59379577636719,86.59379577636719,86.54656300758907,86.54656300758907,58900
2008-06-19,86.6016616821289,86.6016616821289,86.57804830079084,86.5937945586414,118500
2008-06-20,86.58589935302734,86.61738585526261,86.58589935302734,86.60951272834473,61700
2008-06-23,86.59379577636719,86.60953602900132,86.57018239469706,86.60166289996532,76600
2008-06-24,86.62523651123047,86.62523651123047,86.57013664797094,86.57013664797094,81500
2008-06-25,86.64888763427734,86.64888763427734,86.58591461870424,86.60952799818483,169100
2008-06-26,86.6645736694336,86.68031991619492,86.60160069325542,86.60160069325542,134900
2008-06-27,86.6567611694336,86.69612080843858,86.6331477882057,86.64102091709425,128600
2008-06-30,86.6882553100586,86.6882553100586,86.64890167302735,86.6803881859153,434600
2008-07-01,86.70791625976562,86.7158033495975,86.67637391652502,86.70002916993377,469000
2008-07-02,86.7158203125,86.7158203125,86.66850979642787,86.67639087171456,146000
2008-07-03,86.7237319946289,86.7316130721503,86.70007071379561,86.7158449010178,37000
2008-07-07,86.73158264160156,86.77889917057702,86.70004029431381,86.73946973244541,401100
2008-07-08,86.73158264160156,86.74735682328925,86.70004029431381,86.70004029431381,118000
2008-07-09,86.77104949951172,86.77104949951172,86.70796477773108,86.73162004437627,111000
2008-07-10,86.77104949951172,86.77104949951172,86.73950713862139,86.74739423286653,98100
2008-07-11,86.76318359375,86.77107068992125,86.71587304890588,86.76318359375,156100
2008-07-14,86.79469299316406,86.79469299316406,86.73160827994035,86.77103772972751,145900
2008-07-15,86.8261947631836,86.84985001556258,86.79465242131609,86.8261947631836,143100
2008-07-16,86.83409881591797,86.85775407291806,86.80255646788859,86.8419798908595,153800
2008-07-17,86.83409881591797,86.8419798908595,86.7946693768593,86.82621172488868,149400
2008-07-18,86.8261947631836,86.8577371050511,86.81830767369507,86.8577371050511,200700
2008-07-21,86.84199523925781,86.84199523925781,86.79468471689599,86.83411416292337,87600
2008-07-22,86.8261947631836,86.84196292607406,86.8025395108046,86.84196292607406,358100
2008-07-23,86.8499526977539,86.8499526977539,86.80264213706093,86.8341845162208,171500
2008-07-24,86.8499526977539,86.86572689538067,86.84206559894052,86.85783979656729,136700
2008-07-25,86.85775756835938,86.86564465970605,86.83410231040732,86.83410231040732,143300
2008-07-28,86.86567687988281,86.86567687988281,86.84201559706634,86.86567687988281,129400
2008-07-29,86.85775756835938,86.86564465970605,86.84987047701269,86.86564465970605,265000
2008-07-30,86.85775756835938,86.88141282631143,86.83410231040732,86.85775756835938,129800
2008-07-31,86.8972396850586,86.8972396850586,86.86570333054755,86.8972396850586,138200
2008-08-01,86.88533782958984,86.90113538401111,86.85373669344688,86.89323359315026,170200
2008-08-04,86.88533782958984,86.89323359315026,86.86953424786815,86.88533782958984,204500
2008-08-05,86.88533782958984,86.88533782958984,86.86163245700729,86.86953424786815,81900
2008-08-06,86.89324188232422,86.90114367393886,86.8695425347813,86.90114367393886,109500
2008-08-07,86.91698455810547,86.92488635365916,86.8695858393913,86.8695858393913,132400
2008-08-08,86.90904998779297,86.92484754454327,86.89324640374137,86.92484754454327,118400
2008-08-11,86.89324188232422,86.90904546555349,86.86164074316666,86.86164074316666,177300
2008-08-12,86.90904998779297,86.90904998779297,86.87744884699109,86.90904998779297,111500
2008-08-13,86.90904998779297,86.93274933656906,86.90114819576718,86.93274933656906,135000
2008-08-14,86.91698455810547,86.92488635365916,86.90118699430208,86.92488635365916,76100
2008-08-15,86.93274688720703,86.94064867901021,86.90904753909868,86.93274688720703,80500
2008-08-18,86.90111541748047,86.94061833540803,86.89321362843515,86.93271654636271,119700
2008-08-19,86.9406509399414,86.94854670464876,86.90904979920809,86.90904979920809,100300
2008-08-20,86.98800659179688,86.98800659179688,86.93270612970406,86.96430725479972,111800
2008-08-21,86.9722671508789,86.98807073872982,86.94067202978263,86.98807073872982,101700
2008-08-22,86.9722671508789,86.98016894480436,86.94856779640531,86.9722671508789,86800
2008-08-25,86.98800659179688,86.99590837989537,86.94850367860273,86.99590837989537,92600
2008-08-26,86.98800659179688,86.98800659179688,86.94060791780255,86.98800659179688,136800
2008-08-27,87.01178741455078,87.03548677374218,86.98018625986093,87.01968921004924,2292700
2008-08-28,87.00387573242188,87.01177752702242,86.98017637592353,87.00387573242188,142300
2008-08-29,87.00387573242188,87.00387573242188,86.96437881402574,86.96437881402574,195000
2008-09-02,87.01969146728516,87.05133543267716,86.93265547090552,86.9880414652725,640300
2008-09-03,87.03550720214844,87.04342121123865,87.011771211498,87.03550720214844,155400
2008-09-04,87.05131530761719,87.05131530761719,86.99592932605468,87.03549332857901,134900
2008-09-05,87.03550720214844,87.05924319279889,87.00385720240779,87.05132918370867,282300
2008-09-08,87.01969146728516,87.03551344998115,86.99594943831019,86.99594943831019,105300
2008-09-09,87.05131530761719,87.0592293154459,87.0038433338834,87.02757932075029,148200
2008-09-10,87.06719970703125,87.075113719985,87.0276356788857,87.0276356788857,117400
2008-09-11,87.07501983642578,87.09084180865099,87.051277823163,87.051277823163,138400
2008-09-12,87.09090423583984,87.09881824593357,87.03551823842568,87.09881824593357,138000
2008-09-15,87.21749877929688,87.23332076187079,87.1541987757601,87.17002075833399,540200
2008-09-16,87.24913787841797,87.29661589673293,87.1937518875674,87.27287990588557,445000
2008-09-17,87.44696044921875,87.44696044921875,87.29663046988294,87.36783845431233,646500
2008-09-18,87.42321014404297,87.68431811745232,87.33617415290652,87.68431811745232,670900
2008-09-19,87.22538757324219,87.31242354981273,87.10670160186241,87.2807735550035,1106200
2008-09-22,87.22538757324219,87.23330158109931,87.12252961757666,87.17000159148087,260200
2008-09-23,87.27284240722656,87.28075037636435,87.19371442290743,87.22536440931155,311300
2008-09-24,87.2807846069336,87.35199861342663,87.22539861815902,87.30452059689127,182900
2008-09-25,87.35992431640625,87.35992431640625,87.2649743072454,87.34409629656902,324500
2008-09-26,87.33619689941406,87.50235491578087,87.26498890809481,87.26498890809481,433200
2008-09-29,87.29662322998047,87.43113121382815,87.26497322731854,87.37574521832494,511900
2008-09-30,87.27284240722656,87.39943631622539,87.25701439571567,87.39943631622539,1478400
2008-10-01,87.39566802978516,87.41151688114829,87.31644190666673,87.36397637162463,360800
2008-10-02,87.49868774414062,87.60168112364956,87.41945555806144,87.60168112364956,441200
2008-10-03,87.40361022949219,87.48283636872172,87.34815132757481,87.48283636872172,1524700
2008-10-06,87.37187194824219,87.53033018672394,87.36394752517717,87.47487131439627,543200
2008-10-07,87.435302734375,87.47491882665398,87.31646050210512,87.47491882665398,423000
2008-10-08,87.49868774414062,87.52245498213752,87.38776993711035,87.50660612709483,721800
2008-10-09,87.46701049804688,87.4828533111342,87.37985991464625,87.41155158538903,508300
2008-10-10,87.54615783691406,87.61745949846807,87.38770567041894,87.42731568976137,637900
2008-10-13,87.22928619384766,87.5858127936227,87.22928619384766,87.32436116270074,324400
2008-10-14,87.50658416748047,87.5145085930132,87.26890580258932,87.27683022812204,340700
2008-10-15,87.5779037475586,87.5779037475586,87.40360262966908,87.50659599725542,264300
2008-10-16,87.38773345947266,87.57787732864456,87.38773345947266,87.53826125214164,520300
2008-10-17,87.38773345947266,87.49865122020331,87.37980903525914,87.41150068754857,145500
2008-10-20,87.33230590820312,87.45906651826957,87.29268981748854,87.38776480846346,202700
2008-10-21,87.32441711425781,87.40364328344877,87.30856825367806,87.36402717656867,209500
2008-10-22,87.39566802978516,87.41151688114829,87.32436633234829,87.33229075802986,233200
2008-10-23,87.34817504882812,87.38779115148496,87.32440780506145,87.3640178631497,281000
2008-10-24,87.38773345947266,87.45903514370039,87.34811738296972,87.45903514370039,150900
2008-10-27,87.47492218017578,87.47492218017578,87.38777160947458,87.38777160947458,149100
2008-10-28,87.47492218017578,87.48284056328153,87.39568999258033,87.46699775250279,127000
2008-10-29,87.49868774414062,87.50660612709483,87.4036127475859,87.41153717510724,302300
2008-10-30,87.48282623291016,87.52244232021846,87.44321619016812,87.44321619016812,160900
2008-10-31,87.44322967529297,87.538298628188,87.44322967529297,87.4828397241435,380300
2008-11-03,87.55432891845703,87.5622602365425,87.4511612389332,87.5622602365425,213700
2008-11-04,87.4670639038086,87.51467604528447,87.45118915368782,87.45912652874821,194800
2008-11-05,87.48289489746094,87.52257570121863,87.45908883698256,87.46702620862222,402400
2008-11-06,87.6019058227539,87.6019058227539,87.49080686981401,87.50667555404591,154900
2008-11-07,87.60990905761719,87.60990905761719,87.52261609261733,87.5861029861524,157800
2008-11-10,87.62572479248047,87.62572479248047,87.53050056417514,87.53050056417514,96100
2008-11-11,87.6416244506836,87.6416244506836,87.55433151362583,87.60194364131499,118700
2008-11-12,87.66542053222656,87.66542053222656,87.56225286139228,87.57812760510868,187300
2008-11-13,87.6416244506836,87.64955576900415,87.58607495023243,87.58607495023243,131400
2008-11-14,87.63365936279297,87.6495280488569,87.58604725016168,87.59397856597386,106100
2008-11-17,87.6495361328125,87.68921693329139,87.57811795727864,87.57811795727864,107400
2008-11-18,87.6416244506836,87.6733678872902,87.61781838683902,87.6733678872902,76100
2008-11-19,87.6892318725586,87.70510056278957,87.63368237508847,87.70510056278957,188800
2008-11-20,87.7051010131836,87.71303838556041,87.63368282511573,87.66542626018183,331500
2008-11-21,87.75273895263672,87.75273895263672,87.6257651837811,87.69718944237302,304800
2008-11-24,87.71302032470703,87.72889506619192,87.65747083838974,87.67334557987463,275200
2008-11-25,87.73677825927734,87.73677825927734,87.65742275869877,87.67329749147645,133700
2008-11-26,87.73677825927734,87.73677825927734,87.65742275869877,87.67329749147645,182400
2008-11-28,87.75273895263672,87.75273895263672,87.37182370051241,87.7448015784726,122100
2008-12-01,87.75670623779297,87.78849135655044,87.68518820499077,87.75670623779297,125500
2008-12-02,87.74076843261719,87.75666401554386,87.7010416000777,87.7010416000777,118900
2008-12-03,87.7805404663086,87.7805404663086,87.70902243602796,87.72491802604202,85800
2008-12-04,87.80431365966797,87.80431365966797,87.71690616560404,87.75663904922834,223800
2008-12-05,87.79639434814453,87.82023166109623,87.74871972224113,87.80434213992471,213700
2008-12-08,87.76464080810547,87.7805363973827,87.71696616505581,87.74080348658063,156500
2008-12-09,87.82022094726562,87.82022094726562,87.74076122632422,87.74076122632422,236500
2008-12-10,87.83613586425781,87.83613586425781,87.70899543285364,87.80435075640676,260000
2008-12-11,87.82022094726562,87.84406431969735,87.7725463271784,87.81227921884316,169300
2008-12-12,87.84412384033203,87.88385069652645,87.78850139174607,87.88385069652645,312500
2008-12-15,87.83613586425781,87.83613586425781,87.80435075640676,87.82024027913756,244100
2008-12-16,87.80431365966797,87.82020317568556,87.72485395480628,87.82020317568556,206800
2008-12-17,87.76464080810547,87.82821104043236,87.76464080810547,87.7805363973827,306400
2008-12-18,87.76464080810547,87.81232151354615,87.62955861120408,87.80437371890754,1919500
2008-12-19,87.80431365966797,87.8281509648878,87.685121071182,87.70101664958646,279600
2008-12-22,87.80431365966797,87.8281509648878,87.72485395480628,87.74074347082387,158900
2008-12-23,87.82820129394531,87.82820129394531,87.74079374979338,87.74874154355003,109100
2008-12-24,87.82022094726562,87.82022094726562,87.73281949790176,87.8043314280326,56600
2008-12-26,87.80431365966797,87.82020317568556,87.71690616560404,87.82020317568556,312400
2008-12-29,87.8520736694336,87.86003154322042,87.73272984294775,87.83616399193909,484000
2008-12-30,87.84410858154297,87.85206038404812,87.72476477310484,87.73271657561,313300
2008-12-31,87.82819366455078,87.83615153720923,87.71680772764576,87.82819366455078,202000
2009-01-02,87.69300842285156,87.75665931349594,87.67709266514896,87.70891811047115,405300
2009-01-05,87.75662994384766,87.75662994384766,87.62932820516318,87.62932820516318,529400
2009-01-06,87.79640197753906,87.79640197753906,87.67705812212073,87.67705812212073,312600
2009-01-07,87.81229400634766,87.81229400634766,87.69295018317024,87.78842038564898,453200
2009-01-08,87.71687316894531,87.81234950184202,87.71687316894531,87.74074073464878,260100
2009-01-09,87.78048706054688,87.82822217183481,87.7088783235347,87.79639674094943,133000
2009-01-12,87.82819366455078,87.83615153720923,87.74863314820124,87.78045856875671,267900
2009-01-13,87.82819366455078,87.82819366455078,87.75659102085969,87.77250069609828,132000
2009-01-14,87.84410858154297,87.8838858043035,87.75659019336022,87.79636741612076,1305400
2009-01-15,87.78848266601562,87.8919168855196,87.72483784257082,87.8919168855196,119200
2009-01-16,87.79640197753906,87.84414316175477,87.73275111197187,87.8202695346066,106600
2009-01-20,87.79640197753906,87.88392040017379,87.72479930633645,87.88392040017379,602700
2009-01-21,87.76457214355469,87.82822300592993,87.72479490713042,87.82822300592993,930100
2009-01-22,87.78848266601562,87.81235630365114,87.72483784257082,87.74870541012304,358600
2009-01-23,87.82022857666016,87.82818644866478,87.73271019484258,87.81227677473332,345900
2009-01-26,87.78848266601562,87.81235630365114,87.76461509846341,87.8043984244393,155900
2009-01-27,87.80438232421875,87.82029200964185,87.76459900553772,87.8123402019714,143400
2009-01-28,87.80438232421875,87.80438232421875,87.75664719786727,87.80438232421875,176300
2009-01-29,87.78048706054688,87.80435461619085,87.77252918530546,87.77252918530546,131800
2009-01-30,87.78048706054688,87.79639674094943,87.74070375442008,87.76457131006406,142700
2009-02-02,87.79080963134766,87.79876988569585,87.75102050339665,87.79876988569585,167500
2009-02-03,87.76692199707031,87.79079668469907,87.74304730944155,87.79079668469907,142400
2009-02-04,87.71127319335938,87.78290337781281,87.71127319335938,87.77494311911836,216400
2009-02-05,87.76692199707031,87.76692199707031,87.68733768100972,87.75896174389602,151800
2009-02-06,87.71127319335938,87.75902260172946,87.64760326760039,87.75902260172946,465000
2009-02-09,87.74310302734375,87.74310302734375,87.6714789189753,87.72718858278341,452000
2009-02-10,87.75899505615234,87.75899505615234,87.68737096607842,87.71124566276973,414000
2009-02-11,87.74310302734375,87.7510632855729,87.70330780809597,87.74310302734375,176500
2009-02-12,87.7271499633789,87.74306440093336,87.7032691992043,87.74306440093336,186500
2009-02-13,87.73513793945312,87.73513793945312,87.68738853650268,87.70330298018695,166500
2009-02-17,87.70329284667969,87.75104831600994,87.70329284667969,87.74308805913874,190100
2009-02-18,87.74310302734375,87.74310302734375,87.6714789189753,87.70330780809597,268600
2009-02-19,87.64757537841797,87.71124528391739,87.64757537841797,87.6873705873292,135800
2009-02-20,87.67941284179688,87.73512249272997,87.67145865730397,87.68737309818633,299500
2009-02-23,87.74310302734375,87.74310302734375,87.67943310530649,87.72718858278341,313900
2009-02-24,87.73513793945312,87.79084760019452,87.69534879429364,87.69534879429364,1210000
2009-02-25,87.70329284667969,87.90225676518114,87.70329284667969,87.78288327159781,184800
2009-02-26,87.71127319335938,87.75106841493333,87.71127319335938,87.75106841493333,163500
2009-02-27,87.7271499633789,87.76693909321268,87.7271499633789,87.75102465565823,198100
2009-03-02,87.7549819946289,87.7868357125879,87.72313435214541,87.72313435214541,378600
2009-03-03,87.7549819946289,87.80276560930513,87.73905817338715,87.77887683970476,293700
2009-03-04,87.77096557617188,87.77893052940223,87.7311468854993,87.77096557617188,194500
2009-03-05,87.76299285888672,87.78688164098523,87.76299285888672,87.77892276393817,294100
2009-03-06,87.76299285888672,87.79484659351097,87.76299285888672,87.78688164098523,354200
2009-03-09,87.76299285888672,87.78688164098523,87.76299285888672,87.77892276393817,280200
2009-03-10,87.7789306640625,87.79485449506844,87.74707692657141,87.78688954182587,184600
2009-03-11,87.7789306640625,87.7789306640625,87.74707692657141,87.74707692657141,315400
2009-03-12,87.79486083984375,87.80282579366194,87.77893700768702,87.78689588602556,143500
2009-03-13,87.8107681274414,87.8107681274414,87.77892046912841,87.7948442982849,529400
2009-03-16,87.7789306640625,87.79485449506844,87.73911197332883,87.77096571081992,291500
2009-03-17,87.78689575195312,87.80282565956517,87.75504201220868,87.75504201220868,474600
2009-03-18,87.81871795654297,87.82668290748882,87.76297545087687,87.78686422823698,617300
2009-03-19,87.80282592773438,87.81874975991542,87.73911844805089,87.81078480608507,386300
2009-03-20,87.79486083984375,87.81078467200047,87.75504214623246,87.80282579366194,134700
2009-03-23,87.8107681274414,87.8266980320764,87.76299056449342,87.76299056449342,456600
2009-03-24,87.80282592773438,87.82671471374576,87.79486097390402,87.80282592773438,576400
2009-03-25,87.8107681274414,87.8107681274414,87.77892046912841,87.8107681274414,601900
2009-03-26,87.81871795654297,87.81871795654297,87.78686422823698,87.8107530055971,308700
2009-03-27,87.80282592773438,87.81874975991542,87.79486097390402,87.81078480608507,142800
2009-03-30,87.82667541503906,87.82667541503906,87.79482168945052,87.81074551450632,240900
2009-03-31,87.82667541503906,87.82667541503906,87.78685673918413,87.81074551450632,254300
2009-04-01,87.81158447265625,87.82751567291344,87.78768463312504,87.82751567291344,239600
2009-04-02,87.79560089111328,87.843406623254,87.77170106418673,87.77170106418673,246000
2009-04-03,87.81158447265625,87.81158447265625,87.75581615431983,87.77174735457702,165200
2009-04-06,87.79560089111328,87.79560089111328,87.75576987233157,87.78763833432951,199100
2009-04-07,87.82746887207031,87.82746887207031,87.78763785350677,87.79560041024692,110700
2009-04-08,87.82746887207031,87.85933733389369,87.80356904527466,87.81153768030241,371700
2009-04-09,87.81954193115234,87.83547312938126,87.77970481814499,87.82750449112177,270600
2009-04-13,87.82746887207031,87.8434061421258,87.77170058345128,87.8434061421258,202600
2009-04-14,87.84344482421875,87.85140738446525,87.787676511042,87.787676511042,211700
2009-04-15,87.859375,87.859375,87.81157532591655,87.81157532591655,256400
2009-04-16,87.859375,87.87531227688794,87.8275065245143,87.84344380140224,432700
2009-04-17,87.84344482421875,87.859376023002,87.82750754714525,87.82750754714525,503700
2009-04-20,87.8673324584961,87.8673324584961,87.80359551563438,87.80359551563438,200100
2009-04-21,87.85137939453125,87.86731666652706,87.81951700711629,87.83544820082378,386500
2009-04-22,87.8673324584961,87.8673324584961,87.83546398706524,87.8434326244953,375600
2009-04-23,87.87530517578125,87.87530517578125,87.83546806507078,87.85936790018118,145700
2009-04-24,87.81954193115234,87.87531024238861,87.81954193115234,87.84344176764073,177600
2009-04-27,87.82746887207031,87.86730596892144,87.82746887207031,87.85933733389369,202700
2009-04-28,87.83546447753906,87.86733294914788,87.8274958400645,87.8274958400645,165100
2009-04-29,87.88326263427734,87.89123127161484,87.83546296683097,87.85936280055415,145400
2009-04-30,87.87530517578125,87.88326773529158,87.83546806507078,87.88326773529158,137300
2009-05-01,87.82588958740234,87.86573796154761,87.80994537299537,87.84979982807671,618900
2009-05-04,87.81791687011719,87.83385500347735,87.79400662960892,87.83385500347735,150800
2009-05-05,87.8020248413086,87.84187323610129,87.8020248413086,87.84187323610129,201000
2009-05-06,87.80996704101562,87.8338772875901,87.80996704101562,87.825911259357,160600
2009-05-07,87.8020248413086,87.83390112476705,87.79405272997435,87.80999087170359,347700
2009-05-08,87.79399108886719,87.84181156141885,87.78601898313026,87.78601898313026,169900
2009-05-11,87.80996704101562,87.85779361510217,87.78605679444115,87.8338772875901,213800
2009-05-12,87.81791687011719,87.84979921777355,87.80994476296908,87.81791687011719,133500
2009-05-13,87.82588958740234,87.8577719352802,87.81791748019886,87.84182772087323,181000
2009-05-14,87.82588958740234,87.8577719352802,87.81791748019886,87.83385561366974,206600
2009-05-15,87.83387756347656,87.8737320285176,87.82591153521844,87.82591153521844,115200
2009-05-18,87.81791687011719,87.87370945828182,87.81791687011719,87.8258889772653,241100
2009-05-19,87.82588958740234,87.86573796154761,87.82588958740234,87.84979982807671,178000
2009-05-20,87.8577651977539,87.87370333000254,87.84979309116177,87.8577651977539,293400
2009-05-21,87.8577651977539,87.87370333000254,87.84182098456964,87.87370333000254,418500
2009-05-22,87.82588958740234,87.86573796154761,87.82588958740234,87.84979982807671,115100
2009-05-26,87.80996704101562,87.86575964333527,87.80996704101562,87.86575964333527,177300
2009-05-27,87.82588958740234,87.8577719352802,87.81791748019886,87.8577719352802,165300
2009-05-28,87.88965606689453,87.88965606689453,87.83386347334978,87.84980768918349,96600
2009-05-29,87.83387756347656,87.88967016597145,87.83387756347656,87.84184967267228,252800
2009-06-01,87.89442443847656,87.92631719532905,87.83064500769298,87.91834248538558,319500
2009-06-02,87.8226547241211,87.87846551798565,87.8226547241211,87.83062943265041,725700
2009-06-03,87.86258697509766,87.89447975202083,87.83866891313659,87.87056169005976,529100
2009-06-04,87.84662628173828,87.89446239621462,87.8306829378875,87.83865156835088,163200
2009-06-05,87.81473541259766,87.86257152810981,87.7828426412815,87.8306848397178,492400
2009-06-08,87.78284454345703,87.83068674293003,87.78284454345703,87.79879397092279,449700
2009-06-09,87.80674743652344,87.83067157359011,87.79080409473555,87.79080409473555,246700
2009-06-10,87.85460662841797,87.85460662841797,87.7987957969756,87.7987957969756,141300
2009-06-11,87.85460662841797,87.8625752593923,87.83865720062049,87.85460662841797,132800
2009-06-12,87.8226547241211,87.87049080945634,87.8226547241211,87.85454747531803,103600
2009-06-15,87.8226547241211,87.87846551798565,87.8226547241211,87.84657276678873,262300
2009-06-16,87.87849426269531,87.87849426269531,87.82268345057525,87.8545762122042,511900
2009-06-17,87.88641357421875,87.88641357421875,87.84654612658265,87.87843886810784,264200
2009-06-18,87.87849426269531,87.87849426269531,87.8545762122042,87.8705195515575,152000
2009-06-19,87.87051391601562,87.87848862664197,87.83862115643213,87.87848862664197,606300
2009-06-22,87.83865356445312,87.87054633580344,87.83865356445312,87.87054633580344,390200
2009-06-23,87.8306884765625,87.87054988016513,87.8306884765625,87.87054988016513,223900
2009-06-24,87.84662628173828,87.87851905236384,87.8306829378875,87.86256962558906,285800
2009-06-25,87.87849426269531,87.88646897383312,87.84660150106637,87.86254484041969,460500
2009-06-26,87.88641357421875,87.88641357421875,87.84654612658265,87.87843886810784,199200
2009-06-29,87.86258697509766,87.87853640502186,87.86258697509766,87.87056169005976,244500
2009-06-30,87.88641357421875,87.88641357421875,87.85452083269357,87.862489455886,260600
2009-07-01,87.86817932128906,87.89210324678713,87.86817932128906,87.89210324678713,133400
2009-07-02,87.86019134521484,87.8841152676343,87.86019134521484,87.8841152676343,225800
2009-07-06,87.86019134521484,87.8841152676343,87.86019134521484,87.86816801415989,72800
2009-07-07,87.86817932128906,87.88412657681562,87.86020265131756,87.87615599126057,235700
2009-07-08,87.90001678466797,87.90001678466797,87.87609287635269,87.88406345618306,152500
2009-07-09,87.90001678466797,87.90001678466797,87.87609287635269,87.90001678466797,125200
2009-07-10,87.86817932128906,87.90007991675863,87.86817932128906,87.88412657681562,197100
2009-07-13,87.88412475585938,87.90007809547184,87.86817750066325,87.87615417046948,419800
2009-07-14,87.88412475585938,87.89210142566562,87.86817750066325,87.88412475585938,143400
2009-07-15,87.87615966796875,87.89210692416253,87.8681829976635,87.89210692416253,156900
2009-07-16,87.87615966796875,87.89210692416253,87.87615966796875,87.8841302538573,199200
2009-07-17,87.86817932128906,87.88412657681562,87.86817932128906,87.88412657681562,96600
2009-07-20,87.86019134521484,87.8841152676343,87.86019134521484,87.8841152676343,164700
2009-07-21,87.86817932128906,87.87615599126057,87.86020265131756,87.86020265131756,332300
2009-07-22,87.87615966796875,87.89210692416253,87.87615966796875,87.8841302538573,310200
2009-07-23,87.87615966796875,87.89210692416253,87.8681829976635,87.8841302538573,355600
2009-07-24,87.86817932128906,87.89210324678713,87.86817932128906,87.87615599126057,961100
2009-07-27,87.88412475585938,87.88412475585938,87.86020083085702,87.86817750066325,154900
2009-07-28,87.87615966796875,87.90008359446779,87.87615966796875,87.87615966796875,315500
2009-07-29,87.89205169677734,87.90800502736349,87.88407503148427,87.88407503148427,261200
2009-07-30,87.87615966796875,87.90008359446779,87.87615966796875,87.90008359446779,155100
2009-07-31,87.88412475585938,87.90007809547184,87.85223024546711,87.88412475585938,1176300
2009-08-03,87.85054016113281,87.89042752348806,87.84256755742739,87.88244883382559,527000
2009-08-04,87.85855865478516,87.89046734193406,87.85855865478516,87.87451604133949,171200
2009-08-05,87.87454223632812,87.8904935416777,87.86656354067254,87.87454223632812,246600
2009-08-06,87.89049530029297,87.89049530029297,87.86656529880901,87.89049530029297,178000
2009-08-07,87.85855865478516,87.87451604133949,87.85855865478516,87.86653734806232,127300
2009-08-10,87.86652374267578,87.88247504080041,87.86652374267578,87.86652374267578,107300
2009-08-11,87.88253784179688,87.88253784179688,87.8665865322734,87.88253784179688,114200
2009-08-12,87.88253784179688,87.8905165395402,87.87456523001673,87.8905165395402,186500
2009-08-13,87.89049530029297,87.8984739961082,87.87454399462423,87.89049530029297,108000
2009-08-14,87.89049530029297,87.8984739961082,87.88251660447774,87.8984739961082,134800
2009-08-17,87.8984603881836,87.8984603881836,87.88250299902357,87.8984603881836,63700
2009-08-18,87.8984603881836,87.8984603881836,87.87453039040433,87.8984603881836,308200
2009-08-19,87.89049530029297,87.92240399759217,87.89049530029297,87.92240399759217,162100
2009-08-20,87.89049530029297,87.92240399759217,87.89049530029297,87.92240399759217,153500
2009-08-21,87.8984603881836,87.90643299680283,87.86655169582431,87.89048169360358,278200
2009-08-24,87.89049530029297,87.92240399759217,87.88251660447774,87.88251660447774,127900
2009-08-25,87.8984603881836,87.90643299680283,87.88250299902357,87.90643299680283,173800
2009-08-26,87.92232513427734,87.92232513427734,87.89041646559913,87.89839515425774,115000
2009-08-27,87.88253784179688,87.92242524455033,87.88253784179688,87.91444654680699,172800
2009-08-28,87.89049530029297,87.92240399759217,87.89049530029297,87.9064466059617,125300
2009-08-31,87.92232513427734,87.92232513427734,87.89041646559913,87.90636775696011,141300
2009-09-01,87.85770416259766,87.88962123264719,87.8497233731956,87.87365965384309,359700
2009-09-02,87.92955780029297,87.92955780029297,87.89764680154504,87.913602300919,375700
2009-09-03,87.92955780029297,87.93753859376083,87.90562150745113,87.93753859376083,74500
2009-09-04,87.92159271240234,87.93754821352174,87.91361191806143,87.93754821352174,119700
2009-09-08,87.89766693115234,87.93755873250386,87.89766693115234,87.90564163888476,101000
2009-09-09,87.92159271240234,87.93754821352174,87.90563112372053,87.93754821352174,243400
2009-09-10,87.90567016601562,87.93758726999246,87.90567016601562,87.91365096390112,133600
2009-09-11,87.93753814697266,87.94551894039998,87.92955735354533,87.93753814697266,164800
2009-09-14,87.91361999511719,87.93755629277663,87.90563920004304,87.91361999511719,76200
2009-09-15,87.92159271240234,87.93754821352174,87.90563112372053,87.90563112372053,97600
2009-09-16,87.91361999511719,87.94553708785078,87.91361999511719,87.92160079019133,185000
2009-09-17,87.92159271240234,87.93754821352174,87.91361191806143,87.92159271240234,146600
2009-09-18,87.92159271240234,87.93754821352174,87.91361191806143,87.93754821352174,584400
2009-09-21,87.90567016601562,87.92960647210697,87.90567016601562,87.92960647210697,164900
2009-09-22,87.92159271240234,87.92956741918083,87.90563112372053,87.90563112372053,137400
2009-09-23,87.92159271240234,87.94552900786265,87.91361191806143,87.92956741918083,665700
2009-09-24,87.91361999511719,87.92957549770249,87.91361999511719,87.92957549770249,807600
2009-09-25,87.90567016601562,87.92960647210697,87.90567016601562,87.92960647210697,652500
2009-09-28,87.89766693115234,87.95352032309498,87.89766693115234,87.93755873250386,909200
2009-09-29,87.90567016601562,87.92163176178661,87.89769545569527,87.90567016601562,489200
2009-09-30,87.92159271240234,87.95350980220356,87.91361191806143,87.91361191806143,550300
2009-10-01,87.9311752319336,87.93915762067147,87.89925176576068,87.93915762067147,538300
2009-10-02,87.91521453857422,87.93117322690748,87.8992497614625,87.93117322690748,205300
2009-10-05,87.91521453857422,87.95511430379659,87.91521453857422,87.93117322690748,197500
2009-10-06,87.93915557861328,87.95511426693986,87.93117319006076,87.94713187838734,152200
2009-10-07,87.9551010131836,87.97106578788292,87.9391423272618,87.9551010131836,190200
2009-10-08,87.9471206665039,87.96308544157368,87.93116198021183,87.9471206665039,175800
2009-10-09,87.9232177734375,87.94715885766092,87.9232177734375,87.93918255544,166500
2009-10-12,87.9232177734375,87.94715885766092,87.91524147121658,87.94715885766092,112200
2009-10-13,87.9311752319336,87.94713392063075,87.92319284319572,87.9311752319336,78400
2009-10-14,87.9311752319336,87.94713392063075,87.9311752319336,87.9311752319336,192700
2009-10-15,87.9311752319336,87.94713392063075,87.9311752319336,87.9311752319336,210400
2009-10-16,87.9311752319336,87.94713392063075,87.9311752319336,87.9311752319336,91200
2009-10-19,87.93915557861328,87.94713187838734,87.92319080150826,87.93915557861328,131500
2009-10-20,87.93915557861328,87.95511426693986,87.92319080150826,87.93915557861328,601400
2009-10-21,87.96305084228516,87.96305084228516,87.92314500908493,87.93112739348004,360000
2009-10-22,87.97103118896484,87.97103118896484,87.93910774089919,87.94708403633425,125600
2009-10-23,87.9551010131836,87.96308340053326,87.9391423272618,87.9391423272618,210600
2009-10-26,87.93915557861328,87.96309665549236,87.93915557861328,87.96309665549236,94200
2009-10-27,87.96305084228516,87.97103322668026,87.93910977787513,87.95506845789005,129200
2009-10-28,87.97901916503906,87.99498393557906,87.95507809800503,87.97104286854503,1317000
2009-10-29,87.97103118896484,87.9790074843999,87.93112535668898,87.96304880475465,472200
2009-10-30,87.96305084228516,87.97103322668026,87.93112739348004,87.97103322668026,507100
2009-11-02,87.94234466552734,87.96628878407121,87.9263839496821,87.95032806822597,186200
2009-11-03,87.95032501220703,87.96628572749768,87.92638089449515,87.96628572749768,283200
2009-11-04,87.92637634277344,87.9662811737102,87.92637634277344,87.9662811737102,105200
2009-11-05,87.95829010009766,87.95829010009766,87.95031278833697,87.95031278833697,127000
2009-11-06,87.94234466552734,87.97427218676985,87.94234466552734,87.95032806822597,166400
2009-11-09,87.95032501220703,87.97426912991891,87.9423416097858,87.97426912991891,245400
2009-11-10,87.96627807617188,87.98224487962554,87.95031736226949,87.95031736226949,136300
2009-11-11,87.95032501220703,87.99022984520957,87.95032501220703,87.96628572749768,324900
2009-11-12,87.95829010009766,87.97425690272095,87.95031278833697,87.95031278833697,167600
2009-11-13,87.9742431640625,87.9742431640625,87.9502990534178,87.95827636393268,328200
2009-11-16,87.95829010009766,87.97425690272095,87.95829010009766,87.95829010009766,114900
2009-11-17,87.99017333984375,87.99815673713822,87.9502685324672,87.95824584021378,829100
2009-11-18,87.99017333984375,87.99017333984375,87.97421263480271,87.98219603209718,502500
2009-11-19,87.98220825195312,88.01412966646876,87.97422485354984,87.98220825195312,151500
2009-11-20,87.99817657470703,88.0061599738012,87.97423246697377,87.98221586606795,115700
2009-11-23,87.95032501220703,87.99022984520957,87.95032501220703,87.97426912991891,1024000
2009-11-24,87.99017333984375,87.99017333984375,87.96622923750824,87.96622923750824,150900
2009-11-25,87.99017333984375,87.99017333984375,87.96622923750824,87.98219603209718,451100
2009-11-27,87.98220825195312,87.99816895921094,87.96624145514656,87.99816895921094,101900
2009-11-30,87.9742431640625,87.9981872747072,87.96625976399758,87.9981872747072,176400
2009-12-01,87.97425079345703,87.98223491874982,87.94232038238904,87.98223491874982,439600
2009-12-02,87.95829772949219,87.99022814386238,87.95031360337369,87.95031360337369,536300
2009-12-03,87.95829772949219,87.98224401774388,87.95829772949219,87.95829772949219,654000
2009-12-04,87.96627807617188,87.96627807617188,87.9503159136194,87.95830003994763,393300
2009-12-07,87.94232940673828,87.97425982108287,87.93435137073,87.96627569497076,281400
2009-12-08,87.95829772949219,87.97425989162538,87.94232947725519,87.95031360337369,336500
2009-12-09,87.96627807617188,87.9742622025001,87.9503159136194,87.9742622025001,220900
2009-12-10,87.94232940673828,87.97425982108287,87.94232940673828,87.9582976589625,556200
2009-12-11,87.94232940673828,87.96627569497076,87.94232940673828,87.96627569497076,377500
2009-12-14,87.94232940673828,87.96627569497076,87.94232940673828,87.95031353285039,382200
2009-12-15,87.95829772949219,87.95829772949219,87.93435144124051,87.93435144124051,377200
2009-12-16,87.95829772949219,87.96627576550686,87.95031360337369,87.95829772949219,119400
2009-12-17,87.94232940673828,87.97425982108287,87.94232940673828,87.96627569497076,517500
2009-12-18,87.9503402709961,87.9663024379692,87.9503402709961,87.95832439953548,110400
2009-12-21,87.96627807617188,87.96627807617188,87.9503159136194,87.9503159136194,145300
2009-12-22,87.96627807617188,87.96627807617188,87.94233178729118,87.96627807617188,325400
2009-12-23,87.96627807617188,87.9742622025001,87.9503159136194,87.96627807617188,187500
2009-12-24,87.9503402709961,87.9663024379692,87.9503402709961,87.95832439953548,109300
2009-12-28,87.98222351074219,87.99020763499973,87.95029310381437,87.99020763499973,288600
2009-12-29,87.97745513916016,87.97745513916016,87.9455267577259,87.9694760892405,277400
2009-12-30,87.97745513916016,87.97745513916016,87.95350580764557,87.96149094844303,131300
2009-12-31,87.9694595336914,87.98542372140413,87.95348925510203,87.95348925510203,150800
2010-01-04,87.97745513916016,87.97745513916016,87.9455267577259,87.96149094844303,301100
2010-01-05,87.945556640625,87.97748503290816,87.945556640625,87.96152083676658,420500
2010-01-06,87.9535140991211,87.98544857444365,87.94553504844923,87.96948438222155,563200
2010-01-07,87.9535140991211,87.96948438222155,87.9535140991211,87.96149924067133,150600
2010-01-08,87.98539733886719,87.98539733886719,87.95346288214067,87.95346288214067,190600
2010-01-11,87.98539733886719,87.99338247576752,87.96943315594135,87.96943315594135,346600
2010-01-12,87.97745513916016,87.98544027995763,87.96149094844303,87.97745513916016,122400
2010-01-13,87.9694595336914,87.99340886069882,87.9694595336914,87.99340886069882,165700
2010-01-14,87.9694595336914,87.99340886069882,87.9694595336914,87.98542372140413,107500
2010-01-15,87.96154022216797,87.98548956709836,87.96154022216797,87.96952536743851,249800
2010-01-19,87.97745513916016,87.99342542075509,87.9694760892405,87.97745513916016,250200
2010-01-20,87.97745513916016,87.98544027995763,87.9694760892405,87.98544027995763,142800
2010-01-21,87.97745513916016,88.00141056155255,87.9694760892405,87.9694760892405,634200
2010-01-22,87.96154022216797,87.97750442182782,87.96154022216797,87.97750442182782,327200
2010-01-25,87.99334716796875,88.001332301665,87.9614127240561,87.96939785775237,187600
2010-01-26,87.99334716796875,88.001332301665,87.97737690057623,87.97737690057623,301200
2010-01-27,87.96154022216797,87.99347471236888,87.96154022216797,87.97750442182782,301700
2010-01-28,87.96154022216797,87.98548956709836,87.96154022216797,87.97750442182782,376200
2010-01-29,87.99334716796875,87.99334716796875,87.9614127240561,87.97737690057623,346800
2010-02-01,87.97108459472656,87.99503436415021,87.97108459472656,87.99503436415021,252600
2010-02-02,87.98700714111328,87.99499242411163,87.96305738310453,87.96305738310453,404100
2010-02-03,87.97901916503906,87.99498973054689,87.97103997327123,87.98700444779297,478200
2010-02-04,87.97901916503906,87.98700444779297,87.97103997327123,87.97901916503906,348600
2010-02-05,87.96310424804688,88.00302459332106,87.95511896079412,87.95511896079412,1061700
2010-02-08,87.99494934082031,87.99494934082031,87.95502903636029,87.95502903636029,633100
2010-02-09,87.99494934082031,87.99494934082031,87.96301431544894,87.97897878264298,318900
2010-02-10,87.98700714111328,87.98700714111328,87.96305738310453,87.96305738310453,152700
2010-02-11,87.99494934082031,87.99494934082031,87.97099959453762,87.97897878264298,515200
2010-02-12,87.99494934082031,87.99494934082031,87.96301431544894,87.96301431544894,151300
2010-02-16,87.97108459472656,87.99503436415021,87.97108459472656,87.98704907734594,358900
2010-02-17,87.98700714111328,87.98700714111328,87.97104266610286,87.97104266610286,101200
2010-02-18,87.99494934082031,87.99494934082031,87.97099959453762,87.97099959453762,149600
2010-02-19,87.97901916503906,87.99498973054689,87.97103997327123,87.98700444779297,417300
2010-02-22,87.98700714111328,87.98700714111328,87.97104266610286,87.97104266610286,144200
2010-02-23,87.98700714111328,87.98700714111328,87.96305738310453,87.97902185811495,109000
2010-02-24,87.97901916503906,87.99498973054689,87.97103997327123,87.97901916503906,155000
2010-02-25,88.00296020507812,88.00296020507812,87.97900436084744,87.9949749236679,209500
2010-02-26,87.99494934082031,87.99494934082031,87.97897878264298,87.97897878264298,249000
2010-03-01,87.99339294433594,87.99339294433594,87.95347581447498,87.95347581447498,800500
2010-03-02,87.95352935791016,87.99344651207146,87.95352935791016,87.98546064466638,1940900
2010-03-03,87.97747802734375,88.00142953735339,87.96150629304942,87.96949216019658,1761100
2010-03-04,87.98539733886719,87.99338320052641,87.96943170697641,87.98539733886719,805800
2010-03-05,87.97747802734375,87.99344367020623,87.96150629304942,87.97747802734375,1980800
2010-03-08,87.99339294433594,87.99339294433594,87.96944144813371,87.97742731067723,723900
2010-03-09,87.98539733886719,87.99338320052641,87.96943170697641,87.98539733886719,1131500
2010-03-10,87.97747802734375,87.98545780305906,87.96949216019658,87.96949216019658,933100
2010-03-11,87.96947479248047,87.98544043219087,87.96947479248047,87.98544043219087,219300
2010-03-12,87.98539733886719,87.99338320052641,87.96943170697641,87.98539733886719,1190500
2010-03-15,87.98539733886719,87.98539733886719,87.96943170697641,87.97741756863563,101100
2010-03-16,87.96150970458984,87.98546121552843,87.96150970458984,87.96949557204672,1388800
2010-03-17,87.98539733886719,87.99338320052641,87.96943170697641,87.97741756863563,1730000
2010-03-18,87.98539733886719,87.99338320052641,87.97741756863563,87.99338320052641,1032500
2010-03-19,87.98539733886719,87.98539733886719,87.96943170697641,87.98539733886719,103300
2010-03-22,87.98539733886719,87.98539733886719,87.97741756863563,87.98539733886719,111300
2010-03-23,87.99339294433594,87.99339294433594,87.97742731067723,87.97742731067723,569900
2010-03-24,87.97747802734375,87.99344367020623,87.97747802734375,87.97747802734375,151800
2010-03-25,87.97747802734375,87.98545780305906,87.96949216019658,87.97747802734375,788000
2010-03-26,87.96947479248047,87.98544043219087,87.96947479248047,87.96947479248047,264200
2010-03-29,87.96947479248047,87.99342629776139,87.96148892690994,87.96947479248047,1433700
2010-03-30,87.99339294433594,87.99339294433594,87.96944144813371,87.96944144813371,879700
2010-03-31,87.98539733886719,87.98539733886719,87.96943170697641,87.96943170697641,682700
2010-04-01,87.9559555053711,87.97990767684291,87.9559555053711,87.96393550146165,146200
2010-04-05,87.94789123535156,87.97184338553083,87.93990515476025,87.95587731594287,1132600
2010-04-06,87.96387481689453,87.9798469812569,87.93992266194682,87.9558948263092,696900
2010-04-07,87.9559555053711,87.97192158915229,87.9559555053711,87.9559555053711,868400
2010-04-08,87.9559555053711,87.97192158915229,87.9559555053711,87.9559555053711,307200
2010-04-09,87.96387481689453,87.97186089907571,87.93992266194682,87.96387481689453,477200
2010-04-12,87.97187805175781,87.97986413549613,87.95591197587825,87.95591197587825,844500
2010-04-13,87.96387481689453,87.9798469812569,87.96387481689453,87.97186089907571,130700
2010-04-14,87.96387481689453,87.9798469812569,87.96387481689453,87.96387481689453,175300
2010-04-15,87.96387481689453,87.97186089907571,87.96387481689453,87.97186089907571,132500
2010-04-16,87.99578094482422,87.99578094482422,87.96384271934943,87.96384271934943,394200
2010-04-19,87.9559555053711,87.97990767684291,87.9559555053711,87.97990767684291,258700
2010-04-20,87.9798355102539,87.9798355102539,87.96386334797403,87.97184942911397,92000
2010-04-21,87.97187805175781,87.97986413549613,87.96389196801951,87.96389196801951,275200
2010-04-22,87.9798355102539,87.98781549979878,87.96386334797403,87.97184942911397,136800
2010-04-23,87.9798355102539,87.9798355102539,87.96386334797403,87.96386334797403,112600
2010-04-26,87.9798355102539,87.9798355102539,87.96386334797403,87.96386334797403,591000
2010-04-27,87.9798355102539,87.9798355102539,87.96386334797403,87.97184942911397,188100
2010-04-28,87.96387481689453,87.98782697184222,87.9558948263092,87.9798469812569,340700
2010-04-29,87.97187805175781,87.97986413549613,87.96389196801951,87.96389196801951,74000
2010-04-30,87.9798355102539,87.9798355102539,87.96386334797403,87.96386334797403,103500
2010-05-03,87.96074676513672,87.97671371864475,87.96074676513672,87.97671371864475,101400
2010-05-04,87.95268249511719,87.98462246583125,87.95268249511719,87.96066901077734,950400
2010-05-05,87.97667694091797,87.97667694091797,87.96869042153669,87.96869042153669,903100
2010-05-06,87.97667694091797,88.00861692651374,87.90481045034512,87.98466346029925,2453400
2010-05-07,87.96867370605469,87.99262716771763,87.95270676225546,87.98464674178211,1351700
2010-05-10,87.96074676513672,87.9847002413647,87.96074676513672,87.97671371864475,588800
2010-05-11,87.96867370605469,87.9766602239184,87.96069328011917,87.96867370605469,163700
2010-05-12,87.97667694091797,87.98466346029925,87.96070999408475,87.97667694091797,226000
2010-05-13,87.98463439941406,87.98463439941406,87.96866136592732,87.96866136592732,459800
2010-05-14,87.9925765991211,87.9925765991211,87.968623151224,87.97660966449793,214400
2010-05-17,87.96867370605469,87.98464674178211,87.96069328011917,87.98464674178211,120100
2010-05-18,87.96867370605469,87.98464674178211,87.96867370605469,87.9766602239184,119100
2010-05-19,87.98463439941406,87.9926148242301,87.96866136592732,87.98463439941406,1868200
2010-05-20,87.9925765991211,88.00056311239503,87.968623151224,87.97660966449793,2112600
2010-05-21,87.9925765991211,87.9925765991211,87.97660966449793,87.98459617777186,794100
2010-05-24,87.9925765991211,87.9925765991211,87.97660966449793,87.98459617777186,376900
2010-05-25,87.98463439941406,87.9926148242301,87.96866136592732,87.9926148242301,452600
2010-05-26,87.96867370605469,87.99262716771763,87.96867370605469,87.98464674178211,172300
2010-05-27,87.9925765991211,88.00056311239503,87.98459617777186,87.98459617777186,338800
2010-05-28,87.9925765991211,87.9925765991211,87.97660966449793,87.98459617777186,269200
2010-06-01,87.98938751220703,87.9973683681422,87.98140056401543,87.98938751220703,222200
2010-06-02,87.99740600585938,87.99740600585938,87.98143819490294,87.98143819490294,577900
2010-06-03,87.9814453125,87.98943226475387,87.9814453125,87.98943226475387,459900
2010-06-04,88.01335906982422,88.01335906982422,87.98141736321526,87.98141736321526,178500
2010-06-07,87.9814453125,87.9974131247482,87.97345836024613,87.98943226475387,297800
2010-06-08,88.01335906982422,88.02134601954086,87.97343041349862,87.98141736321526,615000
2010-06-09,87.98938751220703,88.0053553163338,87.98938751220703,87.98938751220703,322500
2010-06-10,88.01335906982422,88.01335906982422,87.99738517039094,87.99738517039094,135300
2010-06-11,88.02132415771484,88.02132415771484,87.99736331451608,87.99736331451608,328200
2010-06-14,88.01335906982422,88.01335906982422,87.99738517039094,87.99738517039094,465500
2010-06-15,87.9814453125,88.01338702925595,87.9814453125,88.01338702925595,227600
2010-06-16,87.99740600585938,88.01337990907484,87.98942514651068,88.00539295746711,1399600
2010-06-17,88.01335906982422,88.01335906982422,87.99738517039094,87.99738517039094,251300
2010-06-18,87.99740600585938,88.01337990907484,87.99740600585938,88.00539295746711,320900
2010-06-21,88.01335906982422,88.01335906982422,87.9894043129319,87.99738517039094,1188400
2010-06-22,87.98938751220703,88.01334226452542,87.98938751220703,88.0053553163338,1008400
2010-06-23,87.99740600585938,88.01337990907484,87.99740600585938,87.99740600585938,527700
2010-06-24,87.99740600585938,88.01337990907484,87.99740600585938,88.00539295746711,153300
2010-06-25,88.01335906982422,88.01335906982422,87.99738517039094,87.99738517039094,111600
2010-06-28,88.00534057617188,88.01332752302574,87.99735362931801,88.01332752302574,87200
2010-06-29,88.00534057617188,88.01332752302574,87.98937277471957,88.01332752302574,603400
2010-06-30,88.02132415771484,88.02132415771484,87.99736331451608,88.00535026224901,611100
2010-07-01,87.98704528808594,88.01100157729695,87.98704528808594,88.01100157729695,940200
2010-07-02,88.00300598144531,88.00300598144531,87.98703715432993,87.99502461421099,226800
2010-07-06,87.98704528808594,88.01100157729695,87.98704528808594,87.99503274870537,869700
2010-07-07,88.010986328125,88.026961246596,87.99501750230024,87.99501750230024,1274100
2010-07-08,88.02689361572266,88.02689361572266,88.00293125642638,88.00293125642638,540600
2010-07-09,88.02689361572266,88.02689361572266,88.01091870952514,88.01091870952514,210500
2010-07-12,88.02689361572266,88.02689361572266,88.01091870952514,88.01091870952514,266600
2010-07-13,88.00300598144531,88.02696836108849,88.00300598144531,88.01099344132638,330600
2010-07-14,88.03492736816406,88.03492736816406,88.00298362940002,88.01097108725233,164900
2010-07-15,88.010986328125,88.026961246596,87.99501750230024,88.026961246596,601200
2010-07-16,88.01893615722656,88.01893615722656,88.00296124558521,88.00296124558521,272300
2010-07-19,88.00300598144531,88.01898090120743,88.00300598144531,88.01099344132638,125500
2010-07-20,88.010986328125,88.0189737873605,88.00299886888949,88.010986328125,388800
2010-07-21,88.00300598144531,88.02696836108849,88.00300598144531,88.01099344132638,163000
2010-07-22,88.01893615722656,88.02692361304724,88.00296124558521,88.01094870140588,195700
2010-07-23,88.00300598144531,88.02696836108849,88.00300598144531,88.01099344132638,457900
2010-07-26,87.9949951171875,88.0189513961535,87.9949951171875,88.01096393894993,1082100
2010-07-27,88.010986328125,88.0189737873605,87.99501750230024,88.010986328125,405400
2010-07-28,88.02689361572266,88.02689361572266,88.00293125642638,88.01091870952514,709800
2010-07-29,88.00300598144531,88.01898090120743,88.00300598144531,88.00300598144531,777700
2010-07-30,88.00300598144531,88.01898090120743,88.00300598144531,88.01898090120743,226400
2010-08-02,88.00139617919922,88.02535420082827,88.00139617919922,88.01736616258928,360300
2010-08-03,88.00139617919922,88.01736616258928,88.00139617919922,88.0093781243503,1069900
2010-08-04,88.03329467773438,88.03329467773438,88.0093305759644,88.0093305759644,769700
2010-08-05,88.0093765258789,88.03334064016062,88.0093765258789,88.0173645639728,817800
2010-08-06,88.0093765258789,88.03334064016062,88.0093765258789,88.0173645639728,207200
2010-08-09,88.0093765258789,88.02535260206672,88.0093765258789,88.0093765258789,407800
2010-08-10,88.0093765258789,88.02535260206672,88.0093765258789,88.0093765258789,177800
2010-08-11,88.01734161376953,88.03331768579163,88.01734161376953,88.03331768579163,166000
2010-08-12,88.03329467773438,88.03329467773438,88.01731860988772,88.01731860988772,161800
2010-08-13,88.0093765258789,88.03334064016062,88.0093765258789,88.02535260206672,134800
2010-08-16,88.01734161376953,88.03331768579163,88.01734161376953,88.03331768579163,241100
2010-08-17,88.02533721923828,88.04130719954748,88.02533721923828,88.02533721923828,220400
2010-08-18,88.04129791259766,88.04129791259766,88.02532793397305,88.02532793397305,114100
2010-08-19,88.01734161376953,88.04129962871647,88.01734161376953,88.02532964978057,84100
2010-08-20,88.04129791259766,88.04129791259766,88.02532793397305,88.02532793397305,186800
2010-08-23,88.01734161376953,88.03331768579163,88.01734161376953,88.02532964978057,226400
2010-08-24,88.0093765258789,88.02535260206672,88.0093765258789,88.0173645639728,519600
2010-08-25,88.01734161376953,88.02532964978057,88.00935357775847,88.00935357775847,300000
2010-08-26,88.0093765258789,88.02535260206672,88.0093765258789,88.0093765258789,168900
2010-08-27,88.03329467773438,88.03329467773438,88.01731860988772,88.02530664381105,117000
2010-08-30,88.01734161376953,88.02532964978057,88.00935357775847,88.00935357775847,861300
2010-08-31,88.02533721923828,88.04130719954748,88.01734918254033,88.01734918254033,1476000
2010-09-01,88.0245361328125,88.03252482176394,88.01654744386107,88.01654744386107,350000
2010-09-02,88.0245361328125,88.03252482176394,88.0245361328125,88.0245361328125,165800
2010-09-03,88.03252410888672,88.03252410888672,88.01654673111322,88.02453541999998,228600
2010-09-07,88.01655578613281,88.03253316555003,88.01655578613281,88.02454447584142,104200
2010-09-08,88.01655578613281,88.04052185525865,88.01655578613281,88.03253316555003,1456400
2010-09-09,88.01655578613281,88.02454447584142,88.01655578613281,88.02454447584142,296700
2010-09-10,88.01655578613281,88.02454447584142,88.01655578613281,88.01655578613281,193100
2010-09-13,88.04847717285156,88.04847717285156,88.01652851750003,88.02451720473366,1620200
2010-09-14,88.0245361328125,88.04051351071539,88.0245361328125,88.0245361328125,560600
2010-09-15,88.04048919677734,88.04048919677734,88.03250051003212,88.04048919677734,193500
2010-09-16,88.04847717285156,88.04847717285156,88.03250589196726,88.03250589196726,98900
2010-09-17,88.03252410888672,88.04849539307601,88.02453541999998,88.03252410888672,102700
2010-09-20,88.03252410888672,88.03252410888672,88.02453541999998,88.02453541999998,159900
2010-09-21,88.03252410888672,88.04051279777346,88.00856413581067,88.03252410888672,921900
2010-09-22,88.03252410888672,88.05648408196276,88.03252410888672,88.03252410888672,652700
2010-09-23,88.05648803710938,88.05648803710938,88.03252806295714,88.03252806295714,684100
2010-09-24,88.03252410888672,88.05648408196276,88.03252410888672,88.04849539307601,2036500
2010-09-27,88.04847717285156,88.05646586008517,88.04049457920088,88.05646586008517,316800
2010-09-28,88.04847717285156,88.05646586008517,88.04049457920088,88.04049457920088,568600
2010-09-29,88.04048919677734,88.05646047668523,88.04048919677734,88.04048919677734,128400
2010-09-30,88.04847717285156,88.04847717285156,88.03250589196726,88.04049457920088,207100
2010-10-01,88.03972625732422,88.05569884816195,88.03972625732422,88.05569884816195,198900
2010-10-04,88.02371978759766,88.05567105327037,88.02371978759766,88.03969846747442,1492800
2010-10-05,88.03972625732422,88.04771559978445,88.02374757240376,88.04771559978445,669900
2010-10-06,88.03972625732422,88.05569884816195,88.03972625732422,88.04771559978445,1472800
2010-10-07,88.03172302246094,88.05568495197743,88.03172302246094,88.04770170485978,212100
2010-10-08,88.06370544433594,88.06370544433594,88.03175416231777,88.03974350634329,1099000
2010-10-11,88.03172302246094,88.06367429317685,88.01575043414387,88.03971236366036,241700
2010-10-12,88.03972625732422,88.04771559978445,88.031736914864,88.03972625732422,270500
2010-10-13,88.05570220947266,88.07168089500306,88.03972961802522,88.04771896079042,698100
2010-10-14,88.03172302246094,88.04770170485978,88.03172302246094,88.04770170485978,151000
2010-10-15,88.05570220947266,88.05570220947266,88.03972961802522,88.04771896079042,169900
2010-10-18,88.03972625732422,88.06368819062217,88.03972625732422,88.04771559978445,454400
2010-10-19,88.06370544433594,88.06370544433594,88.03974350634329,88.03974350634329,278700
2010-10-20,88.05570220947266,88.06369155223786,88.04771896079042,88.06369155223786,61900
2010-10-21,88.04766845703125,88.06364103931689,88.04766845703125,88.05565170113434,89500
2010-10-22,88.06370544433594,88.06370544433594,88.04773285036882,88.04773285036882,96200
2010-10-25,88.04766845703125,88.06364103931689,88.04766845703125,88.06364103931689,215100
2010-10-26,88.06370544433594,88.06370544433594,88.04773285036882,88.0557161003104,168200
2010-10-27,88.03972625732422,88.06368819062217,88.03972625732422,88.04771559978445,157700
2010-10-28,88.04766845703125,88.06364103931689,88.0396791188487,88.04766845703125,116100
2010-10-29,88.04766845703125,88.06364103931689,88.0396791188487,88.06364103931689,92000
2010-11-01,88.0229263305664,88.03091022855568,88.0229263305664,88.03091022855568,178200
2010-11-02,88.0389404296875,88.0629043237572,88.0389404296875,88.04693042590453,99100
2010-11-03,88.07086944580078,88.08684333914188,88.0469055584993,88.05489555245968,762800
2010-11-04,88.07086944580078,88.07086944580078,88.0469055584993,88.05489555245968,207700
2010-11-05,88.04690551757812,88.07086940486847,88.04690551757812,88.0548955115348,1453100
2010-11-08,88.04690551757812,88.06287941091179,88.04690551757812,88.0548955115348,322900
2010-11-09,88.0389404296875,88.0629043237572,88.0389404296875,88.05492042212155,504000
2010-11-10,88.0389404296875,88.05492042212155,88.0389404296875,88.05492042212155,120000
2010-11-11,88.0309066772461,88.05487665398277,88.0309066772461,88.04688666173722,97500
2010-11-12,88.0389404296875,88.05492042212155,88.0389404296875,88.04693042590453,154600
2010-11-15,88.0389404296875,88.0629043237572,88.0389404296875,88.04693042590453,264300
2010-11-16,88.0389404296875,88.05492042212155,88.0389404296875,88.04693042590453,225600
2010-11-17,88.04690551757812,88.0548955115348,88.03891552362145,88.0548955115348,118000
2010-11-18,88.0389404296875,88.05492042212155,88.0389404296875,88.05492042212155,84400
2010-11-19,88.05484008789062,88.06282398224238,88.03886011003542,88.04685009896302,196600
2010-11-22,88.06289672851562,88.06289672851562,88.03893283651277,88.06289672851562,72400
2010-11-23,88.0309066772461,88.05487665398277,88.0309066772461,88.05487665398277,245200
2010-11-24,88.0389404296875,88.0629043237572,88.0389404296875,88.05492042212155,98600
2010-11-26,88.0389404296875,88.05492042212155,88.0389404296875,88.05492042212155,211600
2010-11-29,88.0229263305664,88.05488020625936,88.0229263305664,88.03890022112357,486600
2010-11-30,88.04690551757812,88.04690551757812,88.03092552966477,88.03891552362145,104000
2010-12-01,88.0301513671875,88.06210786569625,88.0301513671875,88.03813592050554,192200
2010-12-02,88.04610443115234,88.05409507754014,88.03811378476456,88.03811378476456,362100
2010-12-03,88.0541000366211,88.0541000366211,88.03811874294547,88.03811874294547,155100
2010-12-06,88.06205749511719,88.06205749511719,88.03010101488721,88.03808556363816,726500
2010-12-07,88.06205749511719,88.06205749511719,88.03808556363816,88.04607620746451,521800
2010-12-08,88.06205749511719,88.06205749511719,88.03808556363816,88.04607620746451,80900
2010-12-09,88.06205749511719,88.06205749511719,88.04607620746451,88.06205749511719,126400
2010-12-10,88.04610443115234,88.07007027523838,88.04610443115234,88.05409507754014,108000
2010-12-13,88.04610443115234,88.06208572392792,88.03811378476456,88.04610443115234,78000
2010-12-14,88.06205749511719,88.07004204386814,88.04607620746451,88.04607620746451,538700
2010-12-15,88.06205749511719,88.06205749511719,88.04607620746451,88.06205749511719,344900
2010-12-16,88.06205749511719,88.06205749511719,88.04607620746451,88.04607620746451,125700
2010-12-17,88.04610443115234,88.06208572392792,88.04610443115234,88.06208572392792,151000
2010-12-20,88.07006072998047,88.07006072998047,88.04609488849191,88.04609488849191,114100
2010-12-21,88.07006072998047,88.07006072998047,88.04609488849191,88.05408553401365,195200
2010-12-22,88.04610443115234,88.07007027523838,88.04610443115234,88.05409507754014,139300
2010-12-23,88.03814697265625,88.07809412457681,88.03814697265625,88.07010347517677,243800
2010-12-27,88.03814697265625,88.07010347517677,88.03814697265625,88.07010347517677,199000
2010-12-28,88.07807159423828,88.07807159423828,88.05410357281364,88.07008631751746,285800
2010-12-29,88.07807159423828,88.08606296659019,88.06209494516555,88.06209494516555,154700
2010-12-30,88.07000732421875,88.07799259377728,88.0620159590346,88.07799259377728,123900
2010-12-31,88.07807159423828,88.08606296659019,88.07008631751746,88.07008631751746,133600
2011-01-03,88.07000732421875,88.07799259377728,88.05402459385046,88.05402459385046,268900
2011-01-04,88.07807159423828,88.08606296659019,88.07008631751746,88.07008631751746,175600
2011-01-05,88.07807159423828,88.08606296659019,88.07008631751746,88.07008631751746,165000
2011-01-06,88.07807159423828,88.07807159423828,88.07008631751746,88.07807159423828,218600
2011-01-07,88.07807159423828,88.07807159423828,88.07008631751746,88.07008631751746,109200
2011-01-10,88.04611206054688,88.07807145427262,88.04611206054688,88.07008617756449,596000
2011-01-11,88.04611206054688,88.06209480522529,88.04611206054688,88.05410343288608,281800
2011-01-12,88.0541000366211,88.07806805708319,88.04610866459012,88.0541000366211,310200
2011-01-13,88.04611206054688,88.07008617756449,88.04611206054688,88.05410343288608,107300
2011-01-14,88.04611206054688,88.07008617756449,88.04611206054688,88.07008617756449,302800
2011-01-18,88.04611206054688,88.06209480522529,88.04611206054688,88.06209480522529,91400
2011-01-19,88.0541000366211,88.07008278068305,88.04610866459012,88.0541000366211,112500
2011-01-20,88.0541000366211,88.07008278068305,88.04610866459012,88.04610866459012,92900
2011-01-21,88.04611206054688,88.06209480522529,88.04611206054688,88.04611206054688,226800
2011-01-24,88.06210327148438,88.07009464459188,88.04612052526939,88.05411189837689,175600
2011-01-25,88.04611206054688,88.07008617756449,88.04611206054688,88.07008617756449,88000
2011-01-26,88.0541000366211,88.07806805708319,88.03812338818997,88.07008278068305,188300
2011-01-27,88.0541000366211,88.07008278068305,88.0541000366211,88.06209140865207,79300
2011-01-28,88.06210327148438,88.0780799220677,88.05411189837689,88.05411189837689,248300
2011-01-31,88.06210327148438,88.07009464459188,88.04612052526939,88.05411189837689,427600
2011-02-01,88.0780258178711,88.0780258178711,88.05404953955362,88.0620416323261,156000
2011-02-02,88.06211853027344,88.07810272977622,88.06211853027344,88.07810272977622,112400
2011-02-03,88.0780258178711,88.0780258178711,88.0620416323261,88.0780258178711,255400
2011-02-04,88.0541000366211,88.07008423133266,88.0541000366211,88.06209213397688,88300
2011-02-07,88.0700454711914,88.0700454711914,88.05406128351457,88.05406128351457,151400
2011-02-08,88.0700454711914,88.07803756502983,88.062053377353,88.062053377353,950300
2011-02-09,88.0780258178711,88.0780258178711,88.0700337250986,88.0700337250986,146000
2011-02-10,88.0780258178711,88.0780258178711,88.0700337250986,88.0700337250986,138200
2011-02-11,88.0700454711914,88.07803756502983,88.0700454711914,88.0700454711914,491600
2011-02-14,88.0780258178711,88.0780258178711,88.0700337250986,88.0700337250986,145000
2011-02-15,88.06211853027344,88.07810272977622,88.06211853027344,88.07011063002483,82400
2011-02-16,88.0780258178711,88.08601181446299,88.0700337250986,88.0700337250986,76400
2011-02-17,88.0860595703125,88.0860595703125,88.0700814722856,88.0860595703125,275600
2011-02-18,88.06211853027344,88.08608873334168,88.06211853027344,88.07011063002483,77300
2011-02-22,88.0700454711914,88.07803756502983,88.062053377353,88.062053377353,161100
2011-02-23,88.0541000366211,88.08606232986013,88.0541000366211,88.06209213397688,207700
2011-02-24,88.06211853027344,88.07810272977622,88.05412643052206,88.05412643052206,176900
2011-02-25,88.0780258178711,88.0780258178711,88.0620416323261,88.0620416323261,96000
2011-02-28,88.0700454711914,88.0700454711914,88.05406128351457,88.062053377353,138900
2011-03-01,88.06129455566406,88.07728005637493,88.06129455566406,88.0692873060195,114000
2011-03-02,88.06129455566406,88.0692873060195,88.06129455566406,88.06129455566406,346200
2011-03-03,88.06129455566406,88.0692873060195,88.06129455566406,88.06129455566406,171500
2011-03-04,88.06129455566406,88.07728005637493,88.06129455566406,88.0692873060195,104900
2011-03-07,88.06129455566406,88.0692873060195,88.06129455566406,88.06129455566406,70900
2011-03-08,88.06129455566406,88.07728005637493,88.06129455566406,88.0692873060195,225500
2011-03-09,88.09326171875,88.09326171875,88.06129681319099,88.07728231431167,410500
2011-03-10,88.10123443603516,88.10123443603516,88.07726228648751,88.07726228648751,281200
2011-03-11,88.09326171875,88.10125446931033,88.06928956375133,88.07728231431167,197700
2011-03-14,88.10123443603516,88.10123443603516,88.07726228648751,88.07726228648751,602400
2011-03-15,88.09326171875,88.10125446931033,88.07728231431167,88.07728231431167,214200
2011-03-16,88.0772933959961,88.10126555401088,88.0772933959961,88.0772933959961,299300
2011-03-17,88.0772933959961,88.10126555401088,88.0772933959961,88.0772933959961,95300
2011-03-18,88.10123443603516,88.10123443603516,88.07726228648751,88.07726228648751,118400
2011-03-21,88.09326171875,88.09326171875,88.07728231431167,88.09326171875,61700
2011-03-22,88.0772933959961,88.08528614756206,88.0772933959961,88.0772933959961,137800
2011-03-23,88.10123443603516,88.10123443603516,88.07726228648751,88.07726228648751,164500
2011-03-24,88.08522033691406,88.10119973142427,88.07722759131967,88.08522033691406,133900
2011-03-25,88.09326171875,88.10125446931033,88.08527506487201,88.08527506487201,272200
2011-03-28,88.09326171875,88.10125446931033,88.08527506487201,88.09326171875,115600
2011-03-29,88.0772933959961,88.08528614756206,88.0772933959961,88.0772933959961,249100
2011-03-30,88.0772933959961,88.10126555401088,88.0772933959961,88.0772933959961,109700
2011-03-31,88.08522033691406,88.10119973142427,88.07722759131967,88.08522033691406,463900
2011-04-01,88.1092300415039,88.1092300415039,88.07726224224703,88.08525571636982,550800
2011-04-04,88.1012191772461,88.10921264979106,88.0932318019342,88.0932318019342,68900
2011-04-05,88.07728576660156,88.11724705065437,88.07728576660156,88.09327271911705,654500
2011-04-06,88.08525848388672,88.10923280977404,88.08525848388672,88.09325195826064,558100
2011-04-07,88.1092300415039,88.1092300415039,88.08525571636982,88.08525571636982,298600
2011-04-08,88.1012191772461,88.11720612233603,88.1012191772461,88.10921264979106,373800
2011-04-11,88.09325408935547,88.10923494125547,88.09325408935547,88.09325408935547,123700
2011-04-12,88.11722564697266,88.11722564697266,88.10123869834041,88.10123869834041,179700
2011-04-13,88.11722564697266,88.12521302405437,88.10123869834041,88.10923217265653,218300
2011-04-14,88.12519073486328,88.12519073486328,88.10121641521305,88.10920988750742,118500
2011-04-15,88.1092300415039,88.11722351562669,88.1092300415039,88.1092300415039,318300
2011-04-18,88.11722564697266,88.12521302405437,88.10923217265653,88.10923217265653,66500
2011-04-19,88.1331787109375,88.1331787109375,88.10920439278237,88.11719786457824,235400
2011-04-20,88.12519073486328,88.12519073486328,88.10920988750742,88.10920988750742,241700
2011-04-21,88.1412124633789,88.1412124633789,88.1092446588186,88.1092446588186,175200
2011-04-25,88.1012191772461,88.1331869701929,88.1012191772461,88.11720612233603,170200
2011-04-26,88.1092300415039,88.1252108925152,88.1092300415039,88.1092300415039,153500
2011-04-27,88.1331787109375,88.1331787109375,88.1012109209865,88.10920439278237,396400
2011-04-28,88.1092300415039,88.13320436663798,88.1092300415039,88.1252108925152,192500
2011-04-29,88.1331787109375,88.14117218273337,88.11719786457824,88.12518523914163,137000
2011-05-02,88.11642456054688,88.13240671646729,88.1084304337206,88.11642456054688,145000
2011-05-03,88.13238525390625,88.14837350366523,88.1243972267574,88.1243972267574,131000
2011-05-04,88.14037322998047,88.14037322998047,88.10840283042346,88.12439107906708,137000
2011-05-05,88.13238525390625,88.14837350366523,88.1164031018779,88.14837350366523,224200
2011-05-06,88.14037322998047,88.14037322998047,88.11639695474527,88.11639695474527,121700
2011-05-09,88.1004409790039,88.12441726136261,88.1004409790039,88.12441726136261,164000
2011-05-10,88.12442016601562,88.12442016601562,88.10044388286666,88.10843191209482,458300
2011-05-11,88.1004409790039,88.12441726136261,88.1004409790039,88.10842900796878,195100
2011-05-12,88.10840606689453,88.12439431612545,88.10041804000953,88.10840606689453,109000
2011-05-13,88.14037322998047,88.14037322998047,88.10840283042346,88.12439107906708,211000
2011-05-16,88.1004409790039,88.12441726136261,88.1004409790039,88.1164231346657,315400
2011-05-17,88.13238525390625,88.13238525390625,88.10840897699842,88.1243972267574,338500
2011-05-18,88.11642456054688,88.12441868737315,88.11642456054688,88.11642456054688,48800
2011-05-19,88.11642456054688,88.12441868737315,88.11642456054688,88.11642456054688,86900
2011-05-20,88.1004409790039,88.12441726136261,88.1004409790039,88.12441726136261,146300
2011-05-23,88.12442016601562,88.12442016601562,88.10044388286666,88.10843191209482,159800
2011-05-24,88.10840606689453,88.12439431612545,88.10840606689453,88.12439431612545,88700
2011-05-25,88.12442016601562,88.1324081952438,88.10843191209482,88.10843191209482,104500
2011-05-26,88.11642456054688,88.13240671646729,88.11642456054688,88.11642456054688,44900
2011-05-27,88.13238525390625,88.13238525390625,88.1164031018779,88.1164031018779,67100
2011-05-31,88.12442016601562,88.12442016601562,88.10843191209482,88.10843191209482,103800
2011-06-01,88.12364196777344,88.13163674937967,88.11564718616721,88.11564718616721,138300
2011-06-02,88.12364196777344,88.13163674937967,88.11564718616721,88.11564718616721,142400
2011-06-03,88.12364196777344,88.12364196777344,88.11564718616721,88.11564718616721,132900
2011-06-06,88.10758972167969,88.1235731741831,88.10758972167969,88.11557839881797,141000
2011-06-07,88.10758972167969,88.1235731741831,88.10758972167969,88.1235731741831,140400
2011-06-08,88.09966278076172,88.13163580861375,88.09966278076172,88.13163580861375,351700
2011-06-09,88.09966278076172,88.1076575622826,88.09966278076172,88.09966278076172,48200
2011-06-10,88.10758972167969,88.1235731741831,88.09160017094946,88.11557839881797,161000
2011-06-13,88.09163665771484,88.11561489551492,88.09163665771484,88.09963143639132,243300
2011-06-14,88.09966278076172,88.11564624557197,88.09966278076172,88.1076575622826,211500
2011-06-15,88.10758972167969,88.1235731741831,88.09959494631457,88.11557839881797,280800
2011-06-16,88.11558532714844,88.1315748791359,88.10759664938202,88.12358010314217,231900
2011-06-17,88.11558532714844,88.1315748791359,88.10759664938202,88.12358010314217,140400
2011-06-20,88.12364196777344,88.12364196777344,88.10765850279256,88.11564718616721,58200
2011-06-21,88.1316146850586,88.1316146850586,88.1076364444746,88.1076364444746,181200
2011-06-22,88.1316146850586,88.1316146850586,88.11562512584922,88.11562512584922,115100
2011-06-23,88.1316146850586,88.14759814603791,88.12361990545391,88.1316146850586,202900
2011-06-24,88.11558532714844,88.1315748791359,88.11558532714844,88.12358010314217,138500
2011-06-27,88.10758972167969,88.13156794954821,88.10758972167969,88.11557839881797,176600
2011-06-28,88.11558532714844,88.12358010314217,88.0996018733883,88.10759664938202,205000
2011-06-29,88.1316146850586,88.1316146850586,88.11562512584922,88.1316146850586,123400
2011-06-30,88.13963317871094,88.13963317871094,88.10766624593984,88.10766624593984,512100
2011-07-01,88.1380386352539,88.1380386352539,88.1300432729064,88.1300432729064,166100
2011-07-05,88.1380386352539,88.1380386352539,88.1300432729064,88.1380386352539,266900
2011-07-06,88.14602661132812,88.14602661132812,88.12204662331044,88.13004198554115,264600
2011-07-07,88.13003540039062,88.1460200249832,88.12204003875733,88.13003540039062,201900
2011-07-08,88.12200164794922,88.13799236424937,88.12200164794922,88.13799236424937,98900
2011-07-11,88.12200164794922,88.14598162372808,88.1140123884705,88.12200164794922,763100
2011-07-12,88.1139907836914,88.1379707535906,88.1139907836914,88.12997539740091,130100
2011-07-13,88.12200164794922,88.13799236424937,88.1140123884705,88.1140123884705,142800
2011-07-14,88.13003540039062,88.1460200249832,88.12204003875733,88.12204003875733,215900
2011-07-15,88.12200164794922,88.13799236424937,88.12200164794922,88.12999700609929,81200
2011-07-18,88.12200164794922,88.13799236424937,88.12200164794922,88.12200164794922,503700
2011-07-19,88.12200164794922,88.13799236424937,88.1140123884705,88.12200164794922,144800
2011-07-20,88.10603332519531,88.13001330540918,88.10603332519531,88.13001330540918,120200
2011-07-21,88.10603332519531,88.1220179457804,88.10603332519531,88.10603332519531,137300
2011-07-22,88.09805297851562,88.1140437004982,88.09805297851562,88.10604833950691,93600
2011-07-25,88.12200164794922,88.12200164794922,88.09802167217035,88.09802167217035,141200
2011-07-26,88.09001159667969,88.12198692526646,88.09001159667969,88.12198692526646,273900
2011-07-27,88.10603332519531,88.11402868482409,88.09004260593774,88.09004260593774,254800
2011-07-28,88.0820541381836,88.1140294783142,88.0820541381836,88.09803875891262,115700
2011-07-29,88.09001159667969,88.10600231030824,88.0660316249072,88.08202233853575,506200
2011-08-01,88.07806396484375,88.11004075905969,88.0700682415523,88.11004075905969,158700
2011-08-02,88.1259994506836,88.1259994506836,88.08603304421497,88.08603304421497,490200
2011-08-03,88.1340103149414,88.1340103149414,88.10203352490336,88.10203352490336,498000
2011-08-04,88.1340103149414,88.14999566048589,88.11802496939693,88.12601459269463,1188800
2011-08-05,88.1340103149414,88.14999566048589,88.12601459269463,88.14999566048589,619000
2011-08-08,88.11797332763672,88.14994399998919,88.11797332763672,88.14195438137382,1093100
2011-08-09,88.15000915527344,88.15000915527344,88.07007021741512,88.11803845929012,1238400
2011-08-10,88.1259994506836,88.14199089242948,88.11001410788576,88.1259994506836,1062700
2011-08-11,88.1340103149414,88.14200603718818,88.11802496939693,88.14200603718818,299400
2011-08-12,88.1259994506836,88.13399517155653,88.11800982875869,88.11800982875869,370200
2011-08-15,88.1259994506836,88.14199089242948,88.11800982875869,88.14199089242948,558300
2011-08-16,88.1340103149414,88.14200603718818,88.12601459269463,88.12601459269463,258300
2011-08-17,88.1340103149414,88.14999566048589,88.12601459269463,88.14200603718818,146500
2011-08-18,88.1340103149414,88.14200603718818,88.12601459269463,88.1340103149414,233100
2011-08-19,88.15000915527344,88.15000915527344,88.12602808381095,88.13402380728178,458600
2011-08-22,88.15000915527344,88.15800487874428,88.14201953075262,88.14201953075262,104200
2011-08-23,88.15000915527344,88.15800487874428,88.14201953075262,88.15800487874428,630400
2011-08-24,88.15000915527344,88.15800487874428,88.14201953075262,88.14201953075262,591400
2011-08-25,88.1340103149414,88.14999566048589,88.1340103149414,88.14200603718818,203000
2011-08-26,88.1340103149414,88.15799138273267,88.1340103149414,88.15799138273267,334800
2011-08-29,88.15796661376953,88.15796661376953,88.14198127271631,88.14198127271631,251700
2011-08-30,88.1340103149414,88.15799138273267,88.1340103149414,88.14200603718818,260000
2011-08-31,88.1259994506836,88.14998051435437,88.1259994506836,88.14199089242948,276900
2011-09-01,88.12999725341797,88.14598942060957,88.12200726904688,88.12200726904688,107200
2011-09-02,88.12197875976562,88.14596090356959,88.12197875976562,88.12996874155178,103600
2011-09-06,88.14598846435547,88.14598846435547,88.1140102295439,88.12200631305295,437000
2011-09-07,88.12197875976562,88.14596090356959,88.12197875976562,88.13796482256069,133600
2011-09-08,88.12197875976562,88.14596090356959,88.12197875976562,88.13796482256069,155400
2011-09-09,88.12197875976562,88.12996874155178,88.12197875976562,88.12197875976562,1048000
2011-09-12,88.12197875976562,88.13796482256069,88.12197875976562,88.12996874155178,1554800
2011-09-13,88.13801574707031,88.13801574707031,88.12202967503879,88.12202967503879,829200
2011-09-14,88.12197875976562,88.13796482256069,88.12197875976562,88.13796482256069,698100
2011-09-15,88.14598846435547,88.14598846435547,88.12200631305295,88.12200631305295,439400
2011-09-16,88.12999725341797,88.14598942060957,88.12999725341797,88.12999725341797,83100
2011-09-19,88.12999725341797,88.14598942060957,88.12999725341797,88.12999725341797,1697300
2011-09-20,88.12999725341797,88.14598942060957,88.12999725341797,88.12999725341797,813600
2011-09-21,88.12197875976562,88.14596090356959,88.12197875976562,88.12996874155178,3607000
2011-09-22,88.13801574707031,88.14601183269922,88.12202967503879,88.12202967503879,11388300
2011-09-23,88.12999725341797,88.14598942060957,88.12200726904688,88.14598942060957,1372300
2011-09-26,88.14598846435547,88.14598846435547,88.12999629733736,88.12999629733736,806000
2011-09-27,88.12999725341797,88.13799333701377,88.12999725341797,88.12999725341797,1067100
2011-09-28,88.12999725341797,88.14598942060957,88.11401118545108,88.13799333701377,1922500
2011-09-29,88.12197875976562,88.13796482256069,88.11398267875671,88.12996874155178,1142200
2011-09-30,88.13801574707031,88.13801574707031,88.12202967503879,88.13801574707031,804300
2011-10-03,88.11880493164062,88.13479186931202,88.11880493164062,88.13479186931202,1255500
2011-10-04,88.13480377197266,88.13480377197266,88.11881683214222,88.13480377197266,509600
2011-10-05,88.13480377197266,88.13480377197266,88.11881683214222,88.12681335183612,313200
2011-10-06,88.13480377197266,88.14280029166656,88.12681335183612,88.12681335183612,194000
2011-10-07,88.12677001953125,88.14275695150086,88.12677001953125,88.13476043573887,455600
2011-10-10,88.14278411865234,88.14278411865234,88.1267971817553,88.14278411865234,551300
2011-10-11,88.11880493164062,88.13479186931202,88.11880493164062,88.13479186931202,351700
2011-10-12,88.11880493164062,88.14278838792599,88.11880493164062,88.12680145025459,448400
2011-10-13,88.11880493164062,88.14278838792599,88.11880493164062,88.14278838792599,252400
2011-10-14,88.12677001953125,88.13476043573887,88.11877350376928,88.11877350376928,396700
2011-10-17,88.13480377197266,88.13480377197266,88.11881683214222,88.12681335183612,5046900
2011-10-18,88.13480377197266,88.13480377197266,88.11881683214222,88.11881683214222,578400
2011-10-19,88.13480377197266,88.13480377197266,88.11881683214222,88.11881683214222,3289000
2011-10-20,88.11880493164062,88.13479186931202,88.11880493164062,88.11880493164062,459800
2011-10-21,88.13480377197266,88.13480377197266,88.11881683214222,88.12681335183612,2843400
2011-10-24,88.11880493164062,88.13479186931202,88.11880493164062,88.12680145025459,5900400
2011-10-25,88.11880493164062,88.12680145025459,88.11880493164062,88.11880493164062,573200
2011-10-26,88.11880493164062,88.12680145025459,88.11880493164062,88.11880493164062,380300
2011-10-27,88.11083221435547,88.13481567711946,88.11083221435547,88.11882873512953,1023100
2011-10-28,88.11083221435547,88.12682525590358,88.11083221435547,88.12682525590358,383000
2011-10-31,88.12677001953125,88.12677001953125,88.1107769880073,88.1107769880073,1309900
2011-11-01,88.11402893066406,88.12202574155693,88.11402893066406,88.11402893066406,913100
2011-11-02,88.11402893066406,88.12202574155693,88.11402893066406,88.11402893066406,247800
2011-11-03,88.12200927734375,88.13000608674253,88.11401246794497,88.13000608674253,671700
2011-11-04,88.13801574707031,88.13801574707031,88.12202822461359,88.12202822461359,369400
2011-11-07,88.13801574707031,88.13801574707031,88.12202822461359,88.12202822461359,612500
2011-11-08,88.12998962402344,88.1379803321512,88.12998962402344,88.1379803321512,185700
2011-11-09,88.12200927734375,88.13799679636297,88.11401246794497,88.13000608674253,794500
2011-11-10,88.12200927734375,88.13799679636297,88.12200927734375,88.13000608674253,225100
2011-11-11,88.13801574707031,88.13801574707031,88.12202822461359,88.12202822461359,390200
2011-11-14,88.12200927734375,88.13799679636297,88.12200927734375,88.13799679636297,187800
2011-11-15,88.12200927734375,88.13799679636297,88.12200927734375,88.13000608674253,231400
2011-11-16,88.14598083496094,88.14598083496094,88.12199651001787,88.12199651001787,250100
2011-11-17,88.12998962402344,88.14597714005617,88.12199281611846,88.12998962402344,2302500
2011-11-18,88.13801574707031,88.15400936930668,88.13002503573178,88.13801574707031,196800
2011-11-21,88.14598083496094,88.14598083496094,88.12999331825804,88.13798402672077,627900
2011-11-22,88.12200927734375,88.14599360576175,88.12200927734375,88.14599360576175,270800
2011-11-23,88.12998962402344,88.14597714005617,88.12199281611846,88.1379803321512,511600
2011-11-25,88.11402893066406,88.13002255244977,88.11402893066406,88.12202574155693,86300
2011-11-28,88.12998962402344,88.12998962402344,88.1139960082135,88.12998962402344,185500
2011-11-29,88.12998962402344,88.1379803321512,88.1139960082135,88.1379803321512,103800
2011-11-30,88.11402893066406,88.13002255244977,88.11402893066406,88.12202574155693,245000
2011-12-01,88.13478088378906,88.13478088378906,88.11078915581493,88.12678364113101,273600
2011-12-02,88.13478088378906,88.13478088378906,88.11878639847298,88.11878639847298,255400
2011-12-05,88.1187973022461,88.14278293307937,88.1187973022461,88.12679454589372,543600
2011-12-06,88.1187973022461,88.13479178954132,88.1187973022461,88.1187973022461,201000
2011-12-07,88.12679290771484,88.1427812946033,88.12679290771484,88.1427812946033,887900
2011-12-08,88.13478088378906,88.15076926899633,88.12678364113101,88.14277202633828,502800
2011-12-09,88.13478088378906,88.13478088378906,88.12678364113101,88.12678364113101,293900
2011-12-12,88.13478088378906,88.14277202633828,88.11878639847298,88.13478088378906,2074100
2011-12-13,88.14278411865234,88.14278411865234,88.12679573125163,88.13479297500682,168500
2011-12-14,88.13478088378906,88.14277202633828,88.12678364113101,88.13478088378906,429400
2011-12-15,88.13478088378906,88.13478088378906,88.12678364113101,88.13478088378906,182200
2011-12-16,88.13478088378906,88.14277202633828,88.12678364113101,88.13478088378906,124300
2011-12-19,88.14278411865234,88.14278411865234,88.12679573125163,88.12679573125163,453700
2011-12-20,88.12679290771484,88.15077853810226,88.12679290771484,88.13479015121379,178100
2011-12-21,88.12679290771484,88.13479015121379,88.12679290771484,88.12679290771484,105600
2011-12-22,88.12679290771484,88.1427812946033,88.12679290771484,88.12679290771484,191800
2011-12-23,88.11080169677734,88.13479342816626,87.90292215895093,88.12679618436995,233000
2011-12-27,88.1211929321289,88.13718785425613,88.07322036629806,88.13718785425613,351200
2011-12-28,88.1211929321289,88.13718785425613,88.1211929321289,88.13718785425613,439700
2011-12-29,88.1211929321289,88.13718785425613,88.1211929321289,88.13718785425613,210600
2011-12-30,88.13719940185547,88.13719940185547,88.12120447763262,88.12120447763262,201300
2012-01-03,88.1211929321289,88.13718785425613,88.1211929321289,88.1211929321289,1121800
2012-01-04,88.1211929321289,88.13718785425613,88.1211929321289,88.12919039319252,387300
2012-01-05,88.1211929321289,88.13718785425613,88.1211929321289,88.13718785425613,265000
2012-01-06,88.12920379638672,88.13720125866662,88.1212063341068,88.13720125866662,279600
2012-01-09,88.13719940185547,88.13719940185547,88.12120447763262,88.12120447763262,735900
2012-01-10,88.13719940185547,88.13719940185547,88.12120447763262,88.13719940185547,348400
2012-01-11,88.13719940185547,88.13719940185547,88.12120447763262,88.12920193974404,275700
2012-01-12,88.1211929321289,88.12919039319252,88.1211929321289,88.12919039319252,273800
2012-01-13,88.12920379638672,88.12920379638672,88.1132088718269,88.1212063341068,629100
2012-01-17,88.12920379638672,88.13720125866662,88.1212063341068,88.1212063341068,455800
2012-01-18,88.12920379638672,88.13720125866662,88.1212063341068,88.1212063341068,195400
2012-01-19,88.12920379638672,88.13720125866662,88.1132088718269,88.13720125866662,311600
2012-01-20,88.11322021484375,88.12921514146264,88.11322021484375,88.12921514146264,185500
2012-01-23,88.1211929321289,88.12919039319252,88.1131954710653,88.1211929321289,214500
2012-01-24,88.12920379638672,88.13720125866662,88.1132088718269,88.1132088718269,572900
2012-01-25,88.13719940185547,88.13719940185547,88.11320701552118,88.11320701552118,270100
2012-01-26,88.13719940185547,88.13719940185547,88.12120447763262,88.12120447763262,276900
2012-01-27,88.12920379638672,88.13720125866662,88.1132088718269,88.13720125866662,441900
2012-01-30,88.1211929321289,88.12919039319252,88.1131954710653,88.1131954710653,248700
2012-01-31,88.1211929321289,88.12919039319252,88.1131954710653,88.1131954710653,644500
2012-02-01,88.11322021484375,88.12921514146264,88.11322021484375,88.11322021484375,237300
2012-02-02,88.1052017211914,88.12119054260965,88.1052017211914,88.1131930817629,417200
2012-02-03,88.09724426269531,88.11323309137362,88.09724426269531,88.10524172717348,423600
2012-02-06,88.1052017211914,88.12119054260965,88.1052017211914,88.1052017211914,318800
2012-02-07,88.1052017211914,88.12119054260965,88.1052017211914,88.1052017211914,200900
2012-02-08,88.1052017211914,88.1131930817629,87.9932616704379,88.09720426034465,344200
2012-02-09,88.09724426269531,88.11323309137362,88.09724426269531,88.10524172717348,168800
2012-02-10,88.09724426269531,88.11323309137362,88.09724426269531,88.09724426269531,211700
2012-02-13,88.09724426269531,88.11323309137362,88.09724426269531,88.11323309137362,509500
2012-02-14,88.09724426269531,88.10524172717348,88.09724426269531,88.09724426269531,296000
2012-02-15,88.1052017211914,88.1052017211914,88.09720426034465,88.09720426034465,173000
2012-02-16,88.09724426269531,88.11323309137362,88.09724426269531,88.09724426269531,365000
2012-02-17,88.09724426269531,88.11323309137362,88.08924679821715,88.10524172717348,172500
2012-02-21,88.09724426269531,88.11323309137362,88.09724426269531,88.09724426269531,148700
2012-02-22,88.11322021484375,88.11322021484375,88.097231388502,88.11322021484375,106600
2012-02-23,88.11322021484375,88.11322021484375,88.097231388502,88.11322021484375,246900
2012-02-24,88.11322021484375,88.11322021484375,88.097231388502,88.097231388502,242300
2012-02-27,88.09724426269531,88.11323309137362,88.09724426269531,88.09724426269531,289700
2012-02-28,88.11322021484375,88.11322021484375,88.097231388502,88.097231388502,358700
2012-02-29,88.11322021484375,88.12921514146264,88.097231388502,88.097231388502,272900
2012-03-01,88.09724426269531,88.10524172717348,88.09724426269531,88.09724426269531,239000
2012-03-02,88.09724426269531,88.11323309137362,88.09724426269531,88.09724426269531,161300
2012-03-05,88.11322021484375,88.11322021484375,88.097231388502,88.097231388502,249400
2012-03-06,88.11322021484375,88.11322021484375,88.097231388502,88.10522885181143,193500
2012-03-07,88.1052017211914,88.1131930817629,88.09720426034465,88.09720426034465,220000
2012-03-08,88.1052017211914,88.1131930817629,88.09720426034465,88.09720426034465,223600
2012-03-09,88.11322021484375,88.11322021484375,88.097231388502,88.097231388502,193700
2012-03-12,88.11322021484375,88.11322021484375,88.097231388502,88.097231388502,158700
2012-03-13,88.11322021484375,88.11322021484375,88.097231388502,88.097231388502,306700
2012-03-14,88.11322021484375,88.11322021484375,88.097231388502,88.10522885181143,143500
2012-03-15,88.1052017211914,88.1131930817629,88.09720426034465,88.09720426034465,575500
2012-03-16,88.09724426269531,88.11323309137362,88.09724426269531,88.11323309137362,159100
2012-03-19,88.09724426269531,88.10524172717348,88.09724426269531,88.09724426269531,144600
2012-03-20,88.09724426269531,88.10524172717348,88.09724426269531,88.09724426269531,150400
2012-03-21,88.09724426269531,88.11323309137362,88.09724426269531,88.11323309137362,149600
2012-03-22,88.1052017211914,88.1131930817629,88.09720426034465,88.09720426034465,289300
2012-03-23,88.1052017211914,88.1131930817629,88.09720426034465,88.09720426034465,110400
2012-03-26,88.09724426269531,88.10524172717348,88.09724426269531,88.09724426269531,184100
2012-03-27,88.09724426269531,88.11323309137362,88.09724426269531,88.10524172717348,366000
2012-03-28,88.11322021484375,88.11322021484375,88.097231388502,88.097231388502,158300
2012-03-29,88.1052017211914,88.1131930817629,88.09720426034465,88.09720426034465,192400
2012-03-30,88.1052017211914,88.1131930817629,88.09720426034465,88.1131930817629,152100
2012-04-02,88.11322021484375,88.11322021484375,88.097231388502,88.10522885181143,177400
2012-04-03,88.09724426269531,88.11323309137362,88.09724426269531,88.11323309137362,193500
2012-04-04,88.09724426269531,88.10524172717348,88.09724426269531,88.09724426269531,247800
2012-04-05,88.09724426269531,88.11323309137362,88.09724426269531,88.09724426269531,133600
2012-04-09,88.09724426269531,88.11323309137362,88.09724426269531,88.09724426269531,157200
2012-04-10,88.1052017211914,88.1131930817629,88.09720426034465,88.09720426034465,377300
2012-04-11,88.1052017211914,88.1131930817629,88.09720426034465,88.1131930817629,188300
2012-04-12,88.11322021484375,88.11322021484375,88.10522885181143,88.10522885181143,127300
2012-04-13,88.12920379638672,88.12920379638672,88.10521750982332,88.1132088718269,256700
2012-04-16,88.1211929321289,88.12919039319252,88.1131954710653,88.1131954710653,92700
2012-04-17,88.1211929321289,88.1211929321289,88.1131954710653,88.1131954710653,86000
2012-04-18,88.11322021484375,88.1212176781532,88.10522885181143,88.10522885181143,66200
2012-04-19,88.11322021484375,88.1212176781532,88.10522885181143,88.1212176781532,160000
2012-04-20,88.1052017211914,88.12119054260965,88.1052017211914,88.12119054260965,136800
2012-04-23,88.1052017211914,88.12119054260965,88.1052017211914,88.1052017211914,337500
2012-04-24,88.1052017211914,88.1131930817629,88.1052017211914,88.1052017211914,117700
2012-04-25,88.1052017211914,88.1131930817629,88.1052017211914,88.1052017211914,182400
2012-04-26,88.1052017211914,88.1131930817629,88.1052017211914,88.1052017211914,118500
2012-04-27,88.11322021484375,88.11322021484375,88.097231388502,88.10522885181143,74700
2012-04-30,88.1052017211914,88.1131930817629,88.1052017211914,88.1052017211914,92000
2012-05-01,88.11322021484375,88.12921514146264,88.097231388502,88.10522885181143,413800
2012-05-02,88.1052017211914,88.12119054260965,88.1052017211914,88.1052017211914,59000
2012-05-03,88.09724426269531,88.12123055585178,88.09724426269531,88.10524172717348,167900
2012-05-04,88.1211929321289,88.1211929321289,88.09720664921349,88.1052041102771,272000
2012-05-07,88.11322021484375,88.1212176781532,88.10522885181143,88.10522885181143,610000
2012-05-08,88.1211929321289,88.1211929321289,88.1052041102771,88.1131954710653,570200
2012-05-09,88.1052017211914,88.12119054260965,88.1052017211914,88.1052017211914,244000
2012-05-10,88.1211929321289,88.1211929321289,88.1052041102771,88.1131954710653,377700
2012-05-11,88.11322021484375,88.1212176781532,88.097231388502,88.1212176781532,134000
2012-05-14,88.1052017211914,88.1131930817629,88.1052017211914,88.1052017211914,198100
2012-05-15,88.11322021484375,88.1212176781532,88.10522885181143,88.10522885181143,414100
2012-05-16,88.1052017211914,88.1131930817629,88.1052017211914,88.1131930817629,244300
2012-05-17,88.1052017211914,88.12119054260965,88.1052017211914,88.1052017211914,585900
2012-05-18,88.09724426269531,88.1372254848081,88.09724426269531,88.10524172717348,443100
2012-05-21,88.1052017211914,88.12119054260965,88.09720426034465,88.1131930817629,328100
2012-05-22,88.1052017211914,88.1131930817629,88.09720426034465,88.1052017211914,181600
2012-05-23,88.1052017211914,88.12119054260965,88.1052017211914,88.1052017211914,150000
2012-05-24,88.11322021484375,88.1212176781532,88.10522885181143,88.11322021484375,132300
2012-05-25,88.1211929321289,88.1211929321289,88.08920918814987,88.1131954710653,70700
2012-05-29,88.1211929321289,88.1211929321289,88.1052041102771,88.1052041102771,124700
2012-05-30,88.1211929321289,88.1211929321289,88.1052041102771,88.1052041102771,327400
2012-05-31,88.12920379638672,88.12920379638672,88.10521750982332,88.10521750982332,350400
2012-06-01,88.1052017211914,88.14517682487465,88.09720426034465,88.13718546430314,466000
2012-06-04,88.12920379638672,88.12920379638672,88.1132088718269,88.12920379638672,287500
2012-06-05,88.12920379638672,88.12920379638672,88.1212063341068,88.1212063341068,152200
2012-06-06,88.12920379638672,88.12920379638672,88.1132088718269,88.1212063341068,388300
2012-06-07,88.11322021484375,88.12921514146264,88.11322021484375,88.12921514146264,211000
2012-06-08,88.1211929321289,88.1211929321289,88.1131954710653,88.1131954710653,91400
2012-06-11,88.12920379638672,88.12920379638672,88.1132088718269,88.1212063341068,89900
2012-06-12,88.12920379638672,88.12920379638672,88.1132088718269,88.12920379638672,292600
2012-06-13,88.12920379638672,88.12920379638672,88.1212063341068,88.1212063341068,102400
2012-06-14,88.12920379638672,88.12920379638672,88.1132088718269,88.1132088718269,167100
2012-06-15,88.1211929321289,88.1211929321289,88.1131954710653,88.1211929321289,142700
2012-06-18,88.11322021484375,88.12921514146264,88.11322021484375,88.1212176781532,149400
2012-06-19,88.1211929321289,88.12919039319252,88.1131954710653,88.1131954710653,153900
2012-06-20,88.1211929321289,88.12919039319252,88.1131954710653,88.1131954710653,215300
2012-06-21,88.12920379638672,88.12920379638672,88.1132088718269,88.1132088718269,269200
2012-06-22,88.1211929321289,88.1211929321289,88.1131954710653,88.1131954710653,148500
2012-06-25,88.1211929321289,88.1211929321289,88.1131954710653,88.1131954710653,84300
2012-06-26,88.11322021484375,88.12921514146264,88.10522885181143,88.11322021484375,98700
2012-06-27,88.1052017211914,88.12119054260965,88.1052017211914,88.1131930817629,181500
2012-06-28,88.1211929321289,88.12919039319252,88.1131954710653,88.12919039319252,67500
2012-06-29,88.1211929321289,88.12919039319252,88.1052041102771,88.1131954710653,421400
2012-07-02,88.11322021484375,88.13721260477207,88.11322021484375,88.13721260477207,2286900
2012-07-03,88.1211929321289,88.12919039319252,88.1131954710653,88.1211929321289,281500
2012-07-05,88.11322021484375,88.1212176781532,88.11322021484375,88.1212176781532,187500
2012-07-06,88.1211929321289,88.1211929321289,88.1131954710653,88.1211929321289,157600
2012-07-09,88.1211929321289,88.1211929321289,88.1052041102771,88.1131954710653,1652700
2012-07-10,88.11322021484375,88.1212176781532,88.10522885181143,88.10522885181143,92900
2012-07-11,88.11322021484375,88.1212176781532,88.10522885181143,88.11322021484375,105200
2012-07-12,88.11322021484375,88.1212176781532,88.11322021484375,88.1212176781532,59800
2012-07-13,88.1211929321289,88.1211929321289,88.1052041102771,88.1052041102771,84700
2012-07-16,88.11322021484375,88.1212176781532,88.11322021484375,88.11322021484375,134700
2012-07-17,88.11322021484375,88.12921514146264,88.11322021484375,88.11322021484375,107100
2012-07-18,88.1211929321289,88.12919039319252,88.1131954710653,88.1131954710653,222200
2012-07-19,88.11322021484375,88.13721260477207,88.11322021484375,88.1212176781532,174000
2012-07-20,88.11322021484375,88.1212176781532,88.11322021484375,88.11322021484375,113500
2012-07-23,88.1211929321289,88.12919039319252,88.1131954710653,88.1131954710653,211000
2012-07-24,88.1211929321289,88.12919039319252,88.1131954710653,88.12919039319252,278400
2012-07-25,88.11322021484375,88.12921514146264,88.11322021484375,88.11322021484375,489400
2012-07-26,88.11322021484375,88.1212176781532,88.11322021484375,88.11322021484375,320000
2012-07-27,88.1211929321289,88.1211929321289,88.1052041102771,88.1131954710653,249500
2012-07-30,88.11322021484375,88.1212176781532,88.11322021484375,88.11322021484375,528700
2012-07-31,88.1211929321289,88.1211929321289,88.1131954710653,88.1131954710653,203200
2012-08-01,88.1211929321289,88.12919039319252,88.1131954710653,88.1131954710653,229900
2012-08-02,88.12920379638672,88.12920379638672,88.1212063341068,88.1212063341068,158500
2012-08-03,88.12920379638672,88.12920379638672,88.1132088718269,88.1212063341068,460400
2012-08-06,88.11322021484375,88.13721260477207,88.11322021484375,88.13721260477207,409600
2012-08-07,88.1211929321289,88.1211929321289,88.1131954710653,88.1131954710653,293600
2012-08-08,88.11322021484375,88.1212176781532,88.11322021484375,88.11322021484375,158700
2012-08-09,88.11322021484375,88.1212176781532,88.11322021484375,88.11322021484375,241500
2012-08-10,88.1211929321289,88.1211929321289,88.1131954710653,88.1131954710653,106700
2012-08-13,88.1211929321289,88.12919039319252,88.1131954710653,88.12919039319252,72300
2012-08-14,88.1211929321289,88.1211929321289,88.1131954710653,88.1131954710653,84400
2012-08-15,88.11322021484375,88.1212176781532,88.10522885181143,88.11322021484375,214800
2012-08-16,88.1211929321289,88.1211929321289,88.1052041102771,88.1052041102771,317600
2012-08-17,88.1211929321289,88.1211929321289,88.1131954710653,88.1131954710653,104300
2012-08-20,88.11322021484375,88.1212176781532,88.11322021484375,88.1212176781532,136800
2012-08-21,88.11322021484375,88.1212176781532,88.11322021484375,88.11322021484375,261500
2012-08-22,88.11322021484375,88.1212176781532,88.11322021484375,88.11322021484375,104100
2012-08-23,88.12920379638672,88.12920379638672,88.1132088718269,88.1132088718269,134100
2012-08-24,88.12920379638672,88.12920379638672,88.1212063341068,88.12920379638672,3254500
2012-08-27,88.12920379638672,88.12920379638672,88.1212063341068,88.12920379638672,269700
2012-08-28,88.12920379638672,88.12920379638672,88.1212063341068,88.1212063341068,133300
2012-08-29,88.1211929321289,88.12919039319252,88.1211929321289,88.1211929321289,199000
2012-08-30,88.12920379638672,88.12920379638672,88.1212063341068,88.12920379638672,149200
2012-08-31,88.13719940185547,88.13719940185547,88.12120447763262,88.12120447763262,116600
2012-09-04,88.13004302978516,88.13804056822299,88.12204549134732,88.12204549134732,593800
2012-09-05,88.13004302978516,88.13004302978516,88.12204549134732,88.12204549134732,84000
2012-09-06,88.13004302978516,88.13004302978516,88.11404795290949,88.12204549134732,200300
2012-09-07,88.13004302978516,88.13004302978516,88.12204549134732,88.12204549134732,302200
2012-09-10,88.13004302978516,88.13004302978516,88.12204549134732,88.13004302978516,188500
2012-09-11,88.13004302978516,88.13004302978516,88.12204549134732,88.12204549134732,160300
2012-09-12,88.13004302978516,88.13004302978516,88.12204549134732,88.12204549134732,98600
2012-09-13,88.1380386352539,88.1380386352539,88.12204355872902,88.13004109699146,240700
2012-09-14,88.1380386352539,88.1380386352539,88.13004109699146,88.1380386352539,321700
2012-09-17,88.1380386352539,88.1380386352539,88.13004109699146,88.13004109699146,150700
2012-09-18,88.1380386352539,88.1380386352539,88.13004109699146,88.1380386352539,124600
2012-09-19,88.13004302978516,88.13004302978516,88.12204549134732,88.13004302978516,144800
2012-09-20,88.13004302978516,88.13004302978516,88.12204549134732,88.12204549134732,108800
2012-09-21,88.13004302978516,88.13004302978516,88.12204549134732,88.12204549134732,256200
2012-09-24,88.13004302978516,88.13004302978516,88.12204549134732,88.12204549134732,180300
2012-09-25,88.12201690673828,88.13001444258192,88.12201690673828,88.12201690673828,104900
2012-09-26,88.12201690673828,88.13001444258192,88.12201690673828,88.12201690673828,185800
2012-09-27,88.12201690673828,88.13001444258192,88.12201690673828,88.12201690673828,128300
2012-09-28,88.13004302978516,88.13004302978516,88.12204549134732,88.13004302978516,185800
2012-10-01,88.12360382080078,88.1316015006652,88.12360382080078,88.12360382080078,444100
2012-10-02,88.1316146850586,88.1316146850586,88.12361700399774,88.12361700399774,73100
2012-10-03,88.12360382080078,88.1316015006652,88.12360382080078,88.12360382080078,196200
2012-10-04,88.1316146850586,88.1316146850586,88.12361700399774,88.12361700399774,115700
2012-10-05,88.12360382080078,88.1316015006652,88.12360382080078,88.12360382080078,208800
2012-10-08,88.1316146850586,88.1316146850586,88.12361700399774,88.1316146850586,53500
2012-10-09,88.1316146850586,88.1316146850586,88.12361700399774,88.12361700399774,158600
2012-10-10,88.1316146850586,88.1316146850586,88.12361700399774,88.1316146850586,172200
2012-10-11,88.12360382080078,88.1316015006652,88.12360382080078,88.1316015006652,114900
2012-10-12,88.12360382080078,88.1316015006652,88.12360382080078,88.12360382080078,90700
2012-10-15,88.12360382080078,88.1316015006652,88.12360382080078,88.12360382080078,139000
2012-10-16,88.12360382080078,88.1316015006652,88.11560614093636,88.12360382080078,65500
2012-10-17,88.12360382080078,88.1316015006652,88.12360382080078,88.12360382080078,93800
2012-10-18,88.1316146850586,88.1316146850586,88.12361700399774,88.12361700399774,78400
2012-10-19,88.12360382080078,88.14759075995174,88.11560614093636,88.11560614093636,123900
2012-10-22,88.1316146850586,88.1316146850586,88.12361700399774,88.12361700399774,79700
2012-10-23,88.1316146850586,88.1316146850586,88.12361700399774,88.12361700399774,139000
2012-10-24,88.12360382080078,88.1316015006652,88.12360382080078,88.12360382080078,86300
2012-10-25,88.12360382080078,88.1316015006652,88.12360382080078,88.12360382080078,134000
2012-10-26,88.12360382080078,88.1316015006652,88.12360382080078,88.1316015006652,74900
2012-10-31,88.12360382080078,88.1316015006652,88.12360382080078,88.1316015006652,1846600
2012-11-01,88.1316146850586,88.1316146850586,88.12361700399774,88.1316146850586,346900
2012-11-02,88.1316146850586,88.1316146850586,88.11561932293687,88.1316146850586,215500
2012-11-05,88.11563110351562,88.13162646777585,88.11563110351562,88.12362878564574,465800
2012-11-06,88.11563110351562,88.12362878564574,88.11563110351562,88.11563110351562,148300
2012-11-07,88.11563110351562,88.12362878564574,88.11563110351562,88.11563110351562,335800
2012-11-08,88.11563110351562,88.12362878564574,88.11563110351562,88.11563110351562,355300
2012-11-09,88.11563110351562,88.12362878564574,88.11563110351562,88.12362878564574,844300
2012-11-12,88.11563110351562,88.12362878564574,88.11563110351562,88.12362878564574,77800
2012-11-13,88.11563110351562,88.12362878564574,88.11563110351562,88.11563110351562,155400
2012-11-14,88.11563110351562,88.12362878564574,88.11563110351562,88.11563110351562,255000
2012-11-15,88.1316146850586,88.1316146850586,88.11561932293687,88.12361700399774,270800
2012-11-16,88.12360382080078,88.1316015006652,88.12360382080078,88.12360382080078,200900
2012-11-19,88.12360382080078,88.1316015006652,88.12360382080078,88.12360382080078,167900
2012-11-20,88.12360382080078,88.1316015006652,88.12360382080078,88.12360382080078,313800
2012-11-21,88.12360382080078,88.1316015006652,88.12360382080078,88.12360382080078,197200
2012-11-23,88.12360382080078,88.1316015006652,88.12360382080078,88.12360382080078,36900
2012-11-26,88.1316146850586,88.1316146850586,88.12361700399774,88.1316146850586,251800
2012-11-27,88.13961791992188,88.13961791992188,88.12362255679227,88.13162023835707,103500
2012-11-28,88.13961791992188,88.13961791992188,88.13162023835707,88.13162023835707,286800
2012-11-29,88.13961791992188,88.13961791992188,88.13162023835707,88.13162023835707,255500
2012-11-30,88.1316146850586,88.13961236611947,88.1316146850586,88.1316146850586,137800
2012-12-03,88.12520599365234,88.13320381892237,88.12520599365234,88.12520599365234,1567400
2012-12-04,88.12520599365234,88.13320381892237,88.12520599365234,88.12520599365234,127700
2012-12-05,88.12520599365234,88.13320381892237,88.12520599365234,88.12520599365234,98500
2012-12-06,88.12520599365234,88.13320381892237,88.12520599365234,88.12520599365234,109100
2012-12-07,88.13319396972656,88.13319396972656,88.12519614535033,88.12519614535033,163000
2012-12-10,88.12520599365234,88.13320381892237,88.12520599365234,88.13320381892237,73100
2012-12-11,88.13319396972656,88.1411917941028,88.12519614535033,88.12519614535033,288200
2012-12-12,88.13319396972656,88.1411917941028,88.13319396972656,88.13319396972656,134800
2012-12-13,88.14122009277344,88.14122009277344,88.13322226582942,88.13322226582942,231400
2012-12-14,88.14122009277344,88.14921181916297,88.13322226582942,88.13322226582942,137700
2012-12-17,88.14122009277344,88.14921181916297,88.14122009277344,88.14122009277344,220700
2012-12-18,88.14122009277344,88.14921181916297,88.14122009277344,88.14122009277344,365100
2012-12-19,88.1491928100586,88.1491928100586,88.14120108539245,88.14120108539245,106500
2012-12-20,88.14122009277344,88.14921181916297,88.14122009277344,88.14122009277344,313600
2012-12-21,88.1491928100586,88.1491928100586,88.14120108539245,88.14120108539245,225700
2012-12-24,88.14122009277344,88.14921181916297,88.14122009277344,88.14921181916297,194100
2012-12-26,88.14122009277344,88.14921181916297,88.14122009277344,88.14921181916297,101800
2012-12-27,88.1491928100586,88.1491928100586,88.14120108539245,88.14120108539245,256200
2012-12-28,88.1491928100586,88.1491928100586,88.14120108539245,88.14120108539245,148400
2012-12-31,88.16520690917969,88.16520690917969,88.14121952905553,88.14921125539395,758500
2013-01-02,88.1491928100586,88.1571906352779,88.1491928100586,88.1491928100586,259200
2013-01-03,88.1491928100586,88.1571906352779,88.14120108539245,88.1491928100586,357500
2013-01-04,88.1491928100586,88.1491928100586,88.14120108539245,88.14120108539245,303100
2013-01-07,88.14122009277344,88.14921181916297,88.13322226582942,88.14122009277344,288400
2013-01-08,88.14122009277344,88.14122009277344,88.13322226582942,88.13322226582942,140900
2013-01-09,88.1491928100586,88.1491928100586,88.13320326017313,88.13320326017313,1679700
2013-01-10,88.1491928100586,88.1491928100586,88.14120108539245,88.1491928100586,2741400
2013-01-11,88.1491928100586,88.1491928100586,88.14120108539245,88.14120108539245,130400
2013-01-14,88.14122009277344,88.14921181916297,88.13322226582942,88.14921181916297,415300
2013-01-15,88.14122009277344,88.14122009277344,88.13322226582942,88.14122009277344,73100
2013-01-16,88.14122009277344,88.14122009277344,88.13322226582942,88.13322226582942,250700
2013-01-17,88.13319396972656,88.1411917941028,88.13319396972656,88.13319396972656,2858900
2013-01-18,88.14122009277344,88.14122009277344,88.13322226582942,88.13322226582942,167100
2013-01-22,88.14122009277344,88.14122009277344,88.13322226582942,88.14122009277344,364300
2013-01-23,88.14122009277344,88.14122009277344,88.13322226582942,88.14122009277344,157800
2013-01-24,88.13319396972656,88.1411917941028,88.13319396972656,88.13319396972656,139000
2013-01-25,88.13319396972656,88.1411917941028,88.13319396972656,88.13319396972656,147400
2013-01-28,88.13319396972656,88.1411917941028,88.13319396972656,88.1411917941028,694400
2013-01-29,88.14122009277344,88.14122009277344,88.13322226582942,88.13322226582942,135500
2013-01-30,88.14122009277344,88.14122009277344,88.13322226582942,88.13322226582942,111800
2013-01-31,88.14122009277344,88.14921181916297,88.13322226582942,88.13322226582942,563800
2013-02-01,88.14360046386719,88.15159240608394,88.14360046386719,88.14360046386719,229100
2013-02-04,88.1355972290039,88.14359527146875,88.1355972290039,88.14359527146875,122700
2013-02-05,88.14360046386719,88.14360046386719,88.13560242093119,88.14360046386719,343500
2013-02-06,88.14360046386719,88.14360046386719,88.13560242093119,88.14360046386719,107700
2013-02-07,88.1355972290039,88.14359527146875,88.1355972290039,88.1355972290039,122600
2013-02-08,88.1355972290039,88.14359527146875,88.1355972290039,88.1355972290039,88600
2013-02-11,88.14360046386719,88.14360046386719,88.13560242093119,88.13560242093119,96100
2013-02-12,88.14360046386719,88.14360046386719,88.13560242093119,88.13560242093119,142600
2013-02-13,88.14360046386719,88.14360046386719,88.13560242093119,88.13560242093119,118500
2013-02-14,88.1355972290039,88.14359527146875,88.1355972290039,88.1355972290039,150600
2013-02-15,88.1355972290039,88.14359527146875,88.1355972290039,88.14359527146875,52500
2013-02-19,88.1355972290039,88.1355972290039,88.12759918653907,88.12759918653907,190600
2013-02-20,88.1355972290039,88.1355972290039,88.12759918653907,88.12759918653907,204500
2013-02-21,88.12761688232422,88.13561492639505,88.12761688232422,88.12761688232422,104500
2013-02-22,88.1355972290039,88.1355972290039,88.12759918653907,88.12759918653907,190500
2013-02-25,88.1355972290039,88.1355972290039,88.12759918653907,88.1355972290039,229500
2013-02-26,88.1355972290039,88.1355972290039,88.12759918653907,88.1355972290039,137200
2013-02-27,88.1355972290039,88.1355972290039,88.12759918653907,88.12759918653907,164700
2013-02-28,88.1355972290039,88.14359527146875,88.12759918653907,88.1355972290039,215500
2013-03-01,88.13641357421875,88.14441169076449,88.12841545767301,88.12841545767301,140200
2013-03-04,88.12840270996094,88.13640082534974,88.12840270996094,88.12840270996094,618000
2013-03-05,88.12840270996094,88.13640082534974,88.12840270996094,88.13640082534974,151200
2013-03-06,88.13641357421875,88.13641357421875,88.12841545767301,88.13641357421875,87000
2013-03-07,88.13641357421875,88.13641357421875,88.12841545767301,88.13641357421875,169300
2013-03-08,88.12840270996094,88.13640082534974,88.12840270996094,88.12840270996094,2896200
2013-03-11,88.12840270996094,88.13640082534974,88.12840270996094,88.12840270996094,143100
2013-03-12,88.14436340332031,88.14436340332031,88.12836717899194,88.12836717899194,2027800
2013-03-13,88.14436340332031,88.14436340332031,88.13636529115612,88.13636529115612,1519600
2013-03-14,88.14436340332031,88.14436340332031,88.13636529115612,88.13636529115612,111400
2013-03-15,88.14436340332031,88.14436340332031,88.13636529115612,88.14436340332031,86100
2013-03-18,88.13641357421875,88.14441169076449,88.13641357421875,88.14441169076449,299700
2013-03-19,88.13641357421875,88.15240370653483,88.13641357421875,88.14441169076449,798800
2013-03-20,88.13641357421875,88.15240370653483,88.13641357421875,88.13641357421875,1633800
2013-03-21,88.14436340332031,88.15235541471245,88.13636529115612,88.13636529115612,93000
2013-03-22,88.15235900878906,88.15235900878906,88.14436699707109,88.14436699707109,50900
2013-03-25,88.14436340332031,88.15235541471245,88.14436340332031,88.15235541471245,848400
2013-03-26,88.14436340332031,88.16035352687665,88.14436340332031,88.14436340332031,4538100
2013-03-27,88.15235900878906,88.15235900878906,88.14436699707109,88.14436699707109,364200
2013-03-28,88.14436340332031,88.15235541471245,88.13636529115612,88.14436340332031,251800
2013-04-01,88.13641357421875,88.15240370653483,88.13641357421875,88.14441169076449,1479300
2013-04-02,88.13641357421875,88.14441169076449,88.13641357421875,88.14441169076449,2063700
2013-04-03,88.14436340332031,88.15235541471245,88.13636529115612,88.13636529115612,333300
2013-04-04,88.14436340332031,88.15235541471245,88.14436340332031,88.14436340332031,116300
2013-04-05,88.14436340332031,88.15235541471245,88.14436340332031,88.15235541471245,2249100
2013-04-08,88.15235900878906,88.15235900878906,88.14436699707109,88.15235900878906,1407600
2013-04-09,88.14436340332031,88.15235541471245,88.14436340332031,88.15235541471245,2146600
2013-04-10,88.15235900878906,88.15235900878906,88.14436699707109,88.15235900878906,1692500
2013-04-11,88.15235900878906,88.15235900878906,88.14436699707109,88.15235900878906,1869200
2013-04-12,88.15235900878906,88.15235900878906,88.14436699707109,88.14436699707109,147400
2013-04-15,88.15235900878906,88.15235900878906,88.14436699707109,88.15235900878906,790400
2013-04-16,88.15235900878906,88.15235900878906,88.14436699707109,88.15235900878906,251400
2013-04-17,88.15235900878906,88.15235900878906,88.14436699707109,88.15235900878906,117300
2013-04-18,88.14436340332031,88.15235541471245,88.14436340332031,88.14436340332031,324500
2013-04-19,88.15235900878906,88.15235900878906,88.14436699707109,88.15235900878906,142100
2013-04-22,88.15235900878906,88.15235900878906,88.14436699707109,88.14436699707109,125500
2013-04-23,88.14436340332031,88.15235541471245,88.14436340332031,88.14436340332031,106200
2013-04-24,88.14436340332031,88.15235541471245,88.14436340332031,88.15235541471245,217800
2013-04-25,88.15235900878906,88.15235900878906,88.14436699707109,88.14436699707109,276900
2013-04-26,88.15235900878906,88.15235900878906,88.14436699707109,88.14436699707109,240700
2013-04-29,88.15235900878906,88.15235900878906,88.14436699707109,88.14436699707109,515800
2013-04-30,88.16039276123047,88.16039276123047,88.14440263055799,88.14440263055799,212700
2013-05-01,88.14436340332031,88.15235541471245,88.14436340332031,88.14436340332031,237000
2013-05-02,88.14436340332031,88.15235541471245,88.14436340332031,88.14436340332031,63200
2013-05-03,88.15235900878906,88.16035712127935,88.14436699707109,88.14436699707109,1196300
2013-05-06,88.15235900878906,88.15235900878906,88.14436699707109,88.14436699707109,409800
2013-05-07,88.15235900878906,88.16035712127935,88.14436699707109,88.14436699707109,1075400
2013-05-08,88.15235900878906,88.16035712127935,88.15235900878906,88.15235900878906,108200
2013-05-09,88.16039276123047,88.16039276123047,88.15239464550685,88.15239464550685,186300
2013-05-10,88.16039276123047,88.16039276123047,88.15239464550685,88.16039276123047,142100
2013-05-13,88.16039276123047,88.16039276123047,88.15239464550685,88.15239464550685,266500
2013-05-14,88.16039276123047,88.16039276123047,88.15239464550685,88.16039276123047,68100
2013-05-15,88.16039276123047,88.16039276123047,88.15239464550685,88.15239464550685,414200
2013-05-16,88.15235900878906,88.16035712127935,88.14436699707109,88.16035712127935,157500
2013-05-17,88.15235900878906,88.16035712127935,88.14436699707109,88.14436699707109,202000
2013-05-20,88.15235900878906,88.15235900878906,88.14436699707109,88.14436699707109,654400
2013-05-21,88.15235900878906,88.15235900878906,88.14436699707109,88.14436699707109,136500
2013-05-22,88.15235900878906,88.15235900878906,88.14436699707109,88.15235900878906,965000
2013-05-23,88.14436340332031,88.15235541471245,88.14436340332031,88.14436340332031,472100
2013-05-24,88.15235900878906,88.15235900878906,88.14436699707109,88.15235900878906,686400
2013-05-28,88.14436340332031,88.15235541471245,88.14436340332031,88.14436340332031,708500
2013-05-29,88.14436340332031,88.15235541471245,88.14436340332031,88.15235541471245,364600
2013-05-30,88.14436340332031,88.15235541471245,88.14436340332031,88.14436340332031,643200
2013-05-31,88.15235900878906,88.15235900878906,88.14436699707109,88.14436699707109,591200
2013-06-03,88.16039276123047,88.16039276123047,88.14440263055799,88.15239464550685,3538500
2013-06-04,88.16039276123047,88.16039276123047,88.14440263055799,88.15239464550685,2096800
2013-06-05,88.16039276123047,88.16039276123047,88.15239464550685,88.16039276123047,449100
2013-06-06,88.16039276123047,88.16039276123047,88.15239464550685,88.16039276123047,543200
2013-06-07,88.15235900878906,88.16035712127935,88.14436699707109,88.14436699707109,166900
2013-06-10,88.16039276123047,88.16039276123047,88.14440263055799,88.15239464550685,1641600
2013-06-11,88.15235900878906,88.16035712127935,88.14436699707109,88.16035712127935,301300
2013-06-12,88.14436340332031,88.16035352687665,88.14436340332031,88.16035352687665,408200
2013-06-13,88.15235900878906,88.16035712127935,88.14436699707109,88.16035712127935,230700
2013-06-14,88.16039276123047,88.16039276123047,88.15239464550685,88.16039276123047,412900
2013-06-17,88.16039276123047,88.16039276123047,88.14440263055799,88.16039276123047,858400
2013-06-18,88.15235900878906,88.16035712127935,88.14436699707109,88.16035712127935,327700
2013-06-19,88.15235900878906,88.15235900878906,88.14436699707109,88.15235900878906,312200
2013-06-20,88.14436340332031,88.15235541471245,88.14436340332031,88.14436340332031,1678800
2013-06-21,88.14436340332031,88.15235541471245,88.14436340332031,88.14436340332031,545100
2013-06-24,88.15235900878906,88.15235900878906,88.1363688845808,88.14436699707109,961100
2013-06-25,88.15235900878906,88.15235900878906,88.14436699707109,88.15235900878906,756100
2013-06-26,88.14436340332031,88.15235541471245,88.14436340332031,88.14436340332031,501100
2013-06-27,88.14436340332031,88.15235541471245,88.14436340332031,88.15235541471245,341700
2013-06-28,88.13641357421875,88.15240370653483,88.13641357421875,88.15240370653483,864200
2013-07-01,88.15235900878906,88.15235900878906,88.14436699707109,88.15235900878906,2780700
2013-07-02,88.15235900878906,88.16035712127935,88.14436699707109,88.14436699707109,451100
2013-07-03,88.15235900878906,88.16035712127935,88.15235900878906,88.16035712127935,294800
2013-07-05,88.16039276123047,88.16039276123047,88.14440263055799,88.16039276123047,257600
2013-07-08,88.16039276123047,88.16039276123047,88.15239464550685,88.15239464550685,785300
2013-07-09,88.16039276123047,88.16039276123047,88.15239464550685,88.16039276123047,474200
2013-07-10,88.16039276123047,88.16039276123047,88.15239464550685,88.16039276123047,216100
2013-07-11,88.14436340332031,88.16835163904084,88.14436340332031,88.16035352687665,845700
2013-07-12,88.15235900878906,88.16035712127935,88.14436699707109,88.16035712127935,148900
2013-07-15,88.14436340332031,88.16035352687665,88.14436340332031,88.14436340332031,744500
2013-07-16,88.15235900878906,88.15235900878906,88.14436699707109,88.15235900878906,183100
2013-07-17,88.16039276123047,88.16039276123047,88.14440263055799,88.14440263055799,173000
2013-07-18,88.15235900878906,88.16035712127935,88.14436699707109,88.16035712127935,265200
2013-07-19,88.15235900878906,88.16035712127935,88.15235900878906,88.15235900878906,240700
2013-07-22,88.14436340332031,88.16035352687665,88.14436340332031,88.15235541471245,2041400
2013-07-23,88.14436340332031,88.15235541471245,88.14436340332031,88.14436340332031,199100
2013-07-24,88.15235900878906,88.16835523376963,88.14436699707109,88.14436699707109,1327300
2013-07-25,88.15235900878906,88.16835523376963,88.15235900878906,88.15235900878906,171700
2013-07-26,88.15235900878906,88.16835523376963,88.15235900878906,88.16835523376963,238800
2013-07-29,88.15235900878906,88.16035712127935,88.14436699707109,88.15235900878906,3974400
2013-07-30,88.14436340332031,88.15235541471245,88.14436340332031,88.15235541471245,183200
2013-07-31,88.16039276123047,88.16039276123047,88.14440263055799,88.15239464550685,444900
2013-08-01,88.15235900878906,88.15235900878906,88.14436699707109,88.14436699707109,223600
2013-08-02,88.15235900878906,88.15235900878906,88.14436699707109,88.14436699707109,493900
2013-08-05,88.16039276123047,88.16039276123047,88.14440263055799,88.15239464550685,1504000
2013-08-06,88.16039276123047,88.16039276123047,88.15239464550685,88.16039276123047,371500
2013-08-07,88.16039276123047,88.16039276123047,88.15239464550685,88.16039276123047,262800
2013-08-08,88.16039276123047,88.16039276123047,88.15239464550685,88.16039276123047,298600
2013-08-09,88.15235900878906,88.16035712127935,88.15235900878906,88.16035712127935,128500
2013-08-12,88.16039276123047,88.16039276123047,88.15239464550685,88.16039276123047,404100
2013-08-13,88.16039276123047,88.16039276123047,88.15239464550685,88.15239464550685,117900
2013-08-14,88.15235900878906,88.16035712127935,88.15235900878906,88.15235900878906,129700
2013-08-15,88.16039276123047,88.16039276123047,88.14440263055799,88.16039276123047,519200
2013-08-16,88.16039276123047,88.16039276123047,88.14440263055799,88.16039276123047,665200
2013-08-19,88.14436340332031,88.16035352687665,88.14436340332031,88.16035352687665,876900
2013-08-20,88.16039276123047,88.16039276123047,88.14440263055799,88.15239464550685,222200
2013-08-21,88.14436340332031,88.16035352687665,88.13636529115612,88.15235541471245,2518600
2013-08-22,88.14436340332031,88.16035352687665,88.14436340332031,88.14436340332031,1957700
2013-08-23,88.14436340332031,88.15235541471245,88.14436340332031,88.15235541471245,6513700
2013-08-26,88.15235900878906,88.16035712127935,88.14436699707109,88.15235900878906,593700
2013-08-27,88.16039276123047,88.16039276123047,88.14440263055799,88.15239464550685,1831300
2013-08-28,88.16039276123047,88.16039276123047,88.14440263055799,88.16039276123047,197500
2013-08-29,88.16039276123047,88.16039276123047,88.15239464550685,88.15239464550685,136600
2013-08-30,88.16039276123047,88.16039276123047,88.15239464550685,88.16039276123047,640100
2013-09-03,88.16840362548828,88.16840362548828,88.15240739172809,88.16040550860819,4237500
2013-09-04,88.16840362548828,88.16840362548828,88.16040550860819,88.16040550860819,204000
2013-09-05,88.16039276123047,88.16839087695409,88.16039276123047,88.16839087695409,228100
2013-09-06,88.16840362548828,88.16840362548828,88.16040550860819,88.16040550860819,548700
2013-09-09,88.16039276123047,88.16839087695409,88.16039276123047,88.16039276123047,1963800
2013-09-10,88.16840362548828,88.16840362548828,88.16040550860819,88.16040550860819,448100
2013-09-11,88.16039276123047,88.16839087695409,88.16039276123047,88.16039276123047,828600
2013-09-12,88.16840362548828,88.16840362548828,88.16040550860819,88.16040550860819,185200
2013-09-13,88.16840362548828,88.16840362548828,88.16040550860819,88.16840362548828,138700
2013-09-16,88.16039276123047,88.16839087695409,88.15239464550685,88.16839087695409,922100
2013-09-17,88.16039276123047,88.16039276123047,88.15239464550685,88.15239464550685,315200
2013-09-18,88.16840362548828,88.20038999223301,88.15240739172809,88.16040550860819,1879000
2013-09-19,88.16840362548828,88.17639564159273,88.16040550860819,88.16040550860819,790300
2013-09-20,88.16840362548828,88.17639564159273,88.16040550860819,88.17639564159273,269500
2013-09-23,88.16840362548828,88.17639564159273,88.16040550860819,88.16040550860819,368400
2013-09-24,88.16840362548828,88.17639564159273,88.16040550860819,88.16840362548828,214800
2013-09-25,88.1763916015625,88.1763916015625,88.1604014693106,88.16839958582423,391400
2013-09-26,88.1763916015625,88.1763916015625,88.1604014693106,88.16839958582423,388700
2013-09-27,88.1763916015625,88.1763916015625,88.1604014693106,88.1763916015625,382000
2013-09-30,88.16840362548828,88.16840362548828,88.16040550860819,88.16840362548828,5044700
2013-10-01,88.16039276123047,88.16839087695409,88.16039276123047,88.16039276123047,1536400
2013-10-02,88.15235900878906,88.16835523376963,88.15235900878906,88.16035712127935,656100
2013-10-03,88.15235900878906,88.16035712127935,88.15235900878906,88.15235900878906,1236800
2013-10-04,88.16039276123047,88.16039276123047,88.14440263055799,88.15239464550685,322100
2013-10-07,88.15235900878906,88.15235900878906,88.14436699707109,88.15235900878906,164900
2013-10-08,88.15235900878906,88.15235900878906,88.14436699707109,88.14436699707109,205600
2013-10-09,88.13641357421875,88.15240370653483,88.13641357421875,88.15240370653483,282500
2013-10-10,88.13641357421875,88.14441169076449,88.12841545767301,88.13641357421875,428300
2013-10-11,88.14436340332031,88.14436340332031,88.13636529115612,88.13636529115612,469700
2013-10-14,88.13641357421875,88.13641357421875,88.12841545767301,88.12841545767301,226400
2013-10-15,88.12040710449219,88.14440145134206,88.11241508965026,88.12840522010882,1327200
2013-10-16,88.12840270996094,88.13640082534974,88.11241257995782,88.12040459457212,954200
2013-10-17,88.15235900878906,88.15235900878906,88.1363688845808,88.1363688845808,333600
2013-10-18,88.16039276123047,88.16039276123047,88.14440263055799,88.15239464550685,243400
2013-10-21,88.16039276123047,88.16039276123047,88.15239464550685,88.15239464550685,188100
2013-10-22,88.15235900878906,88.16035712127935,88.15235900878906,88.15235900878906,157000
2013-10-23,88.16039276123047,88.16039276123047,88.15239464550685,88.15239464550685,245300
2013-10-24,88.16039276123047,88.16039276123047,88.15239464550685,88.15239464550685,102000
2013-10-25,88.16039276123047,88.16039276123047,88.15239464550685,88.16039276123047,413700
2013-10-28,88.14436340332031,88.16035352687665,88.13636529115612,88.15235541471245,2740500
2013-10-29,88.14436340332031,88.15235541471245,88.14436340332031,88.14436340332031,265900
2013-10-30,88.15235900878906,88.15235900878906,88.14436699707109,88.15235900878906,317000
2013-10-31,88.15235900878906,88.15235900878906,88.14436699707109,88.14436699707109,231800
2013-11-01,88.14436340332031,88.15235541471245,88.14436340332031,88.14436340332031,215600
2013-11-04,88.14436340332031,88.15235541471245,88.14436340332031,88.15235541471245,135200
2013-11-05,88.14436340332031,88.15235541471245,88.14436340332031,88.14436340332031,130700
2013-11-06,88.14436340332031,88.15235541471245,88.14436340332031,88.14436340332031,96900
2013-11-07,88.14436340332031,88.15235541471245,88.14436340332031,88.14436340332031,220300
2013-11-08,88.14436340332031,88.15235541471245,88.14436340332031,88.14436340332031,211700
2013-11-11,88.15235900878906,88.16035712127935,88.14436699707109,88.15235900878906,735900
2013-11-12,88.16039276123047,88.16039276123047,88.14440263055799,88.16039276123047,181900
2013-11-13,88.16039276123047,88.16039276123047,88.14440263055799,88.16039276123047,283200
2013-11-14,88.16039276123047,88.16039276123047,88.14440263055799,88.16039276123047,166700
2013-11-15,88.15235900878906,88.16035712127935,88.15235900878906,88.15235900878906,340500
2013-11-18,88.15235900878906,88.16035712127935,88.15235900878906,88.16035712127935,1346000
2013-11-19,88.15235900878906,88.16035712127935,88.15235900878906,88.16035712127935,215500
2013-11-20,88.16039276123047,88.16039276123047,88.15239464550685,88.16039276123047,236400
2013-11-21,88.16039276123047,88.16039276123047,88.15239464550685,88.15239464550685,88500
2013-11-22,88.16039276123047,88.16039276123047,88.15239464550685,88.16039276123047,430600
2013-11-25,88.16039276123047,88.16039276123047,88.15239464550685,88.15239464550685,77000
2013-11-26,88.16039276123047,88.16039276123047,88.15239464550685,88.15239464550685,88100
2013-11-27,88.16039276123047,88.16039276123047,88.15239464550685,88.16039276123047,132700
2013-11-29,88.15235900878906,88.16035712127935,88.14436699707109,88.16035712127935,463100
2013-12-02,88.14436340332031,88.16035352687665,88.14436340332031,88.14436340332031,4351200
2013-12-03,88.14436340332031,88.15235541471245,88.14436340332031,88.15235541471245,1104200
2013-12-04,88.15235900878906,88.15235900878906,88.14436699707109,88.15235900878906,2239000
2013-12-05,88.16039276123047,88.16039276123047,88.15239464550685,88.15239464550685,224900
2013-12-06,88.16039276123047,88.16039276123047,88.15239464550685,88.16039276123047,165200
2013-12-09,88.15235900878906,88.16035712127935,88.15235900878906,88.16035712127935,1292500
2013-12-10,88.16039276123047,88.16039276123047,88.15239464550685,88.16039276123047,273900
2013-12-11,88.16039276123047,88.16039276123047,88.15239464550685,88.15239464550685,423600
2013-12-12,88.16039276123047,88.16039276123047,88.15239464550685,88.15239464550685,599300
2013-12-13,88.16039276123047,88.16039276123047,88.15239464550685,88.15239464550685,382000
2013-12-16,88.16039276123047,88.16039276123047,88.15239464550685,88.16039276123047,1017200
2013-12-17,88.15235900878906,88.16035712127935,88.15235900878906,88.16035712127935,336500
2013-12-18,88.16840362548828,88.16840362548828,88.15240739172809,88.16040550860819,480200
2013-12-19,88.15235900878906,88.16835523376963,88.15235900878906,88.16835523376963,723300
2013-12-20,88.15235900878906,88.16035712127935,88.15235900878906,88.16035712127935,652200
2013-12-23,88.15235900878906,88.16035712127935,88.15235900878906,88.16035712127935,1269200
2013-12-24,88.15235900878906,88.16035712127935,88.15235900878906,88.15235900878906,196300
2013-12-26,88.15401458740234,88.16201285010419,88.14602242558738,88.16201285010419,2430800
2013-12-27,88.15401458740234,88.15401458740234,88.14602242558738,88.15401458740234,3473000
2013-12-30,88.15401458740234,88.15401458740234,88.14602242558738,88.14602242558738,2883000
2013-12-31,88.16201782226562,88.16201782226562,88.14602739684697,88.15401955911268,2030200
2014-01-02,88.14598846435547,88.15398062309119,88.14598846435547,88.14598846435547,388400
2014-01-03,88.16201782226562,88.16201782226562,88.14602739684697,88.15401955911268,254400
2014-01-06,88.15401458740234,88.16201285010419,88.14602242558738,88.16201285010419,183300
2014-01-07,88.15401458740234,88.16201285010419,88.15401458740234,88.15401458740234,306300
2014-01-08,88.16201782226562,88.16201782226562,88.15401955911268,88.15401955911268,209100
2014-01-09,88.16201782226562,88.16201782226562,88.15401955911268,88.15401955911268,230900
2014-01-10,88.16201782226562,88.16201782226562,88.15401955911268,88.15401955911268,188400
2014-01-13,88.15401458740234,88.16201285010419,88.15401458740234,88.15401458740234,619500
2014-01-14,88.16201782226562,88.16201782226562,88.15401955911268,88.15401955911268,183300
2014-01-15,88.16201782226562,88.16201782226562,88.15401955911268,88.16201782226562,358500
2014-01-16,88.15401458740234,88.16201285010419,88.15401458740234,88.16201285010419,355600
2014-01-17,88.16201782226562,88.16201782226562,88.15401955911268,88.16201782226562,403400
2014-01-21,88.15401458740234,88.16201285010419,88.15401458740234,88.16201285010419,1960700
2014-01-22,88.15401458740234,88.16201285010419,88.15401458740234,88.16201285010419,569600
2014-01-23,88.15401458740234,88.16201285010419,88.15401458740234,88.16201285010419,449500
2014-01-24,88.15401458740234,88.16201285010419,88.15401458740234,88.15401458740234,515100
2014-01-27,88.15401458740234,88.16201285010419,88.15401458740234,88.15401458740234,614000
2014-01-28,88.16201782226562,88.16201782226562,88.15401955911268,88.15401955911268,369400
2014-01-29,88.16201782226562,88.16201782226562,88.15401955911268,88.15401955911268,372000
2014-01-30,88.16201782226562,88.16201782226562,88.15401955911268,88.15401955911268,567500
2014-01-31,88.15401458740234,88.16201285010419,88.15401458740234,88.15401458740234,654700
2014-02-03,88.177978515625,88.177978515625,88.15398983514197,88.16198809559803,6180800
2014-02-04,88.16201782226562,88.17001608541855,88.16201782226562,88.16201782226562,664800
2014-02-05,88.15401458740234,88.17001111280604,88.15401458740234,88.17001111280604,424500
2014-02-06,88.1700210571289,88.1700210571289,88.15402452992102,88.15402452992102,141200
2014-02-07,88.16201782226562,88.17001608541855,88.15401955911268,88.17001608541855,388800
2014-02-10,88.16201782226562,88.16201782226562,88.15401955911268,88.15401955911268,1303300
2014-02-11,88.16201782226562,88.16201782226562,88.15401955911268,88.15401955911268,293000
2014-02-12,88.15401458740234,88.16201285010419,88.15401458740234,88.16201285010419,339000
2014-02-13,88.16201782226562,88.16201782226562,88.15401955911268,88.16201782226562,619600
2014-02-14,88.15401458740234,88.16201285010419,88.15401458740234,88.16201285010419,155800
2014-02-18,88.15401458740234,88.16201285010419,88.15401458740234,88.16201285010419,1857900
2014-02-19,88.15401458740234,88.16201285010419,88.15401458740234,88.16201285010419,179600
2014-02-20,88.15401458740234,88.16201285010419,88.15401458740234,88.16201285010419,383300
2014-02-21,88.15401458740234,88.16201285010419,88.15401458740234,88.15401458740234,153200
2014-02-24,88.15401458740234,88.16201285010419,88.15401458740234,88.15401458740234,2009200
2014-02-25,88.16201782226562,88.17001608541855,88.16201782226562,88.16201782226562,381000
2014-02-26,88.16201782226562,88.17001608541855,88.15401955911268,88.15401955911268,194200
2014-02-27,88.16201782226562,88.17001608541855,88.16201782226562,88.16201782226562,243400
2014-02-28,88.1700210571289,88.1700210571289,88.16202279352495,88.1700210571289,298300
2014-03-03,88.15401458740234,88.17001111280604,88.15401458740234,88.17001111280604,4464000
2014-03-04,88.15401458740234,88.16201285010419,88.15401458740234,88.15401458740234,239500
2014-03-05,88.16201782226562,88.16201782226562,88.15401955911268,88.16201782226562,459200
2014-03-06,88.16201782226562,88.17001608541855,88.15401955911268,88.15401955911268,226700
2014-03-07,88.15401458740234,88.16201285010419,88.15401458740234,88.16201285010419,242700
2014-03-10,88.16201782226562,88.16201782226562,88.15401955911268,88.15401955911268,1553700
2014-03-11,88.15401458740234,88.16201285010419,88.15401458740234,88.15401458740234,458000
2014-03-12,88.15401458740234,88.16201285010419,88.15401458740234,88.16201285010419,396400
2014-03-13,88.15401458740234,88.16201285010419,88.15401458740234,88.16201285010419,165400
2014-03-14,88.16201782226562,88.16201782226562,88.15401955911268,88.16201782226562,77600
2014-03-17,88.1700210571289,88.1700210571289,88.15402452992102,88.16202279352495,852500
2014-03-18,88.16201782226562,88.17001608541855,88.16201782226562,88.17001608541855,144100
2014-03-19,88.1700210571289,88.1700210571289,88.16202279352495,88.16202279352495,109000
2014-03-20,88.1700210571289,88.1700210571289,88.16202279352495,88.1700210571289,93700
2014-03-21,88.1700210571289,88.1700210571289,88.16202279352495,88.16202279352495,59700
2014-03-24,88.1700210571289,88.1700210571289,88.16202279352495,88.1700210571289,2086900
2014-03-25,88.1700210571289,88.1700210571289,88.16202279352495,88.1700210571289,475300
2014-03-26,88.16201782226562,88.17800824768428,88.16201782226562,88.17001608541855,351400
2014-03-27,88.177978515625,88.177978515625,88.16198809559803,88.1699863560541,231200
2014-03-28,88.177978515625,88.177978515625,88.16198809559803,88.177978515625,173600
2014-03-31,88.177978515625,88.177978515625,88.1699863560541,88.177978515625,4354600
2014-04-01,88.1700210571289,88.17801321984527,88.1700210571289,88.17801321984527,526300
2014-04-02,88.177978515625,88.177978515625,88.1699863560541,88.1699863560541,1161300
2014-04-03,88.18597412109375,88.18597412109375,88.1699837015482,88.17797586087849,992500
2014-04-04,88.18597412109375,88.18597412109375,88.1699837015482,88.18597412109375,414000
2014-04-07,88.1700210571289,88.1860114834492,88.1700210571289,88.1860114834492,2218800
2014-04-08,88.18597412109375,88.18597412109375,88.1699837015482,88.1699837015482,606600
2014-04-09,88.177978515625,88.18597677608106,88.177978515625,88.18597677608106,422000
2014-04-10,88.177978515625,88.18597677608106,88.177978515625,88.18597677608106,99400
2014-04-11,88.177978515625,88.18597677608106,88.177978515625,88.177978515625,179600
2014-04-14,88.1700210571289,88.1860114834492,88.1700210571289,88.1860114834492,1806500
2014-04-15,88.177978515625,88.18597677608106,88.1699863560541,88.18597677608106,272800
2014-04-16,88.177978515625,88.18597677608106,88.1699863560541,88.1699863560541,210300
2014-04-17,88.1700210571289,88.1860114834492,88.1700210571289,88.1860114834492,253900
2014-04-21,88.1700210571289,88.1860114834492,88.16202279352495,88.1860114834492,88600
2014-04-22,88.1700210571289,88.17801321984527,88.1700210571289,88.1700210571289,103800
2014-04-23,88.1700210571289,88.17801321984527,88.1700210571289,88.17801321984527,157100
2014-04-24,88.1700210571289,88.17801321984527,88.1700210571289,88.17801321984527,170000
2014-04-25,88.1700210571289,88.17801321984527,88.1700210571289,88.1700210571289,75500
2014-04-28,88.1700210571289,88.1860114834492,88.1700210571289,88.1860114834492,2297000
2014-04-29,88.177978515625,88.177978515625,88.1699863560541,88.177978515625,69200
2014-04-30,88.177978515625,88.177978515625,88.1699863560541,88.177978515625,110200
2014-05-01,88.177978515625,88.177978515625,88.1699863560541,88.1699863560541,315800
2014-05-02,88.177978515625,88.177978515625,88.1699863560541,88.177978515625,183500
2014-05-05,88.177978515625,88.177978515625,88.1699863560541,88.177978515625,140600
2014-05-06,88.1700210571289,88.17801321984527,88.1700210571289,88.17801321984527,210600
2014-05-07,88.177978515625,88.177978515625,88.1699863560541,88.1699863560541,716400
2014-05-08,88.1700210571289,88.17801321984527,88.1700210571289,88.1700210571289,362100
2014-05-09,88.177978515625,88.177978515625,88.1699863560541,88.1699863560541,123500
2014-05-12,88.1700210571289,88.17801321984527,88.1700210571289,88.1700210571289,228000
2014-05-13,88.177978515625,88.177978515625,88.1699863560541,88.1699863560541,93400
2014-05-14,88.177978515625,88.177978515625,88.1699863560541,88.177978515625,288800
2014-05-15,88.1700210571289,88.17801321984527,88.1700210571289,88.1700210571289,163800
2014-05-16,88.177978515625,88.177978515625,88.1699863560541,88.177978515625,121800
2014-05-19,88.177978515625,88.177978515625,88.1699863560541,88.1699863560541,1117400
2014-05-20,88.1700210571289,88.17801321984527,88.1700210571289,88.1700210571289,211200
2014-05-21,88.177978515625,88.177978515625,88.1699863560541,88.177978515625,158600
2014-05-22,88.1700210571289,88.17801321984527,88.1700210571289,88.1700210571289,59500
2014-05-23,88.18597412109375,88.18597412109375,88.1699837015482,88.17797586087849,63600
2014-05-27,88.177978515625,88.177978515625,88.1699863560541,88.177978515625,217900
2014-05-28,88.177978515625,88.177978515625,88.1699863560541,88.177978515625,70800
2014-05-29,88.1700210571289,88.17801321984527,88.1700210571289,88.17801321984527,974200
2014-05-30,88.177978515625,88.177978515625,88.1699863560541,88.177978515625,227400
2014-06-02,88.177978515625,88.177978515625,88.1699863560541,88.177978515625,557500
2014-06-03,88.1700210571289,88.17801321984527,88.1700210571289,88.17801321984527,185100
2014-06-04,88.1700210571289,88.17801321984527,88.1700210571289,88.17801321984527,254600
2014-06-05,88.1700210571289,88.17801321984527,88.1700210571289,88.1700210571289,135000
2014-06-06,88.177978515625,88.177978515625,88.1699863560541,88.177978515625,195100
2014-06-09,88.177978515625,88.177978515625,88.1699863560541,88.1699863560541,93900
2014-06-10,88.1700210571289,88.17801321984527,88.1700210571289,88.1700210571289,281600
2014-06-11,88.1700210571289,88.17801321984527,88.1700210571289,88.1700210571289,78100
2014-06-12,88.1700210571289,88.17801321984527,88.1700210571289,88.17801321984527,156000
2014-06-13,88.177978515625,88.177978515625,88.16198809559803,88.177978515625,204600
2014-06-16,88.177978515625,88.177978515625,88.1699863560541,88.177978515625,840000
2014-06-17,88.16201782226562,88.17800824768428,88.15401955911268,88.17800824768428,702200
2014-06-18,88.16201782226562,88.17001608541855,88.16201782226562,88.17001608541855,193100
2014-06-19,88.1700210571289,88.1700210571289,88.16202279352495,88.16202279352495,75100
2014-06-20,88.16201782226562,88.17001608541855,88.16201782226562,88.16201782226562,80400
2014-06-23,88.1700210571289,88.1700210571289,88.16202279352495,88.16202279352495,67000
2014-06-24,88.1700210571289,88.1700210571289,88.16202279352495,88.1700210571289,138600
2014-06-25,88.1700210571289,88.17801321984527,88.16202279352495,88.1700210571289,417600
2014-06-26,88.177978515625,88.177978515625,88.16198809559803,88.16198809559803,156500
2014-06-27,88.177978515625,88.177978515625,88.16198809559803,88.1699863560541,137800
2014-06-30,88.177978515625,88.177978515625,88.1699863560541,88.1699863560541,1019900
2014-07-01,88.177978515625,88.177978515625,88.1699863560541,88.177978515625,108300
2014-07-02,88.1700210571289,88.17801321984527,88.1700210571289,88.1700210571289,131200
2014-07-03,88.177978515625,88.177978515625,88.1699863560541,88.177978515625,107500
2014-07-07,88.177978515625,88.177978515625,88.1699863560541,88.177978515625,61200
2014-07-08,88.177978515625,88.177978515625,88.1699863560541,88.1699863560541,202200
2014-07-09,88.177978515625,88.177978515625,88.1699863560541,88.1699863560541,108800
2014-07-10,88.1700210571289,88.17801321984527,88.1700210571289,88.1700210571289,83600
2014-07-11,88.1700210571289,88.17801321984527,88.1700210571289,88.1700210571289,71900
2014-07-14,88.177978515625,88.177978515625,88.1699863560541,88.177978515625,68400
2014-07-15,88.177978515625,88.177978515625,88.1699863560541,88.1699863560541,57200
2014-07-16,88.177978515625,88.177978515625,88.1699863560541,88.1699863560541,112600
2014-07-17,88.177978515625,88.177978515625,88.1699863560541,88.177978515625,146500
2014-07-18,88.177978515625,88.177978515625,88.1699863560541,88.1699863560541,141700
2014-07-21,88.177978515625,88.177978515625,88.1699863560541,88.177978515625,107500
2014-07-22,88.1700210571289,88.17801321984527,88.1700210571289,88.1700210571289,110100
2014-07-23,88.177978515625,88.177978515625,88.1699863560541,88.1699863560541,44100
2014-07-24,88.177978515625,88.177978515625,88.1699863560541,88.177978515625,60200
2014-07-25,88.1700210571289,88.17801321984527,88.1700210571289,88.1700210571289,57000
2014-07-28,88.1700210571289,88.17801321984527,88.1700210571289,88.17801321984527,88900
2014-07-29,88.177978515625,88.177978515625,88.1699863560541,88.1699863560541,71300
2014-07-30,88.1700210571289,88.17801321984527,88.1700210571289,88.1700210571289,114400
2014-07-31,88.1700210571289,88.17801321984527,88.1700210571289,88.17801321984527,346200
2014-08-01,88.177978515625,88.177978515625,88.1699863560541,88.177978515625,255500
2014-08-04,88.177978515625,88.177978515625,88.1699863560541,88.1699863560541,1135800
2014-08-05,88.1700210571289,88.1860114834492,88.1700210571289,88.1860114834492,293100
2014-08-06,88.177978515625,88.177978515625,88.1699863560541,88.1699863560541,93200
2014-08-07,88.177978515625,88.18597677608106,88.1699863560541,88.1699863560541,203500
2014-08-08,88.18597412109375,88.18597412109375,88.17797586087849,88.17797586087849,84400
2014-08-11,88.177978515625,88.177978515625,88.1699863560541,88.177978515625,1536800
2014-08-12,88.1700210571289,88.17801321984527,88.1700210571289,88.17801321984527,105500
2014-08-13,88.1700210571289,88.17801321984527,88.1700210571289,88.17801321984527,172200
2014-08-14,88.1700210571289,88.17801321984527,88.1700210571289,88.17801321984527,219500
2014-08-15,88.177978515625,88.177978515625,88.1699863560541,88.177978515625,188300
2014-08-18,88.177978515625,88.19397503653713,88.1699863560541,88.177978515625,3332400
2014-08-19,88.177978515625,88.18597677608106,88.177978515625,88.18597677608106,243000
2014-08-20,88.177978515625,88.18597677608106,88.177978515625,88.18597677608106,97200
2014-08-21,88.18597412109375,88.18597412109375,88.17797586087849,88.18597412109375,124000
2014-08-22,88.18597412109375,88.18597412109375,88.17797586087849,88.17797586087849,186100
2014-08-25,88.177978515625,88.18597677608106,88.1699863560541,88.177978515625,3429000
2014-08-26,88.1700210571289,88.17801321984527,88.1700210571289,88.1700210571289,380800
2014-08-27,88.1700210571289,88.17801321984527,88.1700210571289,88.1700210571289,149000
2014-08-28,88.1700210571289,88.17801321984527,88.1700210571289,88.17801321984527,147700
2014-08-29,88.177978515625,88.177978515625,88.1699863560541,88.1699863560541,124300
2014-09-02,88.177978515625,88.177978515625,88.1699863560541,88.1699863560541,1914000
2014-09-03,88.177978515625,88.18597677608106,88.1699863560541,88.1699863560541,171400
2014-09-04,88.1700210571289,88.17801321984527,88.1700210571289,88.1700210571289,221400
2014-09-05,88.1700210571289,88.17801321984527,88.1700210571289,88.17801321984527,206300
2014-09-08,88.1700210571289,88.17801321984527,88.1700210571289,88.1700210571289,97300
2014-09-09,88.1700210571289,88.17801321984527,88.1700210571289,88.1700210571289,149300
2014-09-10,88.1700210571289,88.17801321984527,88.1700210571289,88.17801321984527,147800
2014-09-11,88.1700210571289,88.17801321984527,88.1700210571289,88.1700210571289,158800
2014-09-12,88.1700210571289,88.17801321984527,88.1700210571289,88.1700210571289,137900
2014-09-15,88.177978515625,88.177978515625,88.1699863560541,88.1699863560541,950000
2014-09-16,88.177978515625,88.177978515625,88.1699863560541,88.177978515625,148200
2014-09-17,88.177978515625,88.177978515625,88.1699863560541,88.177978515625,119800
2014-09-18,88.177978515625,88.177978515625,88.1699863560541,88.177978515625,371000
2014-09-19,88.18597412109375,88.18597412109375,88.1699837015482,88.17797586087849,123900
2014-09-22,88.18597412109375,88.18597412109375,88.17797586087849,88.18597412109375,157200
2014-09-23,88.18597412109375,88.18597412109375,88.17797586087849,88.17797586087849,532300
2014-09-24,88.18597412109375,88.18597412109375,88.17797586087849,88.18597412109375,101300
2014-09-25,88.19400024414062,88.19400024414062,88.17800371865637,88.17800371865637,484900
2014-09-26,88.19400024414062,88.19400024414062,88.18600198139849,88.19400024414062,303600
2014-09-29,88.19400024414062,88.19400024414062,88.18600198139849,88.18600198139849,3547800
2014-09-30,88.16201782226562,88.19400477399014,88.16201782226562,88.19400477399014,1119200
2014-10-01,88.177978515625,88.18597677608106,88.177978515625,88.18597677608106,213300
2014-10-02,88.177978515625,88.18597677608106,88.177978515625,88.18597677608106,275500
2014-10-03,88.16201782226562,88.1860065108372,88.16201782226562,88.1860065108372,2217200
2014-10-06,88.1700210571289,88.17801321984527,88.1700210571289,88.17801321984527,166700
2014-10-07,88.177978515625,88.18597677608106,88.177978515625,88.177978515625,209400
2014-10-08,88.177978515625,88.18597677608106,88.177978515625,88.177978515625,139100
2014-10-09,88.18597412109375,88.18597412109375,88.17797586087849,88.17797586087849,231600
2014-10-10,88.177978515625,88.18597677608106,88.177978515625,88.18597677608106,645500
2014-10-13,88.18597412109375,88.18597412109375,88.17797586087849,88.18597412109375,316400
2014-10-14,88.18597412109375,88.18597412109375,88.17797586087849,88.17797586087849,791400
2014-10-15,88.1700210571289,88.1860114834492,88.1700210571289,88.17801321984527,1200100
2014-10-16,88.1700210571289,88.17801321984527,88.1700210571289,88.1700210571289,431100
2014-10-17,88.1700210571289,88.17801321984527,88.1700210571289,88.1700210571289,382300
2014-10-20,88.18597412109375,88.18597412109375,88.1699837015482,88.17797586087849,13457200
2014-10-21,88.18597412109375,88.18597412109375,88.17797586087849,88.18597412109375,762500
2014-10-22,88.18597412109375,88.18597412109375,88.17797586087849,88.18597412109375,450200
2014-10-23,88.18597412109375,88.18597412109375,88.17797586087849,88.17797586087849,321300
2014-10-24,88.18597412109375,88.18597412109375,88.17797586087849,88.17797586087849,162900
2014-10-27,88.18597412109375,88.18597412109375,88.17797586087849,88.18597412109375,9463900
2014-10-28,88.18597412109375,88.18597412109375,88.17797586087849,88.18597412109375,880300
2014-10-29,88.177978515625,88.18597677608106,88.177978515625,88.177978515625,530300
2014-10-30,88.1700210571289,88.17801321984527,88.1700210571289,88.1700210571289,183100
2014-10-31,88.177978515625,88.177978515625,88.1699863560541,88.1699863560541,394300
2014-11-03,88.1700210571289,88.17801321984527,88.1700210571289,88.1700210571289,17595100
2014-11-04,88.177978515625,88.177978515625,88.1699863560541,88.177978515625,279700
2014-11-05,88.177978515625,88.177978515625,88.1699863560541,88.177978515625,321700
2014-11-06,88.1700210571289,88.17801321984527,88.1700210571289,88.1700210571289,217200
2014-11-07,88.1700210571289,88.17801321984527,88.1700210571289,88.17801321984527,178100
2014-11-10,88.177978515625,88.177978515625,88.1699863560541,88.177978515625,794800
2014-11-11,88.177978515625,88.177978515625,88.1699863560541,88.1699863560541,191900
2014-11-12,88.177978515625,88.177978515625,88.1699863560541,88.177978515625,166500
2014-11-13,88.177978515625,88.177978515625,88.1699863560541,88.177978515625,195200
2014-11-14,88.177978515625,88.177978515625,88.1699863560541,88.177978515625,276000
2014-11-17,88.177978515625,88.177978515625,88.1699863560541,88.1699863560541,275200
2014-11-18,88.177978515625,88.177978515625,88.1699863560541,88.177978515625,312200
2014-11-19,88.177978515625,88.177978515625,88.1699863560541,88.177978515625,455800
2014-11-20,88.177978515625,88.177978515625,88.1699863560541,88.1699863560541,202700
2014-11-21,88.177978515625,88.177978515625,88.1699863560541,88.177978515625,453200
2014-11-24,88.16201782226562,88.17800824768428,88.16201782226562,88.17001608541855,4736900
2014-11-25,88.16201782226562,88.17001608541855,88.16201782226562,88.16201782226562,416500
2014-11-26,88.177978515625,88.177978515625,88.16198809559803,88.16198809559803,422500
2014-11-28,88.1700210571289,88.1700210571289,88.16202279352495,88.1700210571289,338600
2014-12-01,88.177978515625,88.177978515625,88.15398983514197,88.16198809559803,3356300
2014-12-02,88.1700210571289,88.17801321984527,88.1700210571289,88.1700210571289,581800
2014-12-03,88.1700210571289,88.17801321984527,88.1700210571289,88.1700210571289,513700
2014-12-04,88.1700210571289,88.17801321984527,88.1700210571289,88.1700210571289,165700
2014-12-05,88.1700210571289,88.1700210571289,88.15402452992102,88.1700210571289,670500
2014-12-08,88.15401458740234,88.16201285010419,88.15401458740234,88.15401458740234,6468600
2014-12-09,88.15401458740234,88.16201285010419,88.15401458740234,88.16201285010419,435800
2014-12-10,88.15401458740234,88.16201285010419,88.15401458740234,88.15401458740234,391400
2014-12-11,88.16201782226562,88.16201782226562,88.15401955911268,88.16201782226562,256700
2014-12-12,88.16201782226562,88.16201782226562,88.15401955911268,88.15401955911268,412900
2014-12-15,88.1700210571289,88.1700210571289,88.15402452992102,88.16202279352495,3584000
2014-12-16,88.1700210571289,88.1700210571289,88.15402452992102,88.16202279352495,1420700
2014-12-17,88.1700210571289,88.1700210571289,88.15402452992102,88.1700210571289,549400
2014-12-18,88.15401458740234,88.17001111280604,88.15401458740234,88.15401458740234,1640800
2014-12-19,88.16201782226562,88.16201782226562,88.15401955911268,88.16201782226562,1904900
2014-12-22,88.13801574707031,88.1540061700603,88.13801574707031,88.14601400900845,4590000
2014-12-23,88.14598846435547,88.15398062309119,88.13799020473522,88.14598846435547,751600
2014-12-24,88.15401458740234,88.15401458740234,88.14602242558738,88.15401458740234,937600
2014-12-26,88.15401458740234,88.16201285010419,88.14602242558738,88.15401458740234,759000
2014-12-29,88.13801574707031,88.16200443199844,88.13001748513217,88.16200443199844,39315800
2014-12-30,88.14598846435547,88.15398062309119,88.13799020473522,88.14598846435547,1340600
2014-12-31,88.16201782226562,88.16201782226562,88.14602739684697,88.14602739684697,381600
2015-01-02,88.14598846435547,88.15398062309119,88.14598846435547,88.14598846435547,319900
2015-01-05,88.14598846435547,88.15398062309119,88.14598846435547,88.14598846435547,265500
2015-01-06,88.15401458740234,88.16201285010419,88.14602242558738,88.15401458740234,724900
2015-01-07,88.15401458740234,88.17001111280604,88.15401458740234,88.16201285010419,388300
2015-01-08,88.15401458740234,88.16201285010419,88.15401458740234,88.15401458740234,204900
2015-01-09,88.16201782226562,88.17001608541855,88.15401955911268,88.15401955911268,310800
2015-01-12,88.177978515625,88.177978515625,88.15398983514197,88.15398983514197,2684400
2015-01-13,88.1700210571289,88.17801321984527,88.1700210571289,88.1700210571289,415300
2015-01-14,88.1700210571289,88.17801321984527,88.1700210571289,88.17801321984527,365500
2015-01-15,88.177978515625,88.18597677608106,88.1699863560541,88.1699863560541,2183800
2015-01-16,88.177978515625,88.18597677608106,88.1699863560541,88.177978515625,2988600
2015-01-20,88.177978515625,88.18597677608106,88.1699863560541,88.177978515625,5939000
2015-01-21,88.1700210571289,88.17801321984527,88.1700210571289,88.17801321984527,2266800
2015-01-22,88.177978515625,88.177978515625,88.1699863560541,88.177978515625,278600
2015-01-23,88.177978515625,88.177978515625,88.1699863560541,88.1699863560541,297500
2015-01-26,88.1700210571289,88.17801321984527,88.16202279352495,88.16202279352495,2092500
2015-01-27,88.1700210571289,88.1700210571289,88.16202279352495,88.1700210571289,416000
2015-01-28,88.16201782226562,88.17001608541855,88.16201782226562,88.17001608541855,249800
2015-01-29,88.18597412109375,88.18597412109375,88.16198544133294,88.1699837015482,379200
2015-01-30,88.1700210571289,88.1860114834492,88.1700210571289,88.17801321984527,1730300
2015-02-02,88.18597412109375,88.19397238130901,88.17797586087849,88.17797586087849,21488800
2015-02-03,88.19400024414062,88.19400024414062,88.17800371865637,88.17800371865637,2532900
2015-02-04,88.177978515625,88.19397503653713,88.177978515625,88.19397503653713,540800
2015-02-05,88.177978515625,88.19397503653713,88.177978515625,88.19397503653713,275500
2015-02-06,88.177978515625,88.18597677608106,88.1699863560541,88.177978515625,342000
2015-02-09,88.177978515625,88.18597677608106,88.1699863560541,88.1699863560541,3501400
2015-02-10,88.1700210571289,88.17801321984527,88.1700210571289,88.17801321984527,1218700
2015-02-11,88.177978515625,88.177978515625,88.1699863560541,88.1699863560541,738900
2015-02-12,88.1700210571289,88.17801321984527,88.1700210571289,88.1700210571289,681600
2015-02-13,88.177978515625,88.177978515625,88.1699863560541,88.177978515625,595900
2015-02-17,88.18597412109375,88.18597412109375,88.1699837015482,88.1699837015482,4877900
2015-02-18,88.19400024414062,88.19400024414062,88.17800371865637,88.17800371865637,428300
2015-02-19,88.19400024414062,88.19400024414062,88.18600198139849,88.19400024414062,498700
2015-02-20,88.18597412109375,88.19397238130901,88.17797586087849,88.19397238130901,474900
2015-02-23,88.177978515625,88.19397503653713,88.177978515625,88.177978515625,572400
2015-02-24,88.177978515625,88.18597677608106,88.177978515625,88.177978515625,439400
2015-02-25,88.177978515625,88.18597677608106,88.177978515625,88.177978515625,427300
2015-02-26,88.177978515625,88.18597677608106,88.177978515625,88.177978515625,382300
2015-02-27,88.18597412109375,88.18597412109375,88.17797586087849,88.18597412109375,457100
2015-03-02,88.177978515625,88.18597677608106,88.1699863560541,88.177978515625,5852700
2015-03-03,88.1700210571289,88.17801321984527,88.1700210571289,88.17801321984527,652800
2015-03-04,88.18597412109375,88.18597412109375,88.1699837015482,88.1699837015482,662200
2015-03-05,88.1700210571289,88.1860114834492,88.1700210571289,88.1860114834492,332600
2015-03-06,88.177978515625,88.177978515625,88.1699863560541,88.1699863560541,358100
2015-03-09,88.1700210571289,88.17801321984527,88.1700210571289,88.17801321984527,949700
2015-03-10,88.177978515625,88.177978515625,88.1699863560541,88.177978515625,1807900
2015-03-11,88.1700210571289,88.17801321984527,88.1700210571289,88.17801321984527,928200
2015-03-12,88.1700210571289,88.17801321984527,88.1700210571289,88.1700210571289,560300
2015-03-13,88.177978515625,88.177978515625,88.1699863560541,88.1699863560541,430700
2015-03-16,88.177978515625,88.177978515625,88.1699863560541,88.1699863560541,3651400
2015-03-17,88.1700210571289,88.17801321984527,88.1700210571289,88.1700210571289,391600
2015-03-18,88.16201782226562,88.17800824768428,88.16201782226562,88.17800824768428,459700
2015-03-19,88.1700210571289,88.17801321984527,88.1700210571289,88.17801321984527,386100
2015-03-20,88.1700210571289,88.17801321984527,88.1700210571289,88.17801321984527,409700
2015-03-23,88.177978515625,88.177978515625,88.1699863560541,88.1699863560541,708400
2015-03-24,88.1700210571289,88.17801321984527,88.1700210571289,88.1700210571289,422400
2015-03-25,88.1700210571289,88.17801321984527,88.1700210571289,88.1700210571289,612100
2015-03-26,88.1700210571289,88.17801321984527,88.1700210571289,88.17801321984527,579100
2015-03-27,88.1700210571289,88.17801321984527,88.1700210571289,88.1700210571289,372000
2015-03-30,88.1700210571289,88.17801321984527,88.1700210571289,88.1700210571289,4806800
2015-03-31,88.177978515625,88.177978515625,88.1699863560541,88.1699863560541,477400
2015-04-01,88.177978515625,88.18597677608106,88.177978515625,88.18597677608106,583600
2015-04-02,88.1700210571289,88.1860114834492,88.1700210571289,88.17801321984527,854000
2015-04-06,88.177978515625,88.19397503653713,88.177978515625,88.19397503653713,2090900
2015-04-07,88.177978515625,88.18597677608106,88.177978515625,88.18597677608106,427700
2015-04-08,88.18597412109375,88.18597412109375,88.17797586087849,88.17797586087849,705200
2015-04-09,88.18597412109375,88.18597412109375,88.17797586087849,88.17797586087849,565200
2015-04-10,88.18597412109375,88.18597412109375,88.17797586087849,88.17797586087849,605000
2015-04-13,88.177978515625,88.18597677608106,88.177978515625,88.177978515625,948700
2015-04-14,88.18597412109375,88.18597412109375,88.17797586087849,88.17797586087849,366800
2015-04-15,88.18597412109375,88.18597412109375,88.17797586087849,88.18597412109375,460400
2015-04-16,88.18597412109375,88.18597412109375,88.17797586087849,88.17797586087849,435500
2015-04-17,88.18597412109375,88.18597412109375,88.17797586087849,88.17797586087849,566700
2015-04-20,88.177978515625,88.18597677608106,88.177978515625,88.177978515625,571100
2015-04-21,88.177978515625,88.18597677608106,88.177978515625,88.177978515625,367400
2015-04-22,88.177978515625,88.18597677608106,88.177978515625,88.177978515625,321500
2015-04-23,88.18597412109375,88.18597412109375,88.17797586087849,88.17797586087849,346700
2015-04-24,88.177978515625,88.18597677608106,88.177978515625,88.177978515625,433500
2015-04-27,88.177978515625,88.18597677608106,88.177978515625,88.177978515625,1013700
2015-04-28,88.18597412109375,88.18597412109375,88.17797586087849,88.18597412109375,548400
2015-04-29,88.177978515625,88.18597677608106,88.177978515625,88.177978515625,313100
2015-04-30,88.18597412109375,88.19397238130901,88.17797586087849,88.17797586087849,599300
2015-05-01,88.177978515625,88.19397503653713,88.177978515625,88.19397503653713,457700
2015-05-04,88.18597412109375,88.19397238130901,88.18597412109375,88.19397238130901,585900
2015-05-05,88.19400024414062,88.19400024414062,88.18600198139849,88.18600198139849,595300
2015-05-06,88.18597412109375,88.19397238130901,88.18597412109375,88.18597412109375,283500
2015-05-07,88.19400024414062,88.19400024414062,88.18600198139849,88.18600198139849,357500
2015-05-08,88.19400024414062,88.20199850688275,88.18600198139849,88.18600198139849,979000
2015-05-11,88.18597412109375,88.19397238130901,88.18597412109375,88.18597412109375,468200
2015-05-12,88.19400024414062,88.19400024414062,88.18600198139849,88.18600198139849,230500
2015-05-13,88.18597412109375,88.19397238130901,88.18597412109375,88.18597412109375,402600
2015-05-14,88.18597412109375,88.19397238130901,88.18597412109375,88.18597412109375,453600
2015-05-15,88.18597412109375,88.19397238130901,88.18597412109375,88.18597412109375,403300
2015-05-18,88.18597412109375,88.19397238130901,88.18597412109375,88.18597412109375,319100
2015-05-19,88.18597412109375,88.19397238130901,88.18597412109375,88.18597412109375,511600
2015-05-20,88.18597412109375,88.19397238130901,88.18597412109375,88.18597412109375,13116700
2015-05-21,88.18597412109375,88.19397238130901,88.18597412109375,88.18597412109375,244100
2015-05-22,88.18597412109375,88.19397238130901,88.18597412109375,88.18597412109375,179300
2015-05-26,88.18597412109375,88.19397238130901,88.17797586087849,88.17797586087849,2663900
2015-05-27,88.18597412109375,88.19397238130901,88.18597412109375,88.18597412109375,271100
2015-05-28,88.19400024414062,88.19400024414062,88.18600198139849,88.19400024414062,288400
2015-05-29,88.18597412109375,88.19397238130901,88.18597412109375,88.18597412109375,225500
2015-06-01,88.18597412109375,88.19397238130901,88.18597412109375,88.18597412109375,1376400
2015-06-02,88.18597412109375,88.19397238130901,88.18597412109375,88.18597412109375,271700
2015-06-03,88.19400024414062,88.19400024414062,88.18600198139849,88.19400024414062,674800
2015-06-04,88.18597412109375,88.19397238130901,88.18597412109375,88.18597412109375,305700
2015-06-05,88.177978515625,88.19397503653713,88.177978515625,88.18597677608106,185400
2015-06-08,88.177978515625,88.18597677608106,88.177978515625,88.177978515625,339900
2015-06-09,88.177978515625,88.18597677608106,88.177978515625,88.18597677608106,152900
2015-06-10,88.18597412109375,88.18597412109375,88.17797586087849,88.17797586087849,256700
2015-06-11,88.19400024414062,88.19400024414062,88.17800371865637,88.18600198139849,149600
2015-06-12,88.18597412109375,88.19397238130901,88.17797586087849,88.17797586087849,443500
2015-06-15,88.177978515625,88.18597677608106,88.177978515625,88.177978515625,321300
2015-06-16,88.177978515625,88.19397503653713,88.177978515625,88.177978515625,159100
2015-06-17,88.19400024414062,88.19400024414062,88.17800371865637,88.19400024414062,190400
2015-06-18,88.177978515625,88.19397503653713,88.177978515625,88.19397503653713,294000
2015-06-19,88.18597412109375,88.19397238130901,88.17797586087849,88.17797586087849,183300
2015-06-22,88.18597412109375,88.19397238130901,88.18597412109375,88.18597412109375,347300
2015-06-23,88.18597412109375,88.19397238130901,88.18597412109375,88.19397238130901,262700
2015-06-24,88.18597412109375,88.19397238130901,88.18597412109375,88.18597412109375,273000
2015-06-25,88.19400024414062,88.19400024414062,88.18600198139849,88.18600198139849,126200
2015-06-26,88.177978515625,88.19397503653713,88.177978515625,88.18597677608106,248500
2015-06-29,88.18597412109375,88.19397238130901,88.18597412109375,88.19397238130901,2436000
2015-06-30,88.19400024414062,88.19400024414062,88.18600198139849,88.18600198139849,618300
2015-07-01,88.18597412109375,88.19397238130901,88.18597412109375,88.18597412109375,453100
2015-07-02,88.19400024414062,88.20199850688275,88.18600198139849,88.18600198139849,910100
2015-07-06,88.19400024414062,88.20199850688275,88.19400024414062,88.19400024414062,555600
2015-07-07,88.19400024414062,88.20199850688275,88.19400024414062,88.19400024414062,946300
2015-07-08,88.2099838256836,88.2099838256836,88.19399340232674,88.20199166444839,623000
2015-07-09,88.19400024414062,88.20999066873796,88.19400024414062,88.20199850688275,337300
2015-07-10,88.19400024414062,88.20199850688275,88.19400024414062,88.19400024414062,718900
2015-07-13,88.20198059082031,88.20198059082031,88.19398232970283,88.19398232970283,2830200
2015-07-14,88.20198059082031,88.20198059082031,88.19398232970283,88.20198059082031,387300
2015-07-15,88.20198059082031,88.20198059082031,88.19398232970283,88.19398232970283,1116400
2015-07-16,88.20198059082031,88.20198059082031,88.19398232970283,88.19398232970283,786400
2015-07-17,88.20198059082031,88.20198059082031,88.19398232970283,88.19398232970283,413600
2015-07-20,88.18597412109375,88.20197064152428,88.18597412109375,88.19397238130901,1499600
2015-07-21,88.18597412109375,88.19397238130901,88.18597412109375,88.18597412109375,517700
2015-07-22,88.18597412109375,88.19397238130901,88.18597412109375,88.18597412109375,301600
2015-07-23,88.18597412109375,88.19397238130901,88.18597412109375,88.18597412109375,328300
2015-07-24,88.19400024414062,88.19400024414062,88.18600198139849,88.18600198139849,319100
2015-07-27,88.18597412109375,88.20197064152428,88.17797586087849,88.18597412109375,1669500
2015-07-28,88.18597412109375,88.19397238130901,88.18597412109375,88.19397238130901,353200
2015-07-29,88.18597412109375,88.19397238130901,88.17797586087849,88.17797586087849,422100
2015-07-30,88.18597412109375,88.19397238130901,88.18597412109375,88.18597412109375,428200
2015-07-31,88.177978515625,88.19397503653713,88.177978515625,88.18597677608106,422800
2015-08-03,88.18597412109375,88.19397238130901,88.18597412109375,88.18597412109375,1086500
2015-08-04,88.177978515625,88.19397503653713,88.177978515625,88.19397503653713,416800
2015-08-05,88.18597412109375,88.19397238130901,88.17797586087849,88.17797586087849,414000
2015-08-06,88.18597412109375,88.18597412109375,88.17797586087849,88.17797586087849,653900
2015-08-07,88.18597412109375,88.18597412109375,88.17797586087849,88.18597412109375,239700
2015-08-10,88.1700210571289,88.1860114834492,88.1700210571289,88.17801321984527,954500
2015-08-11,88.177978515625,88.177978515625,88.1699863560541,88.1699863560541,849500
2015-08-12,88.1700210571289,88.17801321984527,88.1700210571289,88.17801321984527,647400
2015-08-13,88.1700210571289,88.17801321984527,88.1700210571289,88.17801321984527,141700
2015-08-14,88.1700210571289,88.17801321984527,88.1700210571289,88.17801321984527,187000
2015-08-17,88.1700210571289,88.17801321984527,88.1700210571289,88.1700210571289,181900
2015-08-18,88.1700210571289,88.17801321984527,88.1700210571289,88.1700210571289,180100
2015-08-19,88.1700210571289,88.17801321984527,88.1700210571289,88.17801321984527,433800
2015-08-20,88.18597412109375,88.18597412109375,88.1699837015482,88.1699837015482,477500
2015-08-21,88.177978515625,88.18597677608106,88.177978515625,88.177978515625,2146700
2015-08-24,88.19400024414062,88.20999066873796,88.17800371865637,88.19400024414062,1705100
2015-08-25,88.18597412109375,88.20197064152428,88.17797586087849,88.19397238130901,9542300
2015-08-26,88.18597412109375,88.19397238130901,88.17797586087849,88.18597412109375,1127400
2015-08-27,88.18597412109375,88.19397238130901,88.17797586087849,88.19397238130901,725800
2015-08-28,88.177978515625,88.19397503653713,88.1699863560541,88.19397503653713,991800
2015-08-31,88.18597412109375,88.18597412109375,88.17797586087849,88.18597412109375,2424200
2015-09-01,88.18678283691406,88.19478117047795,88.17878450335019,88.18678283691406,1531000
2015-09-02,88.18678283691406,88.19478117047795,88.18678283691406,88.18678283691406,2134700
2015-09-03,88.19479370117188,88.19479370117188,88.18679536647159,88.19479370117188,839100
2015-09-04,88.19479370117188,88.19479370117188,88.18679536647159,88.19479370117188,417600
2015-09-08,88.18678283691406,88.19478117047795,88.17878450335019,88.18678283691406,1933000
2015-09-09,88.18678283691406,88.18678283691406,88.17079227072723,88.17878450335019,1642900
2015-09-10,88.17080688476562,88.18679745360285,88.17080688476562,88.18679745360285,526100
2015-09-11,88.17080688476562,88.18679745360285,88.17080688476562,88.17080688476562,466900
2015-09-14,88.17878723144531,88.17878723144531,88.1707949985751,88.1707949985751,913100
2015-09-15,88.15478515625,88.17877405315777,88.15478515625,88.17078182148198,702000
2015-09-16,88.17080688476562,88.17080688476562,88.15481021498647,88.15481021498647,498700
2015-09-17,88.16279602050781,88.22677048864878,88.13880712019022,88.16279602050781,789000
2015-09-18,88.2027359008789,88.2027359008789,88.17874091204921,88.18673924165911,955300
2015-09-21,88.19479370117188,88.20279203587216,88.19479370117188,88.19479370117188,683700
2015-09-22,88.2027359008789,88.21072812955089,88.194737571269,88.2027359008789,846600
2015-09-23,88.2027359008789,88.21072812955089,88.2027359008789,88.2027359008789,498000
2015-09-24,88.2027359008789,88.21872645916078,88.2027359008789,88.21072812955089,592700
2015-09-25,88.21879577636719,88.21879577636719,88.20280520552085,88.21879577636719,287400
2015-09-28,88.21078491210938,88.21878324686791,88.21078491210938,88.21878324686791,817300
2015-09-29,88.21078491210938,88.21878324686791,88.21078491210938,88.21878324686791,1863100
2015-09-30,88.21078491210938,88.21878324686791,88.21078491210938,88.21078491210938,563300
2015-10-01,88.21798706054688,88.22598604834569,88.21798706054688,88.21798706054688,626700
2015-10-02,88.22598266601562,88.24197453956019,88.21798367852348,88.23398165350777,402800
2015-10-05,88.21798706054688,88.23398503614449,88.21798706054688,88.22598604834569,2769800
2015-10-06,88.22598266601562,88.23398165350777,88.21798367852348,88.21798367852348,1648900
2015-10-07,88.22598266601562,88.23398165350777,88.22598266601562,88.22598266601562,557800
2015-10-08,88.21798706054688,88.23398503614449,88.21798706054688,88.23398503614449,1283100
2015-10-09,88.22598266601562,88.22598266601562,88.21798367852348,88.21798367852348,528400
2015-10-12,88.21798706054688,88.22598604834569,88.21798706054688,88.22598604834569,284700
2015-10-13,88.21798706054688,88.22598604834569,88.20999417418804,88.21798706054688,1189500
2015-10-14,88.22598266601562,88.22598266601562,88.20999079247107,88.21798367852348,416300
2015-10-15,88.21798706054688,88.22598604834569,88.21798706054688,88.21798706054688,748400
2015-10-16,88.21798706054688,88.22598604834569,88.21798706054688,88.22598604834569,1183500
2015-10-19,88.20999145507812,88.22598332874281,88.20999145507812,88.20999145507812,323800
2015-10-20,88.21798706054688,88.21798706054688,88.20999417418804,88.20999417418804,4374400
2015-10-21,88.20999145507812,88.21798434119057,88.20999145507812,88.20999145507812,487600
2015-10-22,88.21798706054688,88.21798706054688,88.20199518638924,88.21798706054688,297400
2015-10-23,88.2020034790039,88.21000246755477,88.2020034790039,88.2020034790039,1138400
2015-10-26,88.19398498535156,88.20998295891515,88.19398498535156,88.19398498535156,942200
2015-10-27,88.2020034790039,88.21000246755477,88.2020034790039,88.21000246755477,245100
2015-10-28,88.19398498535156,88.20998295891515,88.19398498535156,88.19398498535156,711100
2015-10-29,88.18596649169922,88.20196446172403,88.18596649169922,88.19396547671163,233400
2015-10-30,88.18596649169922,88.19396547671163,88.18596649169922,88.18596649169922,648900
2015-11-02,88.16761016845703,88.19960205157513,88.16761016845703,88.18360916092998,563900
2015-11-03,88.17561340332031,88.17561340332031,88.16761390674466,88.17561340332031,1143600
2015-11-04,88.16761016845703,88.18360916092998,88.16761016845703,88.16761016845703,950500
2015-11-05,88.17561340332031,88.17561340332031,88.16761390674466,88.16761390674466,635900
2015-11-06,88.15156555175781,88.16755843301857,88.15156555175781,88.15956504330029,460200
2015-11-09,88.16761016845703,88.16761016845703,88.15961677404836,88.15961677404836,2198300
2015-11-10,88.15156555175781,88.16755843301857,88.15156555175781,88.16755843301857,591500
2015-11-11,88.15156555175781,88.16755843301857,88.15156555175781,88.15156555175781,344800
2015-11-12,88.15957641601562,88.16756980676506,88.15157692344118,88.15157692344118,239600
2015-11-13,88.15156555175781,88.16755843301857,88.15156555175781,88.15156555175781,322700
2015-11-16,88.16761016845703,88.16761016845703,88.15961677404836,88.15961677404836,265900
2015-11-17,88.15957641601562,88.16756980676506,88.15957641601562,88.15957641601562,212000
2015-11-18,88.15957641601562,88.16756980676506,88.15957641601562,88.15957641601562,222500
2015-11-19,88.16761016845703,88.16761016845703,88.15161727781188,88.15961677404836,401700
2015-11-20,88.15957641601562,88.16756980676506,88.15957641601562,88.16756980676506,474800
2015-11-23,88.15957641601562,88.16756980676506,88.15157692344118,88.16756980676506,803500
2015-11-24,88.16761016845703,88.16761016845703,88.15161727781188,88.16761016845703,308100
2015-11-25,88.17561340332031,88.17561340332031,88.15962051199706,88.16761390674466,1606900
2015-11-27,88.17561340332031,88.18361289989596,88.15962051199706,88.18361289989596,329000
2015-11-30,88.17561340332031,88.17561340332031,88.15962051199706,88.17561340332031,568600
2015-12-01,88.1644058227539,88.17239965138356,88.1644058227539,88.17239965138356,374900
2015-12-02,88.1644058227539,88.17239965138356,88.15640589196498,88.1644058227539,377200
2015-12-03,88.1644058227539,88.17239965138356,88.15640589196498,88.1644058227539,671200
2015-12-04,88.1644058227539,88.17239965138356,88.15640589196498,88.1644058227539,685900
2015-12-07,88.14039611816406,88.15639597794255,88.13240229043338,88.1483960480533,542000
2015-12-08,88.11637115478516,88.14036483377805,88.11637115478516,88.14036483377805,368400
2015-12-09,88.11637115478516,88.13237100888469,88.1083773298918,88.12437108183492,347200
2015-12-10,88.12435150146484,88.14034524985432,88.12435150146484,88.12435150146484,370900
2015-12-11,88.13236236572266,88.14035618983206,88.12436243945744,88.14035618983206,514100
2015-12-14,88.12435150146484,88.14034524985432,88.11635157619259,88.14034524985432,2569100
2015-12-15,88.11637115478516,88.13237100888469,88.11637115478516,88.13237100888469,442200
2015-12-16,88.11637115478516,88.13237100888469,88.1083773298918,88.11637115478516,811300
2015-12-17,88.13236236572266,88.13236236572266,88.11636251319223,88.12436243945744,427900
2015-12-18,88.14039611816406,88.14039611816406,88.12440236054414,88.13240229043338,1436400
2015-12-21,88.14039611816406,88.1483960480533,88.13240229043338,88.1483960480533,271900
2015-12-22,88.14839935302734,88.15639928321653,88.14839935302734,88.15639928321653,407000
2015-12-23,88.14839935302734,88.16439921340573,88.14839935302734,88.15639928321653,398400
2015-12-24,88.16520690917969,88.17320763863466,88.15720617972472,88.16520690917969,401000
2015-12-28,88.15719604492188,88.17319750199225,88.15719604492188,88.16519677345707,230200
2015-12-29,88.17321014404297,88.17321014404297,88.15720868467837,88.17321014404297,225900
2015-12-30,88.17321014404297,88.17321014404297,88.15720868467837,88.17321014404297,291400
2015-12-31,88.16520690917969,88.18120226532116,88.16520690917969,88.18120226532116,161000
2016-01-04,88.16520690917969,88.17320763863466,88.15720617972472,88.17320763863466,535600
2016-01-05,88.17321014404297,88.17321014404297,88.15720868467837,88.15720868467837,281300
2016-01-06,88.15719604492188,88.17319750199225,88.15719604492188,88.17319750199225,597400
2016-01-07,88.16520690917969,88.18120226532116,88.15720617972472,88.15720617972472,4903500
2016-01-08,88.17321014404297,88.18920550063895,88.16520941436067,88.16520941436067,840600
2016-01-11,88.16520690917969,88.18120226532116,88.16520690917969,88.18120226532116,653600
2016-01-12,88.17321014404297,88.18120477095664,88.17321014404297,88.17321014404297,344700
2016-01-13,88.17321014404297,88.18920550063895,88.17321014404297,88.17321014404297,505000
2016-01-14,88.18919372558594,88.19719445419997,88.17319837112566,88.18119299697189,1351900
2016-01-15,88.19718933105469,88.20518395643653,88.18918860290538,88.18918860290538,451300
2016-01-19,88.22915649414062,88.22915649414062,88.19715969506244,88.22115576867972,9639800
2016-01-20,88.2371826171875,88.24518334550463,88.2131865350037,88.22918799163796,12305900
2016-01-21,88.2371826171875,88.24518334550463,88.22118726332083,88.2371826171875,785900
2016-01-22,88.22113800048828,88.23713334542313,88.21313727663878,88.23713334542313,650400
2016-01-25,88.22113800048828,88.2291387243378,88.21313727663878,88.22113800048828,2018300
2016-01-26,88.22113800048828,88.2291387243378,88.21313727663878,88.22113800048828,712100
2016-01-27,88.22113800048828,88.22113800048828,88.21313727663878,88.22113800048828,640600
2016-01-28,88.22113800048828,88.2291387243378,88.21313727663878,88.22113800048828,609200
2016-01-29,88.22915649414062,88.22915649414062,88.21315504321882,88.21315504321882,737800
2016-02-01,88.21240234375,88.22840510954883,88.21240234375,88.22040372664942,598400
2016-02-02,88.23641967773438,88.23641967773438,88.21241552544913,88.22041690954421,553600
2016-02-03,88.24437713623047,88.24437713623047,88.22037909749882,88.23638185883004,728700
2016-02-04,88.24437713623047,88.24437713623047,88.22037909749882,88.24437713623047,504200
2016-02-05,88.22838592529297,88.24438258434662,88.22038454413337,88.24438258434662,424300
2016-02-08,88.22838592529297,88.25238396550624,88.22038454413337,88.22038454413337,947900
2016-02-09,88.24437713623047,88.25237851689609,88.22838047816442,88.24437713623047,946500
2016-02-10,88.23641967773438,88.24441495856163,88.2284182936393,88.24441495856163,314200
2016-02-11,88.24437713623047,88.27637655562775,88.24437713623047,88.24437713623047,800000
2016-02-12,88.25238800048828,88.26838466027333,88.23639134070325,88.24438661896284,500100
2016-02-16,88.25238800048828,88.26838466027333,88.23639134070325,88.26038938201373,703700
2016-02-17,88.25238800048828,88.27638604179876,88.25238800048828,88.27638604179876,961200
2016-02-18,88.2603988647461,88.2603988647461,88.24439609997587,88.24439609997587,536200
2016-02-19,88.25238800048828,88.26038938201373,88.25238800048828,88.25238800048828,817500
2016-02-22,88.23641967773438,88.2604177267518,88.23641967773438,88.25241634265672,981100
2016-02-23,88.25238800048828,88.25238800048828,88.23639134070325,88.23639134070325,479000
2016-02-24,88.24437713623047,88.2603798975617,88.23638185883004,88.23638185883004,423100
2016-02-25,88.24437713623047,88.25237851689609,88.23638185883004,88.25237851689609,636500
2016-02-26,88.24437713623047,88.25237851689609,88.24437713623047,88.25237851689609,479100
2016-02-29,88.2603988647461,88.2603988647461,88.23640082085726,88.23640082085726,370800
2016-03-01,88.22037506103516,88.26037948757514,88.21237905878198,88.26037948757514,12981300
2016-03-02,88.23641967773438,88.24442178747033,88.21241945234779,88.24442178747033,1498700
2016-03-03,88.24440002441406,88.24440002441406,88.2363979166516,88.24440002441406,577200
2016-03-04,88.23641967773438,88.25241779338499,88.23641967773438,88.25241779338499,999600
2016-03-07,88.23641967773438,88.25241779338499,88.23641967773438,88.23641967773438,1059600
2016-03-08,88.24440002441406,88.25239602835673,88.2363979166516,88.2363979166516,571100
2016-03-09,88.25236511230469,88.25236511230469,88.24436911116314,88.24436911116314,288500
2016-03-10,88.25236511230469,88.25236511230469,88.23636700620392,88.25236511230469,806100
2016-03-11,88.24440002441406,88.26039813611919,88.2363979166516,88.25239602835673,733300
2016-03-14,88.24440002441406,88.26039813611919,88.24440002441406,88.24440002441406,383000
2016-03-15,88.25236511230469,88.2603672172639,88.24436911116314,88.25236511230469,3891700
2016-03-16,88.26039123535156,88.26039123535156,88.22838891062366,88.25238912821476,919300
2016-03-17,88.26840209960938,88.26840209960938,88.24440187963721,88.25239788374797,1288800
2016-03-18,88.26039123535156,88.27638934580585,88.25238912821476,88.25238912821476,913100
2016-03-21,88.26840209960938,88.27639810372014,88.26039999167867,88.26039999167867,126600
2016-03-22,88.26039123535156,88.27638934580585,88.26039123535156,88.26039123535156,211200
2016-03-23,88.26039123535156,88.27638934580585,88.26039123535156,88.26039123535156,4137600
2016-03-24,88.28437042236328,88.28437042236328,88.26037021048937,88.26037021048937,288400
2016-03-28,88.26840209960938,88.28440021165083,88.26039999167867,88.26039999167867,218900
2016-03-29,88.30036163330078,88.30835763353633,88.26835932090765,88.26835932090765,365800
2016-03-30,88.30835723876953,88.30835723876953,88.27635492651946,88.30835723876953,808300
2016-03-31,88.29237365722656,88.31637386940754,88.2843715518936,88.31637386940754,1588000
2016-04-01,88.28437042236328,88.3083749841299,88.28437042236328,88.3083749841299,446300
2016-04-04,88.30036163330078,88.30836518797652,88.28436062887276,88.28436062887276,419000
2016-04-05,88.31639099121094,88.3243884429779,88.30038387782695,88.30838743451895,634300
2016-04-06,88.31639099121094,88.3243884429779,88.30038387782695,88.3243884429779,381600
2016-04-07,88.31639099121094,88.31639099121094,88.30038387782695,88.30838743451895,207800
2016-04-08,88.32439422607422,88.32439422607422,88.30839321656758,88.31639677378361,542300
2016-04-11,88.30835723876953,88.32435824175718,88.30835723876953,88.32435824175718,244500
2016-04-12,88.32439422607422,88.32439422607422,88.30839321656758,88.30839321656758,421900
2016-04-13,88.32439422607422,88.32439422607422,88.31639677378361,88.31639677378361,313100
2016-04-14,88.31639099121094,88.3243884429779,88.30838743451895,88.31639099121094,494100
2016-04-15,88.31639099121094,88.3243884429779,88.31639099121094,88.3243884429779,390700
2016-04-18,88.33240509033203,88.33240509033203,88.31640407950175,88.31640407950175,329100
2016-04-19,88.33240509033203,88.34040864821013,88.32440153245393,88.32440153245393,669100
2016-04-20,88.33240509033203,88.34040864821013,88.33240509033203,88.33240509033203,493700
2016-04-21,88.33240509033203,88.34841220608823,88.33240509033203,88.33240509033203,254800
2016-04-22,88.34037017822266,88.3483737326154,88.32436306943714,88.34037017822266,246100
2016-04-25,88.32439422607422,88.3484048977223,88.32439422607422,88.33239778329025,419100
2016-04-26,88.32439422607422,88.34040134050628,88.31639677378361,88.31639677378361,832500
2016-04-27,88.35639190673828,88.35639190673828,88.33238734285283,88.34839445539292,337500
2016-04-28,88.348388671875,88.35638612269683,88.34038511612889,88.35638612269683,341400
2016-04-29,88.34037017822266,88.3563711820849,88.34037017822266,88.34037017822266,537100
2016-05-02,88.33399200439453,88.35800135353477,88.32598685263389,88.34999620177413,792200
2016-05-03,88.34199523925781,88.35800554353833,88.33399619325954,88.35800554353833,502600
2016-05-04,88.34199523925781,88.35000039139807,88.33399619325954,88.34199523925781,539900
2016-05-05,88.35797882080078,88.36598397051998,88.33396947778333,88.34196852136239,1363400
2016-05-06,88.36599731445312,88.36599731445312,88.34198186166901,88.36599731445312,526100
2016-05-09,88.36599731445312,88.36599731445312,88.34198186166901,88.34198186166901,604600
2016-05-10,88.35797882080078,88.35797882080078,88.34196852136239,88.35797882080078,339600
2016-05-11,88.35797882080078,88.35797882080078,88.34196852136239,88.35797882080078,441700
2016-05-12,88.34199523925781,88.35800554353833,88.34199523925781,88.34199523925781,890900
2016-05-13,88.34199523925781,88.35000039139807,88.33399619325954,88.33399619325954,490700
2016-05-16,88.35000610351562,88.35000610351562,88.34200095085781,88.34200095085781,440100
2016-05-17,88.35000610351562,88.35801125617344,88.34200095085781,88.35000610351562,794900
2016-05-18,88.34199523925781,88.35000039139807,88.33399619325954,88.34199523925781,487300
2016-05-19,88.35000610351562,88.35000610351562,88.32599675168456,88.32599675168456,788500
2016-05-20,88.33399200439453,88.34999620177413,88.33399200439453,88.34999620177413,269400
2016-05-23,88.34199523925781,88.34199523925781,88.32599104111928,88.34199523925781,479600
2016-05-24,88.33399200439453,88.33399200439453,88.31798170087325,88.32598685263389,506000
2016-05-25,88.34199523925781,88.35000039139807,88.32599104111928,88.32599104111928,411800
2016-05-26,88.34199523925781,88.35000039139807,88.32599104111928,88.33399619325954,375800
2016-05-27,88.32595825195312,88.34996759331894,88.31795310278461,88.34996759331894,692900
2016-05-31,88.33399200439453,88.33399200439453,88.3099765491126,88.3099765491126,3669400
2016-06-01,88.33478546142578,88.34279286207286,88.31076936734165,88.31076936734165,3897000
2016-06-02,88.34278869628906,88.34278869628906,88.32678000360688,88.34278869628906,826500
2016-06-03,88.34278869628906,88.37481218951022,88.34278869628906,88.36680478924073,468900
2016-06-06,88.35883331298828,88.35883331298828,88.33481110407367,88.33481110407367,471200
2016-06-07,88.36682891845703,88.36682891845703,88.34281281894759,88.34281281894759,522300
2016-06-08,88.36682891845703,88.36682891845703,88.35082022140357,88.36682891845703,330400
2016-06-09,88.36682891845703,88.36682891845703,88.35082022140357,88.35082022140357,599600
2016-06-10,88.37482452392578,88.37482452392578,88.35080842762221,88.3668171225387,396200
2016-06-13,88.37482452392578,88.38283192531286,88.3668171225387,88.3668171225387,569800
2016-06-14,88.36682891845703,88.38284372336898,88.36682891845703,88.374836320913,938400
2016-06-15,88.36682891845703,88.38284372336898,88.36682891845703,88.38284372336898,853300
2016-06-16,88.39081573486328,88.39081573486328,88.37480093636353,88.3828083356134,296700
2016-06-17,88.39081573486328,88.39881702625712,88.37480093636353,88.39881702625712,347800
2016-06-20,88.37482452392578,88.39884062022936,88.37482452392578,88.37482452392578,377800
2016-06-21,88.37482452392578,88.39083932669993,88.37482452392578,88.37482452392578,273200
2016-06-22,88.39081573486328,88.39081573486328,88.37480093636353,88.37480093636353,641600
2016-06-23,88.36682891845703,88.39085112582494,88.36682891845703,88.39085112582494,496500
2016-06-24,88.41482543945312,88.4308341289407,88.38280195262239,88.4308341289407,1091200
2016-06-27,88.41482543945312,88.4308341289407,88.37479455395082,88.37479455395082,588600
2016-06-28,88.39884185791016,88.41485666090854,88.39084056426871,88.40684925940936,3435700
2016-06-29,88.39884185791016,88.41485666090854,88.39084056426871,88.39084056426871,607800
2016-06-30,88.42286682128906,88.42286682128906,88.398850722241,88.398850722241,3628900
2016-07-01,88.44047546386719,88.44047546386719,88.40043296500495,88.40043296500495,1020200
2016-07-05,88.4244613647461,88.4244613647461,88.4084480300099,88.4244613647461,548400
2016-07-06,88.40040588378906,88.4324386511402,88.40040588378906,88.4324386511402,837700
2016-07-07,88.4244613647461,88.4244613647461,88.40043830782784,88.40043830782784,435500
2016-07-08,88.41644287109375,88.42444648230084,88.40843315025978,88.42444648230084,642400
2016-07-11,88.40040588378906,88.41642532227746,88.40040588378906,88.40841560303326,660400
2016-07-12,88.40843200683594,88.41644172756631,88.40042228610557,88.41644172756631,590800
2016-07-13,88.40040588378906,88.40841560303326,88.39239616454486,88.40841560303326,892300
2016-07-14,88.40040588378906,88.41642532227746,88.39239616454486,88.40841560303326,440500
2016-07-15,88.40843200683594,88.40843200683594,88.3924125653752,88.40042228610557,300100
2016-07-18,88.40843200683594,88.40843200683594,88.40042228610557,88.40042228610557,172800
2016-07-19,88.40040588378906,88.40841560303326,88.40040588378906,88.40040588378906,183300
2016-07-20,88.40040588378906,88.40841560303326,88.40040588378906,88.40841560303326,184100
2016-07-21,88.40843200683594,88.40843200683594,88.40042228610557,88.40042228610557,3204500
2016-07-22,88.40040588378906,88.41642532227746,88.40040588378906,88.41642532227746,1602700
2016-07-25,88.40843200683594,88.41644172756631,88.40042228610557,88.40042228610557,472900
2016-07-26,88.40040588378906,88.41642532227746,88.40040588378906,88.41642532227746,334200
2016-07-27,88.41644287109375,88.41644287109375,88.40042342942583,88.40843315025978,382900
2016-07-28,88.40843200683594,88.41644172756631,88.40843200683594,88.40843200683594,293500
2016-07-29,88.4244613647461,88.43247108692815,88.4084480300099,88.41645775219195,536500
2016-08-01,88.42442321777344,88.43243511316264,88.40039364289137,88.43243511316264,497200
2016-08-02,88.42442321777344,88.43243511316264,88.41641132238422,88.41641132238422,601300
2016-08-03,88.408447265625,88.42446495267794,88.408447265625,88.42446495267794,831700
2016-08-04,88.43245697021484,88.43245697021484,88.40842738939361,88.40842738939361,233300
2016-08-05,88.41645050048828,88.42446239942763,88.40844471283721,88.42446239942763,702400
2016-08-08,88.4004135131836,88.42444309346692,88.4004135131836,88.41643119627682,614300
2016-08-09,88.41645050048828,88.42446239942763,88.40043281389785,88.40844471283721,417800
2016-08-10,88.42442321777344,88.43243511316264,88.41641132238422,88.42442321777344,586100
2016-08-11,88.43245697021484,88.43245697021484,88.41643317547596,88.41643317547596,1360400
2016-08-12,88.42442321777344,88.44044700855186,88.41641132238422,88.43243511316264,1975300
2016-08-15,88.43245697021484,88.44046886758427,88.4244450728454,88.4244450728454,602700
2016-08-16,88.43245697021484,88.44046886758427,88.4244450728454,88.4244450728454,795100
2016-08-17,88.41645050048828,88.44048619730633,88.41645050048828,88.43247429836698,851700
2016-08-18,88.44046783447266,88.44046783447266,88.42444403992096,88.4324559371968,363400
2016-08-19,88.44046783447266,88.44046783447266,88.42444403992096,88.4324559371968,221600
2016-08-22,88.44046783447266,88.44046783447266,88.4324559371968,88.44046783447266,425600
2016-08-23,88.42442321777344,88.44044700855186,88.42442321777344,88.43243511316264,395600
2016-08-24,88.42442321777344,88.44044700855186,88.42442321777344,88.42442321777344,249200
2016-08-25,88.42442321777344,88.44044700855186,88.42442321777344,88.42442321777344,1031300
2016-08-26,88.42442321777344,88.44044700855186,88.42442321777344,88.42442321777344,597600
2016-08-29,88.43245697021484,88.44046886758427,88.41643317547596,88.44046886758427,938300
2016-08-30,88.42442321777344,88.43243511316264,88.41641132238422,88.41641132238422,595900
2016-08-31,88.42442321777344,88.44044700855186,88.41641132238422,88.42442321777344,390300
2016-09-01,88.41883087158203,88.44286763669015,88.41081657884125,88.44286763669015,1127100
2016-09-02,88.41084289550781,88.4268714857605,88.41084289550781,88.41885719063416,462000
2016-09-06,88.45088958740234,88.45088958740234,88.41082423334386,88.41082423334386,1264400
2016-09-07,88.43488311767578,88.45090559432991,88.43488311767578,88.45090559432991,323600
2016-09-08,88.42684173583984,88.44286420758596,88.42684173583984,88.44286420758596,325800
2016-09-09,88.43488311767578,88.43488311767578,88.4188545279058,88.42686882279078,378400
2016-09-12,88.41883087158203,88.42684516432281,88.40280839921469,88.41883087158203,1399900
2016-09-13,88.42684173583984,88.42684173583984,88.39479067923361,88.40280497166367,1085100
2016-09-14,88.41084289550781,88.43488578088684,88.41084289550781,88.41885719063416,603600
2016-09-15,88.41883087158203,88.4348594570636,88.41883087158203,88.42684516432281,297400
2016-09-16,88.44287872314453,88.44287872314453,88.42685624876874,88.42685624876874,247600
2016-09-19,88.43488311767578,88.4589198892149,88.42686882279078,88.44289129944492,3965900
2016-09-20,88.4669189453125,88.4669189453125,88.44287606479901,88.45089035830351,2657800
2016-09-21,88.4669189453125,88.4669189453125,88.43486788440931,88.45890465180801,902200
2016-09-22,88.4669189453125,88.4829414192067,88.45089035830351,88.45089035830351,715600
2016-09-23,88.49095916748047,88.49095916748047,88.46692239914336,88.48294487366309,449600
2016-09-26,88.5069808959961,88.5069808959961,88.47492983411175,88.49095842161142,411900
2016-09-27,88.4669189453125,88.49896389310089,88.4669189453125,88.49896389310089,852700
2016-09-28,88.49897766113281,88.49897766113281,88.46693270835911,88.47494088999466,473500
2016-09-29,88.49095916748047,88.49095916748047,88.44287951769121,88.44287951769121,923000
2016-09-30,88.48291015625,88.49092444692288,88.45887339734402,88.49092444692288,534900
2016-10-03,88.44527435302734,88.47733499640849,88.44527435302734,88.45329104260824,490500
2016-10-04,88.44527435302734,88.46130773218916,88.43725766344645,88.44527435302734,880600
2016-10-05,88.46929931640625,88.46929931640625,88.4372386799071,88.4372386799071,904900
2016-10-06,88.44527435302734,88.47733499640849,88.44527435302734,88.47733499640849,514400
2016-10-07,88.47736358642578,88.47736358642578,88.44530293268477,88.44530293268477,654700
2016-10-10,88.45330047607422,88.47734443243873,88.45330047607422,88.45330047607422,527200
2016-10-11,88.47736358642578,88.47736358642578,88.44530293268477,88.44530293268477,569000
2016-10-12,88.4613265991211,88.49338724934009,88.4613265991211,88.49338724934009,277700
2016-10-13,88.48533630371094,88.50136356514409,88.4612923540905,88.50136356514409,420400
2016-10-14,88.48533630371094,88.49335299189822,88.4612923540905,88.4612923540905,317700
2016-10-17,88.48533630371094,88.48533630371094,88.46930292733637,88.46930292733637,312200
2016-10-18,88.47736358642578,88.48538027859715,88.47736358642578,88.47736358642578,584600
2016-10-19,88.49335479736328,88.49335479736328,88.4773214206616,88.48533810901245,447600
2016-10-20,88.46929931640625,88.5013599529054,88.46929931640625,88.47731600426633,871800
2016-10-21,88.48533630371094,88.49335299189822,88.47731961552365,88.47731961552365,308000
2016-10-24,88.49335479736328,88.49335479736328,88.4773214206616,88.49335479736328,654300
2016-10-25,88.49335479736328,88.49335479736328,88.4773214206616,88.49335479736328,520100
2016-10-26,88.49335479736328,88.49335479736328,88.4773214206616,88.4773214206616,333700
2016-10-27,88.47736358642578,88.49339697076852,88.47736358642578,88.49339697076852,272400
2016-10-28,88.49335479736328,88.49335479736328,88.46930473231076,88.46930473231076,699100
2016-10-31,88.51740264892578,88.51740264892578,88.48534200905085,88.50136927151742,560300
2016-11-01,88.5141830444336,88.5141830444336,88.49013125634397,88.49814444108391,945600
2016-11-02,88.4981460571289,88.51418466077148,88.49013287224265,88.49013287224265,264500
2016-11-03,88.5141830444336,88.5141830444336,88.49013125634397,88.49814444108391,678300
2016-11-04,88.52223205566406,88.52223205566406,88.49817414256529,88.5142127512978,621600
2016-11-07,88.49015045166016,88.5142022449671,88.49015045166016,88.5142022449671,835700
2016-11-08,88.50617218017578,88.50617218017578,88.47410108735394,88.48212038979328,683900
2016-11-09,88.50617218017578,88.50617218017578,88.47410108735394,88.50617218017578,1555100
2016-11-10,88.45008850097656,88.49017891400713,88.45008850097656,88.49017891400713,1329000
2016-11-11,88.45809936523438,88.49017046921058,88.45809936523438,88.4661125535252,821200
2016-11-14,88.45809936523438,88.48215116398212,88.44206075477746,88.48215116398212,3575700
2016-11-15,88.45809936523438,88.47413185875367,88.45008006000592,88.4661125535252,602500
2016-11-16,88.46611022949219,88.46611022949219,88.45007773639408,88.45007773639408,592000
2016-11-17,88.48210906982422,88.48210906982422,88.4580572825188,88.4580572825188,913100
2016-11-18,88.46611022949219,88.48214883952777,88.45809704141186,88.45809704141186,902400
2016-11-21,88.47410583496094,88.4821251378306,88.46608653209128,88.46608653209128,378400
2016-11-22,88.45809936523438,88.49017046921058,88.45809936523438,88.4661125535252,1192400
2016-11-23,88.45809936523438,88.49017046921058,88.45809936523438,88.48215116398212,833200
2016-11-25,88.49015045166016,88.49015045166016,88.45807935493883,88.45807935493883,364900
2016-11-28,88.49015045166016,88.49816363813831,88.46609254141698,88.46609254141698,841700
2016-11-29,88.48210906982422,88.50616085712966,88.47408976841083,88.50616085712966,585000
2016-11-30,88.45809936523438,88.49818365750141,88.45809936523438,88.49017046921058,1651100
2016-12-01,88.47171020507812,88.50379206061976,88.47171020507812,88.50379206061976,827900
2016-12-02,88.50377655029297,88.5117985425196,88.47971669260032,88.50377655029297,654900
2016-12-05,88.47171020507812,88.50379206061976,88.47171020507812,88.50379206061976,838300
2016-12-06,88.50377655029297,88.50377655029297,88.47971669260032,88.47971669260032,690300
2016-12-07,88.46371459960938,88.50381233898257,88.46371459960938,88.48777446703123,918700
2016-12-08,88.46371459960938,88.50381233898257,88.46371459960938,88.47975247156072,462000
2016-12-09,88.47171020507812,88.50379206061976,88.47171020507812,88.48775419234309,1218300
2016-12-12,88.47171020507812,88.49577006698729,88.47171020507812,88.47171020507812,448500
2016-12-13,88.47171020507812,88.48775419234309,88.47171020507812,88.47171020507812,626000
2016-12-14,88.46371459960938,88.49579034351206,88.46371459960938,88.47975247156072,643800
2016-12-15,88.48774719238281,88.48774719238281,88.46368733237695,88.48774719238281,491200
2016-12-16,88.51182556152344,88.51182556152344,88.4797437018109,88.49578157217263,483000
2016-12-19,88.52783966064453,88.55992151174254,88.48774193601258,88.55992151174254,495800
2016-12-20,88.52783966064453,88.52783966064453,88.49575780954652,88.5198237871106,480000
2016-12-21,88.53588104248047,88.53588104248047,88.49577719007836,88.51984317291289,442100
2016-12-22,88.52784729003906,88.54389678881256,88.51179166783986,88.54389678881256,756900
2016-12-23,88.52784729003906,88.53586897771295,88.51179166783986,88.52784729003906,746900
2016-12-27,88.52784729003906,88.52784729003906,88.50376385674025,88.52784729003906,817000
2016-12-28,88.51983642578125,88.51983642578125,88.51180861314475,88.51983642578125,403600
2016-12-29,88.5358657836914,88.5438935945014,88.51178847468691,88.5198162854969,508100
2016-12-30,88.52784729003906,88.54389678881256,88.51179166783986,88.53586897771295,364200
2017-01-03,88.55188751220703,88.55188751220703,88.51175459694338,88.51978240468074,701500
2017-01-04,88.54389953613281,88.54389953613281,88.51982222551264,88.52785003686134,759900
2017-01-05,88.5358657836914,88.56797090350588,88.5278440963069,88.5358657836914,800800
2017-01-06,88.5599594116211,88.5599594116211,88.51983259702794,88.52786040931721,503700
2017-01-09,88.57601928710938,88.57601928710938,88.54391415983811,88.55194197251265,644700
2017-01-10,88.5679702758789,88.57599808663201,88.54389296704504,88.54389296704504,639700
2017-01-11,88.5679702758789,88.57599808663201,88.5599424651258,88.5679702758789,1003400
2017-01-12,88.57601928710938,88.57601928710938,88.55996366176029,88.55996366176029,712700
2017-01-13,88.57601928710938,88.57601928710938,88.55996366176029,88.55996366176029,1003100
2017-01-17,88.5679702758789,88.58402589738512,88.5599424651258,88.5679702758789,959900
2017-01-18,88.57601928710938,88.57601928710938,88.55996366176029,88.56799147443483,652400
2017-01-19,88.58404541015625,88.59206709925088,88.56798978511341,88.56798978511341,616800
2017-01-20,88.58404541015625,88.59206709925088,88.56798978511341,88.59206709925088,1248800
2017-01-23,88.59208679199219,88.59208679199219,88.56800947250268,88.56800947250268,352700
2017-01-24,88.57601928710938,88.59206878903156,88.56799147443483,88.59206878903156,733100
2017-01-25,88.5679702758789,88.58402589738512,88.5679702758789,88.57599808663201,1515800
2017-01-26,88.59208679199219,88.59208679199219,88.57603728680856,88.57603728680856,1167400
2017-01-27,88.57601928710938,88.6000966017061,88.57601928710938,88.57601928710938,815800
2017-01-30,88.58404541015625,88.6000949117723,88.57601759763483,88.57601759763483,502400
2017-01-31,88.57601928710938,88.6000966017061,88.57601928710938,88.6000966017061,958400
2017-02-01,88.58403778076172,88.60812382222377,88.56797633602278,88.56797633602278,529300
2017-02-02,88.57601928710938,88.6081360553749,88.57601928710938,88.58405001058756,679700
2017-02-03,88.59209442138672,88.60815587193511,88.57603909648691,88.57603909648691,721600
2017-02-06,88.60809326171875,88.60809326171875,88.59203182251932,88.59203182251932,309200
2017-02-07,88.60005950927734,88.60809022860217,88.59202878995254,88.60809022860217,364200
2017-02-08,88.61614990234375,88.61614990234375,88.60008845844621,88.60811918039498,431600
2017-02-09,88.59209442138672,88.6161865972093,88.58406982176109,88.60815587193511,639300
2017-02-10,88.60809326171875,88.61612398131845,88.59203182251932,88.59203182251932,478400
2017-02-13,88.60809326171875,88.61612398131845,88.58400722856385,88.60006254211903,881600
2017-02-14,88.58403778076172,88.60812382222377,88.58403778076172,88.59206237748484,453900
2017-02-15,88.60005950927734,88.60809022860217,88.58400419627175,88.58400419627175,391800
2017-02-16,88.59209442138672,88.60815587193511,88.59209442138672,88.59209442138672,380300
2017-02-17,88.60809326171875,88.61612398131845,88.60006254211903,88.60006254211903,364600
2017-02-21,88.61614990234375,88.6241744986465,88.60008845844621,88.60811918039498,840600
2017-02-22,88.60809326171875,88.62414857527394,88.60006254211903,88.60809326171875,681400
2017-02-23,88.60809326171875,88.62414857527394,88.60809326171875,88.61612398131845,714400
2017-02-24,88.63220977783203,88.64024050019373,88.616154458755,88.64024050019373,1247500
2017-02-27,88.62419128417969,88.64025273111929,88.61616668635708,88.64025273111929,431100
2017-02-28,88.61614990234375,88.63220522059527,88.60811918039498,88.6241744986465,508800
2017-03-01,88.57917785644531,88.60327349696243,88.57917785644531,88.59524570218181,725100
2017-03-02,88.5711669921875,88.5872348421071,88.56313919531692,88.57920091714729,337500
2017-03-03,88.58722686767578,88.59526079191238,88.57115901920258,88.57919294343918,2054900
2017-03-06,88.5711669921875,88.5872348421071,88.56313919531692,88.56313919531692,343100
2017-03-07,88.5711669921875,88.5872348421071,88.55510527035712,88.5872348421071,442600
2017-03-08,88.53902435302734,88.56311999459352,88.53902435302734,88.54705214815748,764200
2017-03-09,88.54707336425781,88.56314121454375,88.5390455672042,88.5390455672042,686900
2017-03-10,88.57917785644531,88.57917785644531,88.54704829305996,88.5550822159282,1424900
2017-03-13,88.55513000488281,88.57119173119942,88.54709607767904,88.57119173119942,995600
2017-03-14,88.55513000488281,88.56316393208658,88.55513000488281,88.55513000488281,285300
2017-03-15,88.58722686767578,88.59526079191238,88.54706337458144,88.56313122305464,1061800
2017-03-16,88.57917785644531,88.58721177931356,88.5550822159282,88.57917785644531,556500
2017-03-17,88.57917785644531,88.59524570218181,88.57114393357708,88.59524570218181,1848400
2017-03-20,88.58722686767578,88.58722686767578,88.57115901920258,88.57919294343918,176600
2017-03-21,88.58722686767578,88.59526079191238,88.57115901920258,88.57115901920258,573500
2017-03-22,88.58722686767578,88.60328858806032,88.58722686767578,88.60328858806032,780000
2017-03-23,88.58722686767578,88.60328858806032,88.58722686767578,88.60328858806032,504400
2017-03-24,88.57917785644531,88.60327349696243,88.57917785644531,88.58721177931356,891100
2017-03-27,88.5711669921875,88.60329656393748,88.5711669921875,88.57920091714729,627500
2017-03-28,88.57917785644531,88.59524570218181,88.57917785644531,88.57917785644531,429200
2017-03-29,88.60332489013672,88.60332489013672,88.57922923564324,88.59529709069967,536300
2017-03-30,88.61132049560547,88.61132049560547,88.57919092747896,88.58722485153272,794100
2017-03-31,88.62741088867188,88.62741088867188,88.60331523680361,88.61938309010945,451700
2017-04-03,88.60890197753906,88.62497667302817,88.60087076049453,88.60890197753906,686700
2017-04-04,88.60087585449219,88.62498176841176,88.60087585449219,88.6169444202051,414600
2017-04-05,88.57674407958984,88.61691854749296,88.57674407958984,88.60084998647143,820500
2017-04-06,88.60087585449219,88.6169444202051,88.60087585449219,88.60890707199846,380800
2017-04-07,88.59288787841797,88.6250311584574,88.59288787841797,88.6250311584574,938600
2017-04-10,88.60890197753906,88.61693932528362,88.59283341274998,88.59283341274998,409700
2017-04-11,88.60890197753906,88.62497667302817,88.60890197753906,88.60890197753906,394800
2017-04-12,88.61691284179688,88.62495018713943,88.6088754964543,88.62495018713943,230900
2017-04-13,88.6330337524414,88.6330337524414,88.6169590533737,88.6169590533737,162400
2017-04-17,88.61691284179688,88.64101874712638,88.61691284179688,88.632987532482,319200
2017-04-18,88.61691284179688,88.632987532482,88.61691284179688,88.62495018713943,437500
2017-04-19,88.6330337524414,88.6330337524414,88.6169590533737,88.6169590533737,627700
2017-04-20,88.61691284179688,88.632987532482,88.61691284179688,88.61691284179688,355700
2017-04-21,88.62498474121094,88.64105330746287,88.61694739273469,88.61694739273469,366700
2017-04-24,88.64109802246094,88.64109802246094,88.62502944810322,88.62502944810322,989800
2017-04-25,88.6330337524414,88.64106497127386,88.6169590533737,88.62499640290756,681300
2017-04-26,88.62498474121094,88.6330220896872,88.62498474121094,88.62498474121094,1329300
2017-04-27,88.6330337524414,88.64910232080771,88.62499640290756,88.62499640290756,602700
2017-04-28,88.62498474121094,88.64909065593912,88.62498474121094,88.64909065593912,286700
2017-05-01,88.63385009765625,88.66600823961198,88.63385009765625,88.66600823961198,196500
2017-05-02,88.62577819824219,88.6498952629347,88.62577819824219,88.63381926431846,349800
2017-05-03,88.6097183227539,88.65795246091545,88.6097183227539,88.64187645937407,530200
2017-05-04,88.61773681640625,88.6418538793436,88.61773681640625,88.62577174836147,474000
2017-05-05,88.62577819824219,88.65793632901097,88.62577819824219,88.62577819824219,684400
2017-05-08,88.62577819824219,88.64186033039472,88.62577819824219,88.64186033039472,434500
2017-05-09,88.62577819824219,88.63381926431846,88.61774326570222,88.62577819824219,380700
2017-05-10,88.61773681640625,88.6418538793436,88.61773681640625,88.62577174836147,529700
2017-05-11,88.64187622070312,88.64991115468348,88.61775915168728,88.62579408566764,523900
2017-05-12,88.64187622070312,88.65795222220122,88.64187622070312,88.64187622070312,224400
2017-05-15,88.64989471435547,88.66597684640848,88.64185978186521,88.65793578038198,507300
2017-05-16,88.64989471435547,88.66597684640848,88.64989471435547,88.65793578038198,281700
2017-05-17,88.6740493774414,88.68208431278278,88.65796723968182,88.6740493774414,844200
2017-05-18,88.66598510742188,88.69010217421214,88.64990297387048,88.66598510742188,2202000
2017-05-19,88.6740493774414,88.68208431278278,88.66600830856162,88.66600830856162,419600
2017-05-22,88.6740493774414,88.68208431278278,88.65796723968182,88.6740493774414,894500
2017-05-23,88.66598510742188,88.68206110743644,88.66598510742188,88.67402617419756,469400
2017-05-24,88.6740493774414,88.68208431278278,88.64992617080203,88.66600830856162,875200
2017-05-25,88.6740493774414,88.68208431278278,88.65796723968182,88.6740493774414,2031100
2017-05-26,88.6740493774414,88.68208431278278,88.66600830856162,88.6740493774414,707800
2017-05-30,88.66598510742188,88.69010217421214,88.65794404064619,88.68206110743644,685500
2017-05-31,88.6740493774414,88.69012538166257,88.66600830856162,88.68208431278278,1093700
2017-06-01,88.67888641357422,88.69497058626482,88.67084125890143,88.67084125890143,278400
2017-06-02,88.6949462890625,88.6949462890625,88.67886212077802,88.67886212077802,737100
2017-06-05,88.68692016601562,88.69495918299988,88.67887501237718,88.69495918299988,292300
2017-06-06,88.67888641357422,88.7030157409376,88.67084125890143,88.69497058626482,683200
2017-06-07,88.68692016601562,88.68692016601562,88.67082985873873,88.68692016601562,424300
2017-06-08,88.68692016601562,88.68692016601562,88.67887501237718,88.67887501237718,368200
2017-06-09,88.67888641357422,88.686931568247,88.67084125890143,88.67888641357422,367500
2017-06-12,88.67078399658203,88.68687429553671,88.67078399658203,88.67078399658203,379400
2017-06-13,88.70294952392578,88.71099467259285,88.678820214575,88.678820214575,1504200
2017-06-14,88.70294952392578,88.74316913061068,88.69490437525872,88.69490437525872,1330500
2017-06-15,88.70294952392578,88.71099467259285,88.68686536324205,88.71099467259285,1182700
2017-06-16,88.7110366821289,88.71908183460579,88.70299152965202,88.70299152965202,1131300
2017-06-19,88.7110366821289,88.71908183460579,88.69494637717514,88.70299152965202,545000
2017-06-20,88.7110366821289,88.71908183460579,88.70299152965202,88.71908183460579,642800
2017-06-21,88.7110366821289,88.71908183460579,88.7110366821289,88.7110366821289,674100
2017-06-22,88.72709655761719,88.73514170789136,88.70296724344627,88.71101239372045,1300000
2017-06-23,88.73518371582031,88.74322886990312,88.72713856173749,88.73518371582031,323900
2017-06-26,88.71907806396484,88.74320738371667,88.71907806396484,88.72711707944676,1421200
2017-06-27,88.71907806396484,88.72711707944676,88.71103291182989,88.72711707944676,502000
2017-06-28,88.72709655761719,88.72709655761719,88.71101239372045,88.71101239372045,387700
2017-06-29,88.73518371582031,88.73518371582031,88.71105439022638,88.7190995443092,677300
2017-06-30,88.74320220947266,88.74320220947266,88.7271119061409,88.7271119061409,465900
2017-07-03,88.7359848022461,88.74402826668938,88.71988559326113,88.7359848022461,765200
2017-07-05,88.7359848022461,88.75207787118187,88.71988559326113,88.71988559326113,630600
2017-07-06,88.7601089477539,88.7601089477539,88.73596627936523,88.74400974212952,766000
2017-07-07,88.75202178955078,88.76007138895679,88.75202178955078,88.76007138895679,505600
2017-07-10,88.7601089477539,88.7681585505661,88.75205934494171,88.75205934494171,283200
2017-07-11,88.77617645263672,88.78422605313125,88.7600833916938,88.76813299218833,2431100
2017-07-12,88.78427124023438,88.78427124023438,88.76012856650941,88.77622163564295,2168000
2017-07-13,88.77617645263672,88.78422605313125,88.76813299218833,88.78422605313125,880500
2017-07-14,88.80033111572266,88.80033111572266,88.77618845102225,88.77618845102225,1046000
2017-07-17,88.80033111572266,88.80033111572266,88.7842380526047,88.79228765418716,763600
2017-07-18,88.79229736328125,88.80839042815892,88.7842477608186,88.79229736328125,1376800
2017-07-19,88.79229736328125,88.80034082569627,88.7842477608186,88.79229736328125,1220700
2017-07-20,88.80033111572266,88.80838071730511,88.79228765418716,88.80838071730511,676000
2017-07-21,88.79229736328125,88.80839042815892,88.7842477608186,88.80839042815892,538200
2017-07-24,88.80033111572266,88.80838071730511,88.7842380526047,88.79228765418716,476800
2017-07-25,88.7601089477539,88.80034468171907,88.7601089477539,88.80034468171907,1317600
2017-07-26,88.80033111572266,88.80033111572266,88.76814498948676,88.77618845102225,651600
2017-07-27,88.80033111572266,88.82447992047004,88.79228765418716,88.79228765418716,863300
2017-07-28,88.81642150878906,88.82447110957304,88.79227884648347,88.79227884648347,755700
2017-07-31,88.83255004882812,88.83255004882812,88.80035777288138,88.80035777288138,1189300
2017-08-01,88.82209777832031,88.83820062271325,88.81404328423442,88.82209777832031,452500
2017-08-02,88.83010864257812,88.83010864257812,88.81400580498054,88.82206029566747,346000
2017-08-03,88.84622955322266,88.84622955322266,88.82207222169457,88.82207222169457,550000
2017-08-04,88.83818054199219,88.84623503425748,88.8220777012391,88.84623503425748,268500
2017-08-07,88.83818054199219,88.84623503425748,88.83012604972691,88.84623503425748,367700
2017-08-08,88.85428619384766,88.85428619384766,88.83012886006502,88.85428619384766,886100
2017-08-09,88.82209777832031,88.85430346710618,88.81404328423442,88.84625511679914,1210800
2017-08-10,88.83010864257812,88.83816313326506,88.82206029566747,88.83010864257812,660600
2017-08-11,88.84622955322266,88.84622955322266,88.83012056968587,88.83012056968587,578400
2017-08-14,88.86231994628906,88.86231994628906,88.8301081275044,88.84621710878484,289900
2017-08-15,88.86231994628906,88.86231994628906,88.84621710878484,88.86231994628906,318100
2017-08-16,88.87845611572266,88.87845611572266,88.85429263641032,88.86234712951443,573400
2017-08-17,88.870361328125,88.88646416325396,88.86230683867285,88.87841581757714,771000
2017-08-18,88.88651275634766,88.88651275634766,88.87040991241547,88.87040991241547,602200
2017-08-21,88.88651275634766,88.89456725020308,88.87846440627091,88.88651275634766,229100
2017-08-22,88.870361328125,88.89451865270611,88.86230683867285,88.89451865270611,480100
2017-08-23,88.88651275634766,88.88651275634766,88.87040991241547,88.87846440627091,315500
2017-08-24,88.88651275634766,88.89456725020308,88.87040991241547,88.87040991241547,263900
2017-08-25,88.89453125,88.90258574059355,88.87842841258909,88.87842841258909,319300
2017-08-28,88.89453125,88.9106402311871,88.88647675940645,88.89453125,627100
2017-08-29,88.9025650024414,88.91061949115611,88.88645602501202,88.89451051372671,536100
2017-08-30,88.9106674194336,88.9106674194336,88.88650394026392,88.88650394026392,325600
2017-08-31,88.89453125,88.9106402311871,88.87842841258909,88.90258574059355,486100
2017-09-01,88.88166046142578,88.91388774683325,88.88166046142578,88.88971420882827,298800
2017-09-05,88.91387176513672,88.92193165898927,88.8816444855219,88.8816444855219,703900
2017-09-06,88.88166046142578,88.92194764213451,88.88166046142578,88.88971420882827,764200
2017-09-07,88.92194366455078,88.93000355949151,88.90583002256783,88.91388376961005,369900
2017-09-08,88.91387176513672,88.92999155284181,88.90581801918185,88.92999155284181,1259200
2017-09-11,88.92997741699219,88.92997741699219,88.90580388717474,88.91385763184942,446300
2017-09-12,88.90585327148438,88.93002681472944,88.90585327148438,88.92196691768105,393400
2017-09-13,88.90585327148438,88.92196691768105,88.90585327148438,88.92196691768105,276400
2017-09-14,88.91387176513672,88.91387176513672,88.88969823147677,88.89775812532932,1049000
2017-09-15,88.92194366455078,88.92194366455078,88.8977701276271,88.8977701276271,276600
2017-09-18,88.89775848388672,88.92193201764417,88.89775848388672,88.89775848388672,354200
2017-09-19,88.89775848388672,88.92193201764417,88.89775848388672,88.91387212375912,245600
2017-09-20,88.92194366455078,88.93806345443224,88.90583002256783,88.92194366455078,481800
2017-09-21,88.92194366455078,88.93000355949151,88.91388376961005,88.91388376961005,665600
2017-09-22,88.92997741699219,88.92997741699219,88.9219175244208,88.92997741699219,218100
2017-09-25,88.92194366455078,88.94611720147446,88.92194366455078,88.92194366455078,702000
2017-09-26,88.94609069824219,88.95415059078131,88.92191716852149,88.92997706106061,433700
2017-09-27,88.93805694580078,88.94611069225363,88.9299970514499,88.94611069225363,735900
2017-09-28,88.94609069824219,88.95415059078131,88.92997706106061,88.93803695359973,367300
2017-09-29,88.96218872070312,88.96218872070312,88.93801519689595,88.94606893956822,1616000
2017-10-02,88.96546173095703,88.9735277631407,88.94933581916956,88.96546173095703,568500
2017-10-03,88.96546173095703,88.9735277631407,88.94933581916956,88.96546173095703,624700
2017-10-04,88.95741271972656,88.97354478718056,88.94935283858058,88.95741271972656,671000
2017-10-05,88.94931030273438,88.97350223976568,88.94931030273438,88.96543620989588,478500
2017-10-06,88.94931030273438,88.96543620989588,88.94124427286458,88.95737018002609,1470400
2017-10-09,88.96546173095703,88.9815876427445,88.94126978698591,88.94126978698591,1180000
2017-10-10,88.94931030273438,88.97350223976568,88.94124427286458,88.96543620989588,764500
2017-10-11,88.97349548339844,88.97349548339844,88.9493035482042,88.9493035482042,889200
2017-10-12,88.9815444946289,88.98961052290126,88.94929268669323,88.9815444946289,3464800
2017-10-13,88.9815444946289,88.9815444946289,88.96541859066106,88.9815444946289,1371000
2017-10-16,88.9815444946289,88.98961052290126,88.97348461893341,88.9815444946289,948500
2017-10-17,88.9815444946289,88.98961052290126,88.97348461893341,88.9815444946289,814200
2017-10-18,88.9977035522461,88.9977035522461,88.97351161266629,88.97351161266629,1985300
2017-10-19,89.00579071044922,89.00579071044922,88.98159261254673,88.98159261254673,972300
2017-10-20,88.9977035522461,89.0057695829656,88.98963752152657,89.0057695829656,287200
2017-10-23,88.9896240234375,88.99769005293355,88.9896240234375,88.9896240234375,680100
2017-10-24,88.9896240234375,89.0057560824296,88.98155799394146,88.99769005293355,528500
2017-10-25,88.9815444946289,88.99767655117361,88.9815444946289,88.99767655117361,903000
2017-10-26,88.9896240234375,89.0057560824296,88.9896240234375,88.9896240234375,542600
2017-10-27,88.9815444946289,89.01380245514146,88.9815444946289,88.98961052290126,429700
2017-10-30,88.9977035522461,89.0057695829656,88.98963752152657,88.9977035522461,309500
2017-10-31,88.9977035522461,89.0057695829656,88.98157149080707,88.9977035522461,404700
2017-11-01,88.99771118164062,89.0219290267083,88.98964472421915,89.00578379666318,508100
2017-11-02,89.00577545166016,89.00577545166016,88.98963638072928,88.98963638072928,211700
2017-11-03,89.00577545166016,89.01384806592584,88.99770283739447,89.00577545166016,318200
2017-11-06,89.00577545166016,89.01384806592584,88.99770283739447,89.01384806592584,449400
2017-11-07,88.99771118164062,89.00578379666318,88.98964472421915,89.00578379666318,290200
2017-11-08,88.99771118164062,88.99771118164062,88.98964472421915,88.99771118164062,475300
2017-11-09,89.00577545166016,89.02192068019154,88.98963638072928,88.99770283739447,788000
2017-11-10,89.00577545166016,89.01384806592584,89.00577545166016,89.00577545166016,555700
2017-11-13,89.01383209228516,89.0219047051022,89.0057594794681,89.01383209228516,375700
2017-11-14,89.01383209228516,89.0219047051022,89.0057594794681,89.01383209228516,470100
2017-11-15,89.02191162109375,89.02191162109375,89.00576639420535,89.02191162109375,430400
2017-11-16,89.00577545166016,89.02192068019154,88.99770283739447,89.02192068019154,330900
2017-11-17,89.01383209228516,89.01383209228516,88.99768686665105,88.99768686665105,503500
2017-11-20,89.01383209228516,89.01383209228516,89.0057594794681,89.01383209228516,152700
2017-11-21,89.02191162109375,89.02191162109375,89.00576639420535,89.01383900764955,550700
2017-11-22,89.02999877929688,89.02999877929688,89.00578709093416,89.00578709093416,274500
2017-11-24,89.03810119628906,89.03810119628906,89.02196211784582,89.02196211784582,273300
2017-11-27,89.0461196899414,89.0461196899414,89.0219080081913,89.02997446370826,545400
2017-11-28,89.0461196899414,89.0461196899414,89.0219080081913,89.03804707682482,522400
2017-11-29,89.0461196899414,89.0461196899414,89.0219080081913,89.03804707682482,473000
2017-11-30,89.0461196899414,89.0461196899414,89.02997446370826,89.0461196899414,442300
2017-12-01,89.05503845214844,89.05503845214844,89.03080677465364,89.04695917208849,693700
2017-12-04,89.04694366455078,89.05502294320371,89.03079126992887,89.0388705485818,1412300
2017-12-05,89.05503845214844,89.05503845214844,89.03888605471357,89.03888605471357,1011200
2017-12-06,89.05503845214844,89.06311773220837,89.04695917208849,89.05503845214844,667200
2017-12-07,89.0630874633789,89.0630874633789,89.04692890875066,89.05500818606478,319400
2017-12-08,89.07926177978516,89.07926177978516,89.06310938386434,89.06310938386434,2702200
2017-12-11,89.07926177978516,89.07926177978516,89.06310938386434,89.07118250048252,618800
2017-12-12,89.05503845214844,89.07927012964322,89.05503845214844,89.07119084958329,3002700
2017-12-13,89.0630874633789,89.07116057801011,89.05500818606478,89.0630874633789,399700
2017-12-14,89.07119750976562,89.07927679042967,89.06312439178706,89.06312439178706,523700
2017-12-15,89.07926177978516,89.07926177978516,89.05503010456172,89.06310938386434,723300
2017-12-18,89.0630874633789,89.08731913263837,89.0630874633789,89.08731913263837,660100
2017-12-19,89.07119750976562,89.07927679042967,89.06312439178706,89.07927679042967,796200
2017-12-20,89.07926177978516,89.08734105908778,89.06310938386434,89.07926177978516,1197000
2017-12-21,89.08898162841797,89.08898162841797,89.07281574260936,89.08898162841797,606500
2017-12-22,89.08898162841797,89.10515368205786,89.08090176942932,89.08090176942932,2287800
2017-12-26,89.0970230102539,89.10510903302209,89.08893698748572,89.08893698748572,808700
2017-12-27,89.08898162841797,89.1132397088778,89.08898162841797,89.10515368205786,640100
2017-12-28,89.12126922607422,89.12126922607422,89.08893130489241,89.08893130489241,374300
2017-12-29,89.12126922607422,89.12126922607422,89.10510334939723,89.12126922607422,533300
2018-01-02,89.11322784423828,89.12130770215117,89.09705579275156,89.12130770215117,692300
2018-01-03,89.11322784423828,89.12130770215117,89.09705579275156,89.10514181849491,546700
2018-01-04,89.12938690185547,89.12938690185547,89.1051349943132,89.11322101943729,553000
2018-01-05,89.12938690185547,89.13747292697956,89.11322101943729,89.12130087673138,240100
2018-01-08,89.12938690185547,89.13747292697956,89.12130087673138,89.12938690185547,433500
2018-01-09,89.12938690185547,89.13747292697956,89.12130087673138,89.12130087673138,410700
2018-01-10,89.12126922607422,89.13744127057903,89.11318937164963,89.12935524832663,1411000
2018-01-11,89.12938690185547,89.13747292697956,89.12130087673138,89.12938690185547,780900
2018-01-12,89.13745880126953,89.1455386572832,89.12937277742685,89.12937277742685,703300
2018-01-16,89.14557647705078,89.1617485315971,89.13749661760924,89.14557647705078,1013900
2018-01-17,89.15362548828125,89.16171151219714,89.14553946436536,89.14553946436536,847100
2018-01-18,89.16169738769531,89.16978341033027,89.14552534242542,89.15361136506037,527100
2018-01-19,89.16169738769531,89.16978341033027,89.16169738769531,89.16978341033027,1240800
2018-01-22,89.16978454589844,89.17786440080819,89.16169852316052,89.16169852316052,850800
2018-01-23,89.16169738769531,89.18594928777208,89.16169738769531,89.16978341033027,534200
2018-01-24,89.17789459228516,89.18598061776063,89.16981473463994,89.16981473463994,1512900
2018-01-25,89.18598175048828,89.19406777606646,89.17789572491012,89.18598175048828,2442200
2018-01-26,89.19404602050781,89.20212587628487,89.18595999690191,89.19404602050781,1028000
2018-01-29,89.19404602050781,89.20212587628487,89.18595999690191,89.18595999690191,628000
2018-01-30,89.19404602050781,89.21021189989075,89.18595999690191,89.19404602050781,1244000
2018-01-31,89.23445129394531,89.23445129394531,89.18594749476694,89.20211337188374,826800
2018-02-01,89.19402313232422,89.21020367292039,89.19402313232422,89.21020367292039,1809900
2018-02-02,89.21021270751953,89.21830606534856,89.1940321652847,89.21021270751953,1202200
2018-02-05,89.23445892333984,89.25064563397609,89.21018503080676,89.25064563397609,1039500
2018-02-06,89.21021270751953,89.22639324975437,89.20211934969052,89.21830606534856,2899500
2018-02-07,89.21021270751953,89.21021270751953,89.1940321652847,89.20211934969052,1178100
2018-02-08,89.21829223632812,89.21829223632812,89.18592498345224,89.21019887975359,4538100
2018-02-09,89.21021270751953,89.22639324975437,89.1940321652847,89.20211934969052,2251800
2018-02-12,89.21021270751953,89.21830606534856,89.1940321652847,89.1940321652847,1132500
2018-02-13,89.19402313232422,89.21020367292039,89.18592977531483,89.21020367292039,1044900
2018-02-14,89.19402313232422,89.21020367292039,89.19402313232422,89.21020367292039,457900
2018-02-15,89.21021270751953,89.21830606534856,89.1940321652847,89.1940321652847,933600
2018-02-16,89.22640991210938,89.22640991210938,89.21832272619334,89.21832272619334,1167500
2018-02-20,89.21829223632812,89.23447277605494,89.21019887975359,89.21019887975359,2552500
2018-02-21,89.23445892333984,89.24255227865797,89.21827838612488,89.23445892333984,689300
2018-02-22,89.23445892333984,89.24255227865797,89.22636556802172,89.23445892333984,1557800
2018-02-23,89.24256134033203,89.25065469647195,89.23446798419211,89.24256134033203,525000
2018-02-26,89.23445892333984,89.25873281587292,89.23445892333984,89.25873281587292,538700
2018-02-27,89.24256134033203,89.25065469647195,89.21828744533418,89.24256134033203,1575600
2018-02-28,89.24256134033203,89.25065469647195,89.23446798419211,89.25065469647195,650300
2018-03-01,89.26199340820312,89.27819539759953,89.24579759805516,89.26199340820312,1217500
2018-03-02,89.25391387939453,89.27011587268757,89.25391387939453,89.26201487604105,624300
2018-03-05,89.25391387939453,89.27821686933409,89.25391387939453,89.27011587268757,1166800
2018-03-06,89.26199340820312,89.27819539759953,89.25389241350493,89.26199340820312,385900
2018-03-07,89.27009582519531,89.28629163560132,89.27009582519531,89.27819682002259,250000
2018-03-08,89.29439544677734,89.29439544677734,89.27009864077775,89.27009864077775,704800
2018-03-09,89.29439544677734,89.30249644186013,89.28629445169457,89.28629445169457,1899200
2018-03-12,89.29439544677734,89.30249644186013,89.28629445169457,89.29439544677734,428700
2018-03-13,89.302490234375,89.302490234375,89.28628824533565,89.302490234375,893100
2018-03-14,89.29439544677734,89.31059125769417,89.29439544677734,89.30249644186013,929000
2018-03-15,89.28629302978516,89.30249501969269,89.28629302978516,89.30249501969269,788600
2018-03-16,89.31061553955078,89.31061553955078,89.29441972423064,89.31061553955078,3932900
2018-03-19,89.302490234375,89.31868604416604,89.29438923985533,89.302490234375,328400
2018-03-20,89.302490234375,89.31058504964636,89.29438923985533,89.302490234375,1647600
2018-03-21,89.33489227294922,89.33489227294922,89.30249447258127,89.30249447258127,4587000
2018-03-22,89.31061553955078,89.3430133494415,89.31061553955078,89.33491853140663,3194400
2018-03-23,89.34300231933594,89.35110331562109,89.32680650601529,89.34300231933594,1908300
2018-03-26,89.33489227294922,89.3510880835089,89.33489227294922,89.33489227294922,1225800
2018-03-27,89.3672866821289,89.3672866821289,89.33489505999901,89.33489505999901,2095500
2018-03-28,89.35114288330078,89.3673387037935,89.35114288330078,89.35924388317332,6879500
2018-03-29,89.39161682128906,89.39161682128906,89.35111801245155,89.35111801245155,723500
2018-04-02,89.38594818115234,89.38594818115234,89.36973576481736,89.38594818115234,1706400
2018-04-03,89.38594818115234,89.38594818115234,89.36973576481736,89.37783888019273,3092000
2018-04-04,89.39401245117188,89.40211556246541,89.3859031542972,89.39401245117188,5677700
2018-04-05,89.40215301513672,89.40215301513672,89.38594060017675,89.3940499004486,3626700
2018-04-06,89.40215301513672,89.41026231540857,89.40215301513672,89.41026231540857,859500
2018-04-09,89.4183578491211,89.4183578491211,89.40213925107435,89.4183578491211,563800
2018-04-10,89.41023254394531,89.41834184151696,89.41023254394531,89.41834184151696,428100
2018-04-11,89.4183578491211,89.4183578491211,89.40213925107435,89.40213925107435,846400
2018-04-12,89.4183578491211,89.43457026158505,89.41024855009772,89.42646714814445,2626200
2018-04-13,89.42642974853516,89.42642974853516,89.41832045290322,89.41832045290322,1605000
2018-04-16,89.42642974853516,89.42642974853516,89.41021115727129,89.42642974853516,835900
2018-04-17,89.42642974853516,89.43453285858689,89.41832045290322,89.42642974853516,1006200
2018-04-18,89.42642974853516,89.43453285858689,89.41021115727129,89.42642974853516,1762400
2018-04-19,89.4345474243164,89.44265672126905,89.42644431294497,89.4345474243164,2876500
2018-04-20,89.44268035888672,89.44268035888672,89.42646794627807,89.44268035888672,806400
2018-04-23,89.44268035888672,89.44268035888672,89.42646794627807,89.43457105979097,826500
2018-04-24,89.45079803466797,89.45079803466797,89.43457943495767,89.44268873481282,2147700
2018-04-25,89.45079803466797,89.45079803466797,89.43457943495767,89.45079803466797,868000
2018-04-26,89.4588623046875,89.46697160102148,89.45075919393426,89.4588623046875,1651700
2018-04-27,89.4751205444336,89.4751205444336,89.45890194457905,89.45890194457905,641500
2018-04-30,89.4751205444336,89.4751205444336,89.45890194457905,89.46701124450632,604300
2018-05-01,89.48567199707031,89.48567199707031,89.47755364893436,89.48567199707031,748000
2018-05-02,89.48567199707031,89.48567199707031,89.46132314514766,89.46944149328363,848100
2018-05-03,89.48567199707031,89.50190250085701,89.48567199707031,89.48567199707031,2063000
2018-05-04,89.50189208984375,89.50189208984375,89.48566158794502,89.48566158794502,4347700
2018-05-07,89.50997161865234,89.50997161865234,89.48562278012152,89.50185327498146,1691800
2018-05-08,89.50189208984375,89.51001043703536,89.49377993513663,89.51001043703536,1210100
2018-05-09,89.50997161865234,89.50997161865234,89.49374112379239,89.49374112379239,1288200
2018-05-10,89.51814270019531,89.51814270019531,89.501906003288,89.51002435174165,745900
2018-05-11,89.52621459960938,89.52621459960938,89.50997791112619,89.52621459960938,960300
2018-05-14,89.51814270019531,89.52626104864896,89.51002435174165,89.52626104864896,1319600
2018-05-15,89.53433990478516,89.53433990478516,89.51810940639982,89.51810940639982,1114700
2018-05-16,89.52621459960938,89.54244509561032,89.52621459960938,89.53432675136872,2602700
2018-05-17,89.55061340332031,89.55061340332031,89.53437670577809,89.5424950545492,632600
2018-05-18,89.55061340332031,89.55872555960572,89.53437670577809,89.5424950545492,1704900
2018-05-21,89.54248809814453,89.55060644628495,89.54248809814453,89.55060644628495,663000
2018-05-22,89.54248809814453,89.55871860194013,89.54248809814453,89.55871860194013,1054200
2018-05-23,89.57495880126953,89.57495880126953,89.55060994838131,89.55872210435373,1773100
2018-05-24,89.57495880126953,89.59118930569986,89.56684045281163,89.57495880126953,774700
2018-05-25,89.59930419921875,89.59930419921875,89.58307369541427,89.59930419921875,441500
2018-05-29,89.62360382080078,89.63172216448622,89.59113663854086,89.5992549822263,1328500
2018-05-30,89.60739135742188,89.62362185557696,89.5992730121028,89.62362185557696,1190700
2018-05-31,89.61552429199219,89.62363644614882,89.60740594535145,89.60740594535145,2275500
2018-06-01,89.61390686035156,89.62203536794065,89.60578455299711,89.62203536794065,1625700
2018-06-04,89.62198638916016,89.62198638916016,89.60573558309774,89.62198638916016,1859400
2018-06-05,89.62198638916016,89.62198638916016,89.60573558309774,89.61385788601334,1541800
2018-06-06,89.62198638916016,89.62198638916016,89.61385788601334,89.62198638916016,879600
2018-06-07,89.63016510009766,89.63829360779779,89.61390808469737,89.6220365923975,2576200
2018-06-08,89.63826751708984,89.63826751708984,89.63013901175565,89.63826751708984,945000
2018-06-11,89.6463851928711,89.6463851928711,89.63826288818922,89.6463851928711,949500
2018-06-12,89.6463851928711,89.65451369778555,89.63826288818922,89.63826288818922,1185900
2018-06-13,89.6463851928711,89.65451369778555,89.63826288818922,89.65451369778555,1172700
2018-06-14,89.66267395019531,89.66267395019531,89.65454544240275,89.66267395019531,1335600
2018-06-15,89.67076873779297,89.67076873779297,89.66264643272791,89.67076873779297,641400
2018-06-18,89.67076873779297,89.68702574838883,89.67076873779297,89.67076873779297,1193500
2018-06-19,89.68706512451172,89.68706512451172,89.6708081067784,89.6708081067784,774200
2018-06-20,89.67891693115234,89.69517394531726,89.67891693115234,89.69517394531726,1950800
2018-06-21,89.71142578125,89.71142578125,89.69517496713418,89.70329727407494,1845700
2018-06-22,89.71142578125,89.71142578125,89.69517496713418,89.70329727407494,926900
2018-06-25,89.71952056884766,89.71952056884766,89.70326356060745,89.71952056884766,1126400
2018-06-26,89.7276840209961,89.7276840209961,89.71142700642395,89.71955551371002,1508400
2018-06-27,89.73576354980469,89.73576354980469,89.71951274321391,89.71951274321391,1622200
2018-06-28,89.7276840209961,89.74393483533383,89.7276840209961,89.74393483533383,2293900
2018-06-29,89.75204467773438,89.75204467773438,89.73578766654306,89.74391617213873,1629100
2018-07-02,89.75288391113281,89.76102354813077,89.73660463713689,89.76102354813077,2060300
2018-07-03,89.76097869873047,89.76097869873047,89.74469943286856,89.74469943286856,738200
2018-07-05,89.77729034423828,89.77729034423828,89.75287764367303,89.76915070780872,1853900
2018-07-06,89.77729034423828,89.78542998066784,89.76101728010259,89.78542998066784,1694800
2018-07-09,89.77729034423828,89.77729034423828,89.76915070780872,89.77729034423828,1014600
2018-07-10,89.77729034423828,89.78542998066784,89.76915070780872,89.78542998066784,981500
2018-07-11,89.79354095458984,89.79354095458984,89.78540752891757,89.79354095458984,629700
2018-07-12,89.80168151855469,89.80168151855469,89.79354188407626,89.80168151855469,789900
2018-07-13,89.80168151855469,89.80982115303311,89.79354188407626,89.80168151855469,595100
2018-07-16,89.8098373413086,89.8098373413086,89.7935580694174,89.8098373413086,1688300
2018-07-17,89.8098373413086,89.8098373413086,89.7935580694174,89.8098373413086,887400
2018-07-18,89.81795501708984,89.81795501708984,89.80167574917887,89.81795501708984,1445200
2018-07-19,89.81795501708984,89.83422807627926,89.80981538313436,89.83422807627926,1270700
2018-07-20,89.82610321044922,89.84238248103664,89.82610321044922,89.84238248103664,571600
2018-07-23,89.834228515625,89.8423681496203,89.8260888816297,89.8423681496203,844000
2018-07-24,89.834228515625,89.8423681496203,89.8260888816297,89.834228515625,476500
2018-07-25,89.84236907958984,89.85050871366938,89.8342294455103,89.85050871366938,823000
2018-07-26,89.85865020751953,89.85865020751953,89.8423771466209,89.85051678143132,1847000
2018-07-27,89.85053253173828,89.86680559548948,89.85053253173828,89.86680559548948,1678700
2018-07-30,89.85865020751953,89.87492947714036,89.85865020751953,89.87492947714036,1264900
2018-07-31,89.86678314208984,89.88305620177519,89.86678314208984,89.88305620177519,835300
2018-08-01,89.87089538574219,89.88719902165708,89.87089538574219,89.87904720369964,1571200
2018-08-02,89.88719177246094,89.89534358976097,89.88719177246094,89.88719177246094,479700
2018-08-03,89.9034652709961,89.9034652709961,89.88716785874657,89.88716785874657,892900
2018-08-06,89.89529418945312,89.91159159708249,89.89529418945312,89.91159159708249,1332800
2018-08-07,89.9034652709961,89.9116170861274,89.89531967387786,89.9116170861274,663000
2018-08-08,89.9034652709961,89.9116170861274,89.89531967387786,89.9034652709961,557800
2018-08-09,89.91979217529297,89.91979217529297,89.91164035805173,89.91164035805173,872000
2018-08-10,89.93606567382812,89.93606567382812,89.91976826169451,89.93606567382812,667100
2018-08-13,89.92789459228516,89.94419821893885,89.92789459228516,89.936046405612,1412400
2018-08-14,89.94422912597656,89.94422912597656,89.92792549372055,89.94422912597656,737200
2018-08-15,89.94422912597656,89.95238094210458,89.93607730984856,89.93607730984856,1110500
2018-08-16,89.95235443115234,89.96050002686583,89.95235443115234,89.95235443115234,590300
2018-08-17,89.96865844726562,89.97681026158972,89.95236103662987,89.95236103662987,1073900
2018-08-20,89.976806640625,89.98495845462105,89.96050301263291,89.96865482662895,588500
2018-08-21,89.98497772216797,89.98497772216797,89.97682590642646,89.97682590642646,1213700
2018-08-22,89.99311828613281,89.99311828613281,89.97682087357492,89.98497268886045,573800
2018-08-23,89.98497772216797,90.00127513563746,89.98497772216797,90.00127513563746,751800
2018-08-24,89.99311828613281,90.00942191670389,89.99311828613281,89.99311828613281,631900
2018-08-27,89.99311828613281,90.00942191670389,89.99311828613281,90.00942191670389,833900
2018-08-28,90.00126647949219,90.00941829444967,90.00126647949219,90.00941829444967,878700
2018-08-29,90.00942993164062,90.01757552963831,90.0012781156292,90.0012781156292,789100
2018-08-30,90.017578125,90.0338817574929,90.017578125,90.017578125,1344800
2018-08-31,90.0257339477539,90.03388576436315,90.0257339477539,90.03388576436315,722000
2018-09-04,90.03631591796875,90.04447429104243,90.02815131712936,90.03631591796875,1793600
2018-09-05,90.04449462890625,90.04449462890625,90.0281716513064,90.04449462890625,590300
2018-09-06,90.05266571044922,90.0608303137201,90.04450110717833,90.0608303137201,1181300
2018-09-07,90.06084442138672,90.06084442138672,90.05267981683689,90.06084442138672,1182200
2018-09-10,90.06896209716797,90.06896209716797,90.05263912321297,90.06896209716797,571500
2018-09-11,90.06896209716797,90.06896209716797,90.05263912321297,90.05263912321297,1507500
2018-09-12,90.07714080810547,90.07714080810547,90.06081783159357,90.06897620596617,1218400
2018-09-13,90.06896209716797,90.08529129888869,90.06896209716797,90.08529129888869,718800
2018-09-14,90.07714080810547,90.08530541024477,90.07714080810547,90.07714080810547,788000
2018-09-17,90.09346771240234,90.09346771240234,90.0771385085406,90.0771385085406,664800
2018-09-18,90.08531951904297,90.09348412246098,90.07715491562496,90.09348412246098,1291500
2018-09-19,90.07714080810547,90.09347001238407,90.07714080810547,90.09347001238407,876600
2018-09-20,90.09346771240234,90.10979068849754,90.09346771240234,90.09346771240234,610000
2018-09-21,90.10978698730469,90.10978698730469,90.09346401187995,90.10162238570918,4616200
2018-09-24,90.10978698730469,90.1179515889002,90.10162238570918,90.10162238570918,1190300
2018-09-25,90.10978698730469,90.10978698730469,90.10162238570918,90.10978698730469,1163900
2018-09-26,90.12613677978516,90.12613677978516,90.10980757286373,90.11797217632444,702800
2018-09-27,90.14244079589844,90.14244079589844,90.12611782017854,90.12611782017854,827900
2018-09-28,90.150634765625,90.150634765625,90.13430555681921,90.1424701612221,1323400
2018-10-01,90.16043853759766,90.16043853759766,90.15226669442428,90.16043853759766,1606200
2018-10-02,90.15225219726562,90.16860211903139,90.14407411735912,90.1604240391249,1129100
2018-10-03,90.16859436035156,90.16859436035156,90.14406636078984,90.16859436035156,1039200
2018-10-04,90.18492889404297,90.18492889404297,90.16039466231742,90.16039466231742,1289100
2018-10-05,90.18492889404297,90.19310073323963,90.16857273955927,90.18492889404297,1326200
2018-10-08,90.19312286376953,90.19312286376953,90.16859486407078,90.19312286376953,505600
2018-10-09,90.19312286376953,90.19312286376953,90.16859486407078,90.19312286376953,2452200
2018-10-10,90.19312286376953,90.19312286376953,90.17677294331928,90.19312286376953,904300
2018-10-11,90.20132446289062,90.2176743876041,90.1931463815097,90.1931463815097,3279900
2018-10-12,90.21763610839844,90.2258141863094,90.2012861906222,90.2012861906222,1179600
2018-10-15,90.21763610839844,90.2258141863094,90.20946426853317,90.2258141863094,754800
2018-10-16,90.22583770751953,90.23401578756247,90.209487785481,90.22583770751953,1252200
2018-10-17,90.20948791503906,90.23401591715576,90.20948791503906,90.2176597570464,1129200
2018-10-18,90.2503662109375,90.2503662109375,90.22583820871978,90.22583820871978,1968500
2018-10-19,90.2503662109375,90.2503662109375,90.23401628880814,90.23401628880814,841000
2018-10-22,90.2503662109375,90.25854429102587,90.23401628880814,90.2503662109375,782200
2018-10-23,90.2585678100586,90.26674589227795,90.24221788366887,90.25038972783923,2134400
2018-10-24,90.26669311523438,90.26669311523438,90.25033696035877,90.26669311523438,1778100
2018-10-25,90.28305053710938,90.29122861522701,90.26670061891997,90.28305053710938,2977300
2018-10-26,90.29122924804688,90.29122924804688,90.27487932974287,90.28305116987192,1746300
2018-10-29,90.29122924804688,90.29940732622183,90.27487932974287,90.29940732622183,2443900
2018-10-30,90.29943084716797,90.29943084716797,90.28307468655765,90.29125276686281,2043500
2018-10-31,90.30760192871094,90.30760192871094,90.28307392604962,90.29943008652215,2635600
2018-11-01,90.32069396972656,90.32888584400581,90.3043164697373,90.32069396972656,2913600
2018-11-02,90.31253051757812,90.32072239443542,90.31253051757812,90.32072239443542,737100
2018-11-05,90.32069396972656,90.32888584400581,90.31250209544731,90.32888584400581,2763200
2018-11-06,90.31253051757812,90.32891427129273,90.31253051757812,90.32891427129273,808900
2018-11-07,90.32888793945312,90.32888793945312,90.32069606498384,90.32888793945312,1700600
2018-11-08,90.33706665039062,90.35344414837336,90.33706665039062,90.34525227509775,1654600
2018-11-09,90.34526062011719,90.35345249414945,90.34526062011719,90.35345249414945,4127200
2018-11-12,90.37805938720703,90.37805938720703,90.35349000347956,90.369867509774,865000
2018-11-13,90.36981201171875,90.36981201171875,90.35343451548209,90.36162638788433,1226000
2018-11-14,90.37805938720703,90.37805938720703,90.3616818809126,90.369867509774,2161400
2018-11-15,90.38621520996094,90.39440708412629,90.38621520996094,90.38621520996094,1647100
2018-11-16,90.39442443847656,90.40261006564425,90.3862325627385,90.40261006564425,7548900
2018-11-19,90.41081237792969,90.41081237792969,90.3944348731334,90.41081237792969,1518600
2018-11-20,90.41897583007812,90.41897583007812,90.41078395596968,90.41897583007812,1940600
2018-11-21,90.41897583007812,90.4353533297259,90.41897583007812,90.4353533297259,6371100
2018-11-23,90.44351196289062,90.44351196289062,90.42713446926211,90.43532009179296,1060100
2018-11-26,90.44351196289062,90.44351196289062,90.43532009179296,90.44351196289062,2793200
2018-11-27,90.45174407958984,90.45174407958984,90.43536033010474,90.4435522048473,1868900
2018-11-28,90.45990753173828,90.45990753173828,90.4353381621028,90.45172190757184,1819300
2018-11-29,90.46812438964844,90.47631626464536,90.45993251465151,90.46812438964844,1521000
2018-11-30,90.47630310058594,90.48449497439096,90.4681112267809,90.47630310058594,2973900
2018-12-03,90.4844970703125,90.4844970703125,90.45988536993288,90.46808509717023,3200500
2018-12-04,90.4844970703125,90.49270305688363,90.46808509717023,90.4844970703125,1923500
2018-12-06,90.5091552734375,90.51736126422479,90.4927495511999,90.5091552734375,4217900
2018-12-07,90.51731872558594,90.52551845318278,90.50090675172417,90.51731872558594,2184600
2018-12-10,90.52550506591797,90.53371105163532,90.50909935381638,90.52550506591797,2404200
2018-12-11,90.51731872558594,90.53372444011367,90.51731872558594,90.52551845318278,1986100
2018-12-12,90.53377532958984,90.53377532958984,90.51736960584037,90.53377532958984,1124700
2018-12-13,90.55016326904297,90.55836299907166,90.54195727967839,90.54195727967839,1342100
2018-12-14,90.55836486816406,90.56657085769801,90.54195914843217,90.55016513796613,1553400
2018-12-17,90.57477569580078,90.57477569580078,90.5501639868478,90.5583637169415,2664700
2018-12-18,90.58381652832031,90.59203748540877,90.56738088489632,90.58381652832031,2425100
2018-12-19,90.59201049804688,90.59201049804688,90.57556858876802,90.58378954340745,2932900
2018-12-20,90.60845184326172,90.61667279841892,90.59201620369878,90.60845184326172,5155500
2018-12-21,90.62491607666016,90.62491607666016,90.6084741622957,90.61669511947794,7556600
2018-12-24,90.61671447753906,90.63315012466158,90.61671447753906,90.62493543647749,11198800
2018-12-26,90.61671447753906,90.6413710836,90.61671447753906,90.62493543647749,2851700
2018-12-27,90.65775299072266,90.65775299072266,90.64131108372949,90.64953203722607,2532400
2018-12-28,90.67420196533203,90.67420196533203,90.64954537196544,90.66598101062614,5192600
2018-12-31,90.65775299072266,90.67418862696563,90.64953203722607,90.66596767346905,3434400
2019-01-02,90.66596221923828,90.69061880749457,90.65774753698607,90.67418317224032,11493700
2019-01-03,90.69888305664062,90.72353965666701,90.68244741354064,90.68244741354064,2855400
2019-01-04,90.7235107421875,90.7235107421875,90.69885415001941,90.70707510432571,4436600
2019-01-07,90.7235107421875,90.73173169649381,90.70707510432571,90.7235107421875,2822000
2019-01-08,90.71530151367188,90.72351619772134,90.70708055887121,90.72351619772134,1497700
2019-01-09,90.70707702636719,90.73173361905774,90.70707702636719,90.72351266457724,4548700
2019-01-10,90.73176574707031,90.75642234849174,90.72354478967878,90.73176574707031,1985800
2019-01-11,90.75639343261719,90.75639343261719,90.73173683905159,90.7481787485961,1886500
2019-01-14,90.7646484375,90.7646484375,90.74821279254087,90.75642747964368,2135600
2019-01-15,90.77286529541016,90.77286529541016,90.74820869370838,90.75642338044015,3886400
2019-01-16,90.75639343261719,90.7728353421617,90.75639343261719,90.76461438738944,1628300
2019-01-17,90.78105926513672,90.79750117635454,90.78105926513672,90.78105926513672,4725200
2019-01-18,90.80573272705078,90.80573272705078,90.78106985734641,90.80573272705078,4056800
2019-01-22,90.79750061035156,90.81393625071514,90.7892796547939,90.79750061035156,2397400
2019-01-23,90.79750061035156,90.81393625071514,90.79750061035156,90.80572156590924,2143000
2019-01-24,90.83040618896484,90.83040618896484,90.82218523087047,90.82218523087047,2122100
2019-01-25,90.83040618896484,90.83862087630551,90.82218523087047,90.83040618896484,1404300
2019-01-28,90.83040618896484,90.84684183439988,90.83040618896484,90.83862087630551,1895700
2019-01-29,90.82217407226562,90.84683067276568,90.82217407226562,90.83039502934994,1710500
2019-01-30,90.84681701660156,90.84681701660156,90.83038137565644,90.838596060753,1629500
2019-01-31,90.87970733642578,90.87970733642578,90.85505073616825,90.85505073616825,2889300
2019-02-01,90.88628387451172,90.88628387451172,90.8698109748076,90.88628387451172,5633200
2019-02-04,90.88628387451172,90.88628387451172,90.87804742465967,90.87804742465967,2076900
2019-02-05,90.8780288696289,90.90273193157088,90.8780288696289,90.88626531779929,3846600
2019-02-06,90.90277099609375,90.91100744780366,90.89453454438383,90.89453454438383,1594800
2019-02-07,90.91098022460938,90.92744684052643,90.91098022460938,90.91098022460938,1252800
2019-02-08,90.92744445800781,90.93568090703552,90.92744445800781,90.93568090703552,1263400
2019-02-11,90.92744445800781,90.94391735606321,90.92744445800781,90.92744445800781,1309200
2019-02-12,90.91922760009766,90.93569421799359,90.91922760009766,90.93569421799359,3730800
2019-02-13,90.92744445800781,90.93568090703552,90.92744445800781,90.93568090703552,2300300
2019-02-14,90.95215606689453,90.96862896649745,90.95215606689453,90.95215606689453,1955700
2019-02-15,90.9686279296875,90.9686279296875,90.9603914799799,90.9603914799799,1513700
2019-02-19,90.97687530517578,90.98510547330143,90.96863885447905,90.96863885447905,2378800
2019-02-20,90.97687530517578,90.98510547330143,90.97687530517578,90.97687530517578,1811400
2019-02-21,91.00159454345703,91.00159454345703,90.98512163913672,91.00159454345703,11274600
2019-02-22,91.00159454345703,91.00982471304498,90.99335809129688,91.00982471304498,1177900
2019-02-25,91.00159454345703,91.00982471304498,90.99335809129688,91.00159454345703,5606300
2019-02-26,91.00159454345703,91.01806116520514,91.00159454345703,91.00982471304498,2365300
2019-02-27,91.02629852294922,91.02629852294922,91.00982561846503,91.01806207070712,1043800
2019-02-28,91.02629852294922,91.0345349751913,91.02629852294922,91.0345349751913,1278800
2019-03-01,91.03865051269531,91.04690301418967,91.03040430601521,91.03865051269531,2753100
2019-03-04,91.05514526367188,91.05514526367188,91.03864026254148,91.03864026254148,1597000
2019-03-05,91.04692840576172,91.05518090955756,91.03867590196586,91.04692840576172,1701400
2019-03-06,91.06339263916016,91.06339263916016,91.04688763895865,91.0551401390594,2242400
2019-03-07,91.0799331665039,91.0799331665039,91.07168066261379,91.07168066261379,1483900
2019-03-08,91.0964126586914,91.0964126586914,91.07990765553413,91.08816015711277,5348200
2019-03-11,91.0799331665039,91.09643817428415,91.0799331665039,91.09643817428415,1280800
2019-03-12,91.0964126586914,91.10465886545572,91.08816015711277,91.08816015711277,3320600
2019-03-13,91.1129150390625,91.1129150390625,91.09641633005461,91.10466253715127,3109800
2019-03-14,91.1129150390625,91.12941374807039,91.1129150390625,91.12116754097373,1186300
2019-03-15,91.1376724243164,91.1376724243164,91.12117371419077,91.12117371419077,1072200
2019-03-18,91.12117004394531,91.1376687534064,91.12117004394531,91.1376687534064,2360600
2019-03-19,91.14593505859375,91.14593505859375,91.12118384324644,91.14593505859375,3057000
2019-03-20,91.15418243408203,91.15418243408203,91.1459299311586,91.1459299311586,2457800
2019-03-21,91.16242980957031,91.17068231259941,91.16242980957031,91.16242980957031,3991800
2019-03-22,91.18719482421875,91.18719482421875,91.17069611047906,91.17894861475709,2037200
2019-03-25,91.18719482421875,91.1954473284968,91.18719482421875,91.1954473284968,1348800
2019-03-26,91.20370483398438,91.20370483398438,91.18719982452323,91.19545232925381,1819400
2019-03-27,91.19539642333984,91.21190142268286,91.19539642333984,91.21190142268286,1143200
2019-03-28,91.22016906738281,91.22842156899394,91.21192286058603,91.22016906738281,4010000
2019-03-29,91.22844696044922,91.22844696044922,91.2201944565412,91.2201944565412,2435200
2019-04-01,91.22843933105469,91.24497724298762,91.22843933105469,91.24497724298762,1879100
2019-04-02,91.25321197509766,91.25321197509766,91.23668037558747,91.24494932902427,2583300
2019-04-03,91.23668670654297,91.26148726121089,91.23668670654297,91.2532183072003,4651700
2019-04-04,91.27802276611328,91.27802276611328,91.26148485852751,91.26975381232039,863000
2019-04-05,91.26976013183594,91.27802908620136,91.2614911774705,91.27802908620136,1130500
2019-04-08,91.28627014160156,91.28627014160156,91.26973854414499,91.2780074965546,2513800
2019-04-09,91.26976013183594,91.28629173320267,91.26976013183594,91.27802908620136,3409900
2019-04-10,91.29456329345703,91.29456329345703,91.27803169161842,91.27803169161842,1519900
2019-04-11,91.31935119628906,91.31935119628906,91.29455064328548,91.29455064328548,2044600
2019-04-12,91.31935119628906,91.31935119628906,91.30281959674114,91.3110822428334,3353200
2019-04-15,91.31111145019531,91.31938040629595,91.31111145019531,91.31111145019531,981800
2019-04-16,91.32764434814453,91.32764434814453,91.31110643685126,91.31110643685126,920300
2019-04-17,91.3524169921875,91.3524169921875,91.32761644019126,91.32761644019126,818300
2019-04-18,91.34416198730469,91.35243094168716,91.33589934028636,91.34416198730469,521400
2019-04-22,91.34416198730469,91.35243094168716,91.34416198730469,91.34416198730469,1418400
2019-04-23,91.34416198730469,91.35243094168716,91.34416198730469,91.34416198730469,1646500
2019-04-24,91.37721252441406,91.37721252441406,91.35241197378022,91.35241197378022,1760900
2019-04-25,91.39376068115234,91.39376068115234,91.17881203927749,91.37722277396622,1710600
2019-04-26,91.40201568603516,91.40201568603516,91.38548408759463,91.39375304049639,641800
2019-04-29,91.40201568603516,91.40201568603516,91.0630643054189,91.40201568603516,714100
2019-04-30,91.40201568603516,91.40201568603516,91.39375304049639,91.40201568603516,1426400
2019-05-01,91.41691589355469,91.42520118207842,91.40863060503095,91.40863060503095,1677300
2019-05-02,91.43351745605469,91.43351745605469,91.41695319207236,91.42523848397653,1104700
2019-05-03,91.43351745605469,91.44180274795886,91.41695319207236,91.43351745605469,1476000
2019-05-06,91.44181823730469,91.44181823730469,91.42525397051652,91.44181823730469,1079800
2019-05-07,91.4500732421875,91.4500732421875,91.43350266106046,91.43350266106046,1045400
2019-05-08,91.4500732421875,91.45835853275102,91.44178795162398,91.44178795162398,1127200
2019-05-09,91.4749526977539,91.4749526977539,91.45838843103691,91.45838843103691,1210500
2019-05-10,91.4749526977539,91.48323799102593,91.28442887145958,91.4749526977539,1004400
2019-05-13,91.49148559570312,91.49148559570312,91.47492133466534,91.47492133466534,1788700
2019-05-14,91.49978637695312,91.49978637695312,91.48322211311103,91.4915010851191,3845000
2019-05-15,91.49978637695312,91.50807166878715,91.4915010851191,91.49978637695312,1162600
2019-05-16,91.5246353149414,91.5246353149414,91.5080710512111,91.5080710512111,1185500
2019-05-17,91.5246353149414,91.5246353149414,91.51635634298921,91.51635634298921,770000
2019-05-20,91.51634979248047,91.53291405502515,91.51634979248047,91.52462876384007,716900
2019-05-21,91.53291320800781,91.53291320800781,91.5246279168994,91.5246279168994,701300
2019-05-22,91.54120635986328,91.54120635986328,91.38381741441556,91.53292106804342,1583700
2019-05-23,91.5660629272461,91.5660629272461,91.55777763479178,91.55777763479178,974800
2019-05-24,91.57433319091797,91.58261216218715,91.55776260872882,91.57433319091797,1600400
2019-05-28,91.57433319091797,91.58261216218715,91.5660478998234,91.57433319091797,1496600
2019-05-29,91.57433319091797,91.59089745328173,91.57433319091797,91.58261216218715,2360300
2019-05-30,91.59920501708984,91.60748399037209,91.59091972398066,91.59091972398066,1523500
2019-05-31,91.62403106689453,91.62403106689453,91.60746048492801,91.60746048492801,3181800
2019-06-03,91.65802764892578,91.65802764892578,91.35922346703639,91.64143023103207,4214000
2019-06-04,91.6497573852539,91.66636114134987,91.43395921582672,91.66636114134987,2761200
2019-06-05,91.68297576904297,91.69127764864878,91.66637834231008,91.67467388943716,13528500
2019-06-06,91.69957733154297,91.70787287847132,91.69127545213604,91.69957733154297,16050900
2019-06-07,91.7078628540039,91.73276215702442,91.7078628540039,91.72446661100284,13568800
2019-06-10,91.72447204589844,91.72447204589844,91.7078682879157,91.71617016690708,2968100
2019-06-11,91.71617889404297,91.7244807738243,91.52527365394567,91.71617889404297,1902800
2019-06-12,91.72447204589844,91.73276759241156,91.71617016690708,91.71617016690708,1172700
2019-06-13,91.76594543457031,91.76594543457031,91.73274425952805,91.73274425952805,1496600
2019-06-14,91.7742919921875,91.7742919921875,91.75769456282416,91.75769456282416,1816900
2019-06-17,91.7742919921875,91.7742919921875,91.75769456282416,91.76599011126596,2754800
2019-06-18,91.7742919921875,91.7742919921875,91.75769456282416,91.7742919921875,1756400
2019-06-19,91.7742919921875,91.79088942155084,91.75769456282416,91.7742919921875,1404600
2019-06-20,91.82402801513672,91.83232989039875,91.80743059708804,91.80743059708804,1840600
2019-06-21,91.81575012207031,91.8240456664516,91.8074482452124,91.81575012207031,1244900
2019-06-24,91.81575012207031,91.8240456664516,91.81575012207031,91.81575012207031,1425300
2019-06-25,91.81575012207031,91.8323475433095,91.56674447614607,91.8240456664516,816200
2019-06-26,91.83235931396484,91.83235931396484,91.82405743604284,91.83235931396484,926900
2019-06-27,91.85725402832031,91.85725402832031,91.83235472827509,91.84065660578254,1958300
2019-06-28,91.84066009521484,91.85725751838322,91.52525206271932,91.85725751838322,2191700
2019-07-01,91.84815979003906,91.85647738018955,91.83984854435093,91.84815979003906,2236300
2019-07-02,91.86478424072266,91.87310182990166,91.85646665154364,91.85646665154364,1725200
2019-07-03,91.88973999023438,91.88973999023438,91.87311115465022,91.87311115465022,1462500
2019-07-05,91.86478424072266,91.88141307461905,91.85646665154364,91.88141307461905,1473900
2019-07-08,91.88140869140625,91.88140869140625,91.86477985830312,91.87309744708534,2134700
2019-07-09,91.88140869140625,91.88140869140625,91.86477985830312,91.87309744708534,1318700
2019-07-10,91.89804077148438,91.89804077148438,91.87309435043987,91.88140559448064,1226700
2019-07-11,91.91465759277344,91.91465759277344,91.89802876240384,91.89802876240384,1107400
2019-07-12,91.89804077148438,91.914669604027,91.89804077148438,91.914669604027,1145800
2019-07-15,91.92304229736328,91.92304229736328,91.9064071103873,91.9147247038753,938300
2019-07-16,91.90636444091797,91.92299962017071,91.90636444091797,91.92299962017071,2415300
2019-07-17,91.9312973022461,91.93960854561072,91.91466212659566,91.91466212659566,4124100
2019-07-18,91.95623779296875,91.97286662308656,91.93960261839077,91.94792020567976,2383700
2019-07-19,91.94792938232422,91.96455821410163,91.94792938232422,91.96455821410163,994200
2019-07-22,91.9728775024414,91.9728775024414,91.69845418958506,91.96455991416853,839700
2019-07-23,91.96458435058594,91.97290194106893,91.94795551408258,91.96458435058594,1211200
2019-07-24,91.96458435058594,91.96458435058594,91.95627310456557,91.96458435058594,1754900
2019-07-25,91.9728775024414,91.98119509071427,91.7150893661308,91.96455991416853,1295800
2019-07-26,91.98121643066406,91.98121643066406,91.9645812502589,91.97289884046148,1525300
2019-07-29,91.98121643066406,91.98953402086664,91.97289884046148,91.98121643066406,1152500
2019-07-30,91.989501953125,91.989501953125,91.9728667785189,91.98118436582195,894400
2019-07-31,91.989501953125,91.99781319596786,91.96454919121585,91.989501953125,1921100
2019-08-01,92.03116607666016,92.03116607666016,91.98951174878832,91.99783880044589,1761700
2019-08-02,92.04782104492188,92.04782104492188,92.03115423069605,92.03115423069605,1435700
2019-08-05,92.06451416015625,92.07284757022524,92.05618075008728,92.06451416015625,2968700
2019-08-06,92.07279968261719,92.0811267318258,92.05613287114775,92.07279968261719,2822200
2019-08-07,92.0811538696289,92.09782068601034,92.0811538696289,92.08948727781961,2654900
2019-08-08,92.09786987304688,92.10620328568824,92.08953646040551,92.09786987304688,2766900
2019-08-09,92.10614776611328,92.1144748172039,92.09781435849511,92.10614776611328,1026600
2019-08-12,92.11448669433594,92.1228201030286,92.09782623347895,92.11448669433594,1370800
2019-08-13,92.10614776611328,92.12280822482207,92.09781435849511,92.1144748172039,1222900
2019-08-14,92.1228256225586,92.1228256225586,92.11449221336662,92.11449221336662,1905600
2019-08-15,92.16445922851562,92.17278627873185,92.1394590082863,92.1477924150294,2037300
2019-08-16,92.1561508178711,92.17281127934935,92.1561508178711,92.1561508178711,5311600
2019-08-19,92.1561508178711,92.17281127934935,92.14781740886765,92.17281127934935,2987600
2019-08-20,92.17280578613281,92.17280578613281,92.16447873415424,92.16447873415424,1966100
2019-08-21,92.17280578613281,92.17280578613281,92.15614532564746,92.17280578613281,1338500
2019-08-22,92.17280578613281,92.1811391946396,92.17280578613281,92.17280578613281,1042900
2019-08-23,92.19779205322266,92.19779205322266,91.6728954577425,92.18112523873238,2149900
2019-08-26,92.18115997314453,92.20615384777052,91.93954192421054,92.18949338352975,1041100
2019-08-27,92.1894760131836,92.19780942199863,92.18114260436856,92.1894760131836,3004000
2019-08-28,92.1894760131836,92.19780942199863,92.18114260436856,92.19780942199863,1396600
2019-08-29,92.20613861083984,92.20613861083984,92.19781155836031,92.19781155836031,1413900
2019-08-30,92.19779205322266,92.20611910394052,92.19779205322266,92.20611910394052,1843400
2019-09-03,92.22116088867188,92.22950923361145,92.2044705667141,92.21281891165368,3083100
2019-09-04,92.23785400390625,92.23785400390625,92.22115731467416,92.2295056592902,1229600
2019-09-05,92.22116088867188,92.24619955556923,92.22116088867188,92.24619955556923,1908600
2019-09-06,92.24622344970703,92.24622344970703,92.22953312342604,92.23788147052805,1469900
2019-09-09,92.23785400390625,92.24619598060116,92.2295056592902,92.24619598060116,832800
2019-09-10,92.22116088867188,92.24619955556923,92.00415486361383,92.24619955556923,5543800
2019-09-11,92.23785400390625,92.23785400390625,92.2295056592902,92.23785400390625,1033800
2019-09-12,92.24622344970703,92.26292014391107,92.23788147052805,92.25457179680905,1107900
2019-09-13,92.24622344970703,92.24622344970703,92.23788147052805,92.24622344970703,1377200
2019-09-16,92.24622344970703,92.25457179680905,92.23788147052805,92.24622344970703,919600
2019-09-17,92.24622344970703,92.24622344970703,92.22953312342604,92.24622344970703,851500
2019-09-18,92.25453186035156,92.26288020383963,92.2461835168635,92.2461835168635,818700
2019-09-19,92.25453186035156,92.27957052289548,92.25453186035156,92.2712285473277,5230200
2019-09-20,92.26293182373047,92.27962215212433,92.25458347557161,92.27128017188933,6352800
2019-09-23,92.27124786376953,92.28793818631941,92.02084845007009,92.27124786376953,9681600
2019-09-24,92.27959442138672,92.29629111268694,92.09596902461574,92.28794276703684,6437000
2019-09-25,92.28795623779297,92.29630458466164,92.27960789092428,92.29630458466164,4023400
2019-09-26,92.30464172363281,92.31299007006375,92.2962997451244,92.31299007006375,1006800
2019-09-27,92.31298065185547,92.32132899743468,92.31298065185547,92.31298065185547,1184100
2019-09-30,92.32966613769531,92.32966613769531,92.32131779312928,92.32966613769531,1342800
2019-10-01,92.34136199951172,92.34971863074445,92.32463597883064,92.34136199951172,1684400
2019-10-02,92.3748550415039,92.38321167702281,92.36649202687393,92.36649202687393,1803700
2019-10-03,92.40827178955078,92.42499781472875,92.39991515607132,92.40827178955078,1194800
2019-10-04,92.44172668457031,92.44172668457031,92.41664402341013,92.42500703683358,1434300
2019-10-07,92.43335723876953,92.44171387192456,92.42499422650522,92.43335723876953,1268400
2019-10-08,92.43335723876953,92.44171387192456,92.42499422650522,92.43335723876953,1348000
2019-10-09,92.43335723876953,92.45007688418887,92.42499422650522,92.45007688418887,1225200
2019-10-10,92.46680450439453,92.46680450439453,92.44172184454763,92.4500848575332,1655200
2019-10-11,92.44172668457031,92.45845271141721,92.44172668457031,92.45008969799376,1635400
2019-10-14,92.45842742919922,92.45842742919922,92.40825574148785,92.45842742919922,5543400
2019-10-15,92.45842742919922,92.47514707236407,92.45842742919922,92.47514707236407,1729800
2019-10-16,92.47518157958984,92.48354459384714,92.46681856533255,92.47518157958984,1986500
2019-10-17,92.50861358642578,92.50861358642578,92.49189393949284,92.49189393949284,2700700
2019-10-18,92.50861358642578,92.50861358642578,92.49189393949284,92.50025057340437,1320900
2019-10-21,92.50025939941406,92.50862241323343,92.49190276470516,92.50862241323343,1333300
2019-10-22,92.50025939941406,92.5169854270528,92.50025939941406,92.50862241323343,3491600
2019-10-23,92.50025939941406,92.5169854270528,92.50025939941406,92.50862241323343,2895100
2019-10-24,92.50861358642578,92.52533961246857,92.30794592768119,92.51697659944718,2377200
2019-10-25,92.52533721923828,92.52533721923828,92.50861119362811,92.51697420643319,4022300
2019-10-28,92.52533721923828,92.52533721923828,92.51697420643319,92.52533721923828,1095100
2019-10-29,92.52533721923828,92.53369385293368,92.51697420643319,92.53369385293368,2007500
2019-10-30,92.53368377685547,92.5420467887499,92.52532714407003,92.53368377685547,743700
2019-10-31,92.57551574707031,92.57551574707031,92.54207007018744,92.54207007018744,1726500
2019-11-01,92.57215881347656,92.57215881347656,92.56378172713053,92.57215881347656,1338100
2019-11-04,92.58055114746094,92.58055114746094,92.4130413421754,92.58055114746094,2470900
2019-11-05,92.56376647949219,92.5805206494244,92.56376647949219,92.56376647949219,3265100
2019-11-06,92.57215881347656,92.58891298616864,92.56378172713053,92.57215881347656,3200300
2019-11-07,92.58055114746094,92.58892823518664,92.57217405973523,92.58055114746094,2180700
2019-11-08,92.58891296386719,92.59728366036654,92.58053587752318,92.59728366036654,1121600
2019-11-11,92.58055114746094,92.59729893306664,92.58055114746094,92.58892823518664,880800
2019-11-12,92.59725952148438,92.59725952148438,92.58051174300694,92.58051174300694,1337300
2019-11-13,92.59725952148438,92.6056366056446,92.58888882716715,92.58888882716715,1449300
2019-11-14,92.6224136352539,92.6224136352539,92.59728876468155,92.59728876468155,2036300
2019-11-15,92.6224136352539,92.6224136352539,92.61404293829312,92.61404293829312,1278700
2019-11-18,92.6224136352539,92.6224136352539,92.61404293829312,92.6224136352539,521300
2019-11-19,92.61404418945312,92.63079197344595,92.61404418945312,92.63079197344595,900700
2019-11-20,92.61404418945312,92.63079197344595,92.61404418945312,92.622414886527,3990800
2019-11-21,92.6224136352539,92.6307907220597,92.6224136352539,92.6307907220597,3623200
2019-11-22,92.63079071044922,92.63916779725396,92.63079071044922,92.63079071044922,1120700
2019-11-25,92.6391372680664,92.64751435211048,92.63076018402232,92.6391372680664,1135700
2019-11-26,92.6391372680664,92.64751435211048,92.63076018402232,92.64751435211048,890700
2019-11-27,92.64752197265625,92.65589266754594,92.63914488792314,92.64752197265625,1620100
2019-11-29,92.6391372680664,92.65588504631165,92.6391372680664,92.64751435211048,1216200
2019-12-02,92.64671325683594,92.65510316243036,92.64671325683594,92.64671325683594,2005300
2019-12-03,92.68026733398438,92.68026733398438,92.655104016592,92.66349392226378,1881300
2019-12-04,92.67186737060547,92.68864077934732,92.67186737060547,92.67186737060547,1286200
2019-12-05,92.68026733398438,92.6970471453279,92.68026733398438,92.68865723965614,987300
2019-12-06,92.6970443725586,92.6970443725586,92.68026456171698,92.6970443725586,1207700
2019-12-09,92.68864440917969,92.70541781857841,92.68864440917969,92.68864440917969,1300000
2019-12-10,92.68864440917969,92.70541781857841,92.68864440917969,92.69703431369008,901300
2019-12-11,92.6970443725586,92.70542787835666,92.6970443725586,92.70542787835666,1160400
2019-12-12,92.70539855957031,92.72217836510518,92.70539855957031,92.72217836510518,808000
2019-12-13,92.73060607910156,92.73060607910156,92.70543636053621,92.72221617291312,3299100
2019-12-16,92.72220611572266,92.73059602100109,92.71381621044422,92.72220611572266,1513300
2019-12-17,92.73895263671875,92.73895263671875,92.71378932780227,92.73056913349379,3089000
2019-12-18,92.73895263671875,92.73895263671875,92.72217923064802,92.73895263671875,2509900
2019-12-19,92.73895263671875,92.75575828294164,92.73054981360731,92.75575828294164,1786700
2019-12-20,92.75581359863281,92.75581359863281,92.51218285891825,92.75581359863281,2069100
2019-12-23,92.73895263671875,92.75575828294164,92.73895263671875,92.74735545983019,1201700
2019-12-24,92.76416778564453,92.76416778564453,92.74736854652733,92.75577137082442,544800
2019-12-26,92.75581359863281,92.78101567352054,92.75581359863281,92.76421001727547,1581400
2019-12-27,92.77259063720703,92.78099346331807,92.76418781109598,92.76418781109598,1610600
2019-12-30,92.78095245361328,92.78934886653471,92.77254963121634,92.78095245361328,3217100
2019-12-31,92.79777526855469,92.79777526855469,92.77257320443559,92.78097602896767,1760800
2020-01-02,92.81459045410156,92.81459045410156,92.78938197791521,92.79778480331066,1896100
2020-01-03,92.81459045410156,92.82298687001921,92.80618762870611,92.81459045410156,1491000
2020-01-06,92.80618286132812,92.82298210177827,92.80618286132812,92.82298210177827,1465500
2020-01-07,92.82296752929688,92.82296752929688,92.8061682914841,92.81457111512871,1370300
2020-01-08,92.83137512207031,92.83137512207031,92.81457588339448,92.83137512207031,2313700
2020-01-09,92.83137512207031,92.83977794614663,92.822972297994,92.83977794614663,1182900
2020-01-10,92.82296752929688,92.8313703529415,92.82296752929688,92.82296752929688,2140300
2020-01-13,92.83137512207031,92.83977794614663,92.822972297994,92.83137512207031,1676400
2020-01-14,92.83137512207031,92.83977794614663,92.83137512207031,92.83137512207031,1034200
2020-01-15,92.84815979003906,92.84815979003906,92.83136055399953,92.83976337675719,1334500
2020-01-16,92.86498260498047,92.86498260498047,92.85657978066925,92.85657978066925,1161600
2020-01-17,92.86498260498047,92.86498260498047,92.85657978066925,92.86498260498047,1813600
2020-01-21,92.87336730957031,92.87336730957031,92.85656166422667,92.85656166422667,1243500
2020-01-22,92.87336730957031,92.88176372276641,92.8649644868985,92.87336730957031,1380000
2020-01-23,92.89021301269531,92.89021301269531,92.88181018582007,92.89021301269531,769900
2020-01-24,92.89857482910156,92.89857482910156,92.88176918277001,92.8901720059358,1140900
2020-01-27,92.9070053100586,92.9070053100586,92.89860889329012,92.89860889329012,2013000
2020-01-28,92.9070053100586,92.9070053100586,92.89020606704318,92.9070053100586,2626800
2020-01-29,92.9153823852539,92.9153823852539,92.89858314689432,92.89858314689432,827400
2020-01-30,92.92378997802734,92.92378997802734,92.91538715367798,92.91538715367798,858500
2020-01-31,92.9405746459961,92.9405746459961,92.9153725863762,92.93217823244012,2549600
2020-02-03,92.94145965576172,92.94145965576172,92.92462950946566,92.93304458261369,2050500
2020-02-04,92.92461395263672,92.94144409611519,92.92461395263672,92.93302902437595,4385100
2020-02-05,92.93302917480469,92.94144424655755,92.92461410305184,92.93302917480469,2003100
2020-02-06,92.92461395263672,92.94985916785443,92.92461395263672,92.94144409611519,1212500
2020-02-07,92.9498291015625,92.9498291015625,92.93299896352804,92.93299896352804,1066500
2020-02-10,92.9498291015625,92.95823775176278,92.94141403254527,92.95823775176278,989100
2020-02-11,92.958251953125,92.958251953125,92.94142823133731,92.94984330164012,1468900
2020-02-12,92.9498291015625,92.95823775176278,92.9498291015625,92.95823775176278,1339800
2020-02-13,92.96664428710938,92.97505935535416,92.95822921886459,92.96664428710938,1460500
2020-02-14,92.97508239746094,92.98349104897329,92.96666732713062,92.98349104897329,990600
2020-02-18,92.97508239746094,92.98349104897329,92.96666732713062,92.97508239746094,1849200
2020-02-19,92.98348236083984,92.99189743038386,92.97507371011316,92.99189743038386,1278800
2020-02-20,92.98348236083984,93.00031249992789,92.98348236083984,92.99189743038386,1501800
2020-02-21,93.01715850830078,93.01715850830078,93.00033478399891,93.00033478399891,1483300
2020-02-24,93.01715850830078,93.03398865142154,93.01715850830078,93.01715850830078,2409100
2020-02-25,93.04238891601562,93.04238891601562,93.02556519323048,93.03398026403221,3137000
2020-02-26,93.04238891601562,93.05080398681736,93.03398026403221,93.03398026403221,3293400
2020-02-27,93.08446502685547,93.09288009830588,93.06764130277341,93.06764130277341,8854000
2020-02-28,93.14336395263672,93.14336395263672,93.10130143019379,93.10971008339082,15954800
2020-03-02,93.17704772949219,93.1939007048593,93.16862124180864,93.18547421717574,3278300
2020-03-03,93.26130676269531,93.26130676269531,93.16863466740269,93.1770611563005,2908400
2020-03-04,93.29502868652344,93.32030173175598,93.26975564129089,93.26975564129089,4348300
2020-03-05,93.37921905517578,93.37921905517578,93.33709948055593,93.34552596649011,2871800
2020-03-06,93.40451049804688,93.42978353156676,93.38765752401608,93.40451049804688,3651200
2020-03-09,93.4635009765625,93.50562056466457,93.0591130801118,93.45507448793106,12654100
2020-03-10,93.41295623779297,93.47192880806034,93.39610968665718,93.41295623779297,7631600
2020-03-11,93.4297866821289,93.45505971650103,93.37923418585812,93.44663322920147,5472500
2020-03-12,93.44664001464844,93.56458513530038,93.41294049052975,93.44664001464844,16136200
2020-03-13,93.40451049804688,93.53087566564628,93.40451049804688,93.42978353156676,12775000
2020-03-16,93.4297866821289,95.19054330366949,93.42136019482935,93.47190626357359,8366300
2020-03-17,93.438232421875,93.49720499006978,93.39610640422394,93.438232421875,8903500
2020-03-18,93.53932189941406,93.7330925765166,93.42980325519905,93.43822974399333,5954900
2020-03-19,93.51404571533203,93.62356435586352,93.50561922682115,93.55617173035893,10249300
2020-03-20,93.53932189941406,93.57302142706354,93.46350278284852,93.497202310498,9522300
2020-03-23,93.51404571533203,93.58986482934749,93.16863038918834,93.58986482934749,6287100
2020-03-24,93.54773712158203,93.5730101573934,93.4297920027777,93.51403759799123,6032000
2020-03-25,93.57300567626953,93.58985222349472,93.48876008509045,93.53087966691669,5599700
2020-03-26,93.55615997314453,93.60670604280271,93.53088051078879,93.58143300797363,9128200
2020-03-27,93.55615997314453,93.58985306789889,93.50560747595969,93.56458003306979,5918000
2020-03-30,93.53089904785156,93.5814515550555,93.52247898625752,93.5814515550555,3713100
2020-03-31,93.53089904785156,93.59829810577152,93.31186175090362,93.53089904785156,4898900
2020-04-01,93.55956268310547,93.57643602437967,93.48365195325401,93.56799935374258,3248700
2020-04-02,93.55956268310547,93.60173960099684,93.53425910648832,93.54269577712542,3073100
2020-04-03,93.52584075927734,93.58488459471653,93.52584075927734,93.56801768543194,7686900
2020-04-06,93.53426361083984,93.56800385971893,93.52582693979645,93.52582693979645,3622300
2020-04-07,93.57644653320312,93.62705369212073,93.53426961057521,93.559573190034,4794600
2020-04-08,93.52584075927734,93.57645435772193,93.3318423436752,93.57645435772193,4077900
2020-04-09,93.54269409179688,93.56799766795814,93.51739051563561,93.52582075082667,6619900
2020-04-13,93.53426361083984,93.55956718867554,93.52582693979645,93.55113695292661,3846400
2020-04-14,93.55115509033203,93.55958532771538,93.51741483491149,93.55958532771538,4071600
2020-04-15,93.54269409179688,93.55956099747304,93.53425742131178,93.55113076228199,3060600
2020-04-16,93.55115509033203,93.55958532771538,93.52584507229484,93.54271841765296,2522900
2020-04-17,93.55115509033203,93.57645867307352,93.54271841765296,93.54271841765296,3502300
2020-04-20,93.55956268310547,93.57643602437967,93.54269577712542,93.55956268310547,3635400
2020-04-21,93.55956268310547,93.57643602437967,93.55956268310547,93.56799935374258,3609200
2020-04-22,93.55956268310547,93.56799935374258,93.55113244776253,93.56799935374258,1727100
2020-04-23,93.54269409179688,93.56799766795814,93.54269409179688,93.56799766795814,1898600
2020-04-24,93.55956268310547,93.55956268310547,93.54269577712542,93.54269577712542,2347000
2020-04-27,93.53426361083984,93.55956718867554,93.53426361083984,93.54270028188323,2707200
2020-04-28,93.55956268310547,93.55956268310547,93.53425910648832,93.55113244776253,2542300
2020-04-29,93.53426361083984,93.55956718867554,93.53426361083984,93.55956718867554,2249100
2020-04-30,93.55115509033203,93.55958532771538,93.53428174497391,93.53428174497391,5988600
2020-05-01,93.55197143554688,93.560415033864,93.53509067949105,93.560415033864,3621400
2020-05-04,93.54353332519531,93.5604205228203,93.53509616696162,93.5519769240078,1928600
2020-05-05,93.55197143554688,93.55197143554688,93.54352783722975,93.54352783722975,1857400
2020-05-06,93.53510284423828,93.55198360248954,93.53510284423828,93.54354000307428,2271600
2020-05-07,93.53510284423828,93.55198360248954,93.53510284423828,93.53510284423828,2224800
2020-05-08,93.54353332519531,93.5519769240078,93.54353332519531,93.54353332519531,1685400
2020-05-11,93.52661895751953,93.5519433042774,93.52661895751953,93.5519433042774,3735000
2020-05-12,93.53510284423828,93.54354000307428,93.52665924482302,93.52665924482302,3061900
2020-05-13,93.53510284423828,93.54354000307428,93.53510284423828,93.54354000307428,2417500
2020-05-14,93.54353332519531,93.5519769240078,93.53509616696162,93.5519769240078,2243000
2020-05-15,93.55197143554688,93.55197143554688,93.53509067949105,93.54352783722975,1845400
2020-05-18,93.55197143554688,93.55197143554688,93.53509067949105,93.54352783722975,2723300
2020-05-19,93.55197143554688,93.55197143554688,93.53509067949105,93.55197143554688,2523700
2020-05-20,93.55197143554688,93.55197143554688,93.53509067949105,93.55197143554688,3164500
2020-05-21,93.54353332519531,93.5519769240078,93.53509616696162,93.5519769240078,6117400
2020-05-22,93.55197143554688,93.55197143554688,93.53509067949105,93.55197143554688,3984200
2020-05-26,93.54353332519531,93.5519769240078,93.53509616696162,93.5519769240078,6604700
2020-05-27,93.53510284423828,93.55198360248954,93.52665924482302,93.54354000307428,8444500
2020-05-28,93.54353332519531,93.54353332519531,93.52665256814913,93.54353332519531,5624000
2020-05-29,93.52661895751953,93.54349970849928,93.52661895751953,93.54349970849928,5893800
2020-06-01,93.53593444824219,93.53593444824219,93.52748543595615,93.53593444824219,3793300
2020-06-02,93.53593444824219,93.53593444824219,93.52748543595615,93.52748543595615,4190100
2020-06-03,93.52749633789062,93.53594535116152,93.51904732461975,93.52749633789062,4336800
2020-06-04,93.51903533935547,93.53593336373162,93.51903533935547,93.53593336373162,2685900
2020-06-05,93.51903533935547,93.53593336373162,93.51903533935547,93.52748435154355,5845700
2020-06-08,93.51903533935547,93.53593336373162,93.51903533935547,93.51903533935547,7885700
2020-06-09,93.51903533935547,93.52748435154355,93.51903533935547,93.51903533935547,2869400
2020-06-10,93.51903533935547,93.52748435154355,93.49369474749925,93.49369474749925,3540900
2020-06-11,93.53593444824219,93.53593444824219,93.51903642367012,93.51903642367012,3432200
2020-06-12,93.53593444824219,93.53593444824219,93.51903642367012,93.53593444824219,7831600
2020-06-15,93.51903533935547,93.53593336373162,93.51903533935547,93.52748435154355,1795600
2020-06-16,93.51903533935547,93.53593336373162,93.51903533935547,93.52748435154355,4543000
2020-06-17,93.51903533935547,93.53593336373162,93.51903533935547,93.53593336373162,1681300
2020-06-18,93.52749633789062,93.53594535116152,93.51904732461975,93.52749633789062,2586800
2020-06-19,93.52749633789062,93.53594535116152,93.52749633789062,93.53594535116152,1812600
2020-06-22,93.52749633789062,93.53594535116152,93.52749633789062,93.52749633789062,1540800
2020-06-23,93.53593444824219,93.53593444824219,93.52748543595615,93.52748543595615,1444800
2020-06-24,93.52749633789062,93.53594535116152,93.52749633789062,93.52749633789062,1983000
2020-06-25,93.52749633789062,93.53594535116152,93.52749633789062,93.53594535116152,1187200
2020-06-26,93.53593444824219,93.54437701582015,93.52748543595615,93.53593444824219,2886500
2020-06-29,93.52749633789062,93.54438791972358,93.52749633789062,93.54438791972358,2137000
2020-06-30,93.54440307617188,93.54440307617188,93.52751149160208,93.53596050624192,2605700
2020-07-01,93.52749633789062,93.54438791972358,93.52749633789062,93.53594535116152,1777800
2020-07-02,93.52749633789062,93.54438791972358,93.52749633789062,93.52749633789062,2664500
2020-07-06,93.53593444824219,93.53593444824219,93.52748543595615,93.53593444824219,2404900
2020-07-07,93.53593444824219,93.53593444824219,93.52748543595615,93.53593444824219,3687400
2020-07-08,93.52749633789062,93.53594535116152,93.52749633789062,93.53594535116152,2641800
2020-07-09,93.53593444824219,93.53593444824219,93.52748543595615,93.52748543595615,1418300
2020-07-10,93.53593444824219,93.53593444824219,93.52748543595615,93.53593444824219,1663000
2020-07-13,93.54440307617188,93.54440307617188,93.52751149160208,93.53596050624192,1264800
2020-07-14,93.54440307617188,93.54440307617188,93.52751149160208,93.52751149160208,1314000
2020-07-15,93.54440307617188,93.54440307617188,93.53596050624192,93.54440307617188,4655600
2020-07-16,93.53593444824219,93.54437701582015,93.53593444824219,93.53593444824219,1482600
2020-07-17,93.53593444824219,93.54437701582015,93.53593444824219,93.53593444824219,1224400
2020-07-20,93.54440307617188,93.54440307617188,93.53596050624192,93.54440307617188,1461000
2020-07-21,93.54440307617188,93.54440307617188,93.53596050624192,93.54440307617188,2564200
2020-07-22,93.53593444824219,93.54437701582015,93.53593444824219,93.54437701582015,1957100
2020-07-23,93.53593444824219,93.55282602810618,93.53593444824219,93.53593444824219,1512100
2020-07-24,93.53593444824219,93.55282602810618,93.53593444824219,93.53593444824219,2055400
2020-07-27,93.54440307617188,93.54440307617188,93.53596050624192,93.53596050624192,1595600
2020-07-28,93.54440307617188,93.54440307617188,93.53596050624192,93.53596050624192,1161900
2020-07-29,93.53593444824219,93.55282602810618,93.53593444824219,93.53593444824219,2962500
2020-07-30,93.53593444824219,93.55282602810618,93.53593444824219,93.54437701582015,1185800
2020-07-31,93.54440307617188,93.5528520908117,93.53596050624192,93.54440307617188,1690700
2020-08-03,93.54945373535156,93.54945373535156,93.54100350188114,93.54945373535156,2182500
2020-08-04,93.54945373535156,93.54945373535156,93.54100350188114,93.54100350188114,2050500
2020-08-05,93.54100036621094,93.5494505993981,93.52409989983663,93.53255013302379,1864400
2020-08-06,93.54100036621094,93.5494505993981,93.54100036621094,93.54100036621094,1612700
2020-08-07,93.54100036621094,93.5494505993981,93.54100036621094,93.54100036621094,1436500
2020-08-10,93.54100036621094,93.5494505993981,93.54100036621094,93.54100036621094,1533600
2020-08-11,93.54100036621094,93.5494505993981,93.54100036621094,93.5494505993981,1351500
2020-08-12,93.53256225585938,93.54946272442417,93.53256225585938,93.54101249014178,1307300
2020-08-13,93.53256225585938,93.54101249014178,93.53256225585938,93.53256225585938,1719800
2020-08-14,93.54100036621094,93.5494505993981,93.53255013302379,93.53255013302379,1788400
2020-08-17,93.54945373535156,93.54945373535156,93.54100350188114,93.54100350188114,1175000
2020-08-18,93.54100036621094,93.5494505993981,93.54100036621094,93.54100036621094,4399400
2020-08-19,93.54100036621094,93.5494505993981,93.54100036621094,93.5494505993981,1819200
2020-08-20,93.54100036621094,93.5494505993981,93.54100036621094,93.5494505993981,1468400
2020-08-21,93.54100036621094,93.5494505993981,93.54100036621094,93.54100036621094,1963900
2020-08-24,93.54100036621094,93.5494505993981,93.54100036621094,93.5494505993981,1043600
2020-08-25,93.53256225585938,93.54946272442417,93.53256225585938,93.54101249014178,5741500
2020-08-26,93.53256225585938,93.54946272442417,93.53256225585938,93.54101249014178,6070500
2020-08-27,93.54100036621094,93.5494505993981,93.53255013302379,93.53255013302379,1744700
2020-08-28,93.54945373535156,93.54945373535156,93.54100350188114,93.54945373535156,1338800
2020-08-31,93.54100036621094,93.5494505993981,93.54100036621094,93.5494505993981,2049100
2020-09-01,93.53589630126953,93.54434760030328,93.53589630126953,93.54434760030328,1689300
2020-09-02,93.54439544677734,93.54439544677734,93.53594414342089,93.53594414342089,2141100
2020-09-03,93.53589630126953,93.54434760030328,93.53589630126953,93.54434760030328,2984700
2020-09-04,93.53589630126953,93.54434760030328,93.53589630126953,93.54434760030328,1651000
2020-09-08,93.53589630126953,93.54434760030328,93.53589630126953,93.53589630126953,3659200
2020-09-09,93.53589630126953,93.54434760030328,93.53589630126953,93.54434760030328,8344200
2020-09-10,93.53589630126953,93.54434760030328,93.53589630126953,93.54434760030328,1137500
2020-09-11,93.53589630126953,93.54434760030328,93.53589630126953,93.53589630126953,4009400
2020-09-14,93.53589630126953,93.54434760030328,93.53589630126953,93.54434760030328,1635100
2020-09-15,93.53589630126953,93.54434760030328,93.53589630126953,93.54434760030328,1869200
2020-09-16,93.53589630126953,93.54434760030328,93.53589630126953,93.53589630126953,1398600
2020-09-17,93.53589630126953,93.54434760030328,93.53589630126953,93.54434760030328,1703100
2020-09-18,93.53589630126953,93.55279889933702,93.13032419798269,93.54434760030328,1588400
2020-09-21,93.53589630126953,93.54434760030328,93.53589630126953,93.53589630126953,1645500
2020-09-22,93.53589630126953,93.54434760030328,93.53589630126953,93.53589630126953,2020700
2020-09-23,93.53589630126953,93.54434760030328,93.53589630126953,93.53589630126953,2275800
2020-09-24,93.53589630126953,93.54434760030328,93.53589630126953,93.54434760030328,1733400
2020-09-25,93.53589630126953,93.54434760030328,93.53589630126953,93.54434760030328,1677400
2020-09-28,93.53589630126953,93.54434760030328,93.53589630126953,93.53589630126953,1576300
2020-09-29,93.54439544677734,93.5528467501338,93.53594414342089,93.53594414342089,2493400
2020-09-30,93.53589630126953,93.54434760030328,93.53589630126953,93.53589630126953,1900000
2020-10-01,93.54689025878906,93.55534255116575,93.53844441362243,93.53844441362243,1158900
2020-10-02,93.5384521484375,93.54689799430254,93.5384521484375,93.5384521484375,2547700
2020-10-05,93.5384521484375,93.54689799430254,93.5384521484375,93.5384521484375,1283900
2020-10-06,93.54689025878906,93.54689025878906,93.52999212124574,93.53844441362243,2790600
2020-10-07,93.5384521484375,93.54689799430254,93.5384521484375,93.5384521484375,1210800
2020-10-08,93.5384521484375,93.54689799430254,93.5384521484375,93.54689799430254,2570700
2020-10-09,93.5384521484375,93.54689799430254,93.5384521484375,93.54689799430254,1006800
2020-10-12,93.54689025878906,93.54689025878906,93.52999212124574,93.52999212124574,1358800
2020-10-13,93.54689025878906,93.54689025878906,93.52999212124574,93.53844441362243,1117700
2020-10-14,93.53003692626953,93.54693507190781,93.53003692626953,93.54693507190781,1078400
2020-10-15,93.5384521484375,93.54689799430254,93.52999985536188,93.52999985536188,1256500
2020-10-16,93.5384521484375,93.54689799430254,93.5384521484375,93.54689799430254,1458300
2020-10-19,93.53003692626953,93.53848922269525,93.53003692626953,93.53003692626953,1230800
2020-10-20,93.53003692626953,93.54693507190781,93.53003692626953,93.53848922269525,1657500
2020-10-21,93.53003692626953,93.54693507190781,93.53003692626953,93.53848922269525,2338200
2020-10-22,93.53003692626953,93.54693507190781,93.53003692626953,93.53848922269525,5035300
2020-10-23,93.53003692626953,93.54693507190781,93.53003692626953,93.53848922269525,2521900
2020-10-26,93.53003692626953,93.53848922269525,93.53003692626953,93.53848922269525,1232300
2020-10-27,93.53003692626953,93.54693507190781,93.53003692626953,93.53848922269525,2304100
2020-10-28,93.53003692626953,93.54693507190781,93.53003692626953,93.53848922269525,2103900
2020-10-29,93.5384521484375,93.54689799430254,93.51310171642122,93.5384521484375,3318900
2020-10-30,93.54689025878906,93.54689025878906,93.52999212124574,93.53844441362243,2967400
2020-11-02,93.52749633789062,93.53594916860486,93.52749633789062,93.52749633789062,2621100
2020-11-03,93.54436492919922,93.54436492919922,93.53591210183471,93.53591210183471,5812200
2020-11-04,93.52749633789062,93.54440199931909,93.32467353409388,93.53594916860486,2308900
2020-11-05,93.53595733642578,93.54441016787814,93.53595733642578,93.53595733642578,1597200
2020-11-06,93.53595733642578,93.54441016787814,93.53595733642578,93.53595733642578,2888000
2020-11-09,93.52749633789062,93.53594916860486,93.52749633789062,93.52749633789062,3004700
2020-11-10,93.52749633789062,93.53594916860486,93.52749633789062,93.53594916860486,2286200
2020-11-11,93.53595733642578,93.54441016787814,93.53595733642578,93.53595733642578,1367600
2020-11-12,93.53595733642578,93.54441016787814,93.53595733642578,93.53595733642578,1410100
2020-11-13,93.53595733642578,93.54441016787814,93.52750450497344,93.53595733642578,3251400
2020-11-16,93.53595733642578,93.54441016787814,93.53595733642578,93.53595733642578,2606600
2020-11-17,93.53595733642578,93.54441016787814,93.52750450497344,93.53595733642578,2162900
2020-11-18,93.53595733642578,93.54441016787814,93.53595733642578,93.54441016787814,1638000
2020-11-19,93.53595733642578,93.54441016787814,93.53595733642578,93.54441016787814,1820200
2020-11-20,93.53595733642578,93.54441016787814,93.53595733642578,93.53595733642578,1219500
2020-11-23,93.53595733642578,93.54441016787814,93.53595733642578,93.53595733642578,1219100
2020-11-24,93.53595733642578,93.54441016787814,93.53595733642578,93.53595733642578,4330100
2020-11-25,93.53595733642578,93.54441016787814,93.53595733642578,93.54441016787814,1866200
2020-11-27,93.54436492919922,93.54436492919922,93.52745927447019,93.52745927447019,2643700
2020-11-30,93.52749633789062,93.54440199931909,93.52749633789062,93.53594916860486,2492000
2020-12-01,93.52918243408203,93.54610641961523,93.52918243408203,93.54610641961523,2909100
2020-12-02,93.52918243408203,93.54610641961523,93.52918243408203,93.53764119831266,4686500
2020-12-03,93.52918243408203,93.53764119831266,93.52918243408203,93.53764119831266,2086200
2020-12-04,93.53764343261719,93.54610865412195,93.53764343261719,93.54610865412195,2520100
2020-12-07,93.53764343261719,93.54610865412195,93.5291846681845,93.53764343261719,1669800
2020-12-08,93.52918243408203,93.53764119831266,93.52918243408203,93.52918243408203,2608000
2020-12-09,93.53764343261719,93.54610865412195,93.53764343261719,93.53764343261719,1876100
2020-12-10,93.54609680175781,93.54609680175781,93.5376315813256,93.5376315813256,1352500
2020-12-11,93.53764343261719,93.54610865412195,93.53764343261719,93.54610865412195,1345400
2020-12-14,93.53764343261719,93.54610865412195,93.53764343261719,93.54610865412195,2554600
2020-12-15,93.52918243408203,93.54610641961523,93.52918243408203,93.54610641961523,1898800
2020-12-16,93.53764343261719,93.54610865412195,93.53764343261719,93.53764343261719,2164900
2020-12-17,93.53764343261719,93.54610865412195,93.53764343261719,93.53764343261719,1716900
2020-12-18,93.53764343261719,93.54610865412195,93.53764343261719,93.53764343261719,1311400
2020-12-21,93.53764343261719,93.54610865412195,93.5291846681845,93.53764343261719,2017900
2020-12-22,93.52918243408203,93.54610641961523,93.52918243408203,93.54610641961523,1779500
2020-12-23,93.53764343261719,93.54610865412195,93.5291846681845,93.54610865412195,1803000
2020-12-24,93.53764343261719,93.53764343261719,93.5291846681845,93.53764343261719,996000
2020-12-28,93.52918243408203,93.53764119831266,93.52918243408203,93.52918243408203,1081000
2020-12-29,93.53764343261719,93.54610865412195,93.5291846681845,93.53764343261719,4690400
2020-12-30,93.53764343261719,93.54610865412195,93.53764343261719,93.53764343261719,1508100
2020-12-31,93.54609680175781,93.54609680175781,93.5376315813256,93.5376315813256,1447200
2021-01-04,93.53764343261719,93.54610865412195,93.53764343261719,93.54610865412195,6406600
2021-01-05,93.53764343261719,93.54610865412195,93.53764343261719,93.53764343261719,3451400
2021-01-06,93.54609680175781,93.54609680175781,93.52917281796464,93.5376315813256,1952500
2021-01-07,93.54609680175781,93.54609680175781,93.5376315813256,93.5376315813256,1798300
2021-01-08,93.53764343261719,93.54610865412195,93.5291846681845,93.53764343261719,2267100
2021-01-11,93.52918243408203,93.54610641961523,93.52918243408203,93.53764119831266,1823900
2021-01-12,93.52918243408203,93.53764119831266,93.52918243408203,93.52918243408203,1512600
2021-01-13,93.52918243408203,93.53764119831266,93.52918243408203,93.52918243408203,1815200
2021-01-14,93.52918243408203,93.53764119831266,93.52918243408203,93.52918243408203,2072600
2021-01-15,93.52918243408203,93.54610641961523,93.52918243408203,93.53764119831266,1572400
2021-01-19,93.52918243408203,93.53764119831266,93.52071721277946,93.52918243408203,2154600
2021-01-20,93.52918243408203,93.53764119831266,93.52918243408203,93.53764119831266,1527600
2021-01-21,93.52918243408203,93.53764119831266,93.52918243408203,93.52918243408203,1747900
2021-01-22,93.52918243408203,93.53764119831266,93.52918243408203,93.52918243408203,1178100
2021-01-25,93.52918243408203,93.54610641961523,93.21603381660647,93.52918243408203,1903100
2021-01-26,93.52918243408203,93.54610641961523,93.52918243408203,93.54610641961523,2840800
2021-01-27,93.53764343261719,93.54610865412195,93.53764343261719,93.53764343261719,1969800
2021-01-28,93.52918243408203,93.54610641961523,93.52918243408203,93.53764119831266,3774100
2021-01-29,93.53764343261719,93.54610865412195,93.53764343261719,93.53764343261719,1796400
2021-02-01,93.52918243408203,93.53764119831266,93.52918243408203,93.53764119831266,2248100
2021-02-02,93.52918243408203,93.53764119831266,93.52918243408203,93.52918243408203,1183600
2021-02-03,93.54609680175781,93.54609680175781,93.5376315813256,93.5376315813256,1335200
2021-02-04,93.53764343261719,93.54610865412195,93.53764343261719,93.53764343261719,1214000
2021-02-05,93.54609680175781,93.55456202219004,93.5376315813256,93.54609680175781,2456800
2021-02-08,93.53764343261719,93.55457387562673,93.53764343261719,93.54610865412195,1262200
2021-02-09,93.54609680175781,93.54609680175781,93.5376315813256,93.5376315813256,1380800
2021-02-10,93.54609680175781,93.54609680175781,93.5376315813256,93.54609680175781,1551700
2021-02-11,93.53764343261719,93.54610865412195,93.53764343261719,93.53764343261719,1145800
2021-02-12,93.53764343261719,93.54610865412195,93.53764343261719,93.53764343261719,1448500
2021-02-16,93.53764343261719,93.54610865412195,93.53764343261719,93.53764343261719,1695800
2021-02-17,93.53764343261719,93.54610865412195,93.53764343261719,93.53764343261719,1201900
2021-02-18,93.53764343261719,93.54610865412195,93.53764343261719,93.53764343261719,1098200
2021-02-19,93.53764343261719,93.54610865412195,93.53764343261719,93.53764343261719,966300
2021-02-22,93.53764343261719,93.54610865412195,93.53764343261719,93.53764343261719,1375200
2021-02-23,93.53764343261719,93.54610865412195,93.53764343261719,93.54610865412195,1421900
2021-02-24,93.53764343261719,93.54610865412195,93.53764343261719,93.54610865412195,1795100
2021-02-25,93.52918243408203,93.54610641961523,93.52918243408203,93.53764119831266,2040200
2021-02-26,93.53764343261719,93.53764343261719,93.5291846681845,93.5291846681845,1275300
2021-03-01,93.53764343261719,93.54610865412195,93.5291846681845,93.5291846681845,2201800
2021-03-02,93.52918243408203,93.53764119831266,93.52918243408203,93.52918243408203,1806600
2021-03-03,93.53764343261719,93.53764343261719,93.5291846681845,93.53764343261719,1718300
2021-03-04,93.52918243408203,93.53764119831266,93.52918243408203,93.52918243408203,1861800
2021-03-05,93.52918243408203,93.53764119831266,93.52071721277946,93.52918243408203,7951000
2021-03-08,93.52918243408203,93.53764119831266,93.52071721277946,93.52918243408203,4312700
2021-03-09,93.53764343261719,93.53764343261719,93.5291846681845,93.5291846681845,1545000
2021-03-10,93.52918243408203,93.53764119831266,93.52918243408203,93.52918243408203,1535300
2021-03-11,93.52918243408203,93.53764119831266,93.52918243408203,93.52918243408203,1909000
2021-03-12,93.52918243408203,93.53764119831266,93.52918243408203,93.53764119831266,3366500
2021-03-15,93.52918243408203,93.53764119831266,93.52918243408203,93.52918243408203,2186500
2021-03-16,93.52918243408203,93.53764119831266,93.52918243408203,93.52918243408203,1745400
2021-03-17,93.53764343261719,93.54610865412195,93.5291846681845,93.5291846681845,1994900
2021-03-18,93.53764343261719,93.54610865412195,93.53764343261719,93.53764343261719,1910400
2021-03-19,93.53764343261719,93.54610865412195,93.53764343261719,93.53764343261719,1990300
2021-03-22,93.54609680175781,93.54609680175781,93.5376315813256,93.5376315813256,1670300
2021-03-23,93.53764343261719,93.54610865412195,93.53764343261719,93.53764343261719,1356600
2021-03-24,93.53764343261719,93.54610865412195,93.53764343261719,93.53764343261719,1937500
2021-03-25,93.53764343261719,93.54610865412195,93.53764343261719,93.54610865412195,1255000
2021-03-26,93.53764343261719,93.54610865412195,93.53764343261719,93.53764343261719,1940100
2021-03-29,93.53764343261719,93.54610865412195,93.53764343261719,93.53764343261719,1468400
2021-03-30,93.52918243408203,93.54610641961523,93.52918243408203,93.53764119831266,1436600
2021-03-31,93.52918243408203,93.53764119831266,93.52918243408203,93.52918243408203,2020800
2021-04-01,93.52918243408203,93.53764119831266,93.52918243408203,93.52918243408203,1294100
2021-04-05,93.52918243408203,93.53764119831266,93.52918243408203,93.53764119831266,2112800
2021-04-06,93.54609680175781,93.54609680175781,93.52917281796464,93.52917281796464,5161200
2021-04-07,93.53764343261719,93.54610865412195,93.5291846681845,93.53764343261719,1046800
2021-04-08,93.53764343261719,93.54610865412195,93.53764343261719,93.54610865412195,3458000
2021-04-09,93.54609680175781,93.54609680175781,93.5376315813256,93.5376315813256,1485200
2021-04-12,93.53764343261719,93.54610865412195,93.5291846681845,93.53764343261719,1315600
2021-04-13,93.53764343261719,93.53764343261719,93.5291846681845,93.53764343261719,1392700
2021-04-14,93.53764343261719,93.53764343261719,93.5291846681845,93.5291846681845,2927500
2021-04-15,93.52918243408203,93.53764119831266,93.52918243408203,93.53764119831266,1991100
2021-04-16,93.52918243408203,93.53764119831266,93.52918243408203,93.52918243408203,1667800
2021-04-19,93.52918243408203,93.53764119831266,93.52918243408203,93.52918243408203,4899400
2021-04-20,93.52918243408203,93.53764119831266,93.52918243408203,93.52918243408203,1873000
2021-04-21,93.52918243408203,93.53764119831266,93.52918243408203,93.53764119831266,2662900
2021-04-22,93.52918243408203,93.53764119831266,93.52918243408203,93.53764119831266,2718000
2021-04-23,93.53764343261719,93.53764343261719,93.5291846681845,93.5291846681845,1154400
2021-04-26,93.52918243408203,93.53764119831266,93.52918243408203,93.52918243408203,2460400
2021-04-27,93.52918243408203,93.53764119831266,93.52918243408203,93.52918243408203,2493800
2021-04-28,93.52918243408203,93.53764119831266,93.52918243408203,93.52918243408203,3069600
2021-04-29,93.52918243408203,93.53764119831266,93.52918243408203,93.53764119831266,2150500
2021-04-30,93.52918243408203,93.53764119831266,93.52918243408203,93.52918243408203,1346000
2021-05-03,93.52918243408203,93.53764119831266,93.52918243408203,93.53764119831266,1216000
2021-05-04,93.53764343261719,93.53764343261719,93.5291846681845,93.5291846681845,1328800
2021-05-05,93.53764343261719,93.53764343261719,93.5291846681845,93.5291846681845,2087100
2021-05-06,93.53764343261719,93.53764343261719,93.5291846681845,93.5291846681845,2495400
2021-05-07,93.53764343261719,93.53764343261719,93.5291846681845,93.53764343261719,2648200
2021-05-10,93.52918243408203,93.53764119831266,93.3599102933904,93.52918243408203,2077300
2021-05-11,93.52918243408203,93.53764119831266,93.52918243408203,93.52918243408203,1981600
2021-05-12,93.52918243408203,93.53764119831266,93.52918243408203,93.52918243408203,1523900
2021-05-13,93.53764343261719,93.53764343261719,93.5291846681845,93.5291846681845,1911600
2021-05-14,93.52918243408203,93.53764119831266,93.52918243408203,93.52918243408203,1473200
2021-05-17,93.52918243408203,93.53764119831266,93.52918243408203,93.52918243408203,1346700
2021-05-18,93.52918243408203,93.53764119831266,93.52918243408203,93.53764119831266,812700
2021-05-19,93.52918243408203,93.53764119831266,93.52918243408203,93.53764119831266,1144600
2021-05-20,93.52918243408203,93.53764119831266,93.52918243408203,93.52918243408203,1250300
2021-05-21,93.53764343261719,93.53764343261719,93.5291846681845,93.5291846681845,725200
2021-05-24,93.53764343261719,93.53764343261719,93.5291846681845,93.5291846681845,1155400
2021-05-25,93.53764343261719,93.53764343261719,93.5291846681845,93.5291846681845,1544600
2021-05-26,93.53764343261719,93.53764343261719,93.5291846681845,93.5291846681845,1809900
2021-05-27,93.53764343261719,93.53764343261719,93.5291846681845,93.5291846681845,1452300
2021-05-28,93.52918243408203,93.52918243408203,93.52071721277946,93.52918243408203,1547600
2021-06-01,93.5207290649414,93.52919428731678,93.5207290649414,93.52919428731678,1689700
2021-06-02,93.52918243408203,93.52918243408203,93.52071721277946,93.52918243408203,1897800
2021-06-03,93.5207290649414,93.52919428731678,93.5207290649414,93.5207290649414,1194100
2021-06-04,93.52918243408203,93.52918243408203,93.52071721277946,93.52071721277946,1180400
2021-06-07,93.5207290649414,93.52919428731678,93.5207290649414,93.5207290649414,1016900
2021-06-08,93.52918243408203,93.52918243408203,93.52071721277946,93.52071721277946,1231100
2021-06-09,93.51226043701172,93.52919088114591,93.51226043701172,93.52072565907882,1213600
2021-06-10,93.5207290649414,93.52919428731678,93.5207290649414,93.52919428731678,1311000
2021-06-11,93.51226043701172,93.52919088114591,93.51226043701172,93.52072565907882,1464300
2021-06-14,93.51226043701172,93.52072565907882,93.51226043701172,93.51226043701172,669100
2021-06-15,93.5207290649414,93.5207290649414,93.51226384256601,93.51226384256601,1614900
2021-06-16,93.5207290649414,93.5207290649414,93.51226384256601,93.5207290649414,1467300
2021-06-17,93.5207290649414,93.5207290649414,93.51226384256601,93.51226384256601,2214800
2021-06-18,93.50377655029297,93.52070053280767,93.50377655029297,93.52070053280767,1400200
2021-06-21,93.51226043701172,93.51226043701172,93.50380167201713,93.50380167201713,1685800
2021-06-22,93.50377655029297,93.51223531301493,93.50377655029297,93.51223531301493,1025500
2021-06-23,93.51226043701172,93.51226043701172,93.50380167201713,93.50380167201713,1070400
2021-06-24,93.5207290649414,93.5207290649414,93.50380507726338,93.50380507726338,2906200
2021-06-25,93.50377655029297,93.52070053280767,93.50377655029297,93.51223531301493,1224400
2021-06-28,93.51226043701172,93.52072565907882,93.50380167201713,93.51226043701172,1611200
2021-06-29,93.51226043701172,93.52072565907882,93.50380167201713,93.51226043701172,1266100
2021-06-30,93.51226043701172,93.51226043701172,93.50380167201713,93.50380167201713,1842000
2021-07-01,93.51226043701172,93.51226043701172,93.50380167201713,93.50380167201713,971600
2021-07-02,93.51226043701172,93.51226043701172,93.50380167201713,93.50380167201713,869600
2021-07-06,93.50377655029297,93.51223531301493,93.50377655029297,93.51223531301493,1854000
2021-07-07,93.51226043701172,93.51226043701172,93.50380167201713,93.51226043701172,1279600
2021-07-08,93.51226043701172,93.51226043701172,93.50380167201713,93.50380167201713,796400
2021-07-09,93.51226043701172,93.51226043701172,93.50380167201713,93.50380167201713,746000
2021-07-12,93.50377655029297,93.51223531301493,93.50377655029297,93.51223531301493,681500
2021-07-13,93.51226043701172,93.51226043701172,93.50380167201713,93.50380167201713,1008700
2021-07-14,93.51226043701172,93.51226043701172,93.50380167201713,93.50380167201713,1018200
2021-07-15,93.50377655029297,93.51223531301493,93.50377655029297,93.51223531301493,891700
2021-07-16,93.50377655029297,93.51223531301493,93.50377655029297,93.50377655029297,767200
2021-07-19,93.50377655029297,93.51223531301493,93.50377655029297,93.50377655029297,1236300
2021-07-20,93.51226043701172,93.51226043701172,93.50380167201713,93.50380167201713,1944800
2021-07-21,93.50377655029297,93.51223531301493,93.50377655029297,93.50377655029297,1177400
2021-07-22,93.50377655029297,93.51223531301493,93.50377655029297,93.50377655029297,843700
2021-07-23,93.51226043701172,93.51226043701172,93.50380167201713,93.50380167201713,2201900
2021-07-26,93.50377655029297,93.51223531301493,93.50377655029297,93.50377655029297,874400
2021-07-27,93.50377655029297,93.51223531301493,93.50377655029297,93.51223531301493,998500
2021-07-28,93.51226043701172,93.51226043701172,93.50380167201713,93.50380167201713,1168100
2021-07-29,93.51226043701172,93.51226043701172,93.50380167201713,93.51226043701172,1318100
2021-07-30,93.51226043701172,93.51226043701172,93.50380167201713,93.51226043701172,1811700
2021-08-02,93.51226043701172,93.51226043701172,93.50380167201713,93.50380167201713,1453100
2021-08-03,93.51226043701172,93.51226043701172,93.50380167201713,93.50380167201713,1011700
2021-08-04,93.50377655029297,93.51223531301493,93.50377655029297,93.51223531301493,1071300
2021-08-05,93.50377655029297,93.51223531301493,93.50377655029297,93.50377655029297,950500
2021-08-06,93.51226043701172,93.51226043701172,93.50380167201713,93.50380167201713,794300
2021-08-09,93.50377655029297,93.51223531301493,93.50377655029297,93.51223531301493,3583300
2021-08-10,93.50377655029297,93.51223531301493,93.50377655029297,93.50377655029297,599200
2021-08-11,93.49535369873047,93.51227768891444,93.49535369873047,93.5038189223593,777700
2021-08-12,93.49535369873047,93.51227768891444,93.49535369873047,93.5038189223593,1294800
2021-08-13,93.49535369873047,93.5038189223593,93.49535369873047,93.49535369873047,855300
2021-08-16,93.49535369873047,93.5038189223593,93.49535369873047,93.49535369873047,1473200
2021-08-17,93.50377655029297,93.50377655029297,93.49531133050023,93.50377655029297,1295800
2021-08-18,93.49535369873047,93.5038189223593,93.49535369873047,93.49535369873047,1005000
2021-08-19,93.49535369873047,93.5038189223593,93.49535369873047,93.49535369873047,1295400
2021-08-20,93.50377655029297,93.50377655029297,93.49531133050023,93.50377655029297,1366200
2021-08-23,93.49535369873047,93.5038189223593,93.49535369873047,93.49535369873047,942400
2021-08-24,93.49535369873047,93.5038189223593,93.49535369873047,93.49535369873047,1042800
2021-08-25,93.50377655029297,93.50377655029297,93.49531133050023,93.49531133050023,739700
2021-08-26,93.49535369873047,93.5038189223593,93.49535369873047,93.49535369873047,984700
2021-08-27,93.49535369873047,93.5038189223593,93.49535369873047,93.5038189223593,743000
2021-08-30,93.49535369873047,93.5038189223593,93.49535369873047,93.5038189223593,662300
2021-08-31,93.49535369873047,93.5038189223593,93.49535369873047,93.49535369873047,1071300
2021-09-01,93.49535369873047,93.5038189223593,93.49535369873047,93.49535369873047,1615200
2021-09-02,93.50377655029297,93.50377655029297,93.49531133050023,93.50377655029297,1144500
2021-09-03,93.49535369873047,93.5038189223593,93.49535369873047,93.49535369873047,1124100
2021-09-07,93.49535369873047,93.5038189223593,93.49535369873047,93.49535369873047,1645200
2021-09-08,93.50377655029297,93.50377655029297,93.49531133050023,93.49531133050023,1255000
2021-09-09,93.50377655029297,93.50377655029297,93.49531133050023,93.50377655029297,797500
2021-09-10,93.49535369873047,93.5038189223593,93.49535369873047,93.49535369873047,943300
2021-09-13,93.49535369873047,93.5038189223593,93.49535369873047,93.49535369873047,1663000
2021-09-14,93.49535369873047,93.5038189223593,93.48688847510164,93.49535369873047,826000
2021-09-15,93.49535369873047,93.5038189223593,93.48688847510164,93.49535369873047,952400
2021-09-16,93.50377655029297,93.50377655029297,93.48684611070749,93.48684611070749,1038500
2021-09-17,93.49535369873047,93.5038189223593,93.49535369873047,93.49535369873047,503400
2021-09-20,93.49535369873047,93.5038189223593,93.49535369873047,93.5038189223593,1680000
2021-09-21,93.49535369873047,93.5038189223593,93.48688847510164,93.49535369873047,874400
2021-09-22,93.49535369873047,93.5038189223593,93.49535369873047,93.49535369873047,1505200
2021-09-23,93.49535369873047,93.49535369873047,93.48688847510164,93.48688847510164,643600
2021-09-24,93.48684692382812,93.4953121436945,93.48684692382812,93.48684692382812,652700
2021-09-27,93.48684692382812,93.4953121436945,93.48684692382812,93.48684692382812,1872700
2021-09-28,93.48684692382812,93.4953121436945,93.48684692382812,93.48684692382812,2281700
2021-09-29,93.48684692382812,93.4953121436945,93.48684692382812,93.48684692382812,3392300
2021-09-30,93.49535369873047,93.49535369873047,93.48688847510164,93.48688847510164,1328300
2021-10-01,93.48684692382812,93.4953121436945,93.48684692382812,93.48684692382812,1576600
2021-10-04,93.4783935546875,93.4953239965666,93.4783935546875,93.4953239965666,1087300
2021-10-05,93.48684692382812,93.48684692382812,93.47838170396176,93.47838170396176,1445300
2021-10-06,93.48684692382812,93.48684692382812,93.47838170396176,93.47838170396176,2064700
2021-10-07,93.49535369873047,93.49535369873047,93.48688847510164,93.48688847510164,1699100
2021-10-08,93.49535369873047,93.49535369873047,93.48688847510164,93.48688847510164,996500
2021-10-11,93.48684692382812,93.4953121436945,93.47838170396176,93.48684692382812,824100
2021-10-12,93.49535369873047,93.49535369873047,93.4784232514728,93.49535369873047,1122000
2021-10-13,93.49535369873047,93.49535369873047,93.4784232514728,93.48688847510164,769400
2021-10-14,93.49535369873047,93.49535369873047,93.4784232514728,93.48688847510164,1400300
2021-10-15,93.4783935546875,93.48685877562704,93.4783935546875,93.4783935546875,962200
2021-10-18,93.4783935546875,93.4953239965666,93.4783935546875,93.48685877562704,1071100
2021-10-19,93.4783935546875,93.4953239965666,93.4783935546875,93.4953239965666,1606500
2021-10-20,93.48684692382812,93.48684692382812,93.47838170396176,93.47838170396176,1012700
2021-10-21,93.4783935546875,93.48685877562704,93.4783935546875,93.4783935546875,721700
2021-10-22,93.48684692382812,93.48684692382812,93.47838170396176,93.48684692382812,1425300
2021-10-25,93.4783935546875,93.48685877562704,93.4783935546875,93.4783935546875,3126900
2021-10-26,93.48684692382812,93.48684692382812,93.47838170396176,93.47838170396176,1546800
2021-10-27,93.48684692382812,93.48684692382812,93.47838170396176,93.48684692382812,905100
2021-10-28,93.48684692382812,93.48684692382812,93.47838170396176,93.47838170396176,1248000
2021-10-29,93.46990203857422,93.48682601745143,93.46990203857422,93.47836079947812,2079100
2021-11-01,93.46990203857422,93.47836079947812,93.46990203857422,93.46990203857422,2319600
2021-11-02,93.4783935546875,93.4783935546875,93.46993479081961,93.4783935546875,636800
2021-11-03,93.46990203857422,93.47836079947812,93.46990203857422,93.47836079947812,1156300
2021-11-04,93.48684692382812,93.48684692382812,93.46992294116622,93.46992294116622,1277500
2021-11-05,93.4783935546875,93.48685877562704,93.46993479081961,93.46993479081961,1507700
2021-11-08,93.46990203857422,93.48682601745143,93.46990203857422,93.47836079947812,1045600
2021-11-09,93.46990203857422,93.48682601745143,93.46990203857422,93.47836079947812,1818200
2021-11-10,93.46990203857422,93.47836079947812,93.46990203857422,93.47836079947812,1222200
2021-11-11,93.46990203857422,93.47836079947812,93.46990203857422,93.47836079947812,719200
2021-11-12,93.4783935546875,93.4783935546875,93.46993479081961,93.4783935546875,687400
2021-11-15,93.46990203857422,93.47836079947812,93.46990203857422,93.47836079947812,632300
2021-11-16,93.46990203857422,93.47836079947812,93.46990203857422,93.47836079947812,1289900
2021-11-17,93.4783935546875,93.4783935546875,93.46993479081961,93.4783935546875,1063200
2021-11-18,93.48684692382812,93.48684692382812,93.46992294116622,93.47838170396176,1007000
2021-11-19,93.4783935546875,93.4783935546875,93.46993479081961,93.4783935546875,1528400
2021-11-22,93.46990203857422,93.47836079947812,93.46990203857422,93.47836079947812,941000
2021-11-23,93.4783935546875,93.4783935546875,93.46993479081961,93.46993479081961,3067800
2021-11-24,93.46147918701172,93.47840317356062,93.46147918701172,93.46994440882233,2469000
2021-11-26,93.46147918701172,93.47840317356062,93.4530139652011,93.46147918701172,4713300
2021-11-29,93.46990203857422,93.46990203857422,93.46143682060092,93.46143682060092,2457900
2021-11-30,93.42762756347656,93.46994721672864,93.42762756347656,93.46148199466373,3649900
2021-12-01,93.45301818847656,93.46148341066973,93.45301818847656,93.45301818847656,1422300
2021-12-02,93.46147918701172,93.46147918701172,93.4530139652011,93.46147918701172,1011300
2021-12-03,93.45301818847656,93.46148341066973,93.45301818847656,93.45301818847656,1439500
2021-12-06,93.45301818847656,93.45301818847656,93.444559423356,93.444559423356,1768200
2021-12-07,93.4445571899414,93.4530159548598,93.43609196795056,93.4445571899414,976500
2021-12-08,93.43608856201172,93.44455378369399,93.43608856201172,93.43608856201172,1146900
2021-12-09,93.45301818847656,93.45301818847656,93.444559423356,93.444559423356,1262000
2021-12-10,93.4445571899414,93.4530159548598,93.4445571899414,93.4530159548598,885000
2021-12-13,93.45301818847656,93.45301818847656,93.444559423356,93.45301818847656,759500
2021-12-14,93.45301818847656,93.45301818847656,93.444559423356,93.444559423356,672300
2021-12-15,93.4445571899414,93.4530159548598,93.4445571899414,93.4445571899414,1100000
2021-12-16,93.46147918701172,93.46147918701172,93.4445552004628,93.4445552004628,1434700
2021-12-17,93.45301818847656,93.46148341066973,93.45301818847656,93.45301818847656,1680400
2021-12-20,93.4445571899414,93.46148117685063,93.4445571899414,93.46148117685063,1592000
2021-12-21,93.45301818847656,93.45301818847656,93.444559423356,93.45301818847656,953700
2021-12-22,93.45301818847656,93.45301818847656,93.444559423356,93.444559423356,1968300
2021-12-23,93.45301818847656,93.45301818847656,93.444559423356,93.45301818847656,2137500
2021-12-27,93.45301818847656,93.45301818847656,93.43609420116283,93.444559423356,1384900
2021-12-28,93.4445571899414,93.4530159548598,93.43609196795056,93.4445571899414,1617000
2021-12-29,93.45301818847656,93.45301818847656,93.444559423356,93.45301818847656,1135100
2021-12-30,93.45301818847656,93.45301818847656,93.444559423356,93.45301818847656,1499500
2021-12-31,93.45301818847656,93.45301818847656,93.444559423356,93.45301818847656,1443700
2022-01-03,93.43608856201172,93.45301254830403,93.43608856201172,93.44455378369399,1072800
2022-01-04,93.43608856201172,93.44455378369399,93.43608856201172,93.43608856201172,1245800
2022-01-05,93.41912841796875,93.44452407494153,93.41912841796875,93.44452407494153,1332700
2022-01-06,93.42762756347656,93.43609278554149,93.41916234141165,93.42762756347656,1735300
2022-01-07,93.43608856201172,93.43608856201172,93.41915811864719,93.42762334032945,2089900
2022-01-10,93.43608856201172,93.43608856201172,93.42762334032945,93.42762334032945,1733400
2022-01-11,93.41912841796875,93.42759363695967,93.41912841796875,93.41912841796875,1464100
2022-01-12,93.42762756347656,93.42762756347656,93.41916234141165,93.41916234141165,2082400
2022-01-13,93.42762756347656,93.42762756347656,93.41916234141165,93.41916234141165,1201000
2022-01-14,93.41073608398438,93.42766007693136,93.41073608398438,93.4191948519205,1488800
2022-01-18,93.3683853149414,93.4191637339428,93.3683853149414,93.4191637339428,2802800
2022-01-19,93.40221405029297,93.40221405029297,93.39374883043078,93.39374883043078,1571000
2022-01-20,93.41073608398438,93.41073608398438,93.39380563396263,93.39380563396263,2880100
2022-01-21,93.41073608398438,93.41073608398438,93.40227085897351,93.40227085897351,3087900
2022-01-24,93.39375305175781,93.41068349224744,93.39375305175781,93.40221827200263,3130500
2022-01-25,93.39375305175781,93.41068349224744,93.39375305175781,93.40221827200263,2034100
2022-01-26,93.39375305175781,93.40221827200263,93.39375305175781,93.39375305175781,2250100
2022-01-27,93.37686157226562,93.39378556157527,93.37686157226562,93.38532033838376,1783700
2022-01-28,93.37686157226562,93.39378556157527,93.37686157226562,93.39378556157527,1991200
2022-01-31,93.37686157226562,93.39378556157527,93.36839634907412,93.38532033838376,17435700
2022-02-01,93.38529205322266,93.39375727385017,93.37683328966656,93.38529205322266,3005700
2022-02-02,93.38529205322266,93.39375727385017,93.38529205322266,93.38529205322266,1368600
2022-02-03,93.39375305175781,93.39375305175781,93.3768290683393,93.385287831513,1344500
2022-02-04,93.35987854003906,93.37680897688585,93.35141977868541,93.36834375846246,1436100
2022-02-07,93.35987854003906,93.35987854003906,93.35141977868541,93.35141977868541,542200
2022-02-08,93.35987854003906,93.35987854003906,93.35141977868541,93.35141977868541,1387100
2022-02-09,93.35987854003906,93.35987854003906,93.35141977868541,93.35141977868541,1112500
2022-02-10,93.3006362915039,93.3344907086235,93.29217753002638,93.32602549007615,3104600
2022-02-11,93.32605743408203,93.32605743408203,93.29220946244665,93.29220946244665,1583300
2022-02-14,93.3006362915039,93.30910151005126,93.3006362915039,93.3006362915039,1514500
2022-02-15,93.30913543701172,93.317600658637,93.30067021538642,93.30913543701172,1163700
2022-02-16,93.3176040649414,93.33452805173756,93.3176040649414,93.3176040649414,1370100
2022-02-17,93.34300231933594,93.34300231933594,93.32607187382666,93.3345370965813,3142600
2022-02-18,93.35145568847656,93.35145568847656,93.33452524511709,93.33452524511709,2410100
2022-02-22,93.33451843261719,93.34298365367904,93.32605321155533,93.34298365367904,6269900
2022-02-23,93.34300231933594,93.34300231933594,93.32607187382666,93.32607187382666,6909800
2022-02-24,93.34300231933594,93.36839153052681,93.34300231933594,93.35992630777217,3206300
2022-02-25,93.35145568847656,93.35145568847656,93.33452524511709,93.34299046679682,1786600
2022-02-28,93.34300231933594,93.35992630777217,93.34300231933594,93.34300231933594,2160700
2022-03-01,93.3683853149414,93.3937745244421,93.3683853149414,93.3683853149414,2369800
2022-03-02,93.35145568847656,93.36837967476382,93.34299046679682,93.35991445308407,1736600
2022-03-03,93.3683853149414,93.3683853149414,93.35146132763181,93.35146132763181,2497400
2022-03-04,93.35145568847656,93.36837967476382,93.35145568847656,93.36837967476382,2296500
2022-03-07,93.35987854003906,93.36834375846246,93.35141977868541,93.35987854003906,5395100
2022-03-08,93.35145568847656,93.35991445308407,93.34299046679682,93.35991445308407,4132700
2022-03-09,93.35145568847656,93.35145568847656,93.34299046679682,93.34299046679682,1332100
2022-03-10,93.34300231933594,93.35146754209057,93.3345370965813,93.34300231933594,1913600
2022-03-11,93.33451843261719,93.34298365367904,93.33451843261719,93.33451843261719,2172500
2022-03-14,93.3176040649414,93.33452805173756,93.3176040649414,93.32606282980328,1787400
2022-03-15,93.3176040649414,93.33452805173756,93.3176040649414,93.32606282980328,2766400
2022-03-16,93.32605743408203,93.32605743408203,93.30913344826435,93.31759866970921,3505800
2022-03-17,93.35145568847656,93.35145568847656,93.31760125882984,93.32606002343735,1988900
2022-03-18,93.33451843261719,93.33451843261719,93.32605321155533,93.32605321155533,4639300
2022-03-21,93.30913543701172,93.32605942319012,93.30913543701172,93.317600658637,6789700
2022-03-22,93.30913543701172,93.30913543701172,93.2922114508333,93.30913543701172,2838600
2022-03-23,93.30913543701172,93.30913543701172,93.30067021538642,93.30913543701172,4145100
2022-03-24,93.3006362915039,93.30910151005126,93.3006362915039,93.3006362915039,6063900
2022-03-25,93.29218292236328,93.30064168432973,93.29218292236328,93.30064168432973,4643200
2022-03-28,93.28375244140625,93.29221766359528,93.27528721921722,93.29221766359528,2725400
2022-03-29,93.29218292236328,93.29218292236328,93.27525248428998,93.28371770332663,2036600
2022-03-30,93.3006362915039,93.3006362915039,93.28371231147902,93.28371231147902,3343800
2022-03-31,93.30913543701172,93.30913543701172,93.2922114508333,93.30067021538642,2719300
2022-04-01,93.29052734375,93.29052734375,93.27360059125688,93.28206073843963,4949900
2022-04-04,93.28205108642578,93.2905176908601,93.28205108642578,93.2905176908601,2755600
2022-04-05,93.27356719970703,93.29049394614044,93.27356719970703,93.28202734386109,3156000
2022-04-06,93.26512908935547,93.2820558409599,93.26512908935547,93.26512908935547,2051100
2022-04-07,93.29052734375,93.29052734375,93.27360059125688,93.28206073843963,2257900
2022-04-08,93.28205108642578,93.28205108642578,93.27359094011842,93.28205108642578,3354300
2022-04-11,93.27356719970703,93.28202734386109,93.26510059742768,93.28202734386109,4787300
2022-04-12,93.29896545410156,93.29896545410156,93.2735721040536,93.28203224865248,4474400
2022-04-13,93.30741882324219,93.30741882324219,93.29048562019472,93.29048562019472,2025000
2022-04-14,93.29052734375,93.29899394906037,93.29052734375,93.29899394906037,1597300
2022-04-18,93.29052734375,93.29899394906037,93.28206073843963,93.28206073843963,2607900
2022-04-19,93.28205108642578,93.2905176908601,93.27359094011842,93.2905176908601,2334400
2022-04-20,93.29052734375,93.29052734375,93.27360059125688,93.27360059125688,1685700
2022-04-21,93.26512908935547,93.2820558409599,93.26512908935547,93.2820558409599,6440400
2022-04-22,93.25665283203125,93.26511943602078,93.25665283203125,93.25665283203125,2150600
2022-04-25,93.26512908935547,93.2820558409599,93.26512908935547,93.27359569422133,2371200
2022-04-26,93.27356719970703,93.28202734386109,93.27356719970703,93.27356719970703,2649500
2022-04-27,93.28205108642578,93.2905176908601,93.28205108642578,93.2905176908601,1878000
2022-04-28,93.27356719970703,93.29049394614044,93.27356719970703,93.27356719970703,3786600
2022-04-29,93.28205108642578,93.28205108642578,93.26512433568409,93.27359094011842,2657700
2022-05-02,93.26765441894531,93.27612355895867,93.26765441894531,93.27612355895867,9060800
2022-05-03,93.2507095336914,93.27611695193181,93.2507095336914,93.26764781251833,5665300
2022-05-04,93.29306030273438,93.29306030273438,93.24225838009507,93.25919020095438,3275200
2022-05-05,93.27610778808594,93.29303960518884,93.27610778808594,93.28457046660742,2859000
2022-05-06,93.301513671875,93.301513671875,93.28457539381749,93.28457539381749,4478000
2022-05-09,93.31845092773438,93.31845092773438,93.29304996922822,93.3015191087505,3553200
2022-05-10,93.31845092773438,93.31845092773438,93.3015191087505,93.31845092773438,8572100
2022-05-11,93.301513671875,93.31844548987222,93.29304453284624,93.30997635084347,10946000
2022-05-12,93.31845092773438,93.32692006725664,93.31845092773438,93.32692006725664,2122100
2022-05-13,93.32691955566406,93.32691955566406,93.30998127671238,93.31845041618821,11577300
2022-05-16,93.32691955566406,93.32691955566406,93.31845041618821,93.31845041618821,1622600
2022-05-17,93.31845092773438,93.31845092773438,93.3015191087505,93.3015191087505,2700600
2022-05-18,93.31845092773438,93.32692006725664,93.3099817882121,93.31845092773438,3987100
2022-05-19,93.33537292480469,93.33537292480469,93.32690378675981,93.33537292480469,4170000
2022-05-20,93.33537292480469,93.34383560279001,93.32690378675981,93.32690378675981,4978700
2022-05-23,93.33537292480469,93.34383560279001,93.33537292480469,93.33537292480469,2895100
2022-05-24,93.3692398071289,93.3692398071289,93.34383885216963,93.34383885216963,1760700
2022-05-25,93.3692398071289,93.3692398071289,93.360777128849,93.3692398071289,1246800
2022-05-26,93.3777084350586,93.3777084350586,93.3692392967652,93.3692392967652,2150400
2022-05-27,93.3692398071289,93.38617808380828,93.360777128849,93.3777089454686,4611400
2022-05-31,93.34383392333984,93.36923487695789,93.34383392333984,93.35230306123233,13735000
2022-06-01,93.33284759521484,93.36673521811248,93.33284759521484,93.36673521811248,13184700
2022-06-02,93.33284759521484,93.34132111679006,93.33284759521484,93.34132111679006,2744300
2022-06-03,93.34980010986328,93.34980010986328,93.33285306571956,93.34980010986328,3116300
2022-06-06,93.33284759521484,93.34132111679006,93.32438053704283,93.34132111679006,2460800
2022-06-07,93.33284759521484,93.34132111679006,93.32438053704283,93.32438053704283,1806300
2022-06-08,93.32437896728516,93.33284602531477,93.31590544585248,93.33284602531477,2049800
2022-06-09,93.31587982177734,93.33282039658782,93.31587982177734,93.33282039658782,1169800
2022-06-10,93.27354431152344,93.3074319338545,93.27354431152344,93.3074319338545,2999200
2022-06-13,93.19731140136719,93.24813960828477,93.19731140136719,93.23966608599726,31413500
2022-06-14,93.15494537353516,93.17189241722242,93.14647185169153,93.15494537353516,8138300
2022-06-15,93.19731140136719,93.21425198253847,93.15495025333338,93.1634237756209,5510000
2022-06-16,93.19731140136719,93.20577846025097,93.18036435679218,93.19731140136719,3405100
2022-06-17,93.19731140136719,93.21425198253847,93.19731140136719,93.20577846025097,2358500
2022-06-21,93.20575714111328,93.21423066146262,93.1972900841662,93.20575714111328,11515900
2022-06-22,93.2396469116211,93.2396469116211,93.21423281338862,93.21423281338862,2866000
2022-06-23,93.24813842773438,93.26507900869117,93.23966490555414,93.23966490555414,3023400
2022-06-24,93.2396469116211,93.24812043216605,93.23117985447853,93.23117985447853,2424700
2022-06-27,93.18882751464844,93.248129237258,93.18882751464844,93.23965571591292,3105900
2022-06-28,93.23118591308594,93.23965297077874,93.22271239199033,93.23118591308594,3163200
2022-06-29,93.24813842773438,93.24813842773438,93.23966490555414,93.23966490555414,2659600
2022-06-30,93.27354431152344,93.27354431152344,93.25660373205945,93.25660373205945,5807300
2022-07-01,93.27099609375,93.29643444780596,93.27099609375,93.27947554510199,25883700
2022-07-05,93.27947998046875,93.29643888397912,93.27947998046875,93.27947998046875,4428000
2022-07-06,93.2879409790039,93.30489341123433,93.27098207884816,93.29642042908178,3512400
2022-07-07,93.2879409790039,93.2879409790039,93.27098207884816,93.27946152892603,8854100
2022-07-08,93.27099609375,93.27099609375,93.26252311032428,93.27099609375,1848700
2022-07-11,93.25405883789062,93.27949072815987,93.25405883789062,93.27949072815987,8503000
2022-07-12,93.24559783935547,93.27102973465792,93.24559783935547,93.26255674817618,3349300
2022-07-13,93.22859954833984,93.2540314311348,93.22012009809971,93.2540314311348,2187300
2022-07-14,93.25405883789062,93.25405883789062,93.21166804215702,93.21166804215702,2224600
2022-07-15,93.26254272460938,93.27101570981706,93.25406327147404,93.26254272460938,1402800
2022-07-18,93.25405883789062,93.27101127542768,93.24557938515844,93.26253829062281,1674600
2022-07-19,93.25405883789062,93.27101127542768,93.24557938515844,93.26253829062281,2040000
2022-07-20,93.26254272460938,93.27101570981706,93.25406327147404,93.26254272460938,2469800
2022-07-21,93.2879409790039,93.2879409790039,93.26250909669561,93.27098207884816,3495700
2022-07-22,93.3049087524414,93.32186765538553,93.28795631742365,93.28795631742365,4119300
2022-07-25,93.2879409790039,93.30489341123433,93.2879409790039,93.30489341123433,2526200
2022-07-26,93.3049087524414,93.31338820391348,93.29643576889572,93.3049087524414,3283800
2022-07-27,93.32188415527344,93.3303571403172,93.2964522642871,93.30492524933086,1521300
2022-07-28,93.34729766845703,93.34729766845703,93.33033876585326,93.33881821715514,2953900
2022-07-29,93.35579681396484,93.35579681396484,93.33883790778344,93.34731736087414,2905900
2022-08-01,93.33964538574219,93.35661801056719,93.33964538574219,93.33964538574219,3943800
2022-08-02,93.33116912841797,93.36512085853309,93.33116912841797,93.3566313070967,2360400
2022-08-03,93.35662841796875,93.35662841796875,93.33116624007799,93.34814534242528,2757000
2022-08-04,93.3650894165039,93.3820620380305,93.3650894165039,93.3735789650813,2338000
2022-08-05,93.34814453125,93.36511715781961,93.33965498015012,93.36511715781961,1334700
2022-08-08,93.34814453125,93.36511715781961,93.34814453125,93.34814453125,1797600
2022-08-09,93.34814453125,93.35662760671974,93.33965498015012,93.34814453125,2745200
2022-08-10,93.37359619140625,93.39056881606409,93.37359619140625,93.37359619140625,3768800
2022-08-11,93.39056396484375,93.407543064249,93.38207441514112,93.39056396484375,2421200
2022-08-12,93.39905548095703,93.40754503083839,93.39056593107567,93.40754503083839,3313800
2022-08-15,93.39905548095703,93.40754503083839,93.39905548095703,93.39905548095703,4104900
2022-08-16,93.40755462646484,93.41603770158846,93.39906507571136,93.40755462646484,2174200
2022-08-17,93.40755462646484,93.41603770158846,93.39906507571136,93.41603770158846,7651700
2022-08-18,93.43302154541016,93.44999417214872,93.42453199422577,93.44150462096434,3019000
2022-08-19,93.44149017333984,93.4499797232116,93.43300709909728,93.43300709909728,3322700
2022-08-22,93.44149017333984,93.44149017333984,93.43300709909728,93.44149017333984,2390100
2022-08-23,93.4499740600586,93.45846360941587,93.43300143697283,93.44148451070132,3298900
2022-08-24,93.44149017333984,93.45846927308335,93.44149017333984,93.4499797232116,3994000
2022-08-25,93.45846557617188,93.46695512570781,93.45846557617188,93.46695512570781,1220800
2022-08-26,93.46697235107422,93.46697235107422,93.45848279997371,93.46697235107422,1437200
2022-08-29,93.45846557617188,93.46695512570781,93.44997602663594,93.45846557617188,3781600
2022-08-30,93.4754638671875,93.48395341905459,93.46698079095111,93.48395341905459,27654500
2022-08-31,93.4754638671875,93.4754638671875,93.46698079095111,93.46698079095111,3842800
2022-09-01,93.47630310058594,93.48480508028544,93.46780112088643,93.48480508028544,4748200
2022-09-02,93.47630310058594,93.49330057487457,93.47630310058594,93.48480508028544,6289800
2022-09-06,93.48481750488281,93.49331300060103,93.4678135432239,93.48481750488281,16095400
2022-09-07,93.48481750488281,93.48481750488281,93.47631552405336,93.48481750488281,3221400
2022-09-08,93.48481750488281,93.5018149814305,93.48481750488281,93.49331300060103,2119600
2022-09-09,93.48481750488281,93.49331300060103,93.4678135432239,93.48481750488281,4478500
2022-09-12,93.48481750488281,93.49331300060103,93.47631552405336,93.49331300060103,3726300
2022-09-13,93.43377685546875,93.45927630322578,93.43377685546875,93.45078081071263,2966600
2022-09-14,93.43377685546875,93.4422788330907,93.43377685546875,93.4422788330907,1533200
2022-09-15,93.44229125976562,93.45079323851822,93.44229125976562,93.45079323851822,2024200
2022-09-16,93.45931243896484,93.45931243896484,93.44231496225774,93.44231496225774,3185700
2022-09-19,93.44229125976562,93.45928873216117,93.44229125976562,93.45928873216117,2391000
2022-09-20,93.45931243896484,93.45931243896484,93.45081694316694,93.45081694316694,2551700
2022-09-21,93.45931243896484,93.46781441987405,93.44231496225774,93.46781441987405,2431200
2022-09-22,93.47630310058594,93.48480508028544,93.46780112088643,93.47630310058594,3530000
2022-09-23,93.48481750488281,93.48481750488281,93.4678135432239,93.47631552405336,5856100
2022-09-26,93.48481750488281,93.48481750488281,93.4678135432239,93.48481750488281,3709500
2022-09-27,93.47630310058594,93.50180255457407,93.47630310058594,93.50180255457407,5468100
2022-09-28,93.51028442382812,93.51877991659019,93.50178244595706,93.51877991659019,3140700
2022-09-29,93.5357894897461,93.5357894897461,93.5102900397105,93.52728751136443,4125100
2022-09-30,93.50179290771484,93.53579433789444,93.50179290771484,93.52729235907212,3135700
2022-10-03,93.5281982421875,93.54522683151386,93.5281982421875,93.53670928835977,4198900
2022-10-04,93.55374908447266,93.55374908447266,93.5367139973069,93.54523154088979,3856700
2022-10-05,93.562255859375,93.562255859375,93.5452207741699,93.55373831677245,3365300
2022-10-06,93.57079315185547,93.57931069684722,93.57079315185547,93.57931069684722,2595700
2022-10-07,93.57930755615234,93.57930755615234,93.57079001144648,93.57930755615234,2155400
2022-10-10,93.58782196044922,93.59633950486928,93.57930441602916,93.58782196044922,1411300
2022-10-11,93.58782196044922,93.58782196044922,93.5707868716091,93.57930441602916,2710000
2022-10-12,93.5963134765625,93.5963134765625,93.57927839245968,93.58779593451109,1900400
2022-10-13,93.5963134765625,93.5963134765625,93.57927839245968,93.5963134765625,3118600
2022-10-14,93.5963134765625,93.60482452163293,93.58779593451109,93.5963134765625,1946700
2022-10-17,93.58782196044922,93.60485055230656,93.58782196044922,93.60485055230656,3058700
2022-10-18,93.60484313964844,93.61336068339398,93.59633209288515,93.60484313964844,3319100
2022-10-19,93.5963134765625,93.60482452163293,93.5963134765625,93.60482452163293,2582900
2022-10-20,93.61335754394531,93.62187508740521,93.60484000048541,93.62187508740521,2174900
2022-10-21,93.63038635253906,93.63890389601885,93.62187530604133,93.62187530604133,3971200
2022-10-24,93.63038635253906,93.63890389601885,93.63038635253906,93.63890389601885,1810400
2022-10-25,93.64745330810547,93.64745330810547,93.63893576172711,93.63893576172711,3614900
2022-10-26,93.65594482421875,93.65594482421875,93.64742728020774,93.65594482421875,2989300
2022-10-27,93.67298126220703,93.68149880693156,93.66446371748249,93.67298126220703,2993200
2022-10-28,93.66445922851562,93.68149431714826,93.66445922851562,93.68149431714826,22089200
2022-10-31,93.64745330810547,93.68151699663457,93.64745330810547,93.68151699663457,3150500
2022-11-01,93.67476654052734,93.6918326924441,93.66623020891237,93.67476654052734,21541000
2022-11-02,93.67476654052734,93.6918326924441,93.67476654052734,93.68329636082912,1911100
2022-11-03,93.7174072265625,93.7174072265625,93.7003410797354,93.70887740880458,2998000
2022-11-04,93.72595977783203,93.73449610837869,93.71742344728537,93.71742344728537,2363200
2022-11-07,93.73448944091797,93.73448944091797,93.71741678103905,93.73448944091797,3297300
2022-11-08,93.74295806884766,93.75149439321503,93.73442825578795,93.73442825578795,4418800
2022-11-09,93.77715301513672,93.79422567409574,93.77715301513672,93.78568934461623,2359000
2022-11-10,93.81982421875,93.81982421875,93.80275807181789,93.81982421875,18529400
2022-11-11,93.81128692626953,93.82835958433762,93.81128692626953,93.81128692626953,3942600
2022-11-14,93.80278015136719,93.81984630231638,93.80278015136719,93.81984630231638,2489200
2022-11-15,93.82833862304688,93.82833862304688,93.81980229591984,93.81980229591984,2746800
2022-11-16,93.8368911743164,93.8368911743164,93.81982502723723,93.8283613564325,3010300
2022-11-17,93.84542846679688,93.86250112536266,93.84542846679688,93.84542846679688,1732100
2022-11-18,93.85395812988281,93.8624944585594,93.85395812988281,93.85395812988281,1213800
2022-11-21,93.85395812988281,93.87102427592501,93.85395812988281,93.87102427592501,1952200
2022-11-22,93.87956237792969,93.88809870676752,93.87956237792969,93.87956237792969,1772800
2022-11-23,93.91370391845703,93.91370391845703,93.89663126028391,93.90516758937048,1592000
2022-11-25,93.92222595214844,93.92222595214844,93.91368962436114,93.91368962436114,843300
2022-11-28,93.93077087402344,93.93930720318349,93.92224105617471,93.93077087402344,1942800
2022-11-29,93.95636749267578,93.95636749267578,93.93930134673097,93.94783767535884,1997800
2022-11-30,93.96492004394531,93.96492004394531,93.9478538950541,93.9478538950541,2660000
2022-12-01,94.01624298095703,94.01624298095703,93.99056636550245,93.99056636550245,4818300
2022-12-02,94.00770568847656,94.02481690753446,93.99914681469369,93.99914681469369,2268600
2022-12-05,94.01624298095703,94.02479532426888,94.00768410913884,94.01624298095703,3495300
2022-12-06,94.03335571289062,94.04191458484688,94.02479684093437,94.02479684093437,2459800
2022-12-07,94.06761169433594,94.06761169433594,94.05050047401447,94.05050047401447,2388700
2022-12-08,94.10181427001953,94.10181427001953,94.08469652599088,94.08469652599088,2178400
2022-12-09,94.10181427001953,94.11037314203385,94.0932553980052,94.10181427001953,1949800
2022-12-12,94.10181427001953,94.11037314203385,94.10181427001953,94.11037314203385,1094000
2022-12-13,94.13604736328125,94.13604736328125,94.12748849089108,94.13604736328125,2595000
2022-12-14,94.12748718261719,94.15315727092411,94.11892831034599,94.1360460548884,2636600
2022-12-15,94.17298126220703,94.17298126220703,94.1644045124047,94.17298126220703,3238800
2022-12-16,94.19015502929688,94.19015502929688,94.17298843411035,94.18157173170361,5762900
2022-12-19,94.19873046875,94.19873046875,94.19015371841385,94.19015371841385,2854800
2022-12-20,94.21588897705078,94.21588897705078,94.1987223835766,94.2073056803137,7136100
2022-12-21,94.23306274414062,94.23306274414062,94.21590269530498,94.22448599329182,2626100
2022-12-22,94.2759780883789,94.2759780883789,94.25881149142165,94.25881149142165,2768700
2022-12-23,94.26739501953125,94.27597831803078,94.26739501953125,94.27597831803078,1351000
2022-12-27,94.26739501953125,94.28456161653033,94.26739501953125,94.28456161653033,3463100
2022-12-28,94.28453063964844,94.29310738819166,94.28453063964844,94.28453063964844,1759700
2022-12-29,94.33602142333984,94.33602142333984,94.32743812728692,94.32743812728692,6557500
2022-12-30,94.32742309570312,94.33600639038825,94.31884634815354,94.33600639038825,4052900
2023-01-03,94.34461212158203,94.34461212158203,94.32744552812933,94.34461212158203,6851200
2023-01-04,94.3531723022461,94.3531723022461,94.34459555416295,94.3531723022461,2463300
2023-01-05,94.3703384399414,94.3703384399414,94.3617551447635,94.3617551447635,1940200
2023-01-06,94.38751983642578,94.38751983642578,94.37035978932377,94.37035978932377,2674900
2023-01-09,94.39611053466797,94.39611053466797,94.37895048622053,94.39611053466797,2286300
2023-01-10,94.38751983642578,94.39610313354548,94.37894308644347,94.39610313354548,4740500
2023-01-11,94.41326141357422,94.41326141357422,94.39610136679339,94.39610136679339,2882800
2023-01-12,94.46475219726562,94.46475219726562,94.45616890052928,94.45616890052928,2648900
2023-01-13,94.46475219726562,94.47332894686488,94.46475219726562,94.47332894686488,1533700
2023-01-17,94.49049377441406,94.49049377441406,94.47332718126218,94.47332718126218,3249400
2023-01-18,94.49906158447266,94.50763833250606,94.49047828930334,94.49047828930334,1580300
2023-01-19,94.5248031616211,94.53338645663048,94.5248031616211,94.53338645663048,1771700
2023-01-20,94.5419692993164,94.5419692993164,94.52480925532717,94.52480925532717,2654600
2023-01-23,94.5419692993164,94.55055259487914,94.5333925508899,94.5419692993164,3023000
2023-01-24,94.55059051513672,94.55917381414184,94.55059051513672,94.55917381414184,1497000
2023-01-25,94.58490753173828,94.58490753173828,94.56774093547624,94.56774093547624,2348300
2023-01-26,94.6106185913086,94.6106185913086,94.60203529610679,94.6106185913086,2604100
2023-01-27,94.61920928955078,94.61920928955078,94.61062599367742,94.61920928955078,2689600
2023-01-30,94.6277847290039,94.6277847290039,94.61920798038564,94.6277847290039,1537200
2023-01-31,94.6363754272461,94.64495872367209,94.6363754272461,94.6363754272461,2320300
2023-02-01,94.6622085571289,94.6708141790092,94.6449841750143,94.6622085571289,3818200
2023-02-02,94.69666290283203,94.70526852581652,94.68805071066969,94.69666290283203,4260700
2023-02-03,94.6794204711914,94.69664485223286,94.6794204711914,94.69664485223286,3699000
2023-02-06,94.6794204711914,94.69664485223286,94.6794204711914,94.6794204711914,1435600
2023-02-07,94.68802642822266,94.70524423895404,94.68802642822266,94.69663861817644,4316700
2023-02-08,94.70526123046875,94.71387342196768,94.70526123046875,94.71387342196768,1427500
2023-02-09,94.73970794677734,94.7483201386871,94.73109575486757,94.73970794677734,2605400
2023-02-10,94.73970794677734,94.75693233059687,94.73970794677734,94.7483201386871,3599200
2023-02-13,94.76551818847656,94.76551818847656,94.74830037742575,94.7569125675393,4937000
2023-02-14,94.76551818847656,94.76551818847656,94.74830037742575,94.7569125675393,8360500
2023-02-15,94.77412414550781,94.77412414550781,94.75690633558936,94.75690633558936,5306700
2023-02-16,94.81718444824219,94.82579006915115,94.80857225815694,94.81718444824219,8161600
2023-02-17,94.8258056640625,94.8258056640625,94.80858785023666,94.8258056640625,3311200
2023-02-21,94.8258056640625,94.83441785556408,94.81720004173826,94.8258056640625,15878000
2023-02-22,94.85163879394531,94.85163879394531,94.83441441156765,94.84302660275648,12698600
2023-02-23,94.88606262207031,94.88606262207031,94.86884481101066,94.86884481101066,3282300
2023-02-24,94.89470672607422,94.89470672607422,94.87748890922407,94.88609453305989,3538200
2023-02-27,94.91189575195312,94.91189575195312,94.89467137234155,94.90328356214734,4188100
2023-02-28,94.91189575195312,94.92050137258288,94.91189575195312,94.92050137258288,2279700
2023-03-01,94.9291763305664,94.93781123927694,94.92054142185587,94.93781123927694,4235800
2023-03-02,94.97234344482422,94.97234344482422,94.94644530542794,94.96370853619031,3645100
2023-03-03,94.9809799194336,94.9809799194336,94.96371668718947,94.9809799194336,2279200
2023-03-06,94.98960876464844,94.98960876464844,94.98097385582463,94.98960876464844,1892200
2023-03-07,94.97234344482422,95.00687649285439,94.96370853619031,94.98960667558659,3041100
2023-03-08,94.9809799194336,94.98961482880866,94.97235159656454,94.98961482880866,2498100
2023-03-09,95.03276824951172,95.03276824951172,95.00687011185485,95.0154984334038,2563000
2023-03-10,95.07594299316406,95.07594299316406,95.05004485186355,95.05004485186355,3788700
2023-03-13,95.18817138671875,95.19679970896792,95.1450034294508,95.17090156920935,6610900
2023-03-14,95.13636779785156,95.15363761522974,95.12773947566795,95.14500270654065,22109100
2023-03-15,95.2313461303711,95.2486159503056,95.21408289694304,95.23998104033835,5189900
2023-03-16,95.22270202636719,95.26586339603774,95.21406711783092,95.26586339603774,4020900
2023-03-17,95.2917709350586,95.2917709350586,95.23133974235436,95.23133974235436,2506000
2023-03-20,95.2745132446289,95.29177647790311,95.2572434248483,95.28314815451921,3548000
2023-03-21,95.24861907958984,95.25724740333412,95.2399841693389,95.25724740333412,3497500
2023-03-22,95.28311920166016,95.28311920166016,95.2485861590986,95.25721447986068,1808600
2023-03-23,95.34356689453125,95.34356689453125,95.30903384598803,95.31766875475022,2282000
2023-03-24,95.3521728515625,95.38670589200586,95.3521728515625,95.37807757177302,3134300
2023-03-27,95.3521728515625,95.3521728515625,95.34354453132964,95.3521728515625,3964900
2023-03-28,95.36083221435547,95.3694671233068,95.35219730540413,95.36083221435547,4817700
2023-03-29,95.36946868896484,95.36946868896484,95.35219887077865,95.36946868896484,1990600
2023-03-30,95.38673400878906,95.39536891807118,95.37810568601289,95.38673400878906,2791500
2023-03-31,95.39535522460938,95.39535522460938,95.37809199502911,95.38672031656675,2600800
2023-04-03,95.3875732421875,95.40490438688296,95.37890766983978,95.39623881453522,4125500
2023-04-04,95.42222595214844,95.4482160584878,95.40490141788712,95.40490141788712,2714200
2023-04-05,95.47420501708984,95.4915361610376,95.47420501708984,95.48287058906372,4244900
2023-04-06,95.47420501708984,95.5002017330115,95.47420501708984,95.4915361610376,2210200
2023-04-10,95.46553802490234,95.47419698625315,95.45687245365737,95.47419698625315,3327100
2023-04-11,95.48287200927734,95.48287200927734,95.47420643717457,95.48287200927734,2700600
2023-04-12,95.49154663085938,95.50887116681191,95.49154663085938,95.50887116681191,1886100
2023-04-13,95.54351806640625,95.55218363853372,95.5348524942788,95.54351806640625,2297000
2023-04-14,95.52620697021484,95.54353150701206,95.52620697021484,95.54353150701206,1464500
2023-04-17,95.53485107421875,95.53485107421875,95.52619211211483,95.53485107421875,1945200
2023-04-18,95.55219268798828,95.56085826093643,95.53486154209197,95.54352711504013,1819600
2023-04-19,95.56085968017578,95.56085968017578,95.54352853402209,95.55219410709893,1611900
2023-04-20,95.6128158569336,95.6128158569336,95.59548471513781,95.59548471513781,1302900
2023-04-21,95.6214828491211,95.63014181025379,95.61281727809441,95.6214828491211,1729200
2023-04-24,95.63017272949219,95.63883830332064,95.62151376555987,95.63017272949219,2170800
2023-04-25,95.65614318847656,95.65614318847656,95.63881204557794,95.64747761702725,1895200
2023-04-26,95.66481018066406,95.66481018066406,95.64748564620544,95.66481018066406,1949000
2023-04-27,95.6821517944336,95.6821517944336,95.67348622130868,95.6821517944336,2171600
2023-04-28,95.69078063964844,95.69078063964844,95.67345610874698,95.68212167914446,2053700
2023-05-01,95.68036651611328,95.70645061438918,95.68036651611328,95.70645061438918,2047300
2023-05-02,95.70642852783203,95.71512543651669,95.68904134426032,95.69773161914736,1921300
2023-05-03,95.72383880615234,95.73253571693527,95.71514852916866,95.73253571693527,2262400
2023-05-04,95.7760009765625,95.78469788619579,95.75860715729593,95.75860715729593,3223000
2023-05-05,95.7673110961914,95.77600800646304,95.75861418591978,95.7673110961914,2294100
2023-05-08,95.7760009765625,95.78469788619579,95.76730406692921,95.76730406692921,1908500
2023-05-09,95.7760009765625,95.79338816203074,95.7760009765625,95.79338816203074,1490700
2023-05-10,95.810791015625,95.810791015625,95.79339719471831,95.80209410517165,1791900
2023-05-11,95.8455581665039,95.86294535109784,95.8455581665039,95.85424844190186,17218700
2023-05-12,95.8455581665039,95.86294535109784,95.8455581665039,95.86294535109784,14740600
2023-05-15,95.85426330566406,95.87165712675319,95.85426330566406,95.85426330566406,3072800
2023-05-16,95.85426330566406,95.87165712675319,95.85426330566406,95.86296021620863,3750900
2023-05-17,95.87166595458984,95.88035623213557,95.86296904324448,95.87166595458984,2634100
2023-05-18,95.89775085449219,95.90644776591009,95.88905394307429,95.89775085449219,1689800
2023-05-19,95.89775085449219,95.90644776591009,95.88905394307429,95.89775085449219,2013400
2023-05-22,95.89775085449219,95.90644776591009,95.88905394307429,95.90644776591009,1988600
2023-05-23,95.91513061523438,95.92382752597872,95.89774342754487,95.89774342754487,5272200
2023-05-24,95.91513061523438,95.93252443672307,95.91513061523438,95.92382752597872,2867900
2023-05-25,95.9586181640625,95.97600535349672,95.9586181640625,95.96731507567955,2135900
2023-05-26,95.97601318359375,95.98471009592032,95.97601318359375,95.97601318359375,1506700
2023-05-30,95.98468780517578,96.00208162578951,95.97599089486893,96.00208162578951,2987300
2023-05-31,96.00209045410156,96.01947764251535,96.00209045410156,96.00209045410156,2382000
2023-06-01,96.06495666503906,96.06495666503906,96.04749324095161,96.06495666503906,3695100
2023-06-02,96.07369995117188,96.07369995117188,96.04750148135001,96.05622986269961,3734400
2023-06-05,96.07369995117188,96.08242833252149,96.06496490693574,96.07369995117188,2258200
2023-06-06,96.09114074707031,96.10861083142832,96.09114074707031,96.09987578924932,2077100
2023-06-07,96.10862731933594,96.12609074380494,96.10862731933594,96.12609074380494,1587700
2023-06-08,96.16974639892578,96.16974639892578,96.15227631391416,96.16101135641996,2594000
2023-06-09,96.16974639892578,96.17847477854639,96.16101135641996,96.16974639892578,3590300
2023-06-12,96.18722534179688,96.18722534179688,96.16976191685255,96.17849029788157,2289000
2023-06-13,96.20468139648438,96.21340977624021,96.1872113112021,96.19594635384324,2552400
2023-06-14,96.21341705322266,96.22215209652447,96.21341705322266,96.22215209652447,1831700
2023-06-15,96.28330993652344,96.28330993652344,96.2658465081148,96.27457489087531,3645600
2023-06-16,96.29202270507812,96.29202270507812,96.28328766145084,96.29202270507812,3496200
2023-06-20,96.29202270507812,96.30948612944661,96.29202270507812,96.30948612944661,2003600
2023-06-21,96.30075073242188,96.3094857760171,96.30075073242188,96.30075073242188,2147100
2023-06-22,96.33572387695312,96.34445892414199,96.33572387695312,96.34445892414199,2202400
2023-06-23,96.34440612792969,96.36186954984878,96.34440612792969,96.34440612792969,2326300
2023-06-26,96.36190032958984,96.37063537478208,96.36190032958984,96.36190032958984,2518900
2023-06-27,96.37935638427734,96.37935638427734,96.37062134035718,96.37062134035718,2218500
2023-06-28,96.38809204101562,96.396820422105,96.37935699703992,96.37935699703992,4559800
2023-06-29,96.40554809570312,96.4230181823189,96.40554809570312,96.41428313901102,2981600
2023-06-30,96.45794677734375,96.45794677734375,96.44048335329741,96.44048335329741,4593300
2023-07-03,96.45095825195312,96.4597209075559,96.45095825195312,96.45095825195312,3995900
2023-07-05,96.46845245361328,96.47722179483011,96.46845245361328,96.46845245361328,4003500
2023-07-06,96.52107238769531,96.52107238769531,96.50354039117313,96.50354039117313,2023100
2023-07-07,96.52107238769531,96.53861107326615,96.52107238769531,96.53861107326615,2538100
2023-07-10,96.53860473632812,96.54737407853791,96.52983539411834,96.53860473632812,4577000
2023-07-11,96.53860473632812,96.5561367316995,96.53860473632812,96.54737407853791,2289500
2023-07-12,96.56491088867188,96.5736802313189,96.56491088867188,96.5736802313189,3731400
2023-07-13,96.61751556396484,96.62628490679317,96.6087529101852,96.61751556396484,2262000
2023-07-14,96.62628173828125,96.63505108082201,96.61751239574048,96.62628173828125,5843900
2023-07-17,96.63504028320312,96.64380962476405,96.63504028320312,96.64380962476405,2055100
2023-07-18,96.64382934570312,96.6613613433548,96.64382934570312,96.65259200000442,4509700
2023-07-19,96.66138458251953,96.67015392797822,96.66138458251953,96.67015392797822,2542500
2023-07-20,96.70519256591797,96.70519256591797,96.69642322336605,96.69642322336605,1943200
2023-07-21,96.71398162841797,96.72275097336447,96.71398162841797,96.71398162841797,1899000
2023-07-24,96.72271728515625,96.73148662704841,96.72271728515625,96.73148662704841,2149200
2023-07-25,96.73151397705078,96.74027663237254,96.73151397705078,96.74027663237254,1580300
2023-07-26,96.74906158447266,96.75783093025896,96.74029223868635,96.74906158447266,1419400
2023-07-27,96.78410339355469,96.80164207989291,96.78410339355469,96.80164207989291,2167500
2023-07-28,96.81041717529297,96.81041717529297,96.8016545200467,96.81041717529297,1572900
2023-07-31,96.82794189453125,96.82794189453125,96.81917255150032,96.81917255150032,2373400
2023-08-01,96.84288024902344,96.84288024902344,96.83408038678633,96.84288024902344,3038700
2023-08-02,96.86053466796875,96.86053466796875,96.8429215010877,96.85172808452823,2793000
2023-08-03,96.8957290649414,96.90452892863662,96.886922483793,96.8957290649414,2999700
2023-08-04,96.92213439941406,96.92213439941406,96.91332781896452,96.92213439941406,2448100
2023-08-07,96.92213439941406,96.93093426241093,96.92213439941406,96.93093426241093,1724600
2023-08-08,96.93976593017578,96.94857251290439,96.93095934744716,96.94857251290439,1641400
2023-08-09,96.94855499267578,96.96616143749684,96.94855499267578,96.96616143749684,2524700
2023-08-10,96.99259185791016,97.00139172256277,96.99259185791016,97.00139172256277,1625600
2023-08-11,97.01021575927734,97.01021575927734,97.00140917558625,97.01021575927734,1362800
2023-08-14,97.02780151367188,97.02780151367188,97.0190016493129,97.0190016493129,1544100
2023-08-15,97.04540252685547,97.04540252685547,97.02778936543532,97.04540252685547,1889300
2023-08-16,97.05422973632812,97.05422973632812,97.04542315374623,97.04542315374623,2351500
2023-08-17,97.0982437133789,97.0982437133789,97.08943713129594,97.0982437133789,2526700
2023-08-18,97.10704803466797,97.11585461654592,97.09824145279002,97.11585461654592,1919500
2023-08-21,97.11585235595703,97.12465222017639,97.11585235595703,97.12465222017639,2102900
2023-08-22,97.1334457397461,97.1334457397461,97.12463915925741,97.1334457397461,1373000
2023-08-23,97.15107727050781,97.15107727050781,97.14227740519945,97.14227740519945,3148900
2023-08-24,97.19509887695312,97.19509887695312,97.17749242971341,97.17749242971341,1804700
2023-08-25,97.19509887695312,97.20390545930005,97.18629229460622,97.20390545930005,1789200
2023-08-28,97.2038803100586,97.21268689012702,97.2038803100586,97.2038803100586,1200700
2023-08-29,97.23030090332031,97.23030090332031,97.21269445926498,97.2214943225662,2058300
2023-08-30,97.23912048339844,97.24792034787606,97.23031390146703,97.23912048339844,1821500
2023-08-31,97.29194641113281,97.30075299305255,97.28313982921307,97.28313982921307,2688100
2023-09-01,97.31935119628906,97.31935119628906,97.31050772021725,97.31935119628906,4626000
2023-09-05,97.31935119628906,97.33703140283691,97.31935119628906,97.33703140283691,2863100
2023-09-06,97.33702850341797,97.34587197922637,97.33702850341797,97.34587197922637,2136900
2023-09-07,97.39009857177734,97.39009857177734,97.37241161726223,97.38125509451979,2119400
2023-09-08,97.39894104003906,97.40777777160838,97.39009756287312,97.39894104003906,3441500
2023-09-11,97.41664123535156,97.42548471433189,97.40779775637124,97.41664123535156,3088500
2023-09-12,97.42546844482422,97.43430517673085,97.4166249673207,97.42546844482422,2338300
2023-09-13,97.44314575195312,97.44314575195312,97.434302274713,97.44314575195312,1776400
2023-09-14,97.48736572265625,97.48736572265625,97.47852224456976,97.47852224456976,2391700
2023-09-15,97.49617004394531,97.50501351909192,97.4873333143938,97.50501351909192,2482800
2023-09-18,97.51387023925781,97.51387023925781,97.50502676291003,97.51387023925781,2617600
2023-09-19,97.51387023925781,97.53155044635739,97.51387023925781,97.53155044635739,1920100
2023-09-20,97.53158569335938,97.5404291729031,97.52274895941407,97.5404291729031,1742000
2023-09-21,97.5757827758789,97.5846262541928,97.56693929756501,97.56693929756501,2436500
2023-09-22,97.59344482421875,97.59344482421875,97.58460809314691,97.58460809314691,1631300
2023-09-25,97.602294921875,97.61113839914299,97.602294921875,97.602294921875,2278900
2023-09-26,97.61112213134766,97.6199656071418,97.61112213134766,97.6199656071418,2637200
2023-09-27,97.62882232666016,97.63766580426497,97.61998559465229,97.62882232666016,2963100
2023-09-28,97.67300415039062,97.67300415039062,97.6641606753951,97.6641606753951,2534400
2023-09-29,97.67300415039062,97.69068435478671,97.67300415039062,97.68184762538615,5282800
2023-10-02,97.69520568847656,97.7040865461263,97.69520568847656,97.7040865461263,3776800
2023-10-03,97.7040786743164,97.72183361407583,97.7040786743164,97.72183361407583,5402100
2023-10-04,97.73960876464844,97.73960876464844,97.7218470483382,97.7218470483382,16858300
2023-10-05,97.79290008544922,97.80178094539517,97.78401922550326,97.78401922550326,3781200
2023-10-06,97.80176544189453,97.80176544189453,97.79288458335637,97.80176544189453,3300300
2023-10-09,97.8106460571289,97.8106460571289,97.80176519861283,97.80176519861283,2536000
2023-10-10,97.81952667236328,97.82840753147228,97.81952667236328,97.81952667236328,3038200
2023-10-11,97.82840728759766,97.83728814668451,97.82840728759766,97.83728814668451,3782200
2023-10-12,97.88166046142578,97.88166046142578,97.86390552070624,97.87278637812071,2267900
2023-10-13,97.8994140625,97.8994140625,97.89053320582157,97.8994140625,2263200
2023-10-16,97.90830993652344,97.9171907951785,97.89055499332368,97.90830993652344,2419600
2023-10-17,97.91720581054688,97.91720581054688,97.90832495052996,97.90832495052996,2370000
2023-10-18,97.92608642578125,97.93496728577597,97.91720556578655,97.93496728577597,2193500
2023-10-19,97.97046661376953,97.97934747280665,97.96159252884304,97.96159252884304,2345100
2023-10-20,97.99710845947266,97.99710845947266,97.98822760050182,97.99710845947266,2840500
2023-10-23,98.01486206054688,98.01486206054688,98.00598120169771,98.00598120169771,2013900
2023-10-24,98.02373504638672,98.0326159045226,98.01485418825082,98.02373504638672,1658300
2023-10-25,98.02373504638672,98.04148998854855,98.02373504638672,98.0326159045226,1848500
2023-10-26,98.08589935302734,98.08589935302734,98.0681376346101,98.0681376346101,1647800
2023-10-27,98.10363006591797,98.10363006591797,98.09475598301199,98.09475598301199,2058500
2023-10-30,98.11253356933594,98.11253356933594,98.10365271027099,98.10365271027099,3156500
2023-10-31,98.11253356933594,98.1214144284009,98.11253356933594,98.11253356933594,3445500
2023-11-01,98.14642333984375,98.14642333984375,98.12859287739974,98.13750470716,3890900
2023-11-02,98.19098663330078,98.19098663330078,98.1820680027122,98.19098663330078,2476700
2023-11-03,98.21773529052734,98.21773529052734,98.19989802942857,98.20881665997796,4370100
2023-11-06,98.2088394165039,98.2355885114284,98.2088394165039,98.21775804911988,16525200
2023-11-07,98.23558044433594,98.24449907621951,98.22666861537523,98.23558044433594,3892100
2023-11-08,98.24451446533203,98.25343309861263,98.24451446533203,98.25343309861263,2275700
2023-11-09,98.28015899658203,98.29798945601044,98.28015899658203,98.2890776277574,2394300
2023-11-10,98.30690002441406,98.30690002441406,98.29798139397018,98.29798139397018,2431100
2023-11-13,98.3158187866211,98.3158187866211,98.30690015616524,98.3158187866211,3531500
2023-11-14,98.35148620605469,98.35148620605469,98.33364894519731,98.33364894519731,3791000
2023-11-15,98.36040496826172,98.36932359931919,98.35149314012648,98.35149314012648,3029000
2023-11-16,98.41390991210938,98.41390991210938,98.39607265000159,98.40499128105549,3288800
2023-11-17,98.42281341552734,98.43173204582689,98.41390158814946,98.42281341552734,2997500
2023-11-20,98.4317398071289,98.44065843813168,98.42282117612612,98.4317398071289,3046900
2023-11-21,98.46741485595703,98.46741485595703,98.44958439554678,98.45849622429056,2160100
2023-11-22,98.50308990478516,98.50308990478516,98.49417127245545,98.50308990478516,1466100
2023-11-24,98.51199340820312,98.52090523624099,98.50307477724309,98.51199340820312,1088500
2023-11-27,98.52983856201172,98.53875719430188,98.52091992972156,98.52983856201172,2078900
2023-11-28,98.55657196044922,98.55657196044922,98.53874150163163,98.53874150163163,2128100
2023-11-29,98.57440948486328,98.57440948486328,98.56549085396966,98.56549085396966,2579400
2023-11-30,98.61006164550781,98.61898027560939,98.60114981832774,98.61006164550781,4696300
2023-12-01,98.64143371582031,98.64143371582031,98.62352471316457,98.62352471316457,3957200
2023-12-04,98.650390625,98.6593485426809,98.6414327073191,98.6593485426809,3353800
2023-12-05,98.66828155517578,98.66828155517578,98.65933047202353,98.66828155517578,2561300
2023-12-06,98.68620300292969,98.68620300292969,98.6772450863798,98.68620300292969,2971500
2023-12-07,98.73097229003906,98.73097229003906,98.72202120697852,98.72202120697852,1660500
2023-12-08,98.73097229003906,98.73993020598742,98.73097229003906,98.73993020598742,1789600
2023-12-11,98.73097229003906,98.74888812193579,98.73097229003906,98.74888812193579,2079700
2023-12-12,98.75785827636719,98.75785827636719,98.74890719157808,98.74890719157808,1542100
2023-12-13,98.79369354248047,98.79369354248047,98.7668266194989,98.7668266194989,2361500
2023-12-14,98.84227752685547,98.85127656125981,98.83327849245113,98.84227752685547,3413500
2023-12-15,98.85128021240234,98.85128021240234,98.84228117766561,98.84228117766561,2705300
2023-12-18,98.86923217773438,98.86923217773438,98.85124097965367,98.86023314656924,2280800
2023-12-19,98.86923217773438,98.8782312088995,98.86923217773438,98.86923217773438,7442000
2023-12-20,98.89623260498047,98.90523163707357,98.88724043713763,98.89623260498047,3083400
2023-12-21,98.9592056274414,98.9592056274414,98.95021346018682,98.95021346018682,2516100
2023-12-22,98.9771957397461,98.9771957397461,98.96819670896457,98.96819670896457,2083600
2023-12-26,98.99518585205078,98.99518585205078,98.9771946549342,98.9771946549342,1930800
2023-12-27,98.99518585205078,99.01318391341655,98.99518585205078,98.99518585205078,1892100
2023-12-28,99.05817413330078,99.05817413330078,99.0491751018189,99.0491751018189,1714600
2023-12-29,99.08517456054688,99.08517456054688,99.05818432757343,99.06718335998141,1851600
2024-01-02,99.07617950439453,99.08517167228989,99.07617950439453,99.08517167228989,2636900
2024-01-03,99.08517456054688,99.09417359295485,99.08517456054688,99.09417359295485,2320600
2024-01-04,99.13017272949219,99.13917176279627,99.13017272949219,99.13017272949219,1616100
2024-01-05,99.13916778564453,99.15715898727976,99.13016875270145,99.13916778564453,2078100
2024-01-08,99.15715789794922,99.16615693079343,99.15715789794922,99.15715789794922,2264900
2024-01-09,99.16615295410156,99.18414415481767,99.16615295410156,99.1751519865849,1625000
2024-01-10,99.18413543701172,99.19313446870409,99.18413543701172,99.18413543701172,1740400
2024-01-11,99.24714660644531,99.24714660644531,99.23815443613293,99.24714660644531,1688000
2024-01-12,99.27412414550781,99.27412414550781,99.26513197634581,99.27412414550781,1531100
2024-01-16,99.27412414550781,99.29212221233433,99.27412414550781,99.28312317892107,2360600
2024-01-17,99.29212951660156,99.29212951660156,99.2831304825263,99.2831304825263,2662400
2024-01-18,99.31910705566406,99.33710512151336,99.31910705566406,99.31910705566406,2113500
2024-01-19,99.34608459472656,99.34608459472656,99.32809339542726,99.34608459472656,3890000
2024-01-22,99.36408233642578,99.36408233642578,99.34608427293476,99.36408233642578,3950600
2024-01-23,99.36408233642578,99.37307450392129,99.36408233642578,99.36408233642578,2189700
2024-01-24,99.37307739257812,99.39107545659233,99.37307739257812,99.38207642458522,2404000
2024-01-25,99.4271011352539,99.4271011352539,99.41810209995094,99.41810209995094,2982500
2024-01-26,99.43608093261719,99.44507996680032,99.43608093261719,99.43608093261719,1729200
2024-01-29,99.44506072998047,99.45405976242282,99.44506072998047,99.44506072998047,1638100
2024-01-30,99.45406341552734,99.47205461682238,99.45406341552734,99.47205461682238,1803000
2024-01-31,99.48107147216797,99.49906267668622,99.48107147216797,99.48107147216797,3478000
2024-02-01,99.54701232910156,99.54701232910156,99.53798152841394,99.54701232910156,3815600
2024-02-02,99.51991271972656,99.53798810977892,99.51991271972656,99.52895041475274,2814700
2024-02-05,99.52894592285156,99.53798361746985,99.52894592285156,99.53798361746985,2435500
2024-02-06,99.55606079101562,99.5650984864217,99.54702309560953,99.54702309560953,2110800
2024-02-07,99.57411193847656,99.57411193847656,99.56508113838571,99.57411193847656,1388100
2024-02-08,99.61930847167969,99.61930847167969,99.60123997504449,99.6102707764913,1722500
2024-02-09,99.62834930419922,99.62834930419922,99.61931160872624,99.62834930419922,2605400
2024-02-12,99.63736724853516,99.6464049428419,99.6283364479693,99.63736724853516,1967400
2024-02-13,99.61930847167969,99.63737696831488,99.61930847167969,99.63737696831488,2706700
2024-02-14,99.65544128417969,99.65544128417969,99.63736589581161,99.64640358999564,1773600
2024-02-15,99.70965576171875,99.71869345609312,99.70061806734438,99.70965576171875,1816600
2024-02-16,99.70965576171875,99.70965576171875,99.70061806734438,99.70061806734438,1551300
2024-02-20,99.72773742675781,99.73676822795959,99.72773742675781,99.72773742675781,1756600
2024-02-21,99.73677062988281,99.74580832504361,99.73677062988281,99.73677062988281,1634000
2024-02-22,99.77289581298828,99.79097119992142,99.77289581298828,99.78193350645485,2546500
2024-02-23,99.79096221923828,99.79999301815188,99.78192452658506,99.79096221923828,3266400
2024-02-26,99.79096221923828,99.8090307108051,99.79096221923828,99.79999301815188,1684700
2024-02-27,99.80904388427734,99.81808157812341,99.80904388427734,99.80904388427734,1576600
2024-02-28,99.81807708740234,99.82711478084182,99.81807708740234,99.81807708740234,2040800
2024-02-29,99.87228393554688,99.87228393554688,99.86324624260737,99.86324624260737,3311000
2024-03-01,99.89771270751953,99.89771270751953,99.88863823175826,99.89771270751953,3757500
2024-03-04,99.90677642822266,99.91584398121088,99.89770195343826,99.90677642822266,2742300
2024-03-05,99.92491912841797,99.92491912841797,99.9158446535725,99.92491912841797,2585300
2024-03-06,99.94307708740234,99.94307708740234,99.93400261173888,99.94307708740234,1889800
2024-03-07,99.97936248779297,99.97936248779297,99.9702949338047,99.97936248779297,2023200
2024-03-08,99.98843383789062,100.00658278889372,99.98843383789062,100.00658278889372,2195000
2024-03-11,99.99750518798828,100.00657966320621,99.99750518798828,100.00657966320621,1731900
2024-03-12,100.015625,100.015625,100.00655744859277,100.015625,1443800
2024-03-13,100.02473449707031,100.03380897344995,100.02473449707031,100.02473449707031,1552200
2024-03-14,100.07009887695312,100.07009887695312,100.06102440067143,100.07009887695312,2071800
2024-03-15,100.0882339477539,100.0882339477539,100.0700919182494,100.07915947210323,1723300
2024-03-18,100.09730529785156,100.09730529785156,100.08823082248425,100.08823082248425,2056900
2024-03-19,100.10636901855469,100.10636901855469,100.09730146533117,100.09730146533117,1860600
2024-03-20,100.13358306884766,100.13358306884766,100.11543412050706,100.11543412050706,2372200
2024-03-21,100.16987609863281,100.17894365119342,100.16987609863281,100.16987609863281,2078900
2024-03-22,100.19708251953125,100.19708251953125,100.18800804608773,100.18800804608773,1356600
2024-03-25,100.19708251953125,100.20615007117961,100.18800804608773,100.20615007117961,3515600
2024-03-26,100.21524810791016,100.21524810791016,100.20617363233299,100.21524810791016,1203000
2024-03-27,100.27875518798828,100.27875518798828,100.2696807124478,100.2696807124478,1826900
2024-03-28,100.28782653808594,100.28782653808594,100.27875206282826,100.27875206282826,2490800
2024-04-01,100.29875183105469,100.29875183105469,100.28963761480738,100.29875183105469,4439200
2024-04-02,100.3078842163086,100.3078842163086,100.29876999841039,100.3078842163086,5076300
2024-04-03,100.31697082519531,100.32608504121674,100.31697082519531,100.32608504121674,2873100
2024-04-04,100.38078308105469,100.38078308105469,100.35344042762549,100.36255464543521,2585600
2024-04-05,100.38988494873047,100.38988494873047,100.38077768352166,100.38988494873047,2037300
2024-04-08,100.3990249633789,100.3990249633789,100.38991074371737,100.3990249633789,1564200
2024-04-09,100.40811157226562,100.40811157226562,100.39899735511037,100.40811157226562,1464300
2024-04-10,100.3990249633789,100.40813918304045,100.3990249633789,100.40813918304045,2877600
2024-04-11,100.44456481933594,100.44456481933594,100.43545060187847,100.43545060187847,3432400
2024-04-12,100.45365142822266,100.47187985938925,100.45365142822266,100.46276564380595,2406400
2024-04-15,100.46278381347656,100.47189803070826,100.46278381347656,100.47189803070826,3945500
2024-04-16,100.4719009399414,100.48100820532603,100.4719009399414,100.4719009399414,3752800
2024-04-17,100.49011993408203,100.49923415135191,100.49011993408203,100.49011993408203,1804000
2024-04-18,100.53568267822266,100.54478994325581,100.5265684610788,100.53568267822266,3423200
2024-04-19,100.55390930175781,100.55390930175781,100.54479508414795,100.54479508414795,2259200
2024-04-22,100.56301879882812,100.57213301601017,100.56301879882812,100.57213301601017,3896800
2024-04-23,100.58125305175781,100.59036727009708,100.57214578553017,100.58125305175781,2211300
2024-04-24,100.59947967529297,100.59947967529297,100.59036545711797,100.59036545711797,2033000
2024-04-25,100.62679290771484,100.63590712385464,100.62679290771484,100.63590712385464,1901700
2024-04-26,100.6450424194336,100.6450424194336,100.6359351528672,100.6450424194336,1744900
2024-04-29,100.65413665771484,100.6632508745839,100.65413665771484,100.65413665771484,2577700
2024-04-30,100.66324615478516,100.67236037122686,100.66324615478516,100.66324615478516,2763000
2024-05-01,100.6943588256836,100.6943588256836,100.6760535060501,100.6943588256836,3307800
2024-05-02,100.74010467529297,100.74010467529297,100.73095899722664,100.73095899722664,3285300
2024-05-03,100.75843048095703,100.76758314231796,100.7492778195961,100.75843048095703,2206300
2024-05-06,100.76757049560547,100.77671617438354,100.75841783539323,100.77671617438354,2422800
2024-05-07,100.77670288085938,100.78585553986429,100.77670288085938,100.78585553986429,2268700
2024-05-08,100.79502868652344,100.79502868652344,100.78587602565815,100.79502868652344,1464400
2024-05-09,100.83162689208984,100.84077257102552,100.83162689208984,100.83162689208984,1654800
2024-05-10,100.84991455078125,100.85906721018192,100.84076189138058,100.84991455078125,1421600
2024-05-13,100.86823272705078,100.86823272705078,100.85908006648344,100.86823272705078,1501100
2024-05-14,100.87736511230469,100.87736511230469,100.86821943437705,100.87736511230469,1684100
2024-05-15,100.90483856201172,100.90483856201172,100.8865402206512,100.8865402206512,2191000
2024-05-16,100.93228912353516,100.94143480282528,100.93228912353516,100.93228912353516,2014700
2024-05-17,100.95059967041016,100.95059967041016,100.94144700857872,100.95059967041016,2692600
2024-05-20,100.96885681152344,100.96885681152344,100.95971113485938,100.95971113485938,1437600
2024-05-21,100.97803497314453,100.98718763355281,100.96888231273627,100.97803497314453,1684900
2024-05-22,100.99635314941406,100.99635314941406,100.98720048784078,100.98720048784078,2144300
2024-05-23,101.0512466430664,101.0512466430664,101.04209398226418,101.04209398226418,2716800
2024-05-24,101.06037902832031,101.06037902832031,101.05122636935437,101.06037902832031,980200
2024-05-28,101.0512466430664,101.08785030484067,101.0512466430664,101.06039930386864,2806300
2024-05-29,101.06037902832031,101.06952470585301,101.06037902832031,101.06952470585301,3419300
2024-05-30,101.08782958984375,101.08782958984375,101.0786769309171,101.0786769309171,1882100
2024-05-31,101.12445068359375,101.13359636266442,101.11529802308867,101.12445068359375,2974400
2024-06-03,101.1446762084961,101.15386812974691,101.1446762084961,101.15386812974691,4333800
2024-06-04,101.16304016113281,101.17222506919619,101.15384824168923,101.16304016113281,2539000
2024-06-05,101.1722183227539,101.19060216041518,101.1722183227539,101.19060216041518,2327700
2024-06-06,101.1998062133789,101.1998062133789,101.19061429344613,101.19061429344613,2254700
2024-06-07,101.22737884521484,101.2457556744048,101.22737884521484,101.2457556744048,2920200
2024-06-10,101.24575805664062,101.24575805664062,101.23657314751995,101.24575805664062,2793700
2024-06-11,101.25495910644531,101.26415102777575,101.25495910644531,101.25495910644531,2374500
2024-06-12,101.29171752929688,101.29171752929688,101.28252560817072,101.29171752929688,2392200
2024-06-13,101.30089569091797,101.31008059941507,101.29170377104033,101.30089569091797,1809200
2024-06-14,101.34686279296875,101.34686279296875,101.33767087113881,101.33767087113881,1736400
2024-06-17,101.35602569580078,101.35602569580078,101.34683377660255,101.34683377660255,5256600
2024-06-18,101.38361358642578,101.39280550735974,101.37442166549182,101.38361358642578,4208800
2024-06-20,101.40194702148438,101.40194702148438,101.39276211586248,101.39276211586248,2229200
2024-06-21,101.44792175292969,101.44792175292969,101.4387298339218,101.4387298339218,2307200
2024-06-24,101.4571304321289,101.4571304321289,101.44793851160256,101.4571304321289,1905500
2024-06-25,101.47550201416016,101.47550201416016,101.45712518543881,101.46631710548982,2267200
2024-06-26,101.47550201416016,101.48469393421115,101.47550201416016,101.48469393421115,2336300
2024-06-27,101.50306701660156,101.50306701660156,101.49388210827023,101.50306701660156,2154500
2024-06-28,101.54901885986328,101.54901885986328,101.53982694021887,101.53982694021887,3244900
2024-07-01,101.56379699707031,101.56379699707031,101.5545661483154,101.56379699707031,3926600
2024-07-02,101.58224487304688,101.58224487304688,101.5730140249081,101.58224487304688,2749700
2024-07-03,101.60993194580078,101.61916279408213,101.60070109751943,101.60993194580078,1820100
2024-07-05,101.6468505859375,101.65608143442662,101.6468505859375,101.65608143442662,2065600
2024-07-08,101.67451477050781,101.67451477050781,101.66529096502715,101.67451477050781,2503000
2024-07-09,101.67451477050781,101.68374561706135,101.67451477050781,101.68374561706135,2956300
2024-07-10,101.68379211425781,101.70224677473081,101.68379211425781,101.69302296503237,2187300
2024-07-11,101.71145629882812,101.72068714766718,101.71145629882812,101.71145629882812,2358500
2024-07-12,101.7668228149414,101.77605366337275,101.7668228149414,101.7668228149414,1871700
2024-07-15,101.78528594970703,101.79451679826879,101.77605510114529,101.78528594970703,2565300
2024-07-16,101.79451751708984,101.8037413246423,101.79451751708984,101.8037413246423,2318500
2024-07-17,101.80374908447266,101.81297993380319,101.80374908447266,101.80374908447266,2155900
2024-07-18,101.82220458984375,101.83142839753825,101.82220458984375,101.83142839753825,2148000
2024-07-19,101.87757110595703,101.87757110595703,101.85911645030758,101.86834025759518,2191400
2024-07-22,101.88680267333984,101.88680267333984,101.87757182491285,101.87757182491285,3626400
2024-07-23,101.9052505493164,101.9052505493164,101.88679589476452,101.89602674257738,3351000
2024-07-24,101.91448974609375,101.93294440215746,101.90525889752469,101.90525889752469,2528800
2024-07-25,101.9237060546875,101.94216070811855,101.9237060546875,101.93292986086631,2820600
2024-07-26,101.97907257080078,101.97907257080078,101.96984172395453,101.96984172395453,2269300
2024-07-29,101.99755859375,101.99755859375,101.98833478514,101.98833478514,2134300
2024-07-30,102.00676727294922,102.01599812062824,101.99753642527021,101.99753642527021,2107900
2024-07-31,102.01602172851562,102.03447638707057,101.9975600288853,102.01602172851562,2857800
2024-08-01,102.0419692993164,102.06050578917768,102.0419692993164,102.05123400809866,4773100
2024-08-02,102.13467407226562,102.14394585408715,102.11613758091991,102.11613758091991,5001100
2024-08-05,102.13467407226562,102.17175412725439,102.13467407226562,102.16248234543285,5589900
2024-08-06,102.13467407226562,102.16248234543285,102.13467407226562,102.16248234543285,3654800
2024-08-07,102.15319061279297,102.16246239280369,102.15319061279297,102.15319061279297,2589200
2024-08-08,102.1624755859375,102.18101914835364,102.1624755859375,102.17174736714557,1864600
2024-08-09,102.19955444335938,102.21809093326186,102.19955444335938,102.20882622445902,2021900
2024-08-12,102.22736358642578,102.22736358642578,102.21809180524706,102.21809180524706,1553500
2024-08-13,102.25516510009766,102.25516510009766,102.23662861126203,102.24590039182804,1838500
2024-08-14,102.25516510009766,102.25516510009766,102.24590039182804,102.25516510009766,1719900
2024-08-15,102.26443481445312,102.26443481445312,102.25516303407446,102.26443481445312,1865100
2024-08-16,102.31079864501953,102.31079864501953,102.29225508208704,102.30152686355329,2409800
2024-08-19,102.32005310058594,102.32932488112306,102.31078839234519,102.32932488112306,1820100
2024-08-20,102.34786224365234,102.34786224365234,102.32931868370117,102.33859046367677,1678000
2024-08-21,102.36640167236328,102.37567345260526,102.35712989212132,102.35712989212132,2495500
2024-08-22,102.38494110107422,102.39421288158248,102.37567639286232,102.38494110107422,2097400
2024-08-23,102.43128967285156,102.43128967285156,102.41275318472107,102.41275318472107,2456500
2024-08-26,102.44056701660156,102.44056701660156,102.4312952358847,102.44056701660156,2129600
2024-08-27,102.45909881591797,102.45909881591797,102.44056232762922,102.4498270356255,2982800
2024-08-28,102.47765350341797,102.47765350341797,102.46838172211878,102.47765350341797,1717000
2024-08-29,102.48690795898438,102.48690795898438,102.47764325090904,102.47764325090904,1707800
2024-08-30,102.52398681640625,102.53325859667004,102.51471503614245,102.52398681640625,3287800
2024-09-03,102.55657958984375,102.55657958984375,102.54726781745552,102.55657958984375,14611400
2024-09-04,102.5844955444336,102.5844955444336,102.56587200188281,102.5751837731582,2293400
2024-09-05,102.60311889648438,102.60311889648438,102.58450245547978,102.59380712458166,2667400
2024-09-06,102.64967346191406,102.65897813127054,102.64036168975656,102.64967346191406,4564800
2024-09-09,102.64967346191406,102.66828990342805,102.64967346191406,102.65897813127054,3424500
2024-09-10,102.68692779541016,102.68692779541016,102.66830424849302,102.67761602195158,5309300
2024-09-11,102.67760467529297,102.69622111735083,102.67760467529297,102.69622111735083,2925100
2024-09-12,102.69622039794922,102.70553217031353,102.69622039794922,102.70553217031353,2869500
2024-09-13,102.75208282470703,102.76138749417012,102.75208282470703,102.76138749417012,2626000
2024-09-16,102.789306640625,102.789306640625,102.76137132822701,102.77999486982567,1760000
2024-09-17,102.79862213134766,102.80793390312733,102.79862213134766,102.79862213134766,2246000
2024-09-18,102.83584594726562,102.83584594726562,102.79860596880272,102.80791773911835,2940200
2024-09-19,102.8544692993164,102.8544692993164,102.84515752901784,102.84515752901784,5525500
2024-09-20,102.90103149414062,102.90103149414062,102.88241505316823,102.89171972225401,2829000
2024-09-23,102.91966247558594,102.91966247558594,102.90103893046685,102.90103893046685,3188200
2024-09-24,102.92896270751953,102.93827447967759,102.9196580381625,102.9196580381625,3068800
2024-09-25,102.94757080078125,102.95687546874177,102.93825903002076,102.93825903002076,3090200
2024-09-26,102.9568862915039,102.9568862915039,102.94758162256528,102.94758162256528,3071100
2024-09-27,102.99413299560547,102.99413299560547,102.98482832605976,102.98482832605976,4247700
2024-09-30,102.99413299560547,103.00344476795236,102.99413299560547,103.00344476795236,5728900
2024-10-01,103.01656341552734,103.01656341552734,103.0072204048578,103.01656341552734,11744100
2024-10-02,103.01656341552734,103.03526370100487,103.01656341552734,103.02591355826611,10743300
2024-10-03,103.01656341552734,103.04461384374362,103.01656341552734,103.04461384374362,8320700
2024-10-04,103.05396270751953,103.07266299405916,103.05396270751953,103.06331285078934,5043900
2024-10-07,103.04460906982422,103.0633022223665,103.04460906982422,103.05395208006092,7826100
2024-10-08,103.0726547241211,103.0726547241211,103.06330458160147,103.06330458160147,5234900
2024-10-09,103.08200073242188,103.09135087521341,103.07265772169958,103.08200073242188,2391800
2024-10-10,103.09136199951172,103.10071214331221,103.09136199951172,103.09136199951172,3653500
2024-10-11,103.13809967041016,103.1474426816047,103.13809967041016,103.13809967041016,3949500
2024-10-14,103.14743041992188,103.15678056207453,103.13808740983798,103.14743041992188,2932000
2024-10-15,103.15679168701172,103.16614183017275,103.15679168701172,103.16614183017275,2421300
2024-10-16,103.17547607421875,103.17547607421875,103.16612593249856,103.17547607421875,4952900
2024-10-17,103.17547607421875,103.1848190838705,103.17547607421875,103.17547607421875,4522800
2024-10-18,103.22222137451172,103.22222137451172,103.2128783640584,103.2128783640584,2611300
2024-10-21,103.23157501220703,103.24092515504599,103.22222486936809,103.23157501220703,5111000
2024-10-22,103.23157501220703,103.25026816581563,103.23157501220703,103.23157501220703,3155600
2024-10-23,103.23157501220703,103.25026816581563,103.23157501220703,103.24092515504599,9123400
2024-10-24,103.25025939941406,103.26895968350422,103.25025939941406,103.25960954145914,5750500
2024-10-25,103.28766632080078,103.30636660733245,103.28766632080078,103.30636660733245,3037200
2024-10-28,103.31571960449219,103.31571960449219,103.30637659239292,103.30637659239292,3809700
2024-10-29,103.31571960449219,103.33441989283132,103.31571960449219,103.32506974866175,6641600
2024-10-30,103.3437728881836,103.3437728881836,103.33442274375605,103.33442274375605,4879800
2024-10-31,103.36244201660156,103.36244201660156,103.34374886416255,103.35309187434763,5693400
2024-11-01,103.40658569335938,103.40658569335938,103.3971958908818,103.40658569335938,4558200
2024-11-04,103.42533874511719,103.42533874511719,103.41595610671946,103.41595610671946,5295000
2024-11-05,103.42533874511719,103.4347285458343,103.41595610671946,103.4347285458343,3004700
2024-11-06,103.42533874511719,103.4441183465514,103.42533874511719,103.4347285458343,5082300
2024-11-07,103.45349884033203,103.46288864085449,103.44411620212881,103.45349884033203,5523400
2024-11-08,103.50984191894531,103.50984191894531,103.49106231582526,103.49106231582526,4919500
2024-11-11,103.50045776367188,103.50045776367188,103.4910679615996,103.50045776367188,2185900
2024-11-12,103.50984191894531,103.50984191894531,103.5004521173853,103.5004521173853,2628200
2024-11-13,103.52861022949219,103.52861022949219,103.50983778944108,103.51922042830677,2956000
2024-11-14,103.53800964355469,103.5473994456119,103.49106779558905,103.53800964355469,3675600
2024-11-15,103.55679321289062,103.57557281902298,103.55679321289062,103.57557281902298,3490100
2024-11-18,103.5755615234375,103.58494416315926,103.5755615234375,103.5755615234375,3038600
2024-11-19,103.59432220458984,103.59432220458984,103.58493240361368,103.59432220458984,5907900
2024-11-20,103.61311340332031,103.61311340332031,103.59433379926607,103.59433379926607,2160300
2024-11-21,103.61311340332031,103.62249604302704,103.60372360129318,103.62249604302704,5298100
2024-11-22,103.6506576538086,103.6506576538086,103.64126785248766,103.64126785248766,3330400
2024-11-25,103.66941833496094,103.66941833496094,103.66002853470508,103.66002853470508,3467200
2024-11-26,103.67881774902344,103.67881774902344,103.66942794789689,103.67881774902344,3266100
2024-11-27,103.69758605957031,103.70697586032294,103.69758605957031,103.69758605957031,2100100
2024-11-29,103.74455261230469,103.74455261230469,103.73516280931547,103.74455261230469,3015400
2024-12-02,103.75961303710938,103.75961303710938,103.75018775530876,103.75961303710938,4170100
2024-12-03,103.78787994384766,103.78787994384766,103.76903656994754,103.7784546622059,1738700
2024-12-04,103.78787994384766,103.80673050713115,103.78787994384766,103.79730522548941,3709400
2024-12-05,103.81615447998047,103.81615447998047,103.80673638718864,103.81615447998047,2018700
2024-12-06,103.86328125,103.86328125,103.85385596713935,103.85385596713935,2354000
2024-12-09,103.88211822509766,103.88211822509766,103.86327484992182,103.87270013220169,2567300
2024-12-10,103.88211822509766,103.89154350737752,103.88211822509766,103.89154350737752,1637300
2024-12-11,103.90097045898438,103.91038855203165,103.89154517655308,103.90097045898438,2236900
2024-12-12,103.91038513183594,103.919810413957,103.91038513183594,103.91038513183594,1564700
2024-12-13,103.93867492675781,103.95751830414494,103.93867492675781,103.95751830414494,1653300
2024-12-16,103.9669189453125,103.9669189453125,103.95749366416055,103.95749366416055,2238500
2024-12-17,103.9669189453125,103.98576231823337,103.9669189453125,103.98576231823337,2404300
2024-12-18,103.98300170898438,103.99246361005854,103.97354702522607,103.97354702522607,2961000
2024-12-19,104.0113754272461,104.0113754272461,103.99245884328072,104.00192074392116,3319900
2024-12-20,104.03977966308594,104.04923434809515,104.03031776075993,104.04923434809515,2596100
2024-12-23,104.04922485351562,104.05868675497823,104.03977016936916,104.05868675497823,5534600
2024-12-24,104.07762145996094,104.08708336307082,104.06816677416846,104.08708336307082,1832400
2024-12-26,104.09651184082031,104.09651184082031,104.07758804067699,104.08704994074866,1977900
2024-12-27,104.12489318847656,104.13435508880855,104.11543128814458,104.12489318847656,3049500
2024-12-30,104.1532974243164,104.1532974243164,104.13438083629055,104.14383552164495,3318900
2024-12-31,104.16272735595703,104.17218925572432,104.15326545618974,104.16272735595703,3601200
2025-01-02,104.18165588378906,104.18165588378906,104.17220120025253,104.18165588378906,2476800
2025-01-03,104.21003723144531,104.21949191458673,104.21003723144531,104.21949191458673,2145000
2025-01-06,104.22895812988281,104.22895812988281,104.21949622903432,104.21949622903432,2611600
2025-01-07,104.24787139892578,104.24787139892578,104.22895481514605,104.22895481514605,2442700
2025-01-08,104.24787139892578,104.24787139892578,104.23841671569365,104.23841671569365,4330100
2025-01-10,104.2762680053711,104.28572268959196,104.2762680053711,104.28572268959196,8609600
2025-01-13,104.29517364501953,104.29517364501953,104.28571174447552,104.29517364501953,8996000
2025-01-14,104.30464935302734,104.30464935302734,104.2951874512308,104.30464935302734,8787900
2025-01-15,104.32354736328125,104.32354736328125,104.3140854631695,104.32354736328125,9348700
2025-01-16,104.33302307128906,104.33302307128906,104.32356116992509,104.32356116992509,9546200
2025-01-17,104.38031768798828,104.38031768798828,104.37086300398163,104.38031768798828,8531500
2025-01-21,104.39924621582031,104.39924621582031,104.38978431406937,104.39924621582031,7854100
2025-01-22,104.39924621582031,104.40870811757125,104.39924621582031,104.40870811757125,6999500
2025-01-23,104.41815948486328,104.41815948486328,104.40870480072905,104.41815948486328,7440100
2025-01-24,104.45599365234375,104.46545555323058,104.44653896877261,104.45599365234375,6651200
2025-01-27,104.47491455078125,104.47491455078125,104.46545265015735,104.46545265015735,5298300
2025-01-28,104.484375,104.484375,104.47492031616984,104.47492031616984,5094700
2025-01-29,104.49382781982422,104.49382781982422,104.48436591950048,104.49382781982422,4414900
2025-01-30,104.5032958984375,104.5032958984375,104.49383399755438,104.49383399755438,5565700
2025-01-31,104.54114532470703,104.54114532470703,104.5316834230057,104.5316834230057,5293100
2025-02-03,104.55348205566406,104.55348205566406,104.54398552329204,104.55348205566406,6264700
2025-02-04,104.56297302246094,104.56297302246094,104.5534837336684,104.56297302246094,5357300
2025-02-05,104.57247924804688,104.57247924804688,104.56298271464219,104.57247924804688,5114900
2025-02-06,104.59146118164062,104.59146118164062,104.58196464924679,104.59146118164062,4670200
2025-02-07,104.61993408203125,104.61993408203125,104.61043755049549,104.61993408203125,5093200
2025-02-10,104.62943267822266,104.62943267822266,104.61994338957382,104.62943267822266,6866400
2025-02-11,104.62943267822266,104.63892921060328,104.61994338957382,104.62943267822266,11524800
2025-02-12,104.62943267822266,104.63892921060328,104.62943267822266,104.62943267822266,6675000
2025-02-13,104.65792846679688,104.65792846679688,104.64843193385444,104.64843193385444,2823400
2025-02-14,104.70539093017578,104.70539093017578,104.69589439775159,104.70539093017578,3559400
2025-02-18,104.70539093017578,104.72438399502418,104.70539093017578,104.71488746259998,4885500
2025-02-19,104.73387908935547,104.73387908935547,104.71489326718647,104.71489326718647,4009400
2025-02-20,104.74337005615234,104.74337005615234,104.73387352370638,104.74337005615234,3588600
2025-02-21,104.78135681152344,104.78135681152344,104.77186027836426,104.78135681152344,5773200
2025-02-24,104.80033874511719,104.80033874511719,104.79084945604254,104.80033874511719,8101900
2025-02-25,104.8193359375,104.8193359375,104.8003428711387,104.8003428711387,8345200
2025-02-26,104.8193359375,104.82883247068064,104.8193359375,104.82883247068064,4963800
2025-02-27,104.82881927490234,104.83830856315609,104.82881927490234,104.83830856315609,3224700
2025-02-28,104.86678314208984,104.87627967337114,104.86678314208984,104.86678314208984,5511200
2025-03-03,104.88394165039062,104.89346906358617,104.88394165039062,104.88394165039062,8365800
2025-03-04,104.89347839355469,104.91252595435303,104.89347839355469,104.89347839355469,11094600
2025-03-05,104.91251373291016,104.92204114584327,104.90298631997705,104.91251373291016,9906900
2025-03-06,104.92206573486328,104.93159315002919,104.92206573486328,104.93159315002919,9772100
2025-03-07,104.96967315673828,104.96967315673828,104.96015301023208,104.96967315673828,6012500
2025-03-10,104.97919464111328,104.97919464111328,104.96966722785778,104.97919464111328,10331900
2025-03-11,104.99826049804688,104.99826049804688,104.98873308379049,104.99826049804688,8340800
2025-03-12,104.99826049804688,105.00778064501549,104.98873308379049,105.00778064501549,8193500
2025-03-13,105.00777435302734,105.01730176671285,105.00777435302734,105.00777435302734,10764700
2025-03-14,105.05540466308594,105.05540466308594,105.04587724935428,105.05540466308594,9071900
2025-03-17,105.05540466308594,105.05540466308594,105.04587724935428,105.04587724935428,6214900
2025-03-18,105.06493377685547,105.06493377685547,105.05540636296965,105.05540636296965,11201300
2025-03-19,105.07445526123047,105.07445526123047,105.06493511451092,105.06493511451092,10142800
2025-03-20,105.093505859375,105.093505859375,105.08397844575136,105.093505859375,5685000
2025-03-21,105.13159942626953,105.13159942626953,105.1220720134452,105.13159942626953,6688100
2025-03-24,105.14112091064453,105.14112091064453,105.13160076498565,105.13160076498565,6596000
2025-03-25,105.1506576538086,105.16018506759963,105.14113024001756,105.1506576538086,10628800
2025-03-26,105.16019439697266,105.16019439697266,105.15066698233639,105.15066698233639,7838100
2025-03-27,105.17921447753906,105.17921447753906,105.16016692053137,105.16969433267829,9383800
2025-03-28,105.20780181884766,105.21732923211498,105.19828167286735,105.20780181884766,9151900
2025-03-31,105.21733093261719,105.2268583460385,105.21733093261719,105.21733093261719,10044000
2025-04-01,105.24028015136719,105.24028015136719,105.23071950074416,105.24028015136719,5617800
2025-04-02,105.24983215332031,105.24983215332031,105.24027150348292,105.24027150348292,6600100
2025-04-03,105.2593994140625,105.26895277186082,105.2593994140625,105.26895277186082,5630300
2025-04-04,105.30718231201172,105.33585696911491,105.30718231201172,105.32630361183993,7485000
2025-04-07,105.31674194335938,105.34541660018525,105.31674194335938,105.3358559503636,10155800
2025-04-08,105.33586120605469,105.33586120605469,105.31674719809678,105.32630784839544,8380900
2025-04-09,105.33586120605469,105.34542185635335,105.31674719809678,105.33586120605469,9374600
2025-04-10,105.33586120605469,105.35498250665202,105.33586120605469,105.35498250665202,5882400
2025-04-11,105.38365173339844,105.39321238320436,105.37409108359253,105.38365173339844,18461900
2025-04-14,105.3932113647461,105.3932113647461,105.38365071503257,105.3932113647461,6572100
2025-04-15,105.40277099609375,105.40277099609375,105.39321763845054,105.40277099609375,2950700
2025-04-16,105.42189025878906,105.42189025878906,105.41232960869124,105.42189025878906,4037500
2025-04-17,105.46968078613281,105.46968078613281,105.4601274285056,105.4601274285056,2704100
2025-04-21,105.47925567626953,105.47925567626953,105.46969502471221,105.47925567626953,2698800
2025-04-22,105.48880004882812,105.48880004882812,105.4792393987462,105.4792393987462,4001900
2025-04-23,105.49835205078125,105.49835205078125,105.47923075218485,105.49835205078125,4259500
2025-04-24,105.50790405273438,105.50790405273438,105.4983506961975,105.4983506961975,5434200
2025-04-25,105.54613494873047,105.54613494873047,105.53658159259258,105.54613494873047,4123600
2025-04-28,105.55572509765625,105.55572509765625,105.54616444620814,105.55572509765625,3808200
2025-04-29,105.55572509765625,105.57483910791217,105.55572509765625,105.56528574910436,11871500
2025-04-30,105.58438110351562,105.58438110351562,105.5748204537568,105.58438110351562,4592400
2025-05-01,105.59590148925781,105.60549444663032,105.58630853188532,105.60549444663032,5457000
2025-05-02,105.61506652832031,105.62465216651562,105.60547357284393,105.62465216651562,4611300
2025-05-05,105.62466430664062,105.62466430664062,105.61507866734358,105.62466430664062,11721500
2025-05-06,105.6342544555664,105.64384741189039,105.6342544555664,105.64384741189039,5079000
2025-05-07,105.65342712402344,105.6630127618641,105.64383416890198,105.65342712402344,3109900
2025-05-08,105.66303253173828,105.67262548865462,105.65344689210411,105.66303253173828,3202000
2025-05-09,105.69180297851562,105.7013959353315,105.69180297851562,105.7013959353315,3022300
2025-05-12,105.70140075683594,105.70140075683594,105.69180779958248,105.69180779958248,5469700
2025-05-13,105.71099090576172,105.71099090576172,105.70139794876312,105.71099090576172,2980600
2025-05-14,105.71099090576172,105.72058386276034,105.71099090576172,105.72058386276034,3423300
2025-05-15,105.73017120361328,105.73017120361328,105.72058556374266,105.72058556374266,2761000
2025-05-16,105.76852416992188,105.76852416992188,105.75893121381603,105.75893121381603,3739000
2025-05-19,105.76852416992188,105.77811712602774,105.76852416992188,105.76852416992188,3024900
2025-05-20,105.7877197265625,105.7877197265625,105.77812676958207,105.7877197265625,2499100
2025-05-21,105.79729461669922,105.80688757270495,105.79729461669922,105.80688757270495,2832000
2025-05-22,105.8165054321289,105.8165054321289,105.80691247386552,105.80691247386552,2474700
2025-05-23,105.86444854736328,105.86444854736328,105.85486290702067,105.86444854736328,2286800
2025-05-27,105.86444854736328,105.8740415049886,105.86444854736328,105.8740415049886,2928700
2025-05-28,105.87403869628906,105.88363165365988,105.87403869628906,105.88363165365988,3058300
2025-05-29,105.90280151367188,105.90280151367188,105.89321587437442,105.90280151367188,2021900
2025-05-30,105.9219741821289,105.93155982022775,105.9219741821289,105.93155982022775,4947800
2025-06-02,105.9383544921875,105.9479820578532,105.9383544921875,105.9479820578532,7655400
2025-06-03,105.95761108398438,105.95761108398438,105.94798351818598,105.95761108398438,2471700
2025-06-04,105.96722412109375,105.97685168623936,105.95760389962864,105.96722412109375,1952500
2025-06-05,105.99609375,105.99609375,105.97683862208241,105.98646618604121,2946800
2025-06-06,106.00572204589844,106.0249771752829,106.00572204589844,106.01534961059066,2890100
2025-06-09,106.03459167480469,106.03459167480469,106.02496411129873,106.03459167480469,2358600
2025-06-10,106.04422760009766,106.04422760009766,106.03460737884618,106.04422760009766,2308200
2025-06-11,106.05384063720703,106.05384063720703,106.04421307359404,106.05384063720703,2350700
2025-06-12,106.07310485839844,106.07310485839844,106.06348463697398,106.06348463697398,1970500
2025-06-13,106.11161041259766,106.11161041259766,106.10199019093409,106.10199019093409,3812900
2025-06-16,106.11161041259766,106.11161041259766,106.10199019093409,106.11161041259766,2241400
2025-06-17,106.1212387084961,106.1212387084961,106.1116111430856,106.1116111430856,2466300
2025-06-18,106.15010070800781,106.15010070800781,106.14047314380839,106.14047314380839,3193300
2025-06-20,106.1885986328125,106.1885986328125,106.16935084899764,106.17897106906535,2193100
2025-06-23,106.20784759521484,106.20784759521484,106.18859981118639,106.19822737504037,2763100
2025-06-24,106.21749114990234,106.21749114990234,106.20786358459894,106.21749114990234,2718800
2025-06-25,106.22710418701172,106.2367317509984,106.22710418701172,106.2367317509984,2772100
2025-06-26,106.24636840820312,106.24636840820312,106.23674818640777,106.24636840820312,2542800
2025-06-27,106.28486633300781,106.28486633300781,106.27524611166442,106.27524611166442,2626800
2025-06-30,106.28486633300781,106.29449389803162,106.28486633300781,106.29449389803162,3543400
2025-07-01,106.29550170898438,106.3051617318116,106.29550170898438,106.3051617318116,3952900
2025-07-02,106.3051528930664,106.31481291509044,106.3051528930664,106.31481291509044,2678800
2025-07-03,106.34378051757812,106.36309319226304,106.34378051757812,106.36309319226304,1596500
2025-07-07,106.36309051513672,106.36309051513672,106.35343786225597,106.35343786225597,2867900
2025-07-08,106.3824234008789,106.3824234008789,106.37276337839462,106.37276337839462,3260700
2025-07-09,106.39207458496094,106.39207458496094,106.38241456327916,106.38241456327916,2484700
2025-07-10,106.40172576904297,106.41138579059137,106.40172576904297,106.40172576904297,2139300
2025-07-11,106.43070220947266,106.4403622313609,106.43070220947266,106.4403622313609,2443400
2025-07-14,106.45001220703125,106.45001220703125,106.44035218605468,106.45001220703125,2041100
2025-07-15,106.45001220703125,106.45967222800782,106.45001220703125,106.45967222800782,2116300
2025-07-16,106.47900390625,106.47900390625,106.45969122928692,106.45969122928692,2760700
2025-07-17,106.4886474609375,106.4886474609375,106.47898743973066,106.4886474609375,2048600
2025-07-18,106.52727508544922,106.52727508544922,106.51761506470412,106.51761506470412,3854500
2025-07-21,106.53694152832031,106.53694152832031,106.5272888747626,106.53694152832031,2462200
2025-07-22,106.54659271240234,106.54659271240234,106.5369326912081,106.54659271240234,1686900
2025-07-23,106.5562744140625,106.56592706878351,106.54661439090277,106.5562744140625,2738500
2025-07-24,106.56590270996094,106.56590270996094,106.55625005744633,106.55625005744633,3358700
2025-07-25,106.60454559326172,106.60454559326172,106.59489293982644,106.59489293982644,1781300
2025-07-28,106.61421203613281,106.61421203613281,106.60455201367802,106.61421203613281,2756800
2025-07-29,106.63351440429688,106.63351440429688,106.62385438344343,106.62385438344343,2426900
2025-07-30,106.62387084960938,106.64318352586182,106.62387084960938,106.63353087195465,2720200
2025-07-31,106.63351440429688,106.64316705671337,106.63351440429688,106.64316705671337,4128800
2025-08-01,106.72559356689453,106.72559356689453,106.70620591888311,106.71589974288882,5053700
2025-08-04,106.7449722290039,106.7449722290039,106.72559197550267,106.73527840514274,5236100
2025-08-05,106.73527526855469,106.75466291570729,106.73527526855469,106.74496909213099,4247700
2025-08-06,106.76435089111328,106.76435089111328,106.74496324502267,106.75465706806797,2470400
2025-08-07,106.7740478515625,106.7740478515625,106.76436142178225,106.7740478515625,2560600
2025-08-08,106.81281280517578,106.81281280517578,106.80311898144188,106.81281280517578,3333100
2025-08-11,106.82250213623047,106.82250213623047,106.81280831290428,106.81280831290428,1887000
2025-08-12,106.8418960571289,106.8418960571289,106.8322096267842,106.8322096267842,2332000
2025-08-13,106.86128234863281,106.86128234863281,106.85158852418962,106.85158852418962,2160100
2025-08-14,106.86128234863281,106.87096877885445,106.86128234863281,106.87096877885445,2417100
2025-08-15,106.89035034179688,106.90004416568813,106.89035034179688,106.90004416568813,2051000
2025-08-18,106.90003967285156,106.90972610211459,106.90003967285156,106.90003967285156,2448000
2025-08-19,106.92913055419922,106.92913055419922,106.90974290418455,106.90974290418455,3473600
2025-08-20,106.93879699707031,106.93879699707031,106.92911056809544,106.93879699707031,2352200
2025-08-21,106.92913055419922,106.9485108099919,106.92913055419922,106.93881698498457,2232300
2025-08-22,106.9969711303711,106.9969711303711,106.96789704995433,106.977583480612,4058700
2025-08-25,106.9969711303711,107.00666495525064,106.9969711303711,106.9969711303711,2672200
2025-08-26,107.00665283203125,107.01633926159151,107.00665283203125,107.00665283203125,1735600
2025-08-27,107.02603912353516,107.02603912353516,107.01634529920696,107.01634529920696,2575800
2025-08-28,107.03571319580078,107.04539962412001,107.03571319580078,107.03571319580078,2172200
2025-08-29,107.08417510986328,107.09386893308968,107.0744886808575,107.0744886808575,4761000
2025-09-02,107.11141967773438,107.11141967773438,107.09197112710287,107.101699112558,3894700
2025-09-03,107.13086700439453,107.13086700439453,107.11141103505413,107.11141103505413,3009300
2025-09-04,107.15031433105469,107.15031433105469,107.13086578221433,107.13086578221433,2439900
2025-09-05,107.20867919921875,107.20867919921875,107.198951214262,107.198951214262,2586400
2025-09-08,107.22811889648438,107.22811889648438,107.21839091233073,107.21839091233073,1786600
2025-09-09,107.21839141845703,107.23784738685616,107.21839141845703,107.23784738685616,1925400
2025-09-10,107.23784637451172,107.23784637451172,107.22811839040398,107.23784637451172,2305700
2025-09-11,107.2573013305664,107.2573013305664,107.24757334587747,107.24757334587747,2148200
2025-09-12,107.27676391601562,107.29621246631477,107.27676391601562,107.28648448102588,2703700
2025-09-15,107.29620361328125,107.29620361328125,107.28647562879502,107.28647562879502,4698800
2025-09-16,107.3156509399414,107.3156509399414,107.30593037584389,107.3156509399414,2019900
2025-09-17,107.32538604736328,107.33511403238437,107.32538604736328,107.33511403238437,2844800
2025-09-18,107.33509826660156,107.34482625019378,107.33509826660156,107.34482625019378,2264400
2025-09-19,107.37401580810547,107.37401580810547,107.36428782333299,107.36428782333299,1902500
2025-09-22,107.38375091552734,107.38375091552734,107.37402293010962,107.37402293010962,1859900
2025-09-23,107.38375091552734,107.39347148066634,107.38375091552734,107.39347148066634,3294200
2025-09-24,107.39347076416016,107.40319874951298,107.39347076416016,107.40319874951298,1632200
2025-09-25,107.40320587158203,107.41293385757993,107.40320587158203,107.40320587158203,2470800
2025-09-26,107.44210815429688,107.44210815429688,107.43238016850188,107.44210815429688,1942600
2025-09-29,107.45182800292969,107.45182800292969,107.44210001787137,107.44210001787137,2385900
2025-09-30,107.46154022216797,107.46154022216797,107.45181965814302,107.46154022216797,4237800
2025-10-01,107.48790740966797,107.48790740966797,107.47814700405611,107.48790740966797,3446000
2025-10-02,107.49765014648438,107.49765014648438,107.48788974247678,107.49765014648438,2008900
2025-10-03,107.53668975830078,107.53668975830078,107.52693679813139,107.53668975830078,2090700
2025-10-06,107.52693176269531,107.53668472240798,107.52693176269531,107.52693176269531,2485200
2025-10-07,107.53668975830078,107.54645016347794,107.53668975830078,107.53668975830078,2531700
2025-10-08,107.55620574951172,107.55620574951172,107.5464453447719,107.55620574951172,2069500
2025-10-09,107.56597137451172,107.57572433471744,107.56597137451172,107.56597137451172,2873200
2025-10-10,107.61476135253906,107.62452175801033,107.60500094706778,107.61476135253906,3878000
2025-10-13,107.60499572753906,107.6147561325369,107.60499572753906,107.6147561325369,3202400
2025-10-14,107.63429260253906,107.63429260253906,107.62453219612115,107.62453219612115,2144600
2025-10-15,107.62451171875,107.64402508286435,107.62451171875,107.63427212331082,2007600
2025-10-16,107.64403533935547,107.65379574484626,107.64403533935547,107.64403533935547,2001000
2025-10-17,107.69282531738281,107.69282531738281,107.68306491230932,107.69282531738281,1471100
2025-10-20,107.70258331298828,107.70258331298828,107.69282290813314,107.70258331298828,1369800
2025-10-21,107.71233367919922,107.72209408381934,107.71233367919922,107.72209408381934,2140000
2025-10-22,107.73185729980469,107.73185729980469,107.72209689492986,107.72209689492986,1573900
2025-10-23,107.74161529541016,107.74161529541016,107.73185489075358,107.73185489075358,1554700
2025-10-24,107.76114654541016,107.77090695168671,107.76114654541016,107.76114654541016,2995100
2025-10-27,107.7904052734375,107.7904052734375,107.77089190861673,107.78064486852334,2173100
2025-10-28,107.80016326904297,107.80016326904297,107.79040286434694,107.79040286434694,1509400
2025-10-29,107.7904052734375,107.80992608326582,107.78064486852334,107.80992608326582,3416300
2025-10-30,107.80016326904297,107.80016326904297,107.79040286434694,107.79040286434694,2092500
2025-10-31,107.8196792602539,107.82943966518772,107.8196792602539,107.82943966518772,2912400
2025-11-03,107.85003662109375,107.85003662109375,107.84024333245279,107.85003662109375,4062900
2025-11-04,107.85981750488281,107.85981750488281,107.85002421736816,107.85002421736816,3393000
2025-11-05,107.86961364746094,107.86961364746094,107.85982782909923,107.85982782909923,2062900
2025-11-06,107.88919830322266,107.88919830322266,107.86961172666733,107.86961172666733,2422700
2025-11-07,107.92837524414062,107.92837524414062,107.91858195484144,107.92837524414062,2216300
2025-11-10,107.93814849853516,107.93814849853516,107.92836268046611,107.92836268046611,2445900
2025-11-11,107.93814849853516,107.93814849853516,107.92836268046611,107.93814849853516,1703800
2025-11-12,107.94794464111328,107.94794464111328,107.93815135269514,107.94794464111328,1842200
2025-11-13,107.9577407836914,107.9577407836914,107.94794749501436,107.94794749501436,2135500
2025-11-14,107.98711395263672,107.98711395263672,107.97732066388957,107.98711395263672,3229400
2025-11-17,107.99691772460938,107.99691772460938,107.98712443491159,107.98712443491159,2194500
2025-11-18,108.01647186279297,108.01647186279297,108.00667857535917,108.00667857535917,2445400
2025-11-19,108.02627563476562,108.02627563476562,108.01648234638135,108.01648234638135,2480300
2025-11-20,108.03606414794922,108.03606414794922,108.02627832941114,108.03606414794922,3212600
2025-11-21,108.07522583007812,108.07522583007812,108.06544001190245,108.06544001190245,2488800
2025-11-24,108.08502960205078,108.08502960205078,108.07523631283499,108.07523631283499,1975800
2025-11-25,108.09481811523438,108.09481811523438,108.08502482645129,108.09481811523438,1860900
2025-11-26,108.11438751220703,108.12418080011052,108.11438751220703,108.11438751220703,1898700
2025-11-28,108.14376831054688,108.15356159921147,108.14376831054688,108.15356159921147,2504400
2025-12-01,108.16537475585938,108.16537475585938,108.15555015736007,108.16537475585938,3505900
2025-12-02,108.18502044677734,108.18502044677734,108.17519584791589,108.17519584791589,1888200
2025-12-03,108.20466613769531,108.20466613769531,108.19484153915226,108.19484153915226,4578500
2025-12-04,108.20466613769531,108.22430784080846,108.20466613769531,108.21448324226542,3668900
2025-12-05,108.24394989013672,108.2537744887112,108.24394989013672,108.24394989013672,2290200
2025-12-08,108.25377655029297,108.26360114905455,108.25377655029297,108.25377655029297,2922200
2025-12-09,108.26360321044922,108.27342780939786,108.26360321044922,108.27342780939786,2463500
2025-12-10,108.2930679321289,108.2930679321289,108.27342622849167,108.28324333332371,4006500
2025-12-11,108.31271362304688,108.31271362304688,108.29307191868658,108.30289651785344,2275500
2025-12-12,108.34219360351562,108.34219360351562,108.33236900378807,108.34219360351562,1883900
2025-12-15,108.36181640625,108.36181640625,108.35199180823628,108.36181640625,2455000
2025-12-16,108.37165069580078,108.37165069580078,108.36182609690844,108.37165069580078,2424800
2025-12-17,108.3814697265625,108.3814697265625,108.37165262146894,108.3814697265625,1986700
2025-12-18,108.40111541748047,108.40111541748047,108.39129081873143,108.39129081873143,2101000
2025-12-19,108.4178695678711,108.42772605154973,108.4178695678711,108.4178695678711,3193000
2025-12-22,108.43758392333984,108.43758392333984,108.42772743953505,108.42772743953505,3061600
2025-12-23,108.43758392333984,108.44744040714464,108.43758392333984,108.43758392333984,2922400
2025-12-24,108.4671401977539,108.4671401977539,108.45728371446332,108.45728371446332,1539200
2025-12-26,108.50656127929688,108.50656127929688,108.48684831223123,108.49670479576405,2439800
2025-12-29,108.50656127929688,108.5164177628297,108.50656127929688,108.50656127929688,2178700
2025-12-30,108.51641845703125,108.526267422333,108.51641845703125,108.526267422333,2135900
2025-12-31,108.54597473144531,108.54597473144531,108.53611824836322,108.53611824836322,2338800
2026-01-02,108.56568908691406,108.57554557080486,108.56568908691406,108.56568908691406,2411000
2026-01-05,108.58540344238281,108.58540344238281,108.57554695836605,108.57554695836605,1921700
2026-01-06,108.58540344238281,108.59525240810514,108.58540344238281,108.59525240810514,2899100
2026-01-07,108.60509490966797,108.60509490966797,108.59523842692018,108.60509490966797,2450200
2026-01-08,108.61495971679688,108.61495971679688,108.60510323329368,108.61495971679688,2781000
2026-01-09,108.64452362060547,108.64452362060547,108.63466713692341,108.63466713692341,2455900
2026-01-12,108.65437316894531,108.65437316894531,108.64451668589238,108.64451668589238,2279800
2026-01-13,108.65437316894531,108.65437316894531,108.64451668589238,108.65437316894531,2948400
2026-01-14,108.66422271728516,108.66422271728516,108.65437375247305,108.66422271728516,2449900
2026-01-15,108.674072265625,108.674072265625,108.66421578314811,108.674072265625,2944500
2026-01-16,108.70364379882812,108.71350028217586,108.70364379882812,108.70364379882812,2621200
2026-01-20,108.7135009765625,108.72335745997319,108.7135009765625,108.72335745997319,3367800
2026-01-21,108.73320007324219,108.73320007324219,108.72335110870083,108.73320007324219,3360500
2026-01-22,108.73320007324219,108.7430565560771,108.73320007324219,108.73320007324219,4150000
2026-01-23,108.76277923583984,108.77262820126086,108.76277923583984,108.76277923583984,2437200
2026-01-26,108.77262878417969,108.78248526794773,108.77262878417969,108.77262878417969,1833800
2026-01-27,108.7923355102539,108.7923355102539,108.78247902705132,108.7923355102539,2090400
2026-01-28,108.7923355102539,108.80219199345649,108.7923355102539,108.7923355102539,1828300
2026-01-29,108.80218505859375,108.81203402287476,108.80218505859375,108.80218505859375,3034800
2026-01-30,108.83175659179688,108.84160555694699,108.83175659179688,108.83175659179688,3285700
2026-02-02,108.85350036621094,108.85350036621094,108.84361326565998,108.85350036621094,3828200
2026-02-03,108.86337280273438,108.86337280273438,108.8534932444778,108.8534932444778,3391400
2026-02-04,108.86337280273438,108.87325990263845,108.86337280273438,108.87325990263845,3051700
2026-02-05,108.8930435180664,108.8930435180664,108.87326931654843,108.88315641730742,3621800
2026-02-06,108.91280364990234,108.92269075006871,108.91280364990234,108.92269075006871,5666800
2026-02-09,108.93257904052734,108.93257904052734,108.91281238025783,108.91281238025783,3142100
2026-02-10,108.93257904052734,108.94246614148626,108.93257904052734,108.94246614148626,3213600
2026-02-11,108.94246673583984,108.9523538368527,108.94246673583984,108.94246673583984,2625100
2026-02-12,108.95235443115234,108.96224153221914,108.95235443115234,108.96224153221914,2324000
2026-02-13,109.00177001953125,109.00177001953125,108.99189046055098,109.00177001953125,2192500
2026-02-17,109.01165771484375,109.01165771484375,109.00177061416146,109.00177061416146,1901000
2026-02-18,109.01165771484375,109.02154481552603,109.01165771484375,109.02154481552603,2050200
2026-02-19,109.03143310546875,109.03143310546875,109.02154600467863,109.02154600467863,2156600
2026-02-20,109.05120086669922,109.0610879675892,109.05120086669922,109.0610879675892,3398900
2026-02-23,109.06108093261719,109.0709604912216,109.06108093261719,109.06108093261719,2780700
2026-02-24,109.07096099853516,109.08084809883336,109.07096099853516,109.07096099853516,2226400
2026-02-25,109.08085632324219,109.09074342428585,109.08085632324219,109.09074342428585,1731900
2026-02-26,109.09073638916016,109.10062348956622,109.09073638916016,109.09073638916016,1870600
2026-02-27,109.12039184570312,109.13027894626293,109.12039184570312,109.13027894626293,5135900
2026-03-02,109.13426971435547,109.14418411806322,109.13426971435547,109.14418411806322,3536500
2026-03-03,109.1441879272461,109.1441879272461,109.13427352319232,109.1441879272461,3484500
2026-03-04,109.1441879272461,109.15410233129987,109.1441879272461,109.15410233129987,2198200
2026-03-05,109.16400146484375,109.16400146484375,109.15409462396399,109.16400146484375,2198700
2026-03-06,109.1937484741211,109.20365531534556,109.1937484741211,109.1937484741211,5782500
2026-03-09,109.20365905761719,109.20365905761719,109.19375221605324,109.20365905761719,4277800
2026-03-10,109.21356964111328,109.22348404480488,109.20365523742169,109.21356964111328,3310200
2026-03-11,109.22348022460938,109.22348022460938,109.21356582126454,109.22348022460938,1975300
2026-03-12,109.22348022460938,109.23338706548026,109.22348022460938,109.23338706548026,3208100
2026-03-13,109.26313018798828,109.26313018798828,109.25321578465139,109.26313018798828,6686000
2026-03-16,109.27303314208984,109.27303314208984,109.26312630157926,109.26312630157926,2179300
2026-03-17,109.282958984375,109.282958984375,109.27304458035296,109.282958984375,2496500
2026-03-18,109.282958984375,109.29287338839704,109.282958984375,109.282958984375,1336500
2026-03-19,109.282958984375,109.29287338839704,109.282958984375,109.282958984375,2497800
2026-03-20,109.31269073486328,109.32260513853169,109.31269073486328,109.31269073486328,4833200
2026-03-23,109.33251953125,109.33251953125,109.31269072391517,109.31269072391517,4869700
2026-03-24,109.34242248535156,109.34242248535156,109.33251564451054,109.33251564451054,1956100
2026-03-25,109.35233306884766,109.35233306884766,109.34241866587902,109.35233306884766,1713000
2026-03-26,109.35233306884766,109.36224747181629,109.35233306884766,109.36224747181629,2526800
2026-03-27,109.3919906616211,109.3919906616211,109.38207625796879,109.38207625796879,2681900
2026-03-30,109.41180419921875,109.41180419921875,109.4018973587385,109.4018973587385,3320200
2026-03-31,109.42172241210938,109.42172241210938,109.41180800881025,109.41180800881025,7304800
2026-04-01,109.4356460571289,109.44558206089361,109.4356460571289,109.44558206089361,5695400
2026-04-02,109.47541046142578,109.48534646497586,109.46546687314019,109.46546687314019,3924900
2026-04-06,109.4853515625,109.4853515625,109.47541555848731,109.4853515625,3143200
2026-04-07,109.49529266357422,109.50523625209688,109.48534907505157,109.49529266357422,1797200
2026-04-08,109.50523376464844,109.51517735294522,109.50523376464844,109.50523376464844,5101200
2026-04-09,109.52511596679688,109.53505955533063,109.51517996299883,109.51517996299883,3146200
2026-04-10,109.55493927001953,109.5648828585644,109.54500326621039,109.55493927001953,2636200
2026-04-13,109.55493927001953,109.5648828585644,109.55493927001953,109.55493927001953,3801300
2026-04-14,109.5748291015625,109.5748291015625,109.56488551277675,109.56488551277675,3486200
2026-04-15,109.5748291015625,109.58477269034826,109.5748291015625,109.5748291015625,3409000
2026-04-16,109.58477020263672,109.594706206461,109.58477020263672,109.58477020263672,2030700
2026-04-17,109.63446807861328,109.63446807861328,109.62452449049744,109.62452449049744,2804200
2026-04-20,109.63446807861328,109.64441166672913,109.63446807861328,109.63446807861328,2604000
2026-04-21,109.6444091796875,109.65435276757779,109.6444091796875,109.65435276757779,2684900
2026-04-22,109.66429901123047,109.66429901123047,109.65436300714758,109.66429901123047,1412900
2026-04-23,109.67424011230469,109.67424011230469,109.6642965237114,109.6642965237114,2635100
2026-04-24,109.70406341552734,109.7140070041317,109.69411982692299,109.70406341552734,3576800
2026-04-27,109.71400451660156,109.72394810498047,109.70406092822266,109.70406092822266,1687300
2026-04-28,109.72394561767578,109.72394561767578,109.71400202952229,109.71400202952229,1371000
2026-04-29,109.72394561767578,109.73388162109384,109.72394561767578,109.73388162109384,2011700
2026-04-30,109.74383544921875,109.74383544921875,109.73389186013743,109.73389186013743,3425600
2026-05-01,109.77174377441406,109.78171699606918,109.77174377441406,109.78171699606918,3437600
2026-05-04,109.79169464111328,109.79169464111328,109.78172141905637,109.79169464111328,2381600
2026-05-05,109.79169464111328,109.8016678631702,109.79169464111328,109.79169464111328,3063800
2026-05-06,109.81163024902344,109.81163024902344,109.80166463459902,109.80166463459902,2295600
2026-05-07,109.82160186767578,109.82160186767578,109.8116286460577,109.82160186767578,2269700
2026-05-08,109.86148834228516,109.86148834228516,109.84154950617116,109.85151512055855,1739500
2026-05-11,109.86148834228516,109.86148834228516,109.85151512055855,109.86148834228516,1903300
2026-05-12,109.8714599609375,109.8714599609375,109.86148673935641,109.8714599609375,1516100
2026-05-13,109.8714599609375,109.88142557517948,109.8714599609375,109.8714599609375,3562300
2026-05-14,109.88143157958984,109.89140480171592,109.88143157958984,109.88143157958984,2383000
2026-05-15,109.92131042480469,109.92131042480469,109.91134481060163,109.91134481060163,2044800
2026-05-18,109.93128967285156,109.93128967285156,109.92131645076269,109.92131645076269,2733700
2026-05-19,109.9412612915039,109.95122690610793,109.93128806956048,109.9412612915039,2789500
2026-05-20,109.96119689941406,109.96119689941406,109.95122367776347,109.95122367776347,2383700
2026-05-21,109.9711685180664,109.9711685180664,109.96119529656119,109.96119529656119,1954900
2026-05-22,109.9911117553711,110.01105819917974,109.9911117553711,110.01105819917974,1781100
2026-05-26,110.00108337402344,110.0110565957824,110.00108337402344,110.00108337402344,1886500
2026-05-27,110.0210189819336,110.03099220339993,110.01105336780628,110.0210189819336,1477700
2026-05-28,110.03099822998047,110.04097145199304,110.02102500796788,110.02102500796788,2284800
2026-05-29,110.06090545654297,110.06090545654297,110.05093984230736,110.05093984230736,3226000
2026-06-01,109.74183654785156,109.75180976994571,109.73187093309691,109.75180976994571,3124500
2026-06-02,109.76177978515625,109.76177978515625,109.74183334155072,109.75180656335348,2389900
2026-06-03,109.76177978515625,109.77174539961973,109.76177978515625,109.76177978515625,2075000
2026-06-04,109.77174377441406,109.78171699606918,109.77174377441406,109.78171699606918,2055400
2026-06-05,109.80166625976562,109.81163187433754,109.79169303785434,109.81163187433754,3581400
2026-06-08,109.81163024902344,109.81163024902344,109.80166463459902,109.80166463459902,2264000
2026-06-09,109.82160186767578,109.82160186767578,109.8116286460577,109.8116286460577,3323600
2026-06-10,109.83157348632812,109.83157348632812,109.82160026485559,109.82160026485559,2934900
2026-06-11,109.85151672363281,109.85151672363281,109.83157788722785,109.8415511091,3584200
2026-06-12,109.88143157958984,109.88143157958984,109.87146596480329,109.87146596480329,2019900
2026-06-15,109.89140319824219,109.89140319824219,109.88142997626164,109.89140319824219,3215800
2026-06-16,109.91134643554688,109.91134643554688,109.8913999921677,109.8913999921677,1923400
2026-06-17,109.88143157958984,109.92131686075463,109.88143157958984,109.901378023842,3398800
2026-06-18,109.9412612915039,109.9412612915039,109.92131484761705,109.92131484761705,2155800
2026-06-22,109.93128967285156,109.94126289494044,109.93128967285156,109.93128967285156,2251400
2026-06-23,109.95122528076172,109.95122528076172,109.941259666305,109.941259666305,2225800
2026-06-24,109.96119689941406,109.96119689941406,109.95122367776347,109.95122367776347,1957800
2026-06-25,109.98114776611328,109.98114776611328,109.96120132200986,109.96120132200986,2952000
2026-06-26,110.01105499267578,110.01105499267578,110.00108177106215,110.00108177106215,2883900
2026-06-29,110.0210189819336,110.0210189819336,110.01105336780628,110.01105336780628,2886000
2026-06-30,110.03099822998047,110.03099822998047,110.02102500796788,110.02102500796788,4102500
2026-07-01,110.04000091552734,110.04000091552734,110.02999877929688,110.04000091552734,4614500
2026-07-02,110.08999633789062,110.0999984741211,110.08000183105469,110.08000183105469,3131800
2026-07-06,110.11000061035156,110.11000061035156,110.0999984741211,110.0999984741211,2022700
2026-07-07,110.0999984741211,110.12000274658203,110.0999984741211,110.12000274658203,2273900
