Date,Close,High,Low,Open,Volume,Log_Return
1998-12-22,13.889657020568848,13.906036333093102,13.562070770083732,13.562070770083732,150300,
1998-12-23,14.22543716430664,15.093540986653506,13.987937061966464,14.04526467287616,44000,0.023887247735370824
1998-12-24,14.2008638381958,14.225432806773991,14.151725901039413,14.225432806773991,45500,-0.001728915220435093
1998-12-28,14.118967056274414,14.233622241186154,14.053449807753418,14.22543258512103,25400,-0.0057837216983053896
1998-12-29,14.430163383483888,14.446542683578649,13.61938802879325,14.127146331730822,123500,0.021801620474059466
1998-12-30,14.340078353881836,14.47111276488247,14.315509401819217,14.430164511444772,10200,-0.006262396043393709
1998-12-31,14.233617782592772,14.37284189208879,14.192669515093945,14.307324664090665,66300,-0.0074516830727781565
1999-01-04,14.118967056274414,14.462932611009636,14.012501527427796,14.348277426097896,50000,-0.008087541357887518
1999-01-05,14.22543716430664,14.29914409261911,14.159919894695555,14.200868188202485,27900,0.007512636918740497
1999-01-06,14.397409439086914,14.40559909178264,14.233616385172388,14.323702564825377,118500,0.012016578681471015
1999-01-07,14.233617782592772,14.290945357091132,14.12715228709582,14.290945357091132,43500,-0.01144167424232402
1999-01-08,14.17629051208496,14.24180774148801,13.955169862849669,14.233618087812628,63800,-0.0040357292055388915
1999-01-11,13.889657020568848,14.14353636469481,13.79957080168544,14.14353636469481,65400,-0.02042642296897875
1999-01-12,13.78318977355957,13.930603567929191,13.7586208078313,13.881465636472653,29400,-0.007694746631613835
1999-01-13,13.807753562927246,13.881460432480235,13.390081302126957,13.390081302126957,73800,0.0017805694831029713
1999-01-14,13.545683860778809,13.799563062522546,13.357321872388294,13.75042515250763,30800,-0.01916232444620593
1999-01-15,13.693098068237305,13.74223597996543,13.537494681098243,13.660339460418555,39000,0.010823952926294324
1999-01-19,13.537497520446776,13.799566437962987,13.447411330050578,13.799566437962987,39200,-0.011428486084058682
1999-01-20,13.578449249267578,13.725863052938758,13.512932003191498,13.619397528065129,480500,0.003020492723593418
1999-01-21,13.37370491027832,13.594825567092474,13.291808370717522,13.521118681487756,42500,-0.015193462933102104
1999-01-22,13.308185577392578,13.455599325326771,13.218099398099458,13.291806272066555,75700,-0.0049111560971920876
1999-01-25,13.27542781829834,13.357324350181736,13.160772673661588,13.308186431051698,179000,-0.002464508882746285
1999-01-26,13.58663558959961,13.58663558959961,13.259049439157184,13.283618400440366,85000,0.02317183838704811
1999-01-27,13.766806602478027,13.848703131939528,13.67672042007038,13.71766868480113,50400,0.013173743713261458
1999-01-28,14.01250171661377,14.045260341316547,13.766812031342925,13.783191343694314,57300,0.01768953482803143
1999-01-29,14.045257568359377,14.143533423065096,13.856895513506744,14.053447222918184,167800,0.002334888277726004
1999-02-01,13.987934112548828,14.192675536912832,13.979744455574266,14.143537595065473,57200,-0.00408969027574832
1999-02-02,14.102584838867188,14.102584838867188,13.906033133795868,14.037067603843411,81800,0.008162993582052271
1999-02-03,14.05344581604004,14.102583738473744,13.914221702477873,14.037066508562138,65300,-0.003490482967555279
1999-02-04,13.987934112548828,14.10258931019267,13.922416856752346,13.996123769523388,34400,-0.004672510614496889
1999-02-05,13.774996757507324,13.98792774186832,13.75861745101802,13.98792774186832,33000,-0.015339989256854945
1999-02-08,13.75042724609375,13.824134122338446,13.63577210526867,13.742237593177672,83500,-0.0017852235762587558
1999-02-09,13.504741668701172,13.717672707746797,13.480172702657446,13.717672707746797,44500,-0.01802903757850879
1999-02-10,13.603018760681152,13.603018760681152,13.43103598285195,13.570260136332733,32000,0.007250877313450549
1999-02-11,13.832331657409668,13.840521314992506,13.611210902673102,13.652159190587282,22400,0.01671698983108987
1999-02-12,13.717668533325195,13.897840896150958,13.619392699056595,13.856892631872377,29600,-0.00832404975477194
1999-02-16,13.881464958190918,13.979740816302003,13.840516683977963,13.889654613033509,37700,0.011869818163192896
1999-02-17,13.742239952087402,14.004308890387042,13.643964100225038,13.873274421237223,26800,-0.010080196370879825
1999-02-18,13.889657020568848,13.930605301879488,13.766812176636927,13.791381145423312,29400,0.010670166241150737
1999-02-19,13.832331657409668,13.955176521152206,13.807762684661162,13.865090287741012,30300,-0.0041357382786919115
1999-02-22,14.127157211303713,14.21724343120188,13.848708895254829,13.889657177026722,183700,0.021090262656647662
1999-02-23,14.102584838867188,14.233619308914731,14.037067603843411,14.143533110757046,35400,-0.0017408858075129985
1999-02-24,14.020687103271484,14.290945674771462,13.938790566453312,14.20085948427147,69000,-0.005824213290092112
1999-02-25,13.85689926147461,13.955175142761664,13.668537155674422,13.881468231796372,28100,-0.011750638973384388
1999-02-26,13.897846221923828,13.93879450189414,13.742242758036644,13.824139317977268,15100,0.0029506298432076085
1999-03-01,13.832331657409668,13.897848918072356,13.709486793667132,13.84871097257534,17500,-0.0047251544288656406
1999-03-02,13.791378021240234,13.99611938141304,13.766809058019495,13.906033182937009,29700,-0.0029651098024696615
1999-03-03,13.791378021240234,13.84870560208862,13.652153896322726,13.84870560208862,32000,0.0
1999-03-04,13.979744911193848,14.004313882918265,13.74224485119114,13.815951766364394,85300,0.013565874106886616
1999-03-05,14.192673683166504,14.274570242215358,13.987932285544366,13.987932285544366,49100,0.015116403716860505
1999-03-08,14.25819492340088,14.25819492340088,14.061643126639463,14.22543629060731,30700,0.004605930101766936
1999-03-09,14.27456283569336,14.35645935224926,14.15171806085951,14.27456283569336,23300,0.0011473068412185894
1999-03-10,14.118967056274414,14.217242929055905,14.069829119883666,14.217242929055905,32600,-0.010960055868940806
1999-03-11,14.25819492340088,14.356470821781588,14.159919025020171,14.22543629060731,55700,0.00981274902772228
1999-03-12,14.381038665771484,14.45474558376234,14.28276277511701,14.389228323326025,48100,0.008578755809099736
1999-03-15,14.503877639770508,14.61034314474906,14.413791443250192,14.46292936862491,246400,0.0085054575365058
1999-03-16,14.5693941116333,14.65129064964136,14.520256188828467,14.528445842629274,63700,0.004506997583630972
1999-03-17,14.323702812194824,14.561202744472496,14.315513159357662,14.561202744472496,40900,-0.01700733031333024
1999-03-18,14.5693941116333,14.569394111633304,14.266376921003491,14.266376921003491,22300,0.017007330313330328
1999-03-19,14.504871368408203,14.660749510942,14.390013789699088,14.660749510942,174200,-0.004438485243591502
1999-03-22,14.496668815612791,14.504872929260564,14.324382429009583,14.43103590643062,93400,-0.0005656632690596584
1999-03-23,14.08647346496582,14.431046490899757,13.922391071663949,14.33259705491863,91600,-0.028703877970698403
1999-03-24,14.078261375427246,14.102873720489184,13.914179075014342,13.963403765138214,46700,-0.0005831469614629237
1999-03-25,14.18491268157959,14.275157932879402,14.053646861507136,14.209525022843176,46000,0.007547051308322492
1999-03-26,14.135693550109863,14.168510018014937,14.02083591244211,14.05365238034718,20400,-0.003475856457364508
1999-03-29,14.31618595123291,14.42283948554009,14.275165361114764,14.275165361114764,18200,0.012687725771459596
1999-03-30,14.193116188049316,14.250544981873793,14.029033919979382,14.029033919979382,45800,-0.008633710292837507
1999-03-31,13.881369590759276,14.299779667076493,13.864961352472328,14.299779667076493,45800,-0.022209447679546288
1999-04-01,13.90598487854004,14.029046691624464,13.848556032433972,14.029046691624464,38500,0.001771690374244013
1999-04-05,13.979812622070312,14.045445545178625,13.93058792973908,14.045445545178625,32900,0.005295019159652605
1999-04-06,13.823941230773926,13.979819499844966,13.725491797676426,13.873165947322676,136600,-0.011212372623889872
1999-04-07,13.80753231048584,13.938798214804184,13.725491120286874,13.938798214804184,77800,-0.0011876979483188155
1999-04-08,14.127481460571287,14.160297909957054,13.832133416099415,13.832133416099415,49100,0.022907677369092834
1999-04-09,14.160304069519045,14.24234522867037,13.988017635301256,14.160304069519045,61000,0.0023206216437667263
1999-04-12,14.398221015930176,14.463853932242108,14.176709923377404,14.176709923377404,28400,0.016662096518681935
1999-04-13,14.447442054748535,14.52948317942059,14.275155692937226,14.504870842018974,70200,0.0034127200660608037
1999-04-14,14.012640953063965,14.439255314632655,13.955212096698949,14.439255314632655,38700,-0.03055753101349886
1999-04-15,13.668055534362791,14.053648937793197,13.520381464963917,14.053648937793197,292300,-0.0248984501039969
1999-04-16,13.725489616394045,13.73369373451502,13.58601960833744,13.73369373451502,16800,0.0041932627465779025
1999-04-19,13.151200294494627,13.750100869353089,13.126587942103184,13.659855577251127,71700,-0.04274162847878131
1999-04-20,13.397321701049805,13.51217932739071,13.19221879686962,13.290668190876108,29400,0.018541782317451152
1999-04-21,13.823941230773926,13.922390663871424,13.44655173723351,13.520388812056634,92900,0.03134714688296433
1999-04-22,13.99621868133545,13.99621868133545,13.807524056675009,13.815728170790678,29700,0.012385238136364387
1999-04-23,13.971613883972168,14.029042713794718,13.856756224327064,14.004430358156482,16600,-0.0017595073664424745
1999-04-26,13.873160362243652,13.979813871829204,13.774710968780068,13.979813871829204,51800,-0.007071627239317492
1999-04-27,13.88957405090332,14.07006467649096,13.889574050903322,14.029044079766496,39800,0.0011824260771857494
1999-04-28,13.68447208404541,13.947003922588248,13.4383484854115,13.799329763407902,110200,-0.01487672491384632
1999-04-29,13.577811241149902,13.70907709000694,13.520382432274946,13.70907709000694,27100,-0.007824831533127656
1999-04-30,13.397321701049805,13.635241069898823,13.290668190876108,13.602424605229992,34700,-0.013382120043780569
1999-05-03,13.709077835083008,13.709077835083008,13.438342007101117,13.520383167095629,46900,0.023003415177114295
1999-05-04,13.59422206878662,13.815733231042046,13.512180897580908,13.78291676255976,91200,-0.008413374515475708
1999-05-05,13.725489616394045,13.725489616394045,13.38091665531302,13.618836080821346,23500,0.009609805499691537
1999-05-06,13.544991493225098,13.782910786564605,13.512175038971373,13.766502559437743,28100,-0.013237812586082847
1999-05-07,13.659849166870115,13.758298530234947,13.520379235436607,13.544991576277816,31900,0.008443964626034448
1999-05-10,13.446550369262695,13.651653334016553,13.421938013492234,13.651653334016553,125400,-0.015738217094904316
1999-05-11,13.50397491455078,13.65164900231622,13.405525522707157,13.405525522707157,59800,0.004261485190884206
1999-05-12,13.700875282287598,13.750099983900608,13.479364125029056,13.49577235890006,38300,0.014475639790461455
1999-05-13,13.76650333404541,13.81572801819575,13.651645737694617,13.782911562095524,173300,0.004778626862117539
1999-05-14,13.520386695861816,13.668060822394288,13.397324923751423,13.512182577721124,41600,-0.01803967490271776
1999-05-17,13.61063003540039,13.63524238627815,13.389118877500566,13.413731228378325,36800,0.006652435715283447
1999-05-18,13.430137634277344,14.160303944265545,13.315280012481448,13.610628182813752,95500,-0.013349848932535782
1999-05-19,13.618833541870115,13.643445891644582,13.454751210040357,13.495771792997797,59400,0.013952395265822289
1999-05-20,13.651649475097656,13.741894754079674,13.577812428657824,13.577812428657824,150600,0.0024067009775258093
1999-05-21,13.61063003540039,13.709079438911424,13.512180631889358,13.627038269318897,78100,-0.0030092473108125598
1999-05-24,13.257851600646973,13.676261521211943,13.257851600646973,13.528587431600778,20100,-0.026261157122467987
1999-05-25,13.126583099365234,13.41372710466385,13.126583099365236,13.298869502544404,33500,-0.009950532265013365
1999-05-26,13.126583099365234,13.257848930358888,13.052746069431306,13.24144070148468,67600,0.0
1999-05-27,13.060955047607422,13.266057984912813,13.003526225161911,13.011730342654126,24400,-0.005012169435774688
1999-05-28,13.257851600646973,13.339892761542066,13.126585743214823,13.1922186719309,16500,0.014962701700787914
1999-06-01,13.30707836151123,13.323486596235655,13.101975427455878,13.282466009424589,36700,0.0037061507243398573
1999-06-02,13.101974487304688,13.298873289869066,13.101974487304688,13.167607421492812,65200,-0.015533158216794232
1999-06-03,13.225038528442385,13.372712655931194,13.12658911011651,13.12658911011651,40600,0.00934894797280794
1999-06-04,13.68447208404541,13.684472084045412,13.225041366595445,13.225041366595445,17400,0.034149874456616436
1999-06-07,13.569608688354492,13.7090786688273,13.528588105862488,13.7090786688273,28400,-0.00842912859460349
1999-06-08,13.38091278076172,13.561403327160711,13.30707573905304,13.43834159097958,77100,-0.014003364744814515
1999-06-09,13.30707836151123,13.479364826117726,13.257853657337945,13.364507183046728,18400,-0.0055331708732122035
1999-06-10,13.060955047607422,13.249649749928382,13.028138577638558,13.126587987545149,71200,-0.018668852425127832
1999-06-11,12.929685592651367,13.290666662496964,12.929685592651367,13.25785020160191,20400,-0.010101372488208731
1999-06-14,12.970712661743164,13.044549735718933,12.896875587767395,12.9378961844206,32300,0.0031680673789918996
1999-06-15,13.003520011901855,13.126581715484525,12.954295330468788,12.995315898329675,25600,0.002526147202680092
1999-06-16,13.101974487304688,13.142995071172264,12.97891273570195,13.126586837625236,46300,0.007542852114870186
1999-06-17,13.208620071411133,13.32347763724949,13.060946058190384,13.060946058190384,26300,0.008106709099170028
1999-06-18,13.203688621520996,13.261346650435936,13.080135702417556,13.228399205341685,33600,-0.00037342058998132525
1999-06-21,13.055424690246582,13.187214466299546,12.907161192187,13.187214466299546,35900,-0.01129249910830944
1999-06-22,13.12954807281494,13.178969207342476,13.030705803759872,13.030705803759872,85400,0.005661535815112404
1999-06-23,12.989523887634276,13.12131360367876,12.923629029612036,12.973050173128716,17400,-0.01072209049842578
1999-06-24,12.948346138000488,13.129557089041208,12.91539869235672,12.940109276589546,23000,-0.003175109150205328
1999-06-25,12.940110206604004,13.178979204688993,12.865978448577629,13.14603175667727,149300,-0.0006362628628529197
1999-06-28,12.948346138000488,13.632005635108657,12.923635553767662,13.09660964339744,21200,0.0006362628628530059
1999-06-29,13.178972244262695,13.294288251399994,12.923629657030109,12.981287660598756,46400,0.01765447896317217
1999-06-30,13.491971969604492,13.508445683853092,13.08836597051376,13.294287398621275,51000,0.023472292038891528
1999-07-01,13.5908203125,13.689662642045452,13.48374112215909,13.533162286931816,38400,0.007299748179892489
1999-07-02,13.64024543762207,13.70614034311783,13.557876805752374,13.61553484806116,48500,0.0036300583935887183
1999-07-06,13.631999015808104,13.829683593680851,13.549630441694465,13.69789387509902,93000,-0.0006047483242071478
1999-07-07,13.574345588684082,13.664951050744474,13.54139814793485,13.656714190557166,17800,-0.004238240326877291
1999-07-08,13.467267036437988,13.697899132474848,13.43431959414701,13.43431959414701,34800,-0.007919580343941841
1999-07-09,13.533154487609863,13.656707328336672,13.5084439194645,13.656707328336672,31900,0.0048804854320513265
1999-07-12,13.508445739746094,13.574340597013148,13.467261453954183,13.557866882696384,14300,-0.0018274624676432804
1999-07-13,13.557868003845217,13.706131444956524,13.42607827841294,13.467262567610527,22600,0.003651943112368441
1999-07-14,13.516691207885742,13.64848100637823,13.467270033451058,13.574349244726204,19100,-0.003041735777509968
1999-07-15,13.664950370788574,13.821450706560112,13.615529212123876,13.615529212123876,28000,0.01090888000658422
1999-07-16,13.64024543762207,13.813219564548438,13.61553484806116,13.813219564548438,23700,-0.0018095413108246716
1999-07-19,13.52492904663086,13.83792984064546,13.491981594629324,13.83792984064546,33100,-0.008490067585344346
1999-07-20,13.409605979919434,13.69789603477028,13.351947968949265,13.69789603477028,35900,-0.00856326432307676
1999-07-21,13.467267036437988,13.557872502738183,13.360187848992304,13.508451339301711,23700,0.004290762913394927
1999-07-22,13.319005966186523,13.524927517921013,13.24487420756211,13.467269483435354,24900,-0.011070042054638896
1999-07-23,13.220157623291016,13.42607908159773,13.211920764958748,13.294289348281431,37200,-0.007449277718745536
1999-07-26,13.343711853027344,13.343711853027342,13.18721152882517,13.261343261341988,82300,0.00930249418971326
1999-07-27,13.384893417358398,13.475498849722054,13.2283931250939,13.40136713233361,38000,0.003081462463213461
1999-07-28,13.261334419250488,13.34370295601602,13.195439589838063,13.302518687633254,20600,-0.009274099468210083
1999-07-29,13.063650131225586,13.178966084464651,12.94009732418373,13.178966084464651,115300,-0.015019040457801796
1999-07-30,12.989523887634276,13.146024175437098,12.981287030381496,13.063655602909298,48700,-0.005690396383844104
1999-08-02,12.989523887634276,13.16249788994266,12.989523887634276,13.005997602139836,29600,0.0
1999-08-03,13.08836269378662,13.154257534283976,12.948336157729749,13.121310114035298,56300,0.007580313621347494
1999-08-04,12.849499702453612,13.170737195014954,12.750657397050125,13.170737195014954,57400,-0.018418614487900314
1999-08-05,12.882453918457031,12.915401370933903,12.577689983045964,12.84950646598016,85300,0.0025613472265069
1999-08-06,12.668292045593262,12.800081819799694,12.544739132274731,12.800081819799694,18800,-0.016764041933614204
1999-08-09,12.635339736938477,12.7506557449679,12.594155448356538,12.717708314102351,7400,-0.002604553177677692
1999-08-10,12.594160079956056,12.693002408902734,12.454133447281592,12.693002408902734,29200,-0.003264408240357789
1999-08-11,12.46237087249756,12.64358181710757,12.421186566904376,12.635344955988934,38200,-0.010519446846722777
1999-08-12,12.69300651550293,12.808322603249223,12.511795520473038,12.511795520473038,27300,0.018337399770333468
1999-08-13,12.783602714538574,12.882445003568511,12.70947099776612,12.81655014421522,26200,0.007112138047821812
1999-08-16,12.857739448547363,12.915397472980311,12.742423399681469,12.750660260314747,37700,0.0057826099837304384
1999-08-17,12.923635482788086,12.948346066885197,12.775371978205431,12.93187234415379,24700,0.005111921137978203
1999-08-18,12.742424011230469,12.97305612003102,12.742424011230469,12.923634953859471,33500,-0.014120943087198176
1999-08-19,12.82479190826416,12.857739350546147,12.660054696854216,12.660054696854216,15000,0.006443265645823095
1999-08-20,13.080132484436035,13.11307992142454,12.767131833045248,12.791842410786623,89300,0.019714309308550282
1999-08-23,13.36841869354248,13.376655550408495,13.178970985624131,13.178970985624131,56100,0.02180063662751553
1999-08-24,13.31076717376709,13.40960950426536,13.22839856501853,13.22839856501853,52800,-0.0043218417382153125
1999-08-25,13.706130981445312,13.706130981445312,13.36841982144576,13.417840966811548,61900,0.02926997997550701
1999-08-26,13.483738899230955,13.730844682356754,13.483738899230955,13.615528650231385,23800,-0.016358816185076428
1999-08-27,13.31076717376709,13.615531026136756,13.302530312892234,13.524925556513342,66000,-0.012911163790430571
1999-08-30,13.327240943908691,13.442556996575393,13.244872334861048,13.376662109337277,35700,0.001236862168447295
1999-08-31,13.211920738220217,13.376657904532188,13.121315296748628,13.203683879904617,14100,-0.008690623530914288
1999-09-01,13.162500381469728,13.26957954602486,13.088368652162323,13.17073724028166,19800,-0.003747601842454096
1999-09-02,13.14603042602539,13.187214731871336,12.981293202641616,13.16250414836377,30000,-0.00125206213273238
1999-09-03,13.376659393310549,13.442554267169218,13.28605394175487,13.351948815613545,136200,0.01739150756707946
1999-09-07,13.277817726135254,13.442554918767204,13.203685989450875,13.434318059135606,225600,-0.007416549182270216
1999-09-08,13.286055564880373,13.360187307027871,13.137792080585363,13.203686962494254,63400,0.0006202287534616312
1999-09-09,13.096606254577637,13.19544856593294,13.030711380340769,13.113079973136854,80300,-0.014361899339153788
1999-09-10,13.113080978393556,13.244870736970377,13.047186099105144,13.14602841803776,32500,0.0012571478506575727
1999-09-13,13.096606254577637,13.113079973136854,12.981290224663116,13.113079973136854,22200,-0.0012571478506576686
1999-09-14,12.882453918457031,13.006006865245302,12.824795876622506,13.006006865245302,18400,-0.016486907959430388
1999-09-15,12.783602714538574,13.096603296466707,12.783602714538574,12.907155575825996,53700,-0.007702912380217175
1999-09-16,12.81655502319336,12.87421304707662,12.65181781209833,12.87421304707662,44700,0.0025743846730586274
1999-09-17,12.837361335754396,12.98596101681136,12.804339184408402,12.878639024936884,28100,0.0016220772557245494
1999-09-20,12.886890411376951,12.977701298324517,12.820846129960543,12.961190227970414,17200,0.003850773761097536
1999-09-21,12.663994789123535,12.79608339187841,12.540161724040845,12.738294628173152,30400,-0.0174476363512501
1999-09-22,12.655739784240724,12.738295164437986,12.465862409787013,12.663995322260448,28000,-0.0006520609567515121
1999-09-23,12.358535766601562,12.630968418771136,12.284235952373498,12.630968418771136,43400,-0.02376387062362078
1999-09-24,12.292490005493164,12.36678981076478,12.152145928868997,12.325512141169437,41800,-0.005358472280315532
1999-09-27,12.251214981079102,12.416325695109816,12.251214981079102,12.317259266691387,30600,-0.003363393044908795
1999-09-28,12.069594383239746,12.292493869113532,11.90448365296287,12.292493869113532,117900,-0.014935685022042667
1999-09-29,11.755882263183594,12.13563688685385,11.755882263183596,11.937504039721544,95200,-0.026335695713381947
1999-09-30,12.020057678222656,12.15214622413719,11.912735734667097,11.99529107586368,25000,0.022222994150572807
1999-10-01,12.21819305419922,12.284237340978672,11.978782514623692,12.05308233725058,67800,0.01634934728820696
1999-10-04,12.358535766601562,12.40806897608694,12.275980417459268,12.350280231687334,38300,0.011420904621869076
1999-10-05,12.209935188293455,12.432834613637558,12.16865751693344,12.275979462469488,49200,-0.012096999502193149
1999-10-06,12.68875789642334,12.68875789642334,12.350280945380169,12.44934737007573,36500,0.038466416408741065
1999-10-07,12.589691162109377,12.779568471439548,12.540157950979763,12.581435626921106,43400,-0.007838079090093524
1999-10-08,12.928166389465332,13.060254934951567,12.688755900771527,12.746544639421758,32600,0.02653005482507332
1999-10-11,12.94467830657959,13.052000256825467,12.8951450987738,13.052000256825467,49000,0.0012763899408795236
1999-10-12,12.697014808654783,12.911658752104085,12.68050373608176,12.911658752104085,98600,-0.0193178507107613
1999-10-13,12.449346542358398,12.75480133152767,12.441091007515986,12.746545796685258,19500,-0.019698776422599793
1999-10-14,12.482372283935549,12.531905507284495,12.292494927764569,12.37505030001282,47100,0.002649296755184015
1999-10-15,12.028313636779783,12.32551287557462,12.020058102368818,12.32551287557462,68300,-0.037054091389200745
1999-10-18,12.251214981079102,12.317259266691387,12.07784873134685,12.143893016959137,15900,0.018361773859746012
1999-10-19,12.771312713623049,12.796079318756124,12.498880057159209,12.589690942647152,88300,0.04157634724133409
1999-10-20,12.820841789245604,12.870374983537603,12.63922007684161,12.787819659717606,186500,0.0038706500817474176
1999-10-21,12.911659240722656,12.911659240722656,12.713526362348397,12.746548508744109,37800,0.007058608756662221
1999-10-22,12.994211196899414,13.093277610090514,12.895144783708313,13.093277610090514,57100,0.006373245462006709
1999-10-25,12.845614433288574,13.01898069492036,12.705270316729507,12.73829246180223,109900,-0.011501501892611257
1999-10-26,12.680503845214844,12.911658863226572,12.56492633620898,12.812592426935831,20100,-0.012936780203872324
1999-10-27,12.837361335754396,12.837361335754396,12.556673049313464,12.60620627633245,64900,0.012294090050482508
1999-10-28,13.068506240844728,13.167572617907352,12.87862901814136,12.87862901814136,125200,0.01784545826015434
1999-10-29,13.118043899536133,13.357454392353343,13.118043899536136,13.200599241886897,154600,0.0037834474199891035
1999-11-01,13.14281177520752,13.307922475901082,13.093278564999451,13.241878195623656,116900,0.0018862967240720124
1999-11-02,12.886890411376951,13.250133959167206,12.886890411376951,13.018978974209771,276500,-0.01966442864311804
1999-11-03,13.217113494873049,13.217113494873049,13.02723616171747,13.02723616171747,92300,0.025301919317914274
1999-11-04,13.159320831298828,13.373964709350126,13.101532094900405,13.373964709350126,36700,-0.004382150774696526
1999-11-05,13.258393287658691,13.332693125509827,13.159326837190507,13.291415437814752,55900,0.007500491554744278
1999-11-08,13.2418794631958,13.2418794631958,13.10979088999684,13.159324104946451,22300,-0.0012463137082188301
1999-11-09,13.010722160339355,13.29966586313877,12.952933419779471,13.29966586313877,37900,-0.01761069476731428
1999-11-10,13.018976211547852,13.076764945524284,12.903398743594984,12.903398743594984,33400,0.0006342026224989026
1999-11-11,13.018976211547852,13.151064746351128,12.969443010996622,13.01897621154785,26600,0.0
1999-11-12,13.109797477722168,13.1345640976423,12.911664518361128,13.018986538015024,31500,0.006951848029536625
1999-11-15,13.05199909210205,13.142809964975626,12.994210354818868,13.05199909210205,119600,-0.004418540561722857
1999-11-16,13.299667358398438,13.29966735839844,13.109790046639802,13.109790046639802,41100,0.01879771509719441
1999-11-17,13.23361873626709,13.340940659892462,13.208852138507387,13.208852138507387,45300,-0.004978558503407198
1999-11-18,13.299667358398438,13.349200570161562,13.134556652521365,13.200600934872194,99900,0.004978558503407316
1999-11-19,13.208853721618652,13.307920124530792,13.118042852282525,13.266642456650734,20800,-0.006851683032798171
1999-11-22,13.349199295043944,13.406988036580932,13.175833070432985,13.18408860493827,39600,0.01056906391277786
1999-11-23,13.316179275512695,13.448267848611394,13.266646060600682,13.373968026243377,33000,-0.002476622360464016
1999-11-24,13.47303581237793,13.473035812377928,13.29141400608362,13.406991519179998,41400,0.01171055806736504
1999-11-26,13.34094524383545,13.547333629414586,13.34094524383545,13.547333629414586,17200,-0.009852445019175815
1999-11-29,13.332688331604004,13.398732608169226,13.19234424390291,13.241877451326824,34200,-0.0006191066898948838
1999-11-30,13.159320831298828,13.365709175578925,13.159320831298828,13.365709175578925,23500,-0.013088473144528033
1999-12-01,13.109797477722168,13.18409733748256,12.994219918094895,13.068519777855286,37500,-0.003770466268753443
1999-12-02,13.175829887390137,13.175829887390137,13.010719237172214,13.06025243223759,64600,0.005024232266164736
1999-12-03,13.266651153564451,13.398739777370944,13.10154037380634,13.10154037380634,93100,0.006869372293389967
1999-12-06,12.886890411376951,13.167578607396694,12.845612735491695,13.14281200186554,44700,-0.02904290683401906
1999-12-07,12.680503845214844,12.928169935941694,12.548415263493856,12.928169935941694,44600,-0.01614486381157999
1999-12-08,12.482372283935549,12.647483028432047,12.416327986136944,12.589694267858272,34600,-0.01574825191581214
1999-12-09,12.465856552124023,12.573178495950255,12.300745869314436,12.449345483843064,50700,-0.0013240005398937257
1999-12-10,12.531903266906738,12.56492540990254,12.399814694923531,12.56492540990254,56700,0.005284222982063553
1999-12-13,12.267725944519045,12.441092192725572,12.168659516972456,12.3337702295501,58800,-0.02130574722182775
1999-12-14,12.251214981079102,12.35028140949753,12.07784873134685,12.086104267048386,81200,-0.0013467927497967135
1999-12-15,12.465856552124023,12.482367620404982,12.1934239254882,12.333768005876353,88600,0.017368316989561008
1999-12-16,12.152149200439451,12.34202653169632,12.102615983589835,12.34202653169632,64100,-0.025487388122367078
1999-12-17,12.187650680541992,12.30356583647106,12.121413448582524,12.187650680541992,1213100,0.002917156710574498
1999-12-20,12.030332565307615,12.16280697758905,11.922697105328952,12.063451168377975,905900,-0.012992025510732873
1999-12-21,11.914419174194336,12.063452909521295,11.864741262418685,12.063452909521295,1212300,-0.009681812350818601
1999-12-22,12.146258354187012,12.237334592698298,11.98894485130388,12.030343141536283,750600,0.01927180605333047
1999-12-23,12.353245735168455,12.436042288353232,12.253889871346724,12.253889871346724,431000,0.01689767313809397
1999-12-27,12.436039924621582,12.585073692027168,12.278726503471244,12.469158539600604,2693700,0.006679861489303204
1999-12-28,12.33668041229248,12.485714135394002,12.278722853308556,12.41119727384324,75700,-0.00802173065996676
1999-12-29,12.187650680541992,12.411201338405194,12.154532064562256,12.320125144460926,62800,-0.012153772159209389
1999-12-30,12.195929527282717,12.320124328986203,12.171090566942016,12.212488834176511,63400,0.0006790509833490247
1999-12-31,12.204215049743652,12.287011624029564,12.129698132886327,12.19593539231506,35400,0.0006791371873425096
2000-01-03,12.055182456970217,12.25389425571148,11.906148607914265,12.25389425571148,634300,-0.012286741054244075
2000-01-04,11.71570873260498,12.005496581114643,11.699149426975858,11.823344219194285,172000,-0.028564078890854296
2000-01-05,11.922701835632324,11.980659413999982,11.70743083026674,11.798507024844488,343600,0.017513732011119103
2000-01-06,12.146258354187012,12.187656644419414,11.914427928885557,12.00550416739684,420800,0.018576867955066904
2000-01-07,12.916259765625,12.941098726712742,12.328404353215143,12.361522967998798,337100,0.061465796647951015
2000-01-10,12.626476287841797,12.874865985307537,12.576798348348648,12.783789762903432,451700,-0.02269106260326656
2000-01-11,12.626476287841797,12.800349076067814,12.59335766151303,12.684433883917135,142900,0.0
2000-01-12,12.69271183013916,12.816906662136608,12.65131355280668,12.71755079653865,84300,0.005232055078952233
2000-01-13,12.758952140808104,12.866587687745486,12.593358991673671,12.767231798264826,233800,0.005205196823632368
2000-01-14,12.80034637451172,12.97421912604131,12.651312587486355,12.965939471206568,76100,0.003239077149934351
2000-01-18,12.58507251739502,12.742385923862455,12.535394599563196,12.659589394142753,218300,-0.016960840288909793
2000-01-19,12.676153182983398,12.73411077428378,12.560238000382638,12.643034559383182,137800,0.007211135465462255
2000-01-20,12.502274513244627,12.74238442111489,12.394639037302786,12.74238442111489,425500,-0.01381193742980332
2000-01-21,12.361525535583496,12.57679657639071,12.253890015179888,12.57679657639071,345000,-0.01132171919261895
2000-01-24,12.00550365447998,12.460884827580944,11.79851221216136,12.460884827580944,278200,-0.029223687103171556
2000-01-25,11.85646152496338,12.00549525921571,11.831622569254655,11.964096999701171,85000,-0.012492187178910766
2000-01-26,11.964102745056152,12.071738271482262,11.881306186266835,11.930984121540424,385500,0.009037733242174982
2000-01-27,12.187650680541992,12.204209988531858,11.864744174739588,11.964100022678789,67800,0.018512471196794816
2000-01-28,12.088294982910156,12.204210140280528,11.947540863246134,11.947540863246134,37100,-0.008185572152314856
2000-01-31,12.311848640441896,12.311848640441896,11.790230305305483,11.906145490891356,195800,0.01832447517282241
2000-02-01,12.187650680541992,12.237328604511593,11.997218638658524,12.212489642526792,104000,-0.01013890302050757
2000-02-02,12.21248722076416,12.278724439588643,12.104851740174372,12.245605830176402,72700,0.0020357711829553436
2000-02-03,12.04690170288086,12.204215195908173,11.988944100186588,12.113138963102886,87900,-0.013651464179392676
2000-02-04,12.038617134094238,12.24560848784414,11.980659555044266,12.24560848784414,137500,-0.0006879294707676446
2000-02-07,12.022059440612791,12.088296682709831,11.939262887991491,11.988940819564274,31600,-0.0013763283874231923
2000-02-08,12.171095848083496,12.270451732557646,12.104858591767394,12.18765516216252,314700,0.012320699056684797
2000-02-09,12.063454627990724,12.187649425121718,11.93098017771766,12.179369771979651,90900,-0.0088833443032479
2000-02-10,11.65774917602539,12.013774186372755,11.65774917602539,12.013774186372755,149100,-0.034209479466623005
2000-02-11,11.434203147888184,11.781948645506796,11.401084529067363,11.781948645506796,166800,-0.019361984526535092
2000-02-14,11.492159843444824,11.583236038169533,11.401083648720116,11.467320881247176,209200,0.005055910441357999
2000-02-15,11.74883270263672,11.757112359227722,11.475604035133538,11.583239570816607,54500,0.022088841072534466
2000-02-16,11.58323574066162,11.732269510019668,11.492159548276147,11.723989856166444,315500,-0.01419503315815537
2000-02-17,11.40936279296875,11.690871018629808,11.40936279296875,11.591515174278848,113700,-0.015124542091636384
2000-02-18,11.276888847351074,11.459041236955864,11.160973690329843,11.442481928809974,191300,-0.011678919327034134
2000-02-22,11.459047317504885,11.508725268303314,11.18581858811351,11.37625073284083,266600,0.016024180101329853
2000-02-23,11.210655212402344,11.46732457103194,11.185816242212384,11.459044914301952,103200,-0.02191489242642268
2000-02-24,10.97882843017578,11.218938554214317,10.8380742195325,11.218938554214317,166100,-0.02089595425660477
2000-02-25,10.70559310913086,11.020219975447157,10.647635528493646,10.904304814172733,258800,-0.02520240466358745
2000-02-28,10.912582397460938,10.987099272709154,10.65591316049486,10.83806552221272,222000,0.019150146501573005
2000-02-29,10.871191024780272,11.028504527804513,10.862911366726363,10.987106237534974,131300,-0.003800206850428807
2000-03-01,10.771830558776855,10.929143995069522,10.73043228606826,10.821508486027172,295500,-0.009181819985188338
2000-03-02,10.796672821044922,10.846350763473042,10.689037279117327,10.689037279117327,1447500,0.002303569498162043
2000-03-03,10.738712310791016,10.862907133198004,10.697314036655351,10.829788513889474,220900,-0.005382829222581641
2000-03-06,10.48203945159912,10.76354762012548,10.482039451599125,10.639352839893265,315100,-0.024191921197972404
2000-03-07,9.919021606445312,10.17569077990091,9.72030998828614,10.17569077990091,224100,-0.05520897607003042
2000-03-08,10.22537326812744,10.333008776212994,9.861068471530189,10.034941215360696,309900,0.030417918652740836
2000-03-09,10.498600959777832,10.581397497315512,10.200533424642185,10.25849100091856,1267300,0.02636979965716851
2000-03-10,10.374409675598145,10.59796040284567,10.299892766515637,10.498604524068991,1967700,-0.011899840599623727
2000-03-13,10.208812713623049,10.374405782781572,10.134295832501712,10.150855139417564,1061900,-0.016090826964380474
2000-03-14,10.150856018066406,10.333008409907729,10.06805947632035,10.333008409907729,552800,-0.00569330010909566
2000-03-15,10.796672821044922,10.846350763473042,10.084622312908524,10.159139226550703,1582200,0.061679975853774945
2000-03-16,11.260327339172363,11.459038998098936,10.995378460603602,11.127852899887982,580200,0.04204767872270863
2000-03-17,11.213417053222656,11.504135273121022,11.122048469826028,11.495829038266782,116000,-0.004174680752778803
2000-03-20,11.113737106323242,11.27155549572544,10.980837409984549,11.27155549572544,563400,-0.008929092213500555
2000-03-21,11.321402549743652,11.321402549743652,11.03899045385863,11.138665311229817,32600,0.01851304495691229
2000-03-22,11.23003387451172,11.263258826803172,11.05560287498158,11.1885026841474,132900,-0.00810318007802613
2000-03-23,11.138665199279783,11.346321150049356,11.080521533064305,11.221727579587611,126400,-0.008169378387406685
2000-03-24,10.93931484222412,11.246645631261549,10.906089892057912,11.163583255846028,231100,-0.018059240437594184
2000-03-27,10.798104286193848,11.047291308182938,10.789798052127546,11.047291308182938,52200,-0.01299257668403153
2000-03-28,10.92270278930664,10.980846454344777,10.76488426991742,10.78980298350519,71600,0.011472858202905778
2000-03-29,11.18850040435791,11.230031586259758,10.93100707656645,10.997456967609407,36200,0.024043053351756584
2000-03-30,11.338008880615234,11.429377450349133,11.14696550753527,11.14696550753527,62200,0.013274197941299708
2000-03-31,11.279868125915527,11.429380369116176,11.13035588271488,11.163580825648358,439800,-0.005141144126345575
2000-04-03,11.794854164123535,11.794854164123535,11.354623691800612,11.495829692357022,76600,0.044643793534908986
2000-04-04,12.12710189819336,12.226776708315498,11.653646550113208,11.72840265770481,823600,0.027779425656522937
2000-04-05,11.960975646972656,12.093875376383464,11.877913316090902,12.093875376383464,38800,-0.013793453198876792
2000-04-06,11.74501609802246,11.92775326503554,11.603810105330536,11.828078446664769,55100,-0.018220332291545162
2000-04-07,11.595497131347656,11.86129649252468,11.562272211200527,11.844684032451116,169700,-0.01281214431813855
2000-04-10,11.886221885681152,11.93605929400686,11.628728609331668,11.711790956541178,55200,0.02476306016841604
2000-04-11,12.093879699707031,12.16032958816696,11.877917562212264,11.99420486701714,60900,0.01731961010820185
2000-04-12,12.23508071899414,12.475961466347048,12.052343600312629,12.152018392320729,76500,0.011607779560819162
2000-04-13,12.152020454406738,12.226776561098236,11.93605836840908,11.96097707063958,506700,-0.006811845751696402
2000-04-14,11.553970336914062,11.994200694826676,11.454295538896114,11.794851098790776,62900,-0.05046631849289677
2000-04-17,11.886221885681152,11.886221885681154,11.545666262122154,11.869609416239252,139500,0.02835077457557217
2000-04-18,11.960975646972656,11.960975646972656,11.69517618815104,11.69517618815104,129000,0.006269416441267523
2000-04-19,12.102179527282717,12.226773002168946,11.828073882533005,12.019117210691892,39500,0.011736241574435072
2000-04-20,12.093879699707031,12.185248296339434,12.01081733913212,12.068960991534558,14300,-0.0006860479075007124
2000-04-24,12.426117897033691,12.47595526827848,12.093868755401775,12.093868755401775,75300,0.02710102483161351
2000-04-25,12.367981910705566,12.459350480898824,12.226775938588714,12.426125546283094,51400,-0.004689510272232803
2000-04-26,12.226774215698242,12.392898865368055,12.118793193412865,12.392898865368055,39100,-0.011482874306462878
2000-04-27,12.226774215698242,12.226774215698242,12.05234333354494,12.06895579851192,27900,0.0
2000-04-28,11.877912521362305,12.19354935759431,11.84468759123262,12.19354935759431,56400,-0.028947570144046395
2000-05-01,12.02742862701416,12.127103449889969,11.77824156982464,11.960978745096954,21200,0.012509175619139596
2000-05-02,12.06065559387207,12.11049301368146,11.902837097809003,12.01081817406268,19000,0.0027587904149796896
2000-05-03,12.06065559387207,12.210167853300236,11.960980754253292,12.19355538003044,309800,0.0
2000-05-04,12.06065559387207,12.19355538003044,11.969286990888191,12.093880540411662,30600,0.0
2000-05-05,12.343063354492188,12.343063354492186,12.027426471941242,12.027426471941242,11600,0.023145682737192034
2000-05-08,12.600557327270508,12.600557327270508,12.334757831902904,12.401207705744806,277200,0.020646811725958527
2000-05-09,12.658705711364746,12.658705711364746,12.475968489809611,12.6337869993345,975200,0.004604131698103843
2000-05-10,12.575641632080078,12.608866576946868,12.392904435312731,12.575641632080078,87000,-0.006583437896383575
2000-05-11,12.559027671813965,12.600558847977371,12.426127908091066,12.500884025185195,28800,-0.0013219957250988144
2000-05-12,12.392901420593262,12.534107401927098,12.30983907863218,12.534107401927098,26400,-0.013315900770356543
2000-05-15,12.700230598449709,12.7500679977896,12.38459373596371,12.38459373596371,188200,0.024496308049414564
2000-05-16,12.642088890075684,12.741763703926477,12.492576669299492,12.741763703926477,1201000,-0.004588515302416023
2000-05-17,12.683618545532228,12.725149713002864,12.55902504312032,12.55902504312032,19000,0.0032796471953915915
2000-05-18,12.658705711364746,12.750074322142314,12.608868287304256,12.608868287304256,12100,-0.001966105550551151
2000-05-19,12.750064849853516,12.750064849853516,12.509184145849767,12.559021532885026,17800,0.007191180854149031
2000-05-22,12.708544731140137,12.858057022094728,12.525807486640083,12.675319777594671,41400,-0.003261777151889149
2000-05-23,12.642088890075684,12.69192629700108,12.55902654520002,12.592251483150283,17700,-0.005242945347100335
2000-05-24,12.916192054748535,12.957723218911712,12.708536233932644,12.774986096593729,24700,0.021450086952131492
2000-05-25,12.882964134216309,12.941107750553842,12.741758208825155,12.79990182516269,85400,-0.0025758934642472215
2000-05-26,12.924505233764648,12.999261369435525,12.791605437016424,12.899586521874356,35500,0.0032193110322865795
2000-05-30,12.84974193572998,12.949416727733055,12.675311049724597,12.949416727733055,161300,-0.005801411558705856
2000-05-31,12.7251558303833,12.9078930551016,12.725155830383304,12.725155830383304,84900,-0.009742919952774914
2000-06-01,12.758378028869627,12.990952628354233,12.44274107242624,12.849746621524291,96400,0.0026073477478370214
2000-06-02,12.318140983581545,12.766677472531915,12.293222289750966,12.758371241255055,1366300,-0.035115103582168364
2000-06-05,12.30152988433838,12.451042063891446,12.23508002675924,12.309836116535772,30800,-0.0013494170456552202
2000-06-06,12.343063354492188,12.442738159508274,12.2433885494761,12.359675821994868,32000,0.003370598092074264
2000-06-07,12.47596549987793,12.633783971580778,12.417821852408457,12.5341091473474,38200,0.010709799846245397
2000-06-08,12.47596549987793,12.509190441289055,12.268309616058389,12.475965499877928,40100,0.0
2000-06-09,12.617168426513672,12.667005826486736,12.417818826621422,12.417818826621422,85500,0.011254426606785816
2000-06-12,12.600557327270508,12.725150840724073,12.49257628227742,12.534107453428607,12700,-0.0013174147270726435
2000-06-13,12.741765022277832,12.87466478782962,12.550721609297137,12.550721609297137,150000,0.011144137025772596
2000-06-14,12.907893180847168,13.024180506800748,12.866361993006604,12.891280705710944,139100,0.012953816404994935
2000-06-15,13.148768424987791,13.148768424987797,12.957725042944384,13.082318552972694,144900,0.018489099610286153
2000-06-16,12.90439796447754,13.162485923767088,12.904397964477536,13.162485923767088,24400,-0.01875991759938377
2000-06-19,12.92937469482422,13.05425597004789,12.837795092993526,12.92937469482422,51500,0.0019336500679488237
2000-06-20,12.70458984375,12.921050745412844,12.70458984375,12.921050745412844,86100,-0.01753849761871993
2000-06-21,12.954354286193848,12.954354286193848,12.771195035360773,12.787845876345596,96300,0.01946863675307252
2000-06-22,12.671287536621094,12.821145076476007,12.637985861097778,12.821145076476007,48000,-0.022093359890601426
2000-06-23,12.821149826049805,12.83780066997974,12.696268496575296,12.704593918540262,87200,0.011757527434462242
2000-06-26,12.987653732299805,13.104209599128136,12.754541998643145,12.754541998643145,39900,0.012903055808389059
2000-06-27,13.187467575073242,13.187467575073244,12.995982881748317,12.995982881748317,74100,0.015267759172554577
2000-06-28,13.187467575073242,13.187467575073244,12.954355774503767,13.179142153624332,104300,0.0
2000-06-29,13.30402660369873,13.33732829732501,13.12086728875419,13.15416898238047,42600,0.00879978909427675
2000-06-30,13.445551872253418,13.445551872253418,13.104209688499616,13.204114717890972,111900,0.010581593966401464
2000-07-03,13.470528602600098,13.470528602600098,13.270718536801333,13.362298150292434,59500,0.00185589707528713
2000-07-05,13.503829002380373,13.645361118928133,13.428900234796265,13.562106932723568,72900,0.0024690424279984148
2000-07-06,13.520480155944824,13.67033769461909,13.437225967792454,13.570432668836244,123700,0.001232309442145907
2000-07-07,13.428903579711914,13.487181524571174,13.345649372770117,13.487181524571174,22300,-0.006796216908961932
2000-07-10,13.553787231445312,13.553787231445312,13.37062794453389,13.478858432254276,47900,0.009256641180205782
2000-07-11,13.562106132507324,13.570431550636547,13.4205740243105,13.4205740243105,19700,0.0006135812094661959
2000-07-12,13.287375450134276,13.545463569779743,13.287375450134276,13.545463569779743,219900,-0.020465219794930756
2000-07-13,13.087557792663574,13.320669509072342,12.987652771345532,13.320669509072342,53400,-0.015152378108705754
2000-07-14,12.937705039978027,13.004308412127209,12.77119660960508,13.004308412127209,39900,-0.011516072653508373
2000-07-17,13.00430965423584,13.170818100512866,12.862777474900366,12.937706275725027,55600,0.005134894987196668
2000-07-18,13.020956993103027,13.129187454043144,12.94602821245218,13.129187454043144,114900,0.0012793214658108638
2000-07-19,13.037605285644531,13.104208633208488,12.937700264298597,13.104208633208488,37200,0.001277760041288307
2000-07-20,12.821149826049805,13.02928537517399,12.821149826049805,12.954356577489284,11500,-0.016741758404914216
2000-07-21,12.854450225830078,12.954355279398706,12.804497699045765,12.82947396243792,49100,0.0025939349720974984
2000-07-24,13.12086009979248,13.170812612862758,12.987653398271746,12.987653398271746,210100,0.0205132652916414
2000-07-25,12.8877534866333,12.987658552421156,12.804499265143422,12.804499265143422,94600,-0.017925819418295436
2000-07-26,12.896075248718262,13.02095654551024,12.804495631070813,12.854448149787602,36500,0.0006455024549947478
2000-07-27,12.987653732299805,13.104209599128136,12.87942328453064,12.912724960767306,29600,0.007076172507951197
2000-07-28,13.095884323120115,13.154162257170874,12.987653874168712,13.095884323120115,106300,0.008298813738061678
2000-07-31,12.954354286193848,13.09588643456486,12.904401763239372,13.054259332102797,52000,-0.010866037090311606
2000-08-01,13.387271881103516,13.387271881103516,13.012628078460695,13.012628078460695,691600,0.03287242598896898
2000-08-02,13.378952980041504,13.47053262085075,13.270722495448762,13.270722495448762,44500,-0.0006215969097640686
2000-08-03,13.453882217407228,13.50383475039265,13.353977151436382,13.420580528750278,67000,0.005584906073113476
2000-08-04,13.353968620300291,13.403921121373736,13.195785700234392,13.403921121373736,60300,-0.0074540895008751015
2000-08-07,13.187467575073242,13.35397600405144,13.187467575073244,13.337325161153622,25900,-0.012546663126638772
2000-08-08,13.245741844177246,13.320670616394464,13.120860557148548,13.120860557148548,28300,0.0044091780599282435
2000-08-09,12.70458984375,13.345647129443808,12.687939005160551,13.08755913130734,101500,-0.041712797337804954
2000-08-10,12.92937469482422,12.954350949868951,12.721239236118098,12.721239236118098,28700,0.01753849761872004
2000-08-11,13.020956993103027,13.137512874115458,12.929377372307544,12.929377372307544,253300,0.007058305041839234
2000-08-14,13.062588691711426,13.112541229729445,13.004310730690406,13.062588691711426,15600,0.0031921836443430584
2000-08-15,13.037605285644531,13.187462817663434,13.037605285644531,13.037605285644531,30700,-0.0019144236030547814
2000-08-16,13.170817375183104,13.204119062604557,13.03761062549731,13.03761062549731,17800,0.010165681349894781
2000-08-17,13.095884323120115,13.229091029521848,13.054257227369575,13.22076561037174,120100,-0.005705570208358039
2000-08-18,12.937705039978027,13.037610098201796,12.921054196940734,13.037610098201796,18200,-0.012152087635832278
2000-08-21,13.07090950012207,13.170814540887331,13.020956979739438,13.020956979739438,19200,0.01024319266379094
2000-08-22,13.020956993103027,13.154163714260092,13.020956993103027,13.079234933609245,8700,-0.0038289762107834055
2000-08-23,13.104215621948242,13.12086646771946,12.954358010007285,12.954358010007285,138200,0.006373845787990748
2000-08-24,13.020956993103027,13.104211193826194,12.98765531281376,13.004306152958394,11300,-0.006373845787990768
2000-08-25,13.07090950012207,13.07090950012207,12.95435361922926,13.054258659994526,13300,0.0038289762107835204
2000-08-28,13.029285430908203,13.170817604918067,12.995983742905882,13.062587118910525,20300,-0.0031895627302197917
2000-08-29,12.829483032226562,12.954364437472115,12.82115760521019,12.854459313275672,30000,-0.015453665187569542
2000-08-30,12.771198272705078,12.871103343938756,12.72124573708824,12.771198272705078,20500,-0.004553383523678295
2000-08-31,12.796170234680176,12.871099012892357,12.76286855547476,12.76286855547476,39000,0.0019534251175435317
2000-09-01,12.72123908996582,12.887747455017728,12.72123908996582,12.821144108996965,750400,-0.005872959839759806
2000-09-05,12.679619789123535,12.754548599433525,12.488135051664678,12.754548599433525,905400,-0.0032770024262023492
2000-09-06,12.521435737609863,12.671293346171682,12.3882289744438,12.671293346171682,65100,-0.012553928849462381
2000-09-07,12.637983322143556,12.654634156560082,12.454824143561764,12.454824143561764,41100,0.00926479406575674
2000-09-08,12.62966537475586,12.721245018211572,12.563061997697162,12.563061997697162,2931200,-0.000658387156473772
2000-09-11,12.687948226928713,12.721249928311726,12.604693973471171,12.654646525545695,1523600,0.004604142874369244
2000-09-12,12.787849426269531,12.787849426269531,12.637991815805435,12.69626977543036,1444100,0.007842872108069427
2000-09-13,12.787849426269531,12.88775449991226,12.754547735055286,12.796174849073092,50100,0.0
2000-09-14,12.654641151428224,12.787847900390624,12.58803777694702,12.704593682289124,55900,-0.010471419189860439
2000-09-15,12.635920524597168,12.769633969301898,12.5690638022448,12.702777246949532,194400,-0.0014804440083267668
2000-09-18,12.65263843536377,12.702780991910789,12.552353322269738,12.552353322269738,88400,0.0013221720722408265
2000-09-19,12.669344902038574,12.71948742803609,12.552345674711042,12.552345674711042,29800,0.0013195229517549995
2000-09-20,12.569066047668455,12.602494414816512,12.43535257907624,12.560708955881443,30900,-0.007946568606855164
2000-09-21,12.903347969055176,12.936776331669307,12.569064342913853,12.569064342913853,35000,0.026248090443958396
2000-09-22,13.337920188903809,13.337920188903809,13.053779031997337,13.13734996049924,54800,0.03312431027451146
2000-09-25,13.220918655395508,13.271061204025328,13.128990649574174,13.154061923889085,60300,-0.00881079862695405
2000-09-26,13.10391902923584,13.204204123847338,13.011991025841963,13.08720484680059,41100,-0.008888973823347822
2000-09-27,13.112276077270508,13.212561171551735,13.01199098298928,13.05377643893979,23300,0.0006375485293567942
2000-09-28,13.312841415405272,13.421483561293703,13.179128005081052,13.212556357662107,51500,0.015180192835050463
2000-09-29,13.36298656463623,13.505057090964446,13.346272385068204,13.45491455226037,71100,0.003759599014773616
2000-10-02,13.337920188903809,13.38806274600495,13.212563796150953,13.279420538952476,22000,-0.0018775679288788474
2000-10-03,13.337920188903809,13.454919488806471,13.204206703300764,13.337920188903809,15600,0.0
2000-10-04,13.229273796081545,13.362987239377375,13.145702894021646,13.362987239377375,6500,-0.008179034530775104
2000-10-05,13.538481712341309,13.555195887294817,13.287769088038692,13.337911612899216,542600,0.023104041768093636
2000-10-06,13.463266372680664,13.588622670377877,13.271053382878272,13.563551410838434,20000,-0.005571160353552194
2000-10-09,13.404766082763672,13.505051115801804,13.32119522189856,13.421480254936691,105100,-0.004354645801382413
2000-10-10,13.596988677978516,13.688916689937804,13.40477556206364,13.429846838052535,45600,0.014238025951252519
2000-10-11,13.58026885986328,13.772481896033652,13.555197594275842,13.672196833683897,84400,-0.0012304273307467562
2000-10-12,13.663841247558594,13.730697963142978,13.438199832461295,13.538484905837873,24800,0.0061350985222425455
2000-10-13,13.496700286865234,13.638770816200656,13.371343937451623,13.638770816200656,47700,-0.01230778630643948
2000-10-16,13.688913345336914,13.688913345336912,13.505057366339711,13.513414456294132,16600,0.014141027979776288
2000-10-17,13.805906295776367,13.864405898724572,13.663835831473584,13.663835831473584,20600,0.008510232695304053
2000-10-18,13.7975492477417,13.822620506217303,13.555193749144175,13.67219295536367,60800,-0.0006055073993781058
2000-10-19,13.546841621398926,13.638769602790282,13.379699837051003,13.413128193920588,24200,-0.018337556164509345
2000-10-20,13.638773918151855,13.65548810187508,13.454917897196378,13.471632080919605,16900,0.006763330192349393
2000-10-23,13.780837059020996,13.906193369442656,13.588624049707787,13.588624049707787,30800,0.010362248550384492
2000-10-24,13.822625160217283,13.839339338161924,13.638769202826245,13.730697181521764,26100,0.0030277457797042245
2000-10-25,14.148555755615234,14.232126669706288,13.889485921932971,13.889485921932971,39200,0.02330579813248024
2000-10-26,14.173626899719238,14.23212653904591,13.97305670774208,13.989770890406842,184500,0.001770425038048761
2000-10-27,14.014838218688965,14.064980752566203,13.84769643909816,14.031552396648044,17200,-0.0112663360669923
2000-10-30,14.340761184692385,14.357475358567315,14.039906054943591,14.148548185130656,40400,0.02298927387238191
2000-10-31,14.290626525878906,14.30734070895011,14.056627962882056,14.30734070895011,53500,-0.003502080343450943
2000-11-01,14.273911476135254,14.357482386417075,14.14855511071252,14.307339840247984,39100,-0.001170335865424296
2000-11-02,14.165264129638672,14.24883500945955,14.090050337799884,14.240477921477462,33700,-0.0076407190262341345
2000-11-03,14.09005069732666,14.19869284386595,14.05662234454534,14.19869284386595,26700,-0.005323855736391576
2000-11-06,14.357481002807615,14.415980634367369,14.039911574340394,14.048268664563215,118500,0.018802206589777402
2000-11-07,14.215411186218262,14.432695542974097,14.173625732995983,14.432695542974097,38500,-0.00994445969614845
2000-11-08,14.541337966918944,14.633265965560389,14.432695786706333,14.45776705906309,37100,0.022668816700218926
2000-11-09,14.558042526245115,14.583113782030845,14.173616604197314,14.532971270459392,57300,0.0011481042467562227
2000-11-10,14.633267402648926,14.758623776743578,14.449411387310104,14.566410669798447,107100,0.005153934037474443
2000-11-13,14.198690414428713,14.532973885045044,14.090048286478403,14.532973885045044,45700,-0.03014778987084199
2000-11-14,14.374192237854004,14.432691857426663,14.039908697438795,14.1652650250945,32700,0.012284656937006037
2000-11-15,14.407623291015623,14.491194191775577,14.273909849799702,14.407623291015623,175100,0.0023230687558762073
2000-11-16,14.441047668457031,14.5580468972524,14.340762615203856,14.424333492914837,18800,0.0023172223389031138
2000-11-17,14.441047668457031,14.608189423878986,14.315691351890562,14.449404756228128,27400,0.0
2000-11-20,14.399264335632324,14.507906492546557,14.374193068652117,14.441049780599336,39600,-0.0028975665764508674
2000-11-21,14.641626358032228,14.658340543372445,14.48284159730014,14.49119868997025,37100,0.016691474919031005
2000-11-22,14.591471672058104,14.7084708721777,14.441044129047196,14.441044129047196,49900,-0.003431366400765821
2000-11-24,14.441047668457031,14.574761072794596,14.357476790746052,14.574761072794596,25000,-0.010362541941814409
2000-11-27,14.733551025390623,14.817121933078605,14.374196122332316,14.499552483864283,58500,0.020052591735319352
2000-11-28,14.892333030700684,14.942475566157588,14.733548335087152,14.74190542432997,64600,0.010719243035782651
2000-11-29,15.042753219604492,15.14303824106852,14.800397751066418,14.800397751066418,66700,0.01004984276124847
2000-11-30,14.783685684204102,15.251682517621528,14.7836856842041,15.159754568200247,472400,-0.017372107447241537
2000-12-01,14.566404342651367,14.725189014200636,14.466119286936038,14.725189014200636,57800,-0.014806449377533967
2000-12-04,14.84218978881836,14.892332321888691,14.524620412706254,14.541334590396364,77400,0.018755981989121137
2000-12-05,14.725180625915527,14.90903645665908,14.566396044818822,14.842179790934152,51900,-0.007914790668693028
2000-12-06,14.441047668457031,14.725188652674357,14.232120474179585,14.67504612604777,65600,-0.01948431202800283
2000-12-07,14.64997100830078,14.658328093873116,14.457758040137108,14.57475723814978,45100,0.014363672455471302
2000-12-08,14.591471672058104,14.7084708721777,14.37418744326457,14.37418744326457,62700,-0.004001130513656829
2000-12-11,14.390908241271973,14.63326383883114,14.382551151700966,14.457764957840018,66300,-0.01384059094313925
2000-12-12,14.449410438537598,14.591480986516276,14.3658395279619,14.3658395279619,20600,0.004056978576146203
2000-12-13,14.775331497192385,14.808759848995988,14.49119050686176,14.49119050686176,44000,0.022305385773779007
2000-12-14,14.666688919067385,14.792045234614966,14.62490348055152,14.775331059208622,21400,-0.007380136940528775
2000-12-15,14.60063934326172,14.68445472410708,14.53358703858543,14.68445472410708,31500,-0.004513544068267024
2000-12-18,14.684463500976562,14.71798967335322,14.491688009810773,14.491688009810773,27300,0.005724711781727776
2000-12-19,14.826942443847656,15.019717840234597,14.743127054114204,14.810179365900966,47400,0.009655931009289744
2000-12-20,14.8604736328125,15.078393719926504,14.810184381940038,14.885618258248732,50000,0.0022589506029759357
2000-12-21,14.810186386108398,14.88562027262508,14.734752499591718,14.751515585484311,44300,-0.0033896984308603418
2000-12-22,14.75151538848877,14.776660016991876,14.609029160304503,14.717989217151295,60600,-0.003969397641756969
2000-12-26,15.044862747192385,15.05324428632731,14.75150887746997,14.75150887746997,51400,0.019690771510427692
2000-12-27,15.145444869995115,15.363364940066988,14.977814046862909,14.977814046862909,37100,0.006663230876633853
2000-12-28,15.37175178527832,15.396896417424358,15.220883992402086,15.304699432888883,55900,0.01483170727630794
2000-12-29,15.321455001831056,15.48908580053818,15.321455001831056,15.321455001831056,34400,-0.0032773915620592535
2001-01-02,15.1202974319458,15.422032857417,15.044863575578,15.354980540645624,164200,-0.013216091829665755
2001-01-03,14.424638748168944,15.212503967418147,14.424638748168944,15.212503967418147,316800,-0.0471002733568157
2001-01-04,13.854691505432127,14.12290089936669,13.678679090662577,14.013940833080774,271500,-0.04031385649680098
2001-01-05,13.946880340576172,14.131274191232828,13.77924956725194,13.87982803124648,64300,0.006631939628929124
2001-01-08,14.039080619812012,14.122896026497456,13.913357509783843,13.9804098351322,39600,0.006589061775986585
2001-01-09,14.189950942993164,14.315674075978928,13.980412388016893,13.980412388016893,56200,0.010689120478376344
2001-01-10,14.106141090393066,14.298916637082932,13.980417907769244,14.298916637082932,36500,-0.005923793121982993
2001-01-11,13.82954216003418,14.047462218313507,13.74572675300367,14.013936055501302,49300,-0.019803200603965964
2001-01-12,13.81278133392334,13.946886007068228,13.754110539422452,13.754110539422452,69400,-0.0012126931492266227
2001-01-16,14.005558013916016,14.131281155872172,13.787637901192008,13.829545615177397,139600,0.013859904687822458
2001-01-17,13.846302032470703,13.99716973016106,13.787631261146672,13.913354342555303,56100,-0.011436056108705689
2001-01-18,13.955267906188965,14.13128029419495,13.829544771898972,13.829544771898972,63900,0.007838868951272452
2001-01-19,13.846302032470703,13.946880497597608,13.745723567343797,13.946880497597608,338600,-0.007838868951272459
2001-01-22,13.930121421813965,14.047462998171,13.871450633635446,13.963647586487404,35000,0.00603530860677456
2001-01-23,14.02231502532959,14.064222721161416,13.821158085336815,13.88821039866774,40200,0.006596486713871783
2001-01-24,13.97202491760254,14.013932610816704,13.821157222031545,14.013932610816704,76600,-0.00359288069861744
2001-01-25,14.265381813049316,14.265381813049316,13.95526481711346,14.013935600128352,53600,0.02077863969248012
2001-01-26,14.12289810180664,14.38272590071228,14.12289810180664,14.34081819121137,45900,-0.010038291023109878
2001-01-29,14.005888938903809,14.284825812716695,13.962975494998965,14.274098219093393,48200,-0.008319579343091582
2001-01-30,14.166814804077148,14.188272038667966,13.952247573855251,14.043438774591715,59500,0.011424364301159078
2001-01-31,14.20436668395996,14.241915828606375,13.946885957980992,14.215095303326782,139900,0.0026471863237470597
2001-02-01,14.327750205993652,14.402849557571512,14.215102713333843,14.279473439952298,53900,0.008648800340837317
2001-02-02,14.418926239013672,14.51011740855384,14.35455660353644,14.51011740855384,63600,0.006343435139819094
2001-02-05,14.408207893371582,14.536948270067606,14.39747927286252,14.49403481116893,108900,-0.0007436289772538388
2001-02-06,14.472569465637209,14.510118593254166,14.376013981401034,14.504755309140592,90700,0.004457060003116069
2001-02-07,14.499399185180664,14.590590413633532,14.42429986442458,14.53694833398992,34200,0.0018521162670300428
2001-02-08,14.456482887268066,14.563766002350492,14.41893272269498,14.456482887268068,62800,-0.0029642563973713903
2001-02-09,14.574496269226074,14.61740972474018,14.483305048366416,14.563767649563175,1596600,0.00813021368530872
2001-02-12,14.697872161865234,14.730056997357163,14.54231127103968,14.644230087287037,26800,0.008429562062537527
2001-02-13,14.499399185180664,14.697873549783184,14.445757105537052,14.697873549783184,116400,-0.01359551935047479
2001-02-14,14.3652925491333,14.429662217464482,14.252644094847588,14.386748764197884,108800,-0.009292155428093637
2001-02-15,14.23655128479004,14.295556639821712,14.107809910032616,14.268736116910713,62800,-0.0090023660397653
2001-02-16,14.284829139709473,14.306286378227972,14.134632562629749,14.225823780058487,34900,0.0033853831974136874
2001-02-20,14.354558944702148,14.429657206052754,14.24727483722665,14.359923252389631,29000,0.004869513452880428
2001-02-21,14.311651229858398,14.461847812626264,14.268737774333657,14.349200375550366,36300,-0.0029936114070422456
2001-02-22,14.20436668395996,14.343835666316265,14.04880579569088,14.327742737266034,128700,-0.007524546548941625
2001-02-23,14.097084999084473,14.150726055120677,13.903973923313949,14.038078609679577,102800,-0.0075813919323595045
2001-02-26,14.231191635131836,14.231191635131836,13.92006876106506,13.94688929275759,63500,0.009468111287631253
2001-02-27,14.241917610168455,14.284831069866453,14.113177231074474,14.113177231074474,27400,0.0007534109079254839
2001-02-28,14.290190696716309,14.397474822368508,14.16145035981602,14.30091931390898,20300,0.0033837760665255965
2001-03-01,14.156084060668944,14.300917302992586,14.091714412838732,14.290188687308516,43600,-0.009428835988493303
2001-03-02,14.290190696716309,14.295555005312645,14.17217897700869,14.258005868275548,219200,0.009428835988493336
2001-03-05,14.23655128479004,14.252643189281692,14.054168864210618,14.150723360572636,20400,-0.0037606450240331843
2001-03-06,13.946880340576172,14.193632347803662,13.914695518576291,14.161447525803782,45800,-0.020556839837207633
2001-03-07,13.85569667816162,14.016621898628848,13.710863365858556,13.995165680030764,44300,-0.006559391188014165
2001-03-08,13.97370147705078,14.054165070337644,13.812776336751233,13.812776336751233,89800,0.008480636590416129
2001-03-09,14.059532165527344,14.15072337591593,13.946884741414166,13.946884741414166,40500,0.006123514523743832
2001-03-12,13.625027656555176,14.027341471353871,13.625027656555176,13.893236866420974,35600,-0.031392241298192444
2001-03-13,13.555301666259766,13.571393573486612,13.313912826481678,13.50702389830415,153600,-0.005130632702736413
2001-03-14,13.222716331481934,13.512382823784474,13.169074274781044,13.26026546423142,221500,-0.024841452998462243
2001-03-15,13.238811492919922,13.33000269778249,13.115435457852124,13.33000269778249,20100,0.0012164953988808545
2001-03-16,13.07848834991455,13.277544366849146,12.965511359371376,13.23988537000142,42600,-0.01218401031186575
2001-03-19,13.2291259765625,13.245265987158437,13.019310969469112,13.019310969469112,88800,0.011452142420692707
2001-03-20,12.911714553833008,13.261406617773142,12.911714553833008,13.207607601905996,318400,-0.02428590795459138
2001-03-21,12.5889253616333,12.95475755083414,12.556646352624751,12.868679509390557,142600,-0.025317516327413074
2001-03-22,12.459806442260742,12.459806442260742,12.115494327808134,12.373728413647587,57400,-0.010309509001009647
2001-03-23,12.755697250366213,12.793357278997007,12.443664196055591,12.5889212280961,35200,0.023470036056080668
2001-03-26,12.927854537963867,12.992412535957577,12.777217499093751,12.884815530591103,43900,0.013406235045175725
2001-03-27,13.218366622924805,13.218366622924805,12.933233604550184,12.933233604550184,30300,0.022223023294004076
2001-03-28,13.256031036376951,13.33673010016792,13.035455921245738,13.035455921245738,19300,0.0028453481244626556
2001-03-29,13.288307189941406,13.46046322695222,13.16994914489828,13.320586190348202,34400,0.0024318684606854904
2001-03-30,13.299066543579102,13.417424591923336,13.229128536391922,13.35824556775122,12900,0.0008093581812832675
2001-04-02,13.121532440185549,13.358247545795034,13.035454406533203,13.342107529686055,77500,-0.013439269532797136
2001-04-03,12.879439353942873,13.16457247772484,12.825640322206084,13.046215428808852,38200,-0.01862238723031554
2001-04-04,13.04621124267578,13.062351254857331,12.81487619872781,12.83101621090936,18800,0.012865574075908008
2001-04-05,13.180712699890137,13.234511732462868,12.99241659895118,13.148433690798978,24200,0.010256836575002126
2001-04-06,13.137676239013672,13.24527432512527,13.019319165196036,13.153816259769831,24800,-0.003270450887830172
2001-04-09,13.250653266906738,13.315212323609932,13.132296193437508,13.288313315226915,25300,0.008562703308328779
2001-04-10,13.234517097473145,13.352874196207807,13.126918988709548,13.352874196207807,25100,-0.001218506145750135
2001-04-11,12.981650352478027,13.116147356249012,12.831014364978174,13.116147356249012,31300,-0.019291499240751138
2001-04-12,13.153810501098633,13.164569484094446,12.95475443677733,13.030072448402766,19100,0.01317463960151407
2001-04-16,13.153810501098633,13.288307536790311,13.089251472469009,13.153810501098633,13600,0.0
2001-04-17,13.44432258605957,13.444322586059572,13.191468546770336,13.191468546770336,37900,0.021845415777980205
2001-04-18,13.315205574035645,13.503501615662325,13.212987546958724,13.460462608387443,19700,-0.009650245944239268
2001-04-19,13.261404037475586,13.261404037475588,13.126907037042509,13.234505047841242,53600,-0.004048794096965917
2001-04-20,13.1161527633667,13.180711803288666,13.00855573167159,13.175331797784242,25000,-0.011013358316619695
2001-04-23,13.180712699890137,13.315209768256365,13.105394669967032,13.315209768256365,32800,0.0049100959443331696
2001-04-24,12.938611030578612,13.202226054409582,12.938611030578612,13.153807052165584,16300,-0.018538657861054783
2001-04-25,13.282920837402344,13.315199822382509,12.976267914764708,12.976267914764708,68100,0.026263118341853714
2001-04-26,13.406660079956056,13.41204008272211,13.180705094434806,13.261403083664408,132600,0.009272541935192813
2001-04-27,13.481977462768556,13.541156464414827,13.320581491535805,13.422799487252846,29600,0.005602186401291129
2001-04-30,13.557300567626951,13.734836600068528,13.557300567626951,13.664897572243468,40200,0.005571398734272533
2001-05-01,13.707938194274902,13.76173721598676,13.557302164838886,13.616480165204038,23000,0.011049905757540082
2001-05-02,13.627236366271973,13.691795379509632,13.519638352919436,13.691795379509632,61900,-0.005904631213841764
2001-05-03,13.557300567626951,13.568059549796995,13.406663529806789,13.568059549796995,27700,-0.005145274543698248
2001-05-04,13.675660133361816,13.707939138159164,13.48736405747035,13.557303098350838,647300,0.008692430638589415
2001-05-07,13.670279502868652,13.734838535641195,13.61648047991337,13.734838535641195,34400,-0.000393523179980479
2001-05-08,13.621858596801758,13.686417620626273,13.514261591935393,13.675657612300377,25500,-0.0035483447060599064
2001-05-09,13.691801071166992,13.729460083655953,13.621862025575096,13.632622036609408,17900,0.005121439462378882
2001-05-10,13.621858596801758,13.750975618319917,13.594959602117884,13.750975618319917,24500,-0.005121439462378827
2001-05-11,13.546536445617676,13.664893422593364,13.481977441547857,13.643374438657128,43300,-0.005544850481620921
2001-05-14,13.664899826049805,13.664899826049805,13.4927437693643,13.508883784477709,16400,0.008699586876312669
2001-05-15,13.58420181274414,13.63262083198896,13.47660376417098,13.589581817785904,35000,-0.005923002548532095
2001-05-16,13.998453140258787,14.068391154411332,13.621860991689877,13.713319026277697,436700,0.030039347419867128
2001-05-17,14.06838607788086,14.116805080257343,13.960789092923653,14.095286093718174,55800,0.0049833243994388
2001-05-18,13.993066787719728,14.09528478615782,13.896228791950016,14.09528478615782,26500,-0.0053681804286506525
2001-05-21,13.982309341430664,14.030728348177185,13.858572335803231,14.030728348177185,24300,-0.0007690653930528125
2001-05-22,13.842440605163574,13.950038690326082,13.79940157632485,13.950038690326082,40100,-0.010053633160590264
2001-05-23,13.718693733215332,13.9392687268354,13.686414741159645,13.9392687268354,29100,-0.008979870130661287
2001-05-24,13.777876853942873,13.794015841723835,13.56806077761167,13.745596826119018,48200,0.004304770439185299
2001-05-25,13.664899826049805,13.76173786446816,13.611100801802824,13.750977854392556,131600,-0.008233690597004344
2001-05-29,13.777876853942873,13.847814861965963,13.6971778105142,13.713317824426127,46000,0.008233690597004401
2001-05-30,13.85319709777832,13.92851512256933,13.7940180633676,13.826298096390426,39100,0.005451864124269061
2001-05-31,13.756360054016112,13.837058090195017,13.729461050666876,13.810159086845784,23600,-0.0070147768266334174
2001-06-01,13.939268112182615,13.960788123357922,13.72407313108264,13.772492130096463,61700,0.013208634688613075
2001-06-04,13.960796356201172,14.014594363603514,13.858578295100529,13.880097292835224,24100,0.0015432400391456023
2001-06-05,14.106049537658691,14.122189552268448,13.917754497866586,14.03073152174185,61400,0.010350609314219423
2001-06-06,13.88009262084961,14.079148670082915,13.880092620849608,14.079148670082915,41900,-0.016148122566290706
2001-06-07,13.976930618286133,14.041489641906384,13.874713617906137,13.874713617906137,34300,0.006952529470346436
2001-06-08,13.896232604980469,14.009210639755722,13.863953606243626,14.009210639755722,11700,-0.005790389711674205
2001-06-11,13.70256233215332,13.91237847764968,13.70256233215332,13.826300427339334,40100,-0.01403492089704182
2001-06-12,13.863954544067385,13.880093531462087,13.707937491712316,13.729457509746508,1029200,0.011709426815448194
2001-06-13,13.756360054016112,13.842438096091104,13.756360054016112,13.788639063261432,50500,-0.007791007152765921
2001-06-14,13.745594024658203,13.85319204321313,13.740215047248135,13.783254049443956,26700,-0.0007829283604396935
2001-06-15,13.66518211364746,13.76772523887974,13.632800453351004,13.654387883750502,22400,-0.0058671918868294795
2001-06-18,13.70835781097412,13.794709590146052,13.611211802057095,13.63819737641983,24500,0.0031545597134957633
2001-06-19,13.751537322998049,13.751537322998049,13.64359808529692,13.665185521079271,34300,0.003144917152974153
2001-06-20,13.827092170715332,13.951222723625149,13.805503711394808,13.805503711394808,17200,0.005479245207660131
2001-06-21,13.945828437805176,13.999798567660312,13.789315164164746,13.897255423875016,18200,0.00855055845106366
2001-06-22,13.557242393493652,13.719151718287176,13.524859705019445,13.719151718287176,430300,-0.028259528311055507
2001-06-25,13.487079620361328,13.681371614745489,13.443903735986437,13.681371614745489,52100,-0.0051887365127703255
2001-06-26,13.487079620361328,13.53025550473622,13.411522080053835,13.492476734582477,31200,0.0
2001-06-27,13.384536743164062,13.530255741502115,13.276597545035145,13.530255741502115,47800,-0.007632095781679004
2001-06-28,13.470888137817385,13.503270822808004,13.352154714367916,13.406124826624682,23400,0.006430856531289104
2001-06-29,13.12008285522461,13.449299586009094,13.120082855224611,13.427711131153764,188300,-0.02638682407548463
2001-07-02,13.422318458557127,13.427714544248367,13.238820663221576,13.292789755289547,207500,0.022774779383600265
2001-07-03,13.31438159942627,13.346763268775607,13.276602813619592,13.341366152318267,8800,-0.008074103780458091
2001-07-05,13.23342227935791,13.31977405366087,13.174055048501746,13.308979824524412,15700,-0.006099153919441666
2001-07-06,13.07690715789795,13.195641602475384,13.06071684592408,13.195641602475384,112800,-0.011897758113737085
2001-07-09,13.276594161987305,13.276594161987305,13.130875200780324,13.195639526670329,48000,0.015154785199303973
2001-07-10,13.168656349182127,13.292786881130136,13.168656349182127,13.276596568768186,25900,-0.008163160500090173
2001-07-11,13.098496437072754,13.276597085748898,13.05532055343594,13.276597085748898,65600,-0.005342039126095057
2001-07-12,13.017541885375977,13.087702310809725,12.93118908803512,13.087702310809725,29500,-0.006199624153560743
2001-07-13,13.11468505859375,13.179449390393104,12.974364226917732,12.974364226917732,17100,0.007434775528206721
2001-07-16,13.017541885375977,13.168656964585365,13.006747657034088,13.168656964585365,72600,-0.007434775528206622
2001-07-17,13.211833000183104,13.287391570049213,13.022938119609265,13.022938119609265,45900,0.014815043767969644
2001-07-18,13.589618682861328,13.589618682861326,13.287387582284309,13.287387582284309,52100,0.028193301674837627
2001-07-19,13.46009635925293,13.600418254170226,13.438507900314402,13.53565390674902,19700,-0.009576685988081075
2001-07-20,13.643594741821287,13.659785057341816,13.546448731120432,13.600418851442512,59800,0.013540678690407084
2001-07-23,13.325170516967772,13.55724128508751,13.303582059749983,13.546447056478616,55300,-0.023615395074864855
2001-07-24,13.222631454467772,13.352159149269902,13.1686613242849,13.352159149269902,33500,-0.007724901106337836
2001-07-25,13.319775581359863,13.335965897527132,13.195645020236617,13.195645020236617,43600,0.007319951089796381
2001-07-26,13.325170516967772,13.384536715528096,13.222627403971874,13.249611946099812,20700,0.0004049500165414213
2001-07-27,13.325170516967772,13.427712600569375,13.287391746230943,13.330567631272222,30000,0.0
2001-07-30,13.492470741271973,13.492470741271973,13.281988527114152,13.389927675408034,27200,0.012477040249795457
2001-07-31,13.519461631774902,13.75153240241488,13.384536860881363,13.384536860881363,28000,0.001998442696592786
2001-08-01,13.519461631774902,13.643593203336634,13.4816828606278,13.627401860247458,32200,0.0
2001-08-02,13.438509941101074,13.65438941629815,13.438509941101074,13.51946461562566,70100,-0.006005788215831197
2001-08-03,13.53565502166748,13.568036683348138,13.422318691087945,13.568036683348138,19300,0.007202855080019825
2001-08-06,13.465493202209473,13.573432406540404,13.395331741469723,13.573432406540404,16800,-0.005196962498743882
2001-08-07,13.492470741271973,13.55723505376336,13.443897764251888,13.492470741271973,18900,0.0020014529379623136
2001-08-08,13.438509941101074,13.562640510665076,13.368349497684974,13.557244424505368,15000,-0.00400734551923838
2001-08-09,13.481689453125,13.49248368712946,13.341367499251476,13.384543405874496,30200,0.003207966510336293
2001-08-10,13.530259132385254,13.62740515562352,13.492480352102495,13.546450479389817,24500,0.003596166448346781
2001-08-13,13.648988723754885,13.68137037675736,13.551842735353269,13.568033047157412,84900,0.008736838284814771
2001-08-14,13.627397537231444,13.740733814719109,13.62200042458051,13.62200042458051,23000,-0.0015831416102132095
2001-08-15,13.600421905517578,13.800110057337962,13.600421905517578,13.751537041080104,24400,-0.001981476379088855
2001-08-16,13.735343933105469,13.735343933105469,13.584227798830842,13.654388236183149,253000,0.00987154514219484
2001-08-17,13.740741729736328,13.740741729736328,13.605816923924804,13.68137551516757,15200,0.0003929087109814307
2001-08-20,13.7245512008667,13.84868177325037,13.697565622482491,13.762329981210028,19800,-0.001178981107970415
2001-08-21,13.84868335723877,13.967416827526128,13.789316107397752,13.789316107397752,122000,0.009003876184587496
2001-08-22,13.90804672241211,13.924237037377765,13.692167277916791,13.816297829827302,172500,0.004277409875980993
2001-08-23,13.864873886108398,13.956622798893338,13.8109037557535,13.89725555256349,71300,-0.003108990349796722
2001-08-24,14.032170295715332,14.08614038734686,13.854069713907007,13.854069713907007,26000,0.011993988614548791
2001-08-27,14.005191802978516,14.064558002914628,13.962015916936654,14.021382116872765,327000,-0.0019244678560171942
2001-08-28,13.83788776397705,13.98360680140669,13.794711867263963,13.98360680140669,20000,-0.01201778360742789
2001-08-29,13.627397537231444,13.864865346902624,13.627397537231444,13.82708658774007,62700,-0.015328029227992491
2001-08-30,13.686772346496582,13.816300033856526,13.589626323627988,13.746138559831628,402600,0.004347553159346314
2001-08-31,13.584223747253418,13.681369731070268,13.492474876914637,13.681369731070268,23700,-0.007520743448418596
2001-09-04,13.600421905517578,13.90265320603729,13.600421905517578,13.600421905517578,79000,0.0011917139099834413
2001-09-05,14.086142539978027,14.08614253997803,13.573428135216805,13.573428135216805,74600,0.0350907008124695
2001-09-06,13.654386520385742,13.951221636547192,13.654386520385742,13.951221636547192,26000,-0.03113068872607045
2001-09-07,13.438509941101074,13.72994800466303,13.438509941101074,13.530258846734148,225200,-0.015936365340594734
2001-09-10,13.735343933105469,13.735343933105469,13.357554112116125,13.357554112116125,251900,0.021847898396390373
2001-09-17,13.7245512008667,13.7245512008667,13.33057102100832,13.438510246361467,2926100,-0.0007860723969889856
2001-09-18,13.557242393493652,13.643594170636115,13.47628670170251,13.600418282064885,399100,-0.012265388951103339
2001-09-19,13.384536743164062,13.578828740948136,13.103894004513435,13.573431626632544,49600,-0.012820832294449355
2001-09-20,13.11468505859375,13.260404033096693,13.02293618902458,13.087700520823931,116800,-0.020367467026467353
2001-09-21,12.728660583496094,12.988539409267176,12.560822304268934,12.614962951804582,126700,-0.029876409486543784
2001-09-24,12.90190887451172,13.04809105299666,12.73407065069548,13.04809105299666,83600,0.013519085476801335
2001-09-25,12.96688175201416,13.037265204699892,12.820699543359336,12.820699543359336,1107500,0.005023274188860846
2001-09-26,13.188864707946776,13.194278979805006,13.01019786729233,13.102238423548668,171200,0.016974341467223035
2001-09-27,13.44873332977295,13.562429854298731,13.199682177098495,13.24840955408554,79200,0.01951203454305485
2001-09-28,13.56785488128662,13.697794312071474,13.454158266599926,13.67072398457468,86500,0.008818457944529323
2001-10-01,13.681548118591309,13.7248612482249,13.557022999978042,13.643649259245224,45200,0.008344689022785252
2001-10-02,13.779006958007812,13.795248740965452,13.567854485557593,13.584097301182,68600,0.007098126628294716
2001-10-03,13.665306091308594,13.697790682229863,13.589508368270124,13.68696317370046,92100,-0.008285980197691452
2001-10-04,13.616578102111816,13.75193176323155,13.557023193432345,13.75193176323155,47800,-0.0035721902979722006
2001-10-05,13.76276397705078,13.768178248860544,13.578682866185948,13.616581736187516,83000,0.01067865427076193
2001-10-08,13.735694885253906,13.795249815180648,13.611168687770318,13.762765214069072,67300,-0.001968772190170992
2001-10-09,13.665306091308594,13.735690576415626,13.589508368270124,13.735690576415626,47600,-0.005137691782618673
2001-10-10,13.83314609527588,13.89270204670446,13.638237492479291,13.724863767648142,96100,0.01220738440983137
2001-10-11,13.735694885253906,13.86022005007064,13.621997232363126,13.86022005007064,41800,-0.00706969262721261
2001-10-12,13.724863052368164,13.741104832699213,13.57868083338911,13.62740823971546,83000,-0.0007889011921846027
2001-10-15,13.784415245056152,13.800658054845202,13.616577007901558,13.616577007901558,36100,0.004329614544763506
2001-10-16,13.708621978759766,13.903531628795864,13.676137381309326,13.784419717033034,68300,-0.00551364752397694
2001-10-17,13.594919204711914,13.811484810592182,13.594919204711914,13.80607054136189,178100,-0.008328841345231876
2001-10-18,13.69779109954834,13.773589857562632,13.654477966111555,13.67072077840031,22400,0.0075384511730973705
2001-10-19,13.860215187072754,13.860215187072754,13.670719853852392,13.779003196454452,25700,0.01178793317912553
2001-10-22,13.995577812194824,14.049719518169884,13.81691090534413,13.81691090534413,1901300,0.009718889756075086
2001-10-23,13.816904067993164,14.022641209687954,13.816904067993164,14.022641209687954,54800,-0.012848634151380208
2001-10-24,13.789837837219238,13.919777295951532,13.789837837219238,13.80608065681091,67200,-0.0019608427201668476
2001-10-25,13.919774055480955,13.91977405548096,13.594926000607126,13.75193575610724,87000,0.009378490839469195
2001-10-26,13.871051788330078,13.973919887645518,13.795252991395383,13.795252991395383,31600,-0.003506359785270558
2001-10-29,13.784415245056152,13.93059743515841,13.78441524505615,13.871042531264688,50700,-0.006265439421740523
2001-10-30,13.63823413848877,13.708617582504376,13.546193614673651,13.589506741606272,37600,-0.010661441874282068
2001-10-31,13.481224060058594,13.676133657016802,13.481224060058594,13.54619426993348,43000,-0.011579275042855598
2001-11-01,13.795248031616213,13.795248031616213,13.524540647796426,13.60575265640902,77200,0.0230262803236574
2001-11-02,13.773590087890623,13.789831867784423,13.616579331140082,13.616579331140082,87700,-0.001571190493206668
2001-11-05,13.800661087036133,13.89811590184977,13.762762221867856,13.779005035225673,38700,0.0019634990390908426
2001-11-06,13.82773208618164,13.881872730645467,13.67613559674976,13.708620189961376,45200,0.001959651264482187
2001-11-07,13.843976974487305,13.973916409172343,13.806078101787522,13.903532935968007,80300,0.0011741154213672324
2001-11-08,13.714035987854004,13.919773144656371,13.714035987854004,13.919773144656371,35600,-0.009430429531543908
2001-11-09,13.746515274047852,13.784414127817502,13.665303297017696,13.757343813029555,23000,0.0023655243501454477
2001-11-12,13.768178939819336,13.784420723396956,13.584097819716352,13.697794435426944,43300,0.001574698237942627
2001-11-13,13.768178939819336,13.795249267559912,13.697794435426944,13.77900748398229,28300,0.0
2001-11-14,13.69779109954834,13.854801853673283,13.697791099548342,13.80607444947358,63700,-0.005125469390909041
2001-11-15,13.779006958007812,13.941430983584812,13.779006958007814,13.941430983584812,105200,0.005911612758605591
2001-11-16,13.903531074523926,13.968500266834772,13.784419167509556,13.968500266834772,49500,0.008996643030311096
2001-11-19,13.941433906555176,13.995575603987817,13.83856478469986,13.968504238938005,35700,0.0027224207656196086
2001-11-20,13.925190925598145,14.033474319204268,13.887292047636096,13.887292047636096,83700,-0.0011657660656356787
2001-11-21,14.10385036468506,14.10385036468506,13.925183582319622,13.925183582319622,49500,0.012748338901537084
2001-11-23,14.147168159484863,14.157996703240586,13.995572677571838,13.995572677571838,35800,0.003066638373439631
2001-11-26,14.15799331665039,14.212134989811547,14.022639650080755,14.022639650080755,1186300,0.0007648893084344682
2001-11-27,14.000990867614746,14.18507203230989,13.979333774042583,14.158000665344687,134600,-0.011151259928311393
2001-11-28,13.83314609527588,14.060540325760778,13.83314609527588,13.96849977931054,54600,-0.012060500173255032
2001-11-29,14.09843635559082,14.09843635559082,13.930597089929234,13.990153025013434,25500,0.01899629127233446
2001-11-30,14.076781272888184,14.10926586360207,13.984740738643408,14.076781272888184,43000,-0.0015371726495424696
2001-12-03,14.071364402770996,14.114677526609988,13.979323885529851,14.076778672334164,23300,-0.00038488291530630353
2001-12-04,14.076781272888184,14.076781272888184,13.94142760680272,14.022639599920696,40200,0.0003848829153063584
2001-12-05,13.94683837890625,14.076777741833997,13.94683837890625,14.076777741833997,86700,-0.009273878742637973
2001-12-06,13.914355278015137,14.07677924080402,13.87104215242701,14.02805184543408,53600,-0.0023317820484805426
2001-12-07,13.979331970214844,13.984746242909251,13.887291399743756,13.968503424826029,29900,0.0046588899595382816
2001-12-10,13.708621978759766,13.95225904130489,13.708621978759764,13.898117357109667,59800,-0.019554974589822503
2001-12-11,13.562445640563965,13.854810242789547,13.562445640563965,13.773598197504835,123600,-0.010720353173438299
2001-12-12,13.58951473236084,13.61658506536142,13.40001930335574,13.611170792227902,125700,0.001993896602170225
2001-12-13,13.454153060913086,13.67071869509417,13.44873879097526,13.535365044647692,37800,-0.010010683676939422
2001-12-14,13.400012969970703,13.627407170767777,13.4000129699707,13.448740372474829,71100,-0.004032161284201677
2001-12-17,13.741103172302246,13.741103172302246,13.535366062525114,13.535366062525114,39100,0.02513589781151385
2001-12-18,13.665306091308594,13.762760896738929,13.540780965554957,13.540780965554957,227900,-0.0055313538903253015
2001-12-19,13.83314609527588,13.90353058926723,13.659893544938177,13.751934091388412,41900,0.01220738440983137
2001-12-20,13.854796409606934,13.957665448348171,13.806069024554038,13.887280988753478,69300,0.0015638806487547076
2001-12-21,13.99606990814209,13.99606990814209,13.865671866812036,13.94717051310438,87200,0.010145085514359402
2001-12-24,13.99063491821289,14.03953430762806,13.909136281291405,13.909136281291405,16700,-0.00038839799335043106
2001-12-26,14.028661727905272,14.09929461057028,13.909130512417295,13.909130512417295,34600,0.0027143317350066605
2001-12-27,13.941737174987791,13.97433642634331,13.876538672276755,13.97433642634331,24800,-0.006215487527386399
2001-12-28,13.881967544555664,14.039532453262298,13.881967544555664,14.01779893358776,17500,-0.004296316610019614
2001-12-31,13.800466537475586,13.9362979030734,13.800466537475586,13.800466537475586,45400,-0.00588830030788141
2002-01-02,13.751571655273438,13.784171939810642,13.539674987338692,13.691806539578064,412500,-0.0035492788728754402
2002-01-03,13.708104133605955,13.757003518707007,13.599439639401291,13.670071508818758,146200,-0.0031659192415875786
2002-01-04,13.67007541656494,13.735274960774811,13.528810601036556,13.735274960774811,76200,-0.0027780328804139585
2002-01-07,13.566837310791016,13.653769307558456,13.507072210707868,13.58313744880159,173700,-0.007580785767965637
2002-01-08,13.496208190917969,13.572273444448168,13.474474669159994,13.485341430038982,66000,-0.005219610647451542
2002-01-09,13.545103073120115,13.680934429992464,13.496203701741193,13.528802937223473,528500,0.003616313943571035
2002-01-10,13.566837310791016,13.62660344718531,13.479905314023576,13.528804691744156,41100,0.001603296703880543
2002-01-11,13.599435806274414,13.729833784352913,13.588569049023452,13.610301527214364,41100,0.0023999251564044504
2002-01-14,13.708104133605955,13.773303659177795,13.115879168547682,13.64290564434542,49800,0.0079588934919751
2002-01-15,13.724408149719238,13.816773565847535,13.588576716372428,13.81134018415627,49100,0.0011886638645842201
2002-01-16,13.594001770019531,13.78416586746784,13.594001770019531,13.773299110742576,125700,-0.009547215274905665
2002-01-17,13.718968391418455,13.72983514975009,13.59943715870384,13.708101633086825,51600,0.009150780210592674
2002-01-18,13.664636611938477,13.762435371285289,13.588571370807038,13.615737232265069,37100,-0.003968202927884895
2002-01-22,13.81676197052002,13.81676197052002,13.621164539030524,13.708096500512362,89300,0.011071264222039601
2002-01-23,13.865666389465332,13.898265627842306,13.75156750067926,13.789600118170917,80200,0.0035332499870063716
2002-01-24,13.664636611938477,13.854800751078258,13.653769852830788,13.854800751078258,2455900,-0.014604514209045847
2002-01-25,13.637468338012695,13.751566179525948,13.632034959420016,13.637468338012695,46400,-0.0019901969421856807
2002-01-28,13.637468338012695,13.70810018709552,13.588568966989587,13.664634194665089,48700,0.0
2002-01-29,13.469037055969238,13.735266375487868,13.425570029457512,13.708099483918035,50700,-0.012427529653815423
2002-01-30,13.632036209106444,13.653768689158436,13.485338082588894,13.528804079003972,73300,0.012029126450800273
2002-01-31,13.708104133605955,13.735271034390598,13.588572879087437,13.670071508818758,74000,0.005564574272814543
2002-02-01,13.718968391418455,13.860233140796336,13.718968391418455,13.860233140796336,43700,0.0007922288002711387
2002-02-04,13.572271347045898,13.795034729083431,13.545105485357883,13.718969487308035,71700,-0.010750589467807308
2002-02-05,13.729835510253906,13.800467368641868,13.599437515783803,13.664635994863284,307000,0.011542399518413075
2002-02-06,13.664636611938477,13.697235852950351,13.496205991014069,13.697235852950351,190300,-0.004760012978490645
2002-02-07,13.517938613891602,13.63203751308984,13.47447261331875,13.58313813290648,246000,-0.010793636809620895
2002-02-08,13.550535202026367,13.615733666977864,13.376671247074489,13.409270479550235,32900,0.0024084552467377716
2002-02-11,13.767871856689451,13.767871856689451,13.615740303796516,13.691806598398694,160000,0.015911706686369185
2002-02-12,13.76243495941162,13.827634475795309,13.675502961774145,13.729835719375355,31200,-0.0003949754272505563
2002-02-13,13.849371910095217,13.892837924459002,13.795039133062597,13.849371910095211,139900,0.00629710604410109
2002-02-14,13.849371910095217,13.94717070149162,13.800472514397011,13.854805291429628,58300,0.0
2002-02-15,13.8547945022583,13.958026594598993,13.8547945022583,13.887393728567202,53300,0.00039146402397549564
2002-02-19,13.68093967437744,13.90370310213626,13.68093967437744,13.81133770260372,211800,-0.012627746694544362
2002-02-20,13.95803451538086,13.979766999815778,13.73527110928858,13.843935604085788,170300,0.020051693911805533
2002-02-21,13.78416347503662,14.110157829726113,13.784163475036625,13.97975988058816,93800,-0.012534934471754385
2002-02-22,14.012367248535156,14.072132357826472,13.854802332423269,13.88196819698193,104100,0.016419955641749192
2002-02-25,14.034096717834473,14.099296229603624,13.96346486336972,14.088429471590253,257500,0.0015495339215080514
2002-02-26,14.028661727905272,14.09929461057028,13.936296368020166,14.09929461057028,90700,-0.0003873453857120987
2002-02-27,14.04496955871582,14.180800983778235,13.99063678142855,14.099302336003094,1063300,0.0011617900426454243
2002-02-28,13.99606990814209,14.164500581987804,13.99606990814209,14.028669159396726,884000,-0.0034877237843016586
2002-03-01,14.262295722961426,14.322061865229625,14.006933086898544,14.082998332468074,208600,0.01884282305979709
2002-03-04,14.267729759216309,14.305762383750755,14.153630849301672,14.305762383750755,350800,0.0003809345578039687
2002-03-05,14.01779842376709,14.23512946736322,13.996065941194209,14.126463945565156,209200,-0.017672488815669386
2002-03-06,14.131892204284668,14.213390797944802,14.04496023287241,14.061259329817933,269100,0.00810626353215149
2002-03-07,14.12646198272705,14.153627841246328,14.017796476027796,14.153627841246328,3031200,-0.00038432681454276694
2002-03-08,14.077566146850586,14.169931539868395,14.006934275159946,14.110165392530009,100700,-0.003467297978708885
2002-03-11,14.077566146850586,14.099299668177755,13.968900612837396,14.072132766518791,513700,0.0
2002-03-12,14.072126388549805,14.15362498396608,13.99062779313353,14.050393913383868,47000,-0.0003864879420371908
2002-03-13,14.180801391601562,14.224267407419106,14.13190199426788,14.13190199426788,108900,0.007693046177201444
2002-03-14,14.14276123046875,14.245992315400713,14.14276123046875,14.202526322715936,224000,-0.0026861157625351433
2002-03-15,14.40159034729004,14.412488508324651,14.298059896072893,14.308958057107509,55300,0.018135721895597926
2002-03-18,14.357995986938477,14.412485742348284,14.276261873476583,14.357995986938477,41200,-0.0030316426136354187
2002-03-19,14.412487030029297,14.439731390515524,14.330751869959151,14.330751869959151,67700,0.003787987029319767
2002-03-20,14.129145622253418,14.385246226286933,14.129145622253416,14.385246226286933,220000,-0.01985525633160184
2002-03-21,14.238121032714844,14.265366435268897,14.112795298883714,14.22177483048825,117800,0.007683217975935209
2002-03-22,14.254467964172363,14.35254933262173,14.210876360339958,14.249018883780083,59700,0.0011474515884040072
2002-03-25,14.11279010772705,14.308952776737682,14.112790107727047,14.24901395247211,71300,-0.009988912859784118
2002-03-26,14.22177791595459,14.238124121727552,14.140043769171587,14.15638997494455,193500,0.0076929597544780825
2002-03-27,14.178187370300291,14.238125194828664,14.140044834880564,14.178187370300291,76200,-0.003069762899075116
2002-03-28,14.22177791595459,14.243573203420562,14.167288138330568,14.172737220023576,152900,0.003069762899075132
2002-04-01,14.19452953338623,14.2163258555914,14.101897242625958,14.156387008833033,33900,-0.0019177995570651904
2002-04-02,14.09644603729248,14.16728198994775,14.09644603729248,14.140037632612405,33600,-0.006933934733482751
2002-04-03,14.107345581054688,14.205426947206645,13.99836709367924,14.205426947206645,104600,0.0007729134048578283
2002-04-04,13.943875312805176,13.971119670880617,13.856692119797,13.873038318920006,98600,-0.011655258743723458
2002-04-05,13.829448699951172,14.003816150206752,13.764061815497897,14.003816150206752,439100,-0.008240083920450796
2002-04-08,13.873039245605469,13.900284644806476,13.785856046773668,13.785856046773668,156500,0.0031470517533625604
2002-04-09,13.862146377563477,13.938431440115975,13.856697296051722,13.938431440115975,35500,-0.0007854909464145551
2002-04-10,14.09099578857422,14.0964448674502,13.878485869633057,13.878485869633057,98300,0.016374153771422845
2002-04-11,13.900283813476562,14.167282473843866,13.900283813476562,14.167282473843866,41200,-0.013626738675552766
2002-04-12,13.976572036743164,14.036510885769644,13.89483790399262,13.916634227022572,27200,0.005473243763196179
2002-04-15,13.96567153930664,14.014712218615518,13.905733739611344,14.014712218615518,108200,-0.0007802163745239622
2002-04-16,14.11279010772705,14.118239186233506,13.987464419994904,14.003811655514276,19400,0.010479200503896148
2002-04-17,13.905733108520508,14.085548578057166,13.90028402892174,14.085548578057166,289200,-0.014780277105154546
2002-04-18,14.047406196594238,14.058303316591935,13.894835084264042,13.987467359731362,218000,0.010136557443417226
2002-04-19,14.074649810791016,14.090997048881066,14.014710977099783,14.085547969517716,142200,0.0019375270934926297
2002-04-22,13.992918968200684,14.101897463012117,13.96567356501843,14.058305857226372,79600,-0.0058238798125411955
2002-04-23,13.878494262695312,14.003821074023604,13.851249891144816,13.998371991852274,33600,-0.008210946996445144
2002-04-24,13.818553924560549,13.976573121569194,13.818553924560543,13.954777836153434,57000,-0.004328290242832084
2002-04-25,13.862146377563477,13.949329603139484,13.81310568326372,13.851248214539968,46300,0.0031496666316246555
2002-04-26,13.774964332580566,13.894841018195184,13.747718922686708,13.894841018195184,259500,-0.006309077318771914
2002-04-29,13.63328456878662,13.725916837948375,13.600590093102046,13.720467758667612,364500,-0.01033856823664653
2002-04-30,13.69322109222412,13.73681268312152,13.567895398307291,13.600588831653964,510700,0.004386702075631463
2002-05-01,13.88938808441162,13.894837164879254,13.6768791427031,13.715021666670696,70900,0.014224201809553654
2002-05-02,13.88938808441162,13.92753060837922,13.851245560444024,13.862143721379288,26400,0.0
2002-05-03,13.758609771728516,13.894833630854542,13.693221862053576,13.889384551772832,202700,-0.009460308028259135
2002-05-06,13.660530090332031,13.813101205281995,13.660530090332031,13.758611447135172,142600,-0.007154133952613516
2002-05-07,13.469816207885742,13.693223276789617,13.46981620788574,13.693223276789617,51500,-0.014059313639672092
2002-05-08,13.71501922607422,13.72591738507015,13.475264924691963,13.518856521370044,143500,0.018040180439544622
2002-05-09,13.573345184326172,13.720467201010292,13.573345184326172,13.704119963832424,61100,-0.01038356953453116
2002-05-10,13.546106338500977,13.676881171202664,13.507963808876232,13.6332895603021,54400,-0.002008805743140539
2002-05-13,13.682333946228027,13.68233394622803,13.546109995474842,13.562456204409216,65600,0.010006356807398113
2002-05-14,13.736822128295898,13.76951662342818,13.655087969077632,13.731374085080072,142500,0.003974466146667528
2002-05-15,13.535205841064451,13.682327892214367,13.529756760728626,13.627838128161905,81400,-0.014785842884630737
2002-05-16,13.551556587219238,13.55155658721924,13.426229785690706,13.480719563837102,63100,0.00120728700479217
2002-05-17,13.709574699401855,13.73137102463208,13.50251480624468,13.50251480624468,130800,0.011593053883611449
2002-05-20,13.64418601989746,13.72047106962567,13.600593375131794,13.687777625357274,49100,-0.004780973609318945
2002-05-21,13.52976417541504,13.676886307191968,13.50796888143311,13.606049263311354,174600,-0.008421486011854206
2002-05-22,13.649632453918455,13.649632453918455,13.529755812846126,13.562449253264807,294900,0.008820582539774075
2002-05-23,13.69322109222412,13.69322109222412,13.535201964960622,13.665976737652814,18200,0.0031883047726787347
2002-05-24,13.535205841064451,13.75316385796851,13.524307680392798,13.687776972550196,31000,-0.011606768579683123
2002-05-28,13.486166000366213,13.606042657330466,13.448023474936944,13.606042657330466,42800,-0.0036297116835427344
2002-05-29,13.52976417541504,13.557008552719044,13.4589281708408,13.4589281708408,30400,0.0032275929507732002
2002-05-30,13.469816207885742,13.51340780573758,13.366286812553671,13.382633012182067,37300,-0.004440666498538236
2002-05-31,13.540655136108398,13.655082707057778,13.497063532036371,13.497063532036371,341700,0.005245305773285559
2002-06-03,13.230067253112791,13.606044517435372,13.213720008848588,13.567901986791576,282800,-0.02320459005696259
2002-06-04,13.213719367980955,13.257310977931956,13.093842700442204,13.251861896774836,76200,-0.0012364255882661628
2002-06-05,13.366283416748049,13.366283416748049,13.181018913119171,13.186467991379482,176900,0.011479737264295888
2002-06-06,13.066595077514648,13.295451250751524,13.033901635425318,13.284553090286488,107400,-0.022676393817960723
2002-06-07,13.066595077514648,13.121084840534056,12.919473029153988,12.919473029153988,303400,0.0
2002-06-10,13.213719367980955,13.251861896774836,13.023005684705607,13.023005684705607,59400,0.011196656553664731
2002-06-11,12.859532356262209,13.121081913237033,12.859532356262209,13.121081913237033,62500,-0.02717028196683156
2002-06-12,12.848639488220217,12.90312926151734,12.72331373715101,12.805047877443709,70000,-0.0008474246056669905
2002-06-13,12.81049919128418,12.973967500358407,12.81049919128418,12.897682428031256,42400,-0.0029728453088116126
2002-06-14,12.864990234375,12.897683691531372,12.581644167536396,12.717868118211925,241900,0.004244602624674143
2002-06-17,13.110188484191896,13.110188484191896,12.924923888014703,12.924923888014703,79800,0.018879988154907393
2002-06-18,13.077492713928224,13.142880634792393,13.017553873078214,13.066594553899904,42700,-0.002497035686741529
2002-06-19,13.028453826904297,13.175575889625588,12.979413139330532,13.023004746139891,27700,-0.003756917576374534
2002-06-20,12.914030075073242,13.033906769490825,12.914030075073242,13.033906769490825,42900,-0.008821398465354348
2002-06-21,12.565321922302246,12.909652775328489,12.461475993654496,12.898721405476554,246300,-0.0273735318504938
2002-06-24,12.439614295959473,12.630909098469935,12.384958489174654,12.570787606759357,274400,-0.010054709542224921
2002-06-25,12.182733535766602,12.54346040631003,12.106214988170272,12.54346040631003,68600,-0.02086641635704807
2002-06-26,12.160869598388672,12.21005971611705,11.931316063147143,12.024230614137112,98600,-0.0017962783188927524
2002-06-27,12.253786087036133,12.297510527211749,12.089819696995797,12.204595961529456,172800,0.007611570561968162
2002-06-28,12.160869598388672,12.406820187030563,12.16086959838867,12.319371320507384,58100,-0.007611570561968219
2002-07-01,12.281115531921388,12.379495799442404,12.188200950648543,12.188200950648543,81700,0.009839372948375747
2002-07-02,12.199129104614258,12.330302412543436,12.160870353444013,12.270181964621386,87200,-0.006698195631340237
2002-07-03,12.117145538330078,12.231921788249542,11.985972234505226,12.10074848442469,84600,-0.006743128060169312
2002-07-05,12.27565097808838,12.275650978088375,11.996908251029202,11.996908251029202,27300,0.012996268849213512
2002-07-08,12.253786087036133,12.352166338049487,12.242854716374008,12.313907583204935,46100,-0.001782747544111481
2002-07-09,12.051563262939451,12.335772724632468,12.0242358711307,12.259255193589416,40800,-0.01664057468189069
2002-07-10,11.805607795715332,12.051557328298836,11.789210743220702,11.969574150771004,154700,-0.020619727379203655
2002-07-11,11.608850479125977,11.718162107077704,11.444884079671333,11.586988779019398,138700,-0.016806875972009607
2002-07-12,11.36289882659912,11.554192577237282,11.264518587715065,11.532330881081243,79000,-0.021414220396989366
2002-07-15,11.198931694030762,11.237190445114033,10.84913620701485,11.18800032444332,141700,-0.014535169848222725
2002-07-16,11.024033546447754,11.193465598951626,10.931118993305748,11.187999914358244,61300,-0.015740631985736452
2002-07-17,11.073225021362305,11.280915848981296,11.040431952258858,11.040431952258858,221500,0.004452276830887382
2002-07-18,10.82180881500244,11.193467076634178,10.79994711621563,11.122415252485938,50200,-0.022966601398406762
2002-07-19,10.318976402282717,10.657841567210252,10.231527529231634,10.54852995466,140700,-0.04757886342800758
2002-07-22,10.406429290771484,10.570395713966874,10.242461825103,10.27525490124746,205700,0.00843924686664366
2002-07-23,10.455615043640137,10.564926652498851,10.36816617354227,10.439219032042264,84800,0.004715342678316692
2002-07-24,10.991240501403809,10.991240501403809,10.32444157441363,10.32444157441363,205200,0.04995947866070838
2002-07-25,11.127881050109863,11.1989328749752,10.843671665702733,10.980310672536213,146100,0.012355127807019722
2002-07-26,11.177074432373049,11.188004763824845,11.024038324842724,11.073228465032,29000,0.004410989482947776
2002-07-29,11.499540328979492,11.55966078840324,11.23172693460658,11.23172693460658,140600,0.028442308372743943
2002-07-30,11.384760856628418,11.499538152850068,11.319173681291364,11.483141098397608,81100,-0.010031369009207551
2002-07-31,11.641643524169922,11.64164352416992,11.412089939969274,11.412089939969274,62800,0.022312934402539134
2002-08-01,11.532328605651855,11.679898934861026,11.073221609760584,11.586984398967015,53500,-0.0094343540866355
2002-08-02,11.51047134399414,11.679904488075438,11.439419508633597,11.51047134399414,43200,-0.001897101763746286
2002-08-05,11.351962089538574,11.521394063905223,11.351962089538574,11.47766964979537,69300,-0.013866572408318751
2002-08-06,11.36289882659912,11.630711119965303,11.36289882659912,11.450347696168782,96700,0.0009629588264749056
2002-08-07,11.62524700164795,11.62524700164795,11.36836500051214,11.532332434902148,296600,0.02282563956293775
2002-08-08,11.893058776855469,11.914920474938262,11.264519580500655,11.532331897470172,126100,0.022775735170305227
2002-08-09,11.947713851928713,11.985972603078338,11.761884738511002,11.761884738511002,83700,0.004585016741909529
2002-08-12,11.909448623657228,11.936775990338074,11.750946977986098,11.750946977986098,62600,-0.0032078635608329535
2002-08-13,11.794681549072266,12.024235171314466,11.794681549072266,11.805612922148828,45300,-0.009683373364430523
2002-08-14,12.182733535766602,12.18819817829872,11.750953802631782,11.860265417784928,81400,0.032370951637128914
2002-08-15,12.073420524597168,12.210059506503,12.013299038967336,12.188196769011167,80800,-0.009013279758885193
2002-08-16,12.018768310546877,12.128079945686546,11.969578178981326,12.051561384099571,72600,-0.004536931714245791
2002-08-19,12.111685752868652,12.133548502057742,11.97504669785662,11.996909447045711,98100,0.007701297399663259
2002-08-20,12.05702781677246,12.117149324069793,11.95864754754886,12.024234741188954,27200,-0.004523040013763401
2002-08-21,12.04062843322754,12.117145935683055,11.914919767442749,12.117145935683055,75700,-0.0013610772688000456
2002-08-22,12.100750923156738,12.139009680840394,11.991440335842428,12.046096150736064,46000,0.004980876472755377
2002-08-23,11.909448623657228,12.051552181364295,11.903982941826612,11.991431766171988,28700,-0.015935423389422648
2002-08-26,11.93678379058838,11.996905287540097,11.8110761537556,11.93131810518614,86000,0.0022926203543894726
2002-08-27,11.903993606567385,12.018769900421235,11.843872095040233,11.964114075621383,35800,-0.002750766399175621
2002-08-28,11.778281211853027,11.914920209867438,11.74548814422196,11.914920209867438,280800,-0.010616680742931513
2002-08-29,11.647106170654297,11.74548640142263,11.61977879209539,11.668968907479558,146900,-0.011199508477703828
2002-08-30,11.734557151794434,11.936783334051254,11.6088495197695,11.6088495197695,55100,0.007480339419301653
2002-09-03,11.477676391601562,11.68536721999962,11.477676391601562,11.614315396263486,75000,-0.022134125714519455
2002-09-04,11.57058811187744,11.57605379581694,11.47767356985117,11.48860493773017,51700,0.008062405180358048
2002-09-05,11.565126419067385,11.685368379814085,11.477677530801968,11.477677530801968,33500,-0.00047214387126100064
2002-09-06,11.565126419067385,11.630713606502932,11.505004917457544,11.630713606502932,65400,0.0
2002-09-09,11.794681549072266,11.794681549072266,11.510472103920376,11.510472103920376,37500,0.019654486887111685
2002-09-10,11.789214134216309,11.811076877164316,11.690833875896194,11.778282762742304,119900,-0.000463656643272836
2002-09-11,11.767348289489746,11.860262829350004,11.767348289489748,11.816538401325918,68500,-0.0018564551663510578
2002-09-12,11.614312171936035,11.712692394776283,11.576053428047626,11.696295343478717,146500,-0.01309045635628082
2002-09-13,11.679901123046877,11.740021568731596,11.559658146731936,11.559658146731936,54600,0.005631366349356713
2002-09-16,11.849337577819824,11.860268951086276,11.652577028916212,11.652577028916212,36300,0.014402453541034452
2002-09-17,11.54872703552246,11.925850941754884,11.54872703552246,11.920385257030036,237100,-0.025696747893537705
2002-09-18,11.554191589355469,11.586985694494766,11.38475954935976,11.505001474119188,79100,0.0004730617826816673
2002-09-19,11.220795631408691,11.401159078970329,11.220795631408691,11.395693393592955,355100,-0.02927946983118641
2002-09-20,11.221895217895508,11.24940049308311,11.155884655883192,11.232897327970548,93100,9.799061040221943e-05
2002-09-23,11.177885055541992,11.199889270236689,11.056865022377275,11.155881890066,70700,-0.003929522383422857
2002-09-24,10.996349334716797,11.122870362341308,10.963344077340448,11.045857745390425,91100,-0.016373938645307933
2002-09-25,11.084372520446776,11.177888362125184,10.935847174977711,11.001858789370305,121000,0.007972896229410787
2002-09-26,11.33741283416748,11.33741283416748,11.111874872284933,11.111874872284933,52100,0.022571891853641834
2002-09-27,11.001856803894045,11.19989056211416,11.001856803894045,11.166884236264924,53500,-0.03004406822820495
2002-09-30,10.886334419250488,10.97984916569736,10.72680704167253,10.864330208873458,134300,-0.010555779244822767
2002-10-01,11.210890769958496,11.216391823848856,10.94134542464339,10.94134542464339,137600,0.029377416348468917
2002-10-02,11.150385856628418,11.287909112731228,11.139383744327592,11.155886912778833,204000,-0.005411592727846321
2002-10-03,11.122879028320312,11.298909652984404,11.062369517522969,11.062369517522969,108900,-0.002469942546298371
2002-10-04,11.001856803894045,11.227394784436363,10.95784941864722,11.166884236264924,154900,-0.01094010182950143
2002-10-07,10.979846000671388,11.199883844140055,10.963343896863975,11.04035651254709,198000,-0.002002648363935006
2002-10-08,11.210890769958496,11.32641080321854,11.001855968218592,11.001855968218592,200800,0.020824285467581024
2002-10-09,11.067866325378418,11.22189162017284,11.051363165556744,11.199888456295907,311600,-0.012839711736039962
2002-10-10,11.117375373840332,11.188888027908073,10.95234794774657,11.084370098465335,110100,0.004463249156406203
2002-10-11,11.243900299072266,11.353918260590651,11.133881288334834,11.183389738244774,144500,0.011316552539990539
2002-10-14,11.430928230285645,11.480436663921456,11.249397656693898,11.320909255713016,124600,0.01649689853690891
2002-10-15,11.52994155883789,11.601454191634977,11.452928922796543,11.551945768688832,288700,0.008624581142309703
2002-10-16,11.287912368774414,11.496947316691209,11.276910253299985,11.496947316691209,426200,-0.021214814349883655
2002-10-17,11.33741283416748,11.49143814517874,11.260399129443112,11.49143814517874,460300,0.004375675834866821
2002-10-18,11.46943187713623,11.474932929501575,11.249395028614597,11.249395028614597,233100,0.011577271579186088
2002-10-21,11.755484580993652,11.760984586141223,11.430929717907382,11.430929717907382,226000,0.02463450582154342
2002-10-22,11.551955223083496,11.749989076943685,11.485943588723654,11.744488019978752,161300,-0.017465198511292506
2002-10-23,11.551955223083496,11.601463686548543,11.397928775723422,11.562957337013357,117100,0.0
2002-10-24,11.381421089172363,11.606959068362473,11.375920034897138,11.57945379698635,165000,-0.014872409097325859
2002-10-25,11.458434104919434,11.496940436817924,11.331913000333287,11.331913000333287,159400,0.006743764963589804
2002-10-28,11.205395698547363,11.474941162531906,11.161388297268648,11.474941162531906,362900,-0.022330640799696235
2002-10-29,11.36491870880127,11.397923987506152,11.155883878045154,11.271402878121693,193900,0.014135883420361445
2002-10-30,11.414426803588867,11.452933135774147,11.320910975759384,11.414426803588867,189600,0.004346759893735055
2002-10-31,11.309906005859377,11.403421810033318,11.221891254780203,11.375917593778052,116800,-0.009199085022939684
2002-11-01,11.452936172485352,11.458437228430244,11.221897068895483,11.276906579125288,120700,0.012567152022231081
2002-11-04,11.19438648223877,11.40892229618093,11.139377003243244,11.397920190538114,96100,-0.022833685692898543
2002-11-05,11.30440616607666,11.359415653710007,11.166882971602645,11.166882971602645,45800,0.009780130206406857
2002-11-06,11.260401725769045,11.370420729760376,11.13938166075376,11.370420729760376,70300,-0.0039002765990348806
2002-11-07,11.232897758483888,11.315411488771195,11.166886144722636,11.315411488771195,367600,-0.00244552658999003
2002-11-08,11.161382675170898,11.35941535656452,11.12837635392306,11.210890058605292,172900,-0.0063869278259107405
2002-11-11,11.12838077545166,11.210894512918252,11.08437337885487,11.166887116321464,74300,-0.00296117308801698
2002-11-12,10.798325538635254,11.172388960723175,10.781823419508486,11.100877329662447,159000,-0.030107592424500083
2002-11-13,10.957849502563477,11.067868491132485,10.809324182760967,10.891837899578306,72100,0.01466496960692042
2002-11-14,11.106377601623535,11.128380775312104,10.97985541834264,11.089874434442784,196500,0.013463453029683846
2002-11-15,11.18338680267334,11.194388910702903,11.056865707989648,11.10087309088914,63000,0.006909853873736715
2002-11-18,11.133880615234377,11.221895398815754,11.100875333696102,11.221895398815754,181300,-0.0044365887378357335
2002-11-19,11.19989013671875,11.326411233345477,11.06786798599276,11.06786798599276,168900,0.005911201868041387
2002-11-20,11.188888549804688,11.254899103633688,11.084370615486796,11.166884332382464,29100,-0.000982776948541239
2002-11-21,11.051369667053224,11.24940350454164,11.01286332070142,11.24940350454164,75800,-0.01236682003095819
2002-11-22,11.051369667053224,11.133883416266984,11.040367554032922,11.111880239445629,127500,0.0
2002-11-25,10.979846000671388,11.084363871397183,10.91933653801388,11.084363871397183,123800,-0.006492961508635639
2002-11-26,10.90834140777588,10.990855127204002,10.864334020799625,10.924844571349052,88200,-0.006533647207046028
2002-11-27,11.062372207641602,11.067873264364373,10.853336249053502,10.853336249053502,104300,0.01402169507950121
2002-11-29,10.996349334716797,11.029354592093144,10.968845128439542,11.00185038581589,25500,-0.005986119363367917
2002-12-02,10.90834140777588,11.062367786802213,10.869835075324014,11.05686673227782,636400,-0.008035575716133378
2002-12-03,10.974359512329102,10.99086163645666,10.89184469481335,10.935852107852655,146100,0.006033835136574632
2002-12-04,11.139378547668455,11.21639119940853,10.946845869099583,11.02935957442376,71300,0.01492484880316354
2002-12-05,11.029362678527832,11.194391184840502,10.996357396952892,11.194391184840502,66200,-0.009925396411752475
2002-12-06,11.117375373840332,11.161383806632042,10.985353223121566,11.029360606694487,82800,0.007948182567007621
2002-12-09,11.084372520446776,11.150384134839364,11.029363016656122,11.117377803033564,29200,-0.002972998149449409
2002-12-10,11.232897758483888,11.232897758483888,11.095374524932035,11.1118776906771,77300,0.013310537447518209
2002-12-11,11.166882514953612,11.249397267638702,11.117374083030027,11.249397267638702,89300,-0.005894293055845873
2002-12-12,11.09537410736084,11.19439099966674,11.067869881373186,11.111877272484811,45600,-0.006424205302954209
2002-12-13,11.100875854492188,11.144883248347478,10.985355789860153,11.056868460636895,31300,0.0004957366450168318
2002-12-16,11.155881881713867,11.155881881713867,11.034860799421049,11.100872394237014,81500,0.004942870822940818
2002-12-17,11.040363311767578,11.166884415227493,11.012859089004587,11.111875969701508,572200,-0.010408932856366349
2002-12-18,11.023859977722168,11.062366305016171,10.985352601209437,11.045863143653571,176700,-0.0014959363768679297
2002-12-19,10.880837440490724,11.05686699253921,10.875336385836846,11.05686699253921,237300,-0.013058803506154203
2002-12-20,11.066102027893066,11.071632440279016,10.961026302196622,11.02185978362377,302400,0.01688335527771263
2002-12-23,11.099281311035156,11.176704959899585,11.049508663959994,11.088220488392208,336700,0.0029937950917768804
2002-12-24,11.099281311035156,11.115872544999576,11.060569486602942,11.099281311035156,18800,0.0
2002-12-26,11.093751907348633,11.19882762236436,11.093751907348636,11.126934378291413,40200,-0.0004983008628453352
2002-12-27,11.005267143249512,11.099282032186776,10.95549449294048,11.077161440281746,46800,-0.008008069205899415
2002-12-30,11.071637153625488,11.093757757768024,10.98315262741783,11.005273231560366,36700,0.006012637409032845
2002-12-31,11.02739429473877,11.088226743958185,10.90572728666254,11.060575726569242,61100,-0.0040040594629999
2003-01-02,11.237537384033203,11.254128616453912,11.066098868291236,11.066098868291236,365000,0.01887715916791033
2003-01-03,11.226476669311523,11.29284054480823,11.165644259492392,11.29284054480823,364100,-0.0009847497058398475
2003-01-06,11.309439659118652,11.314969019013695,11.060576271091591,11.215424718621623,76100,0.007362768248291476
2003-01-07,11.20988941192627,11.28731307449432,11.182237350424614,11.254131655510626,46100,-0.008841373147785115
2003-01-08,11.143525123596191,11.265192080248267,11.099282881582232,11.198828189818204,36000,-0.005937749081471215
2003-01-09,11.25412940979004,11.29284123334926,11.18223511905027,11.18776553024703,50800,0.009876497121956379
2003-01-10,11.287315368652344,11.309437022349917,11.22095251719664,11.226481875802529,37300,0.002944441508927631
2003-01-13,11.31496524810791,11.35920855107344,11.243071990425724,11.254132816167106,96500,0.002446646311250858
2003-01-14,11.348150253295898,11.348150253295898,11.26519615139311,11.270725510677146,81700,0.0029285495988633837
2003-01-15,11.237537384033203,11.326021847307636,11.198825563202888,11.326021847307636,86000,-0.009795030854193528
2003-01-16,11.403450012207031,11.420040194855726,11.226479977013769,11.226479977013769,107100,0.014656215752430033
2003-01-17,11.337080955505373,11.436626225348956,11.3315505455343,11.337080955505373,16000,-0.005837088433639032
2003-01-21,11.25412940979004,11.436628760010718,11.226477353806253,11.392386525254738,65900,-0.00734373388363937
2003-01-22,11.121407508850098,11.320497123829632,11.1214075088501,11.265195097613312,56100,-0.011863264599452718
2003-01-23,11.043981552124023,11.182238712012088,10.99973930315258,11.115875865964131,111700,-0.006986231680963983
2003-01-24,10.800650596618652,11.060573698805928,10.800650596618652,11.0052706193482,67100,-0.022279250925025505
2003-01-27,10.6568603515625,10.81170766960564,10.596026873863698,10.81170766960564,441700,-0.013402523506923156
2003-01-28,10.690043449401855,10.75640734957945,10.645801200889595,10.673452210652856,76100,0.0031089402825230776
2003-01-29,10.573902130126951,10.673446343446154,10.446704812608624,10.673446343446154,114500,-0.010923887458196306
2003-01-30,10.380345344543455,10.590495713387082,10.374814932887288,10.590495713387082,197800,-0.01847475468931593
2003-01-31,10.651329040527344,10.651329040527344,10.44117761975126,10.490950269155167,560200,0.025770529535738964
2003-02-03,10.690043449401855,10.717694459165116,10.629209962140596,10.69557386231819,265400,0.003628112611773172
2003-02-04,10.695573806762695,10.695573806762695,10.546255823252512,10.629209906929812,167900,0.0005172034473333954
2003-02-05,10.61815071105957,10.772998061025602,10.601559471498156,10.756407876282646,281200,-0.007265124984029563
2003-02-06,10.535189628601074,10.60708390468326,10.479887637544458,10.60708390468326,267800,-0.00784382102098072
2003-02-07,10.463298797607422,10.623676506980985,10.424586973097185,10.562844091958372,231900,-0.0068472654238706625
2003-02-10,10.535189628601074,10.535189628601074,10.402462951393035,10.474357227475222,611900,0.006847265423870549
2003-02-11,10.336102485656738,10.596025488985068,10.33610248565674,10.507541017434228,135800,-0.019078184562313458
2003-02-12,10.336102485656738,10.446707547686236,10.33610248565674,10.352692664811206,164300,0.0
2003-02-13,10.347164154052734,10.435649696674693,10.236559071707312,10.336104384191,116200,0.0010696249913826564
2003-02-14,10.535189628601074,10.535189628601074,10.363751135726258,10.3969325413238,181400,0.018008559570930754
2003-02-18,10.60708713531494,10.67344996672235,10.535192837335696,10.618147958822238,236600,0.006801328416027143
2003-02-19,10.524136543273926,10.618151464489353,10.4522422215582,10.607090637330234,152300,-0.007851037818111466
2003-02-20,10.419057846069336,10.529663976719393,10.38034601678729,10.529663976719393,64100,-0.010034723165636507
2003-02-21,10.479888916015623,10.5462517353065,10.402464220418947,10.424585863394569,18900,0.005821464826242585
2003-02-24,10.336102485656738,10.452237959010429,10.33610248565674,10.452237959010429,52900,-0.0138152168208351
2003-02-25,10.413522720336914,10.452234532095922,10.231023425746049,10.29185687554892,179500,0.007462360711114478
2003-02-26,10.35822296142578,10.44670743199672,10.3250415486662,10.385875017740508,17900,-0.005324529811488306
2003-02-27,10.36928939819336,10.430122900204733,10.308455896181986,10.358228569678808,160800,0.0010678018304441574
2003-02-28,10.325040817260742,10.457767513715057,10.302919173776012,10.396934048950072,99300,-0.004276403044250213
2003-03-03,10.242088317871094,10.441177865351609,10.23102749445046,10.38034544617448,96400,-0.008066555973796834
2003-03-04,10.153600692749023,10.275266548207712,10.13147905276498,10.275266548207712,190300,-0.008677145477404367
2003-03-05,10.07618522644043,10.17020017275227,9.954519259668148,10.159140397459383,374600,-0.007653649378527501
2003-03-06,10.009820938110352,10.120426059110274,9.99876010956476,10.037471954655668,184500,-0.006608036388678768
2003-03-07,10.020877838134766,10.048528843839955,9.871559875762934,9.893680469363437,304200,0.0011039955491264043
2003-03-10,9.854968070983888,10.026406617067115,9.854968070983888,10.026406617067115,464200,-0.016694999696027946
2003-03-11,9.954514503479004,10.065120642111651,9.871560426913677,9.871560426913677,105400,0.010050466494233298
2003-03-12,10.031941413879396,10.054063070691624,9.89921463746198,9.89921463746198,196900,0.007747976735410776
2003-03-13,10.253148078918455,10.253148078918455,10.092769320391346,10.120420321259711,135400,0.021810644131131932
2003-03-14,10.236559867858888,10.347164958806657,10.20890780400816,10.26974128966138,187000,-0.0016191753173646279
2003-03-17,10.5296630859375,10.546253265758756,10.181254542237047,10.181254542237047,335100,0.028230717233571245
2003-03-18,10.452238082885742,10.55178337826473,10.352692787506754,10.55178337826473,350600,-0.00738020390590389
2003-03-19,10.629210472106934,10.629210472106934,10.496483720202216,10.557317210382134,660500,0.01678978994947346
2003-03-20,10.60708713531494,10.65685978627959,10.490950598124694,10.640268551018645,925700,-0.002083540662722654
2003-03-21,10.837860107421877,10.837860107421877,10.609870315605583,10.671038670696484,158400,0.02152319408236312
2003-03-24,10.548699378967283,10.620989428315196,10.443046323188904,10.58762536126016,273700,-0.027042998751961332
2003-03-25,10.554261207580566,10.620990408473316,10.454167936553777,10.537579702825878,286800,0.0005271135980425812
2003-03-26,10.515336990356444,10.593186846119348,10.493094628977646,10.509776134855562,398400,-0.003694827128681468
2003-03-27,10.53757381439209,10.60430191737227,10.37075143569349,10.454162094730751,996500,0.0021124710507975735
2003-03-28,10.426363945007324,10.537578918003904,10.370756458509032,10.537578918003904,296500,-0.010609735047658556
2003-03-31,10.32627010345459,10.398560150043531,10.10384123053578,10.203934488505377,94500,-0.00964644945748818
2003-04-01,10.29290771484375,10.326271786061929,10.203936151178816,10.203936151178816,332800,-0.003236057035761469
2003-04-02,10.509769439697266,10.554255194740334,10.41523707765274,10.465283684654198,883700,0.02085016072971914
2003-04-03,10.43748378753662,10.554258533734044,10.387437164702185,10.554258533734044,335000,-0.006901710530903803
2003-04-04,10.481975555419922,10.487536412320011,10.3818822524683,10.4374897608442,333300,0.004253631438341805
2003-04-07,10.426363945007324,10.687717752737322,10.426363945007324,10.598746198589891,79800,-0.005319575143907299
2003-04-08,10.548699378967283,10.565381942807088,10.465288681017404,10.504213602685711,65200,0.011664977527500045
2003-04-09,10.465286254882812,10.676594438701796,10.4597254015587,10.593182699464432,250000,-0.007938861635649578
2003-04-10,10.498655319213867,10.520898743114396,10.431927168761936,10.520898743114396,357200,0.0031834750535543062
2003-04-11,10.52089500427246,10.609866547006838,10.504212442275596,10.593183985009972,124500,0.0021160960168207584
2003-04-14,10.704401016235352,10.704401016235352,10.548700255992507,10.548700255992507,437500,0.017291686689134424
2003-04-15,10.743321418762209,10.765564829701294,10.65434989625428,10.765564829701294,203400,0.003629331307003149
2003-04-16,10.43748378753662,10.643230071967624,10.415240372666029,10.604305156568484,1049300,-0.028880761252797076
2003-04-17,10.620988845825195,10.620988845825195,10.431924041841302,10.48197066999142,195900,0.017428586252931477
2003-04-21,10.543136596679688,10.64879069376517,10.526455096514445,10.637668986572091,49000,-0.007357034478837727
2003-04-22,10.732199668884276,10.732199668884276,10.498649158111316,10.50977086353484,305600,0.017773448732612374
2003-04-23,10.709961891174316,10.737765105979229,10.654354400939834,10.737765105979229,278400,-0.0020742111862712734
2003-04-24,10.63767147064209,10.676597454907713,10.537579264404354,10.676597454907713,38300,-0.006772712987406774
2003-04-25,10.476409912109377,10.620988943582166,10.465288203390426,10.620988943582166,102100,-0.0152755586534248
2003-04-28,10.62654972076416,10.687716997025106,10.470848981703227,10.476409836022318,349300,0.014229505680972837
2003-04-29,10.721087455749512,10.748890680550131,10.626555006552357,10.693283170323854,182700,0.008857032019027239
2003-04-30,10.632108688354492,10.698836807093237,10.626547835022208,10.665472747723864,73900,-0.008334048149579412
2003-05-01,10.620988845825195,10.626549700133486,10.45416639844996,10.604306282900318,64000,-0.0010464209770925145
2003-05-02,10.704401016235352,10.704401016235352,10.565382821219307,10.57650453137051,71600,0.0078228436928625
2003-05-05,10.63767147064209,10.715522378548712,10.615429111686357,10.709961523653623,74100,-0.006253353612766019
2003-05-06,10.693276405334473,10.732201319679914,10.637668930287685,10.637668930287685,411900,0.005213557406475931
2003-05-07,10.721087455749512,10.804498190776409,10.704404884494116,10.748890680550131,456100,0.002597421640099379
2003-05-08,10.671035766601562,10.732203044421114,10.648792348758423,10.648792348758423,132700,-0.004679458879410284
2003-05-09,10.80449104309082,10.837855102904657,10.676594596617504,10.76000527646426,90900,0.012428751630964036
2003-05-12,10.899024963378906,10.954632444642854,10.765567644720122,10.837856627926111,339300,0.008711447315911083
2003-05-13,10.848979949951172,10.910148294501974,10.815615880480118,10.899026584470077,252100,-0.004602270595424501
2003-05-14,10.76557445526123,10.915713370843264,10.76557445526123,10.915713370843264,135300,-0.007717569106560508
2003-05-15,10.848979949951172,10.865662514999022,10.776689895368468,10.860101659983073,176000,0.0077175691065605855
2003-05-16,10.78781032562256,10.887903582786118,10.74888540575329,10.815614597403837,882200,-0.005654238592474129
2003-05-19,10.68215274810791,10.732199360451268,10.643227840868448,10.726639568523495,69000,-0.009842441750220598
2003-05-20,10.748887062072754,10.798933698366328,10.6877187153529,10.704401280992318,284600,0.00622783870984073
2003-05-21,10.83230209350586,10.848984665805318,10.709966411851829,10.709966411851829,173000,0.007730384663254033
2003-05-22,10.976876258850098,11.010240327790475,10.782250578886076,10.782250578886076,233900,0.0132582971079609
2003-05-23,10.921268463134766,10.987997659763977,10.89902610467476,10.95463359176167,354600,-0.005078778677389675
2003-05-27,11.026922225952148,11.054725438284212,10.893464897634033,10.899025752225356,816000,0.009627634497250891
2003-05-28,11.093652725219728,11.110334230331157,11.015801812409183,11.076970159483604,258600,0.00603336051062026
2003-05-29,11.038043975830078,11.17150130464023,11.01580055738277,11.104772109922871,474500,-0.005025269157287206
2003-05-30,11.154821395874023,11.199307182732577,11.07697153402776,11.104774753080047,792600,0.010523967579870225
2003-06-02,11.132576942443848,11.254912568178256,11.127016087552562,11.23267020923774,338400,-0.0019961469238162703
2003-06-03,11.243788719177246,11.243788719177246,11.143696532051296,11.177060594426614,258800,0.00994019262342656
2003-06-04,11.327204704284668,11.366129635057582,11.22155056316903,11.27715806168383,192400,0.007391465968692273
2003-06-05,11.338319778442385,11.382805543247787,11.288273160458267,11.371684897514658,262400,0.0009807913385988434
2003-06-06,11.29940128326416,11.42729779712864,11.266037205870145,11.393933719734624,681600,-0.0034383791031612713
2003-06-09,11.27715015411377,11.338317405027064,11.238224190011035,11.332756553012386,269000,-0.0019711722950138608
2003-06-10,11.310519218444824,11.355004993654434,11.266033443235216,11.299397509486289,323100,0.002954628745107772
2003-06-11,11.393927574157717,11.405049280831935,11.321638602023912,11.36056351475937,164700,0.0073473475656546435
2003-06-12,11.432853698730469,11.45509711443663,11.288274678513735,11.45509711443663,58900,0.0034105695270596854
2003-06-13,11.32164192199707,11.443977549414411,11.299398502125934,11.399491770296777,43100,-0.009775005705798218
2003-06-16,11.549630165100098,11.549630165100098,11.371687071854613,11.427293493025454,116200,0.019937307747804833
2003-06-17,11.477340698242188,11.566312249342936,11.438415777213676,11.555191600923756,117700,-0.006278698554842662
2003-06-18,11.460657119750977,11.52182438716487,11.399488791712722,11.471777766156183,372300,-0.0014546676275359707
2003-06-19,11.332763671875,11.499586155235368,11.3216430214841,11.46066122730537,116700,-0.011222079496669455
2003-06-20,11.333879470825195,11.41208233611192,11.2947769727477,11.38415198034228,121100,9.845295080283963e-05
2003-06-23,11.272433280944824,11.305948641029053,11.194230418936923,11.305948641029053,108700,-0.005436210838846978
2003-06-24,11.39532470703125,11.423255064233228,11.26684826020471,11.26684826020471,366200,0.010842945312236143
2003-06-25,11.233339309692385,11.434432669172416,11.233339309692385,11.395331212202263,147900,-0.014317077152472218
2003-06-26,11.30594539642334,11.311531465739955,11.188641137075733,11.227742556858267,43600,0.006442647920747331
2003-06-27,11.244501113891602,11.372978593468224,11.210985759209574,11.33946217335228,85400,-0.005449509353491043
2003-06-30,11.261263847351074,11.317123504547991,11.222162406943534,11.255677775087948,40500,0.001489639351347099
2003-07-01,11.356225967407228,11.356225967407228,11.143960529468949,11.1774759006309,127500,0.008397278287620978
2003-07-02,11.428844451904297,11.434430525486318,11.317126176567664,11.317126176567664,114000,0.006374237958460981
2003-07-03,11.361811637878418,11.440014522965471,11.31153805019834,11.356225565310142,13800,-0.005882499131297183
2003-07-07,11.445595741271973,11.490283237431088,11.412080385511125,11.42325252590939,172000,0.007347128842074562
2003-07-08,11.456767082214355,11.456767082214355,11.367392096132734,11.40649351936421,67700,0.00097556238319014
2003-07-09,11.30594539642334,11.440007863720796,11.261257907324188,11.440007863720796,79600,-0.013251838337905691
2003-07-10,11.261263847351074,11.300365287758613,11.210990262417283,11.300365287758613,418300,-0.003959870002144059
2003-07-11,11.339468002319336,11.406499811574498,11.272437258498636,11.311538703299789,98600,0.006920525194657612
2003-07-14,11.311538696289062,11.462359467943854,11.29478047762704,11.400913731617576,90100,-0.002466055531753812
2003-07-15,11.372982025146484,11.40091131823656,11.311536301827234,11.372982025146486,247700,0.005417216424603258
2003-07-16,11.2556791305542,11.384155611774862,11.222163758373696,11.372984531337677,159100,-0.010367731835534933
2003-07-17,11.216572761535645,11.361807397808033,11.205400620568383,11.294775617438468,97800,-0.0034804174216228035
2003-07-18,11.31712245941162,11.339465680966386,11.21657529882957,11.278021022615102,148400,0.00892444530308622
2003-07-21,11.222158432006836,11.333877706829224,11.205400221153289,11.333877706829224,121800,-0.008426585549931103
2003-07-22,11.339468002319336,11.37298443966415,11.199819376352671,11.227749740806685,155900,0.010399128611153339
2003-07-23,11.289190292358398,11.372980289711348,11.233331714701864,11.372980289711348,110800,-0.004443727245436337
2003-07-24,11.210983276367188,11.367390005967868,11.210983276367188,11.350631799621254,133800,-0.006951709124061437
2003-07-25,11.300362586975098,11.31153472883121,11.143956862725863,11.18864436471623,58300,0.007940865092514654
2003-07-28,11.233339309692385,11.33947153134428,11.21658108580455,11.32830044752052,48900,-0.005948731836277748
2003-07-29,11.17188549041748,11.300361917853117,11.149541208028314,11.289189776658532,81200,-0.005485682373859614
2003-07-30,11.244501113891602,11.250087183910926,11.188642544566196,11.20539968919025,23200,0.006478820941115864
2003-07-31,11.244501113891602,11.42883716279363,11.227743969267546,11.317118958708898,72500,0.0
2003-08-01,11.132784843444824,11.199815564451354,11.088097340962438,11.149541990979406,123600,-0.009984874735305306
2003-08-04,11.177474975585938,11.227748560885455,11.03782636429491,11.12720139028642,142100,0.004006245761068731
2003-08-05,11.043411254882812,11.17188770781851,11.037825183176794,11.160715564406472,378200,-0.012066606703439927
2003-08-06,11.110444068908691,11.149545512752372,11.004311882885686,11.026655108467317,165300,0.006051589451815371
2003-08-07,11.205404281616213,11.222162498542376,11.116029255545374,11.116029255545374,45000,0.008510614015977705
2003-08-08,11.272433280944824,11.278019351864543,11.194230418936923,11.250088997265944,152000,0.0059640254828630225
2003-08-11,11.2556791305542,11.32829701328551,11.216577685437864,11.311538794478022,137900,-0.0014873996696608423
2003-08-12,11.345049858093262,11.367394141350784,11.250088785116938,11.283605210003218,28800,0.007908700060961721
2003-08-13,11.30594539642334,11.378563232105575,11.278016115274037,11.378563232105575,256200,-0.0034527843107895985
2003-08-14,11.367396354675291,11.412083864457289,11.29477848538313,11.328294916795333,160100,0.005420560355996224
2003-08-15,11.406494140625,11.406494140625,11.350634504923091,11.406494140625,9500,0.00343356567638731
2003-08-18,11.428844451904297,11.440016599068338,11.37298584695328,11.37298584695328,33200,0.0019575202115544774
2003-08-19,11.367396354675291,11.412083864457289,11.300364557285164,11.356224210871224,389700,-0.005391085887941752
2003-08-20,11.328290939331056,11.378564503363584,11.311532729508912,11.339462013778585,182700,-0.0034460691616862204
2003-08-21,11.367396354675291,11.406497792555252,11.311536701089231,11.333880988697366,436200,0.0034460691616860603
2003-08-22,11.26684856414795,11.406497157622548,11.25567642096577,11.406497157622548,106700,-0.008884630549504145
2003-08-25,11.333879470825195,11.333879470825195,11.250089468950412,11.250089468950412,278300,0.005931764951843724
2003-08-26,11.350641250610352,11.372985544343903,11.23892297824629,11.289195508277649,68800,0.0014778167933590294
2003-08-27,11.39532470703125,11.40649684991204,11.33946505806148,11.33946505806148,157500,0.00392891768003015
2003-08-28,11.428844451904297,11.462360893396422,11.333884397313728,11.423259443756873,37000,0.002937217012213048
2003-08-29,11.43442440032959,11.467940823867742,11.384150830456386,11.384150830456386,937500,0.00048811467617718515
2003-09-02,11.562902450561523,11.602003881140726,11.417667804528715,11.417667804528715,126000,0.011173419216839871
2003-09-03,11.59083080291748,11.629932230337404,11.546143305089858,11.607589014140586,327800,0.0024124287513396484
2003-09-04,11.646690368652344,11.674619655082024,11.59641680073173,11.641104298279611,292700,0.00480771360402332
2003-09-05,11.523799896240234,11.607589893267797,11.50704274918198,11.574073468283142,95700,-0.010607598140537003
2003-09-08,11.557315826416016,11.568486902165224,11.484697974159028,11.568486902165224,126600,0.0029041883534129936
2003-09-09,11.428844451904297,11.507048416617994,11.400915149428789,11.507048416617994,624800,-0.011178266461255968
2003-09-10,11.423259735107422,11.518220857554573,11.412087587658434,11.44001689084628,451000,-0.0004887704749071092
2003-09-11,11.484695434570312,11.551727201413078,11.479109365213931,11.479109365213931,94400,0.00536371284969488
2003-09-12,11.512627601623535,11.523798676668774,11.400908327699495,11.484697250425546,94400,0.0024291680161705547
2003-09-15,11.501456260681152,11.5237994777588,11.462354831719743,11.501456260681152,90600,-0.0009708265500935971
2003-09-16,11.507043838500977,11.529387058505138,11.423254898975571,11.507043838500977,59600,0.0004856968429563946
2003-09-17,11.562902450561523,11.590831739422647,11.507042807405202,11.551730308843444,259600,0.004842553209195875
2003-09-18,11.63551902770996,11.669034386816156,11.551730097227445,11.551730097227445,111200,0.006260496162896564
2003-09-19,11.608057022094728,11.641688088891264,11.56882184657712,11.619267377693571,86300,-0.0023629770509147018
2003-09-22,11.51276969909668,11.546399689489778,11.44550864923236,11.546399689489778,126700,-0.008242599941183345
2003-09-23,11.580028533935549,11.591238885983255,11.490347855709906,11.55200372289429,152200,0.005825108273581354
2003-09-24,11.47913646697998,11.59123783917715,11.445506482951997,11.59123783917715,271800,-0.008750768796378268
2003-09-25,11.467930793762209,11.546402213940215,11.467930793762203,11.467930793762203,170700,-0.0009766541389502046
2003-09-26,11.439906120300291,11.467930940600906,11.406276122123884,11.4286957645487,226800,-0.002446733626389178
2003-09-29,11.439906120300291,11.4791412963525,11.400670944248086,11.4791412963525,111200,0.0
2003-09-30,11.3894624710083,11.462328726359011,11.322202463538382,11.43430283234776,105000,-0.004419196368422536
2003-10-01,11.596842765808104,11.608052047524922,11.400665903212284,11.400665903212284,191100,0.018044302422412072
2003-10-02,11.596842765808104,11.6472882753064,11.585632415013398,11.585632415013398,222000,0.0
2003-10-03,11.686527252197266,11.770602772470692,11.65850136605396,11.764997595242033,707100,0.0077037756879813225
2003-10-06,11.72576141357422,11.748181051479223,11.664105538448691,11.697736598923424,209600,0.003351590155409737
2003-10-07,11.787423133850098,11.826658321448424,11.692137220077589,11.72016204862534,300900,0.005244875402083579
2003-10-08,11.753783226013184,11.80422873476208,11.731363593834718,11.793019453211787,134400,-0.002857961501214527
2003-10-09,11.77060604095459,11.893916766991554,11.753790504599236,11.882707478499858,267100,0.0014302448083324884
2003-10-10,11.764994621276855,11.798624607069565,11.73136463548415,11.759389445465075,522100,-0.00047684525792168894
2003-10-13,11.80983829498291,11.860283822461865,11.770603122294451,11.7762082996897,123900,0.003804372904909751
2003-10-14,11.871488571166992,11.8770937459153,11.776202738601262,11.82664824225828,247700,0.0052066690188141305
2003-10-15,11.854679107666016,11.882704995735892,11.793024292068916,11.854679107666016,632100,-0.001416955872601893
2003-10-16,11.871488571166992,11.8770937459153,11.770597563852952,11.787413088097882,107500,0.001416955872601786
2003-10-17,11.798624992370604,11.88830567013179,11.770600181474489,11.88830567013179,127000,-0.006156608311266054
2003-10-20,11.804234504699709,11.804234504699709,11.708948615940033,11.804234504699709,164000,0.00047532481692868426
2003-10-21,11.787423133850098,11.860288329521463,11.77060759527424,11.83226350097371,84700,-0.0014251964785827013
2003-10-22,11.731368064880373,11.79302394775566,11.675317359455407,11.74257841978102,274600,-0.004766841513233711
2003-10-23,11.731368064880373,11.753787705603385,11.658501827104432,11.658501827104432,289000,0.0
2003-10-24,11.720158576965332,11.725763754830291,11.5632168039815,11.725763754830291,289900,-0.0009559709216300121
2003-10-27,11.714550971984863,11.798626484383114,11.675315804137556,11.787417200053984,166600,-0.0004785726126268076
2003-10-28,11.843463897705078,11.849069073021443,11.71454807266224,11.71454807266224,907000,0.010944403694138412
2003-10-29,11.899518013000488,11.899518013000488,11.804232143302434,11.804232143302434,109300,0.004721750591372716
2003-10-30,11.882702827453612,11.938752455209146,11.815441777437602,11.938752455209146,63500,-0.001414097401731627
2003-10-31,11.905125617980955,11.949965973508856,11.882705974756208,11.93875561735728,222600,0.0018852327962473067
2003-11-03,12.011621475219728,12.034041117720191,11.96117594324572,11.96117594324572,96700,0.008905605822569981
2003-11-04,11.938753128051758,12.000409004951385,11.938753128051758,11.99480382804431,36700,-0.006084963030003745
2003-11-05,11.921936988830566,11.96117215258098,11.84907076837006,11.96117215258098,33100,-0.0014095268764617462
2003-11-06,11.994811058044434,12.017231779187057,11.877105479282145,11.89952513134594,47900,0.006093996942786961
2003-11-07,11.994811058044434,12.05086179182216,11.966786225694982,12.017231779187057,71500,0.0
2003-11-10,11.96117877960205,12.01162432353822,11.921943594113612,11.966783958825916,53800,-0.002807840608267945
2003-11-11,11.972386360168455,11.983595646936742,11.933151183783524,11.977991538091787,181900,0.0009365576185721641
2003-11-12,12.062066078186035,12.06767125564904,11.949964667082536,11.994805017708275,345300,0.007462631773481071
2003-11-13,11.921936988830566,11.96117215258098,11.865886296725106,11.96117215258098,66100,-0.011685345726572208
2003-11-14,11.854679107666016,11.966780521788897,11.80423357821855,11.944359811332992,250800,-0.00565749644832256
2003-11-17,11.86588191986084,11.888301546986472,11.759385751050582,11.781806447253851,492100,0.000944565604056058
2003-11-18,11.821046829223633,11.899517162515394,11.78741683910975,11.893911985983395,89100,-0.0037856443658716636
2003-11-19,11.882702827453612,11.9051224647402,11.79862624766407,11.82104695402878,45600,0.0052022264977864266
2003-11-20,11.798624992370604,11.92193672610074,11.793020885453789,11.882701563214972,320500,-0.0071008001746349966
2003-11-21,11.826648712158203,11.871489042848523,11.7874135564389,11.79862283730312,76900,0.0023723520227812247
2003-11-24,11.989201545715332,12.00041190223602,11.877101187743785,11.90512600996706,140900,0.013651022836049553
2003-11-25,12.017220497131348,12.039640128147056,11.9443542909052,11.99479979703782,108200,0.002334289057213456
2003-11-26,12.000411033630373,12.07327727666224,11.938755146307768,12.07327727666224,79200,-0.0013997605237679055
2003-11-28,12.045248985290527,12.05085416202736,11.994803463737185,12.017224170684514,17600,0.003729405106266577
2003-12-01,12.022831916809082,12.04525155946954,11.944360494801524,12.000411205070243,79000,-0.0018628053524483977
2003-12-02,11.91633129119873,12.022827494630535,11.910726115325687,12.022827494630535,304500,-0.008897665077772225
2003-12-03,11.921936988830566,12.006012492449742,11.916331812712215,11.955566976462633,323500,0.0004703108186647449
2003-12-04,11.972386360168455,11.97238636016846,11.882705651551932,11.933151183783524,103500,0.00422271395309122
2003-12-05,11.933150291442873,12.00041028333649,11.899519226417764,11.949964754877128,359600,-0.003282595536717981
2003-12-08,11.96117877960205,12.017229502762085,11.893917697994285,11.97238913804978,109600,0.002346037918145854
2003-12-09,11.91633129119873,11.994801615265333,11.90512093945265,11.93875092561291,341100,-0.003756467153183578
2003-12-10,11.927542686462402,11.966777851928311,11.871491991906211,11.93314786282583,183900,0.0009404005490392562
2003-12-11,11.921936988830566,11.989196964094694,11.921936988830566,11.966777328699328,85300,-0.0004700897303746581
2003-12-12,12.000411033630373,12.011621389339636,11.882705505918162,11.983595500066471,114000,0.006560754505289554
2003-12-15,11.921936988830566,12.078877643832216,11.91072663659387,12.078877643832216,277300,-0.006560754505289431
2003-12-16,12.039645195007324,12.056460727154256,11.921939677213636,11.944359317664604,86900,0.009824823094619359
2003-12-17,12.028430938720703,12.084481625285022,12.01722165667018,12.045246465413376,397600,-0.0009318781472891583
2003-12-18,12.090089797973633,12.112510505788606,12.045249451421874,12.106905328834864,458700,0.005112999611689998
2003-12-19,12.045629501342772,12.124433416454712,12.006228080590905,12.118804488688989,62900,-0.003684194895446186
2003-12-22,12.113171577453612,12.113171577453612,12.045625540085934,12.045625540085934,134400,0.005591523508676151
2003-12-23,12.118796348571776,12.152568818873174,12.062508182331133,12.068137106315945,259900,0.000464243864663089
2003-12-24,12.079390525817873,12.118792982768143,12.062504832160643,12.118792982768143,52600,-0.0032569264624480528
2003-12-26,12.090652465820312,12.113168163132352,12.045622144803772,12.045622144803772,29800,0.0009318924936416277
2003-12-29,12.169458389282228,12.1919730167914,12.073768806750865,12.135684837606885,319700,0.006496771685783529
2003-12-30,12.1863431930542,12.225744593496112,12.15819964234073,12.180714268189975,479000,0.0013865120735081812
2003-12-31,12.259517669677734,12.259517669677734,12.191971647520807,12.23700197108956,256000,0.005986673620017476
2004-01-02,12.113171577453612,12.315807542340968,12.090655873795107,12.242633652666504,356900,-0.01200916727516575
2004-01-05,12.191970825195312,12.214486522264846,12.079394487062698,12.214486522264846,235700,0.00648418532397048
2004-01-06,12.220114707946776,12.23700148121189,12.158198686523148,12.191971159445815,140300,0.002305734606898786
2004-01-07,12.169458389282228,12.197601942070625,12.10191235953926,12.158200538723776,550600,-0.004153938349228981
2004-01-08,12.152565002441406,12.253883455134693,12.101905776094764,12.253883455134693,728900,-0.0013891434347683325
2004-01-09,12.062511444091797,12.163829956000471,12.039995742064196,12.146943179479774,741400,-0.007437843420097132
2004-01-12,12.118796348571776,12.118796348571776,12.034363562407073,12.045621410376697,599900,0.004655249137888293
2004-01-13,12.101913452148438,12.135685933265174,12.01185278676526,12.135685933265174,458800,-0.0013940878939175474
2004-01-14,12.146940231323242,12.180712702560038,12.107538835945729,12.12442560836788,391900,0.0037137286168241893
2004-01-15,12.15819263458252,12.163821556202334,12.05124527102007,12.152563712962705,288600,0.0009259282082751906
2004-01-16,12.152565002441406,12.18633746213679,12.10753469831185,12.18633746213679,118800,-0.00046297464897299535
2004-01-20,12.113171577453612,12.15257298524816,12.062512317829816,12.15257298524816,114400,-0.003246838146871898
2004-01-21,12.163827896118164,12.186342520725264,12.09065295052803,12.130054348796142,210100,0.004173200418544228
2004-01-22,12.12442684173584,12.191971791080505,12.107540067595869,12.191971791080505,128700,-0.003244456167847273
2004-01-23,12.22574234008789,12.237000187741325,12.130052782248578,12.1694552490356,208600,0.008321591711360772
2004-01-26,12.343951225280762,12.349580150763716,12.225745937354214,12.248261639286037,449000,0.009622407130483816
2004-01-27,12.282036781311035,12.360839607941278,12.282036781311035,12.35521175484597,224500,-0.005028393127669618
2004-01-28,12.15819263458252,12.338313831988524,12.141305869723071,12.304541375876653,402100,-0.010134537169026904
2004-01-29,12.32706069946289,12.349576394546396,12.186340826013298,12.214485444867677,833100,0.013793669197203352
2004-01-30,12.259517669677734,12.315804768932972,12.231373046442515,12.315804768932972,155000,-0.005494314717882718
2004-02-02,12.310178756713867,12.360836938889076,12.25389057544304,12.2595195009309,104100,0.004123873405151124
2004-02-03,12.37209415435791,12.388980929954078,12.259518871206575,12.259518871206575,227300,0.00501700372054847
2004-02-04,12.44526481628418,12.484666205479014,12.349575268122155,12.37208988754463,378700,0.005896749451445231
2004-02-05,12.52407169342041,12.546587393818925,12.43963996414136,12.490299216430328,494500,0.0063123134072120635
2004-02-06,12.619758605957031,12.63101645377716,12.495925500758,12.574728288283978,480900,0.0076112011040866305
2004-02-09,12.63664722442627,12.664790774482071,12.580359050707049,12.60850260076285,405400,0.0013373732667949511
2004-02-10,12.68730354309082,12.692931392916051,12.59724184177659,12.59724184177659,289600,0.004000670092432663
2004-02-11,12.670418739318848,12.7210779844675,12.608501645557707,12.653531966400118,362300,-0.0013317289367997362
2004-02-12,12.692933082580566,12.721077703490137,12.647902762732764,12.692933082580566,225100,0.0017753449412600205
2004-02-13,12.614130973815918,12.715449467357825,12.569100651531468,12.664790220586871,484800,-0.0062276970002263544
2004-02-17,12.72670555114746,12.743591248657369,12.670417387697126,12.721076627441684,207300,0.008884893581573516
2004-02-18,12.70982265472412,12.737966208225371,12.664792324957473,12.715451580145922,492700,-0.001327453083679904
2004-02-19,12.771734237670898,12.861794858257843,12.74921854572052,12.794248856013994,341000,0.004859334540301013
2004-02-20,12.873059272766112,12.895573902597391,12.782997532617498,12.822400013635944,526200,0.00790223265599307
2004-02-23,12.946231842041016,12.957489692612992,12.86180010996664,12.87868581221688,809000,0.0056680692626880766
2004-02-24,12.86742877960205,12.94060265965063,12.805511676294078,12.94060265965063,750000,-0.006105550730980921
2004-02-25,12.90682315826416,12.929337773100515,12.856163932873462,12.889936391931556,744700,0.0030568809084253125
2004-02-26,12.90682315826416,12.934966695211386,12.856163932873462,12.90682315826416,269700,0.0
2004-02-27,12.957484245300291,13.008143477969371,12.889938243872429,12.934968553621914,341000,0.003917456673762771
2004-03-01,13.103837966918944,13.103837966918944,12.96874698667537,13.013777313423228,345600,0.011231606666369182
2004-03-02,12.974373817443848,13.081321237659548,12.94623026804331,13.06443446385467,830100,-0.009928994683003015
2004-03-03,13.041915893554688,13.047544816453426,12.929339582794473,12.974369892377103,262500,0.0051923028691366795
2004-03-04,13.01378059387207,13.047553079044244,12.96875025577319,13.047553079044244,134200,-0.002159628366214236
2004-03-05,13.019403457641602,13.120721947940432,12.946229588874411,12.9912599097175,426100,0.0004319766530165119
2004-03-08,13.01378059387207,13.086954490679773,13.01378059387207,13.036295226117538,233500,-0.000431976653016556
2004-03-09,13.01378059387207,13.047553079044244,12.929347770529716,13.002522740945365,278700,0.0
2004-03-10,12.980002403259276,13.115093369349555,12.957487779048012,13.05880627201761,730500,-0.0025989452654479345
2004-03-11,12.73233413696289,12.93497001695616,12.704189519180913,12.878681854999598,886700,-0.019265143480601092
2004-03-12,12.73233413696289,12.749219834024684,12.642272433667957,12.726705213406497,280200,0.0
2004-03-15,12.608502388000488,12.749222283120153,12.585987763057291,12.749222283120153,359400,-0.009773373860611277
2004-03-16,12.631014823913574,12.698559754903654,12.53532527700486,12.659158366224888,600900,0.0017839043191045308
2004-03-17,12.782999038696287,12.811143671311148,12.653536949491812,12.670423729060728,158500,0.01196080457938715
2004-03-18,12.77736473083496,12.85616751513058,12.692931949252603,12.721076567649195,389000,-0.000440862892514995
2004-03-19,12.750250816345217,12.812392393256935,12.710706568310462,12.806743061037697,179600,-0.0021242818104775067
2004-03-22,12.58077335357666,12.65421250688344,12.541229111219176,12.65421250688344,355300,-0.013381219051254757
2004-03-23,12.558175086975098,12.648562227733825,12.541228171520157,12.637264643263768,277900,-0.001797869369285518
2004-03-24,12.59207534790039,12.642917189025756,12.5186350976636,12.569478016289048,176600,0.00269582058785243
2004-03-25,12.76719856262207,12.784145481447505,12.648564743344426,12.69375832271212,308900,0.013811594070715303
2004-03-26,12.693756103515623,12.784143246449,12.693756103515623,12.772845661707132,101000,-0.005769042344335169
2004-03-29,12.846288681030272,12.897131598933434,12.755901510869116,12.784147097481956,212300,0.011944723853387768
2004-03-30,12.925374984741213,12.931024316601878,12.834987829970284,12.880181407355748,190900,0.006137481304491093
2004-03-31,12.925374984741213,12.94797231218388,12.818040911888158,12.89712940293775,305100,0.0
2004-04-01,12.87453842163086,12.919732017510857,12.84064241659562,12.8971346808207,360900,-0.003940837172701725
2004-04-02,12.8914794921875,13.01576263254152,12.863233911652404,13.010113300934536,772900,0.0013149934968239817
2004-04-05,12.936670303344728,12.964916955344146,12.868880493545316,12.868880493545316,148600,0.003499349169809173
2004-04-06,12.998812675476074,13.021408920993156,12.931021783925498,12.96491776845062,70200,0.0047920828081075345
2004-04-07,12.96491813659668,13.015761037328408,12.92537282019446,13.015761037328408,87100,-0.0026109158486746155
2004-04-08,12.897128105163574,13.010112576008105,12.812390290780062,13.010112576008105,588400,-0.00524244571034986
2004-04-12,12.947970390319824,12.953619721341964,12.891478157598154,12.897127488620292,264100,0.0039343901706727444
2004-04-13,12.818036079406738,12.970563672141378,12.789789430752563,12.970563672141378,132900,-0.010085801422928092
2004-04-14,12.908427238464355,12.908427238464355,12.76719718350851,12.818040089492598,534600,0.00702712455293083
2004-04-15,12.947970390319824,12.9762159679308,12.874531242031455,12.936671728275549,761800,0.0030586768699973274
2004-04-16,13.03835678100586,13.066602356990629,12.970565890142897,13.015760535717977,415700,0.00695648558514829
2004-04-19,13.07790470123291,13.106151362671834,12.99316687191606,12.99316687191606,188600,0.003028607328293025
2004-04-20,12.976216316223145,13.128745025415736,12.976216316223145,13.128745025415736,720100,-0.007805974439998565
2004-04-21,13.004461288452148,13.044005524049156,12.891476834603893,12.936670400643273,655500,0.002174306905030204
2004-04-22,13.134395599365234,13.134395599365233,12.942322631282057,13.015762865990247,282900,0.009941932940416823
2004-04-23,13.145692825317385,13.168289072179908,13.03835768959613,13.04965635177726,300600,0.0008597556039749446
2004-04-26,13.117444038391112,13.190884253135302,13.072250474509904,13.162637602272325,142800,-0.002151212779099224
2004-04-27,13.151345252990724,13.213485754618912,13.117449258466271,13.14569592056998,323600,0.002581103608899664
2004-04-28,12.998812675476074,13.145692042585932,12.998812675476074,13.140042711831748,476600,-0.011666033364313776
2004-04-29,13.066604614257812,13.11744752181328,12.998814789183756,13.066604614257814,152900,0.005201688573421029
2004-04-30,13.0948486328125,13.213481341526686,13.08354997174459,13.145691530118471,589100,0.0021592095256473447
2004-05-03,13.17393970489502,13.196537031489958,13.106149880109877,13.16264104159755,1041000,0.006021694648246542
2004-05-04,13.117444038391112,13.207831166153532,13.049654231319076,13.207831166153532,799500,-0.00429766299190073
2004-05-05,13.140052795410156,13.1457021304996,13.07791118692676,13.117455455052378,754600,0.001722080573746488
2004-05-06,13.083555221557615,13.140047472065216,12.998817384546244,13.140047472065216,425000,-0.004308915937935205
2004-05-07,12.95926284790039,13.094843495021069,12.914069298860165,13.049649945980844,374000,-0.009545304739570258
2004-05-10,12.897128105163574,12.95362034058584,12.834986538449106,12.851934532325718,661800,-0.004806151210679548
2004-05-11,12.87453842163086,12.942328276700698,12.789799486543082,12.936678942528156,443400,-0.0017530639157160009
2004-05-12,12.806740760803224,12.846285001735383,12.64856271957482,12.846285001735383,1116500,-0.005279940913374406
2004-05-13,12.784139633178713,12.84628118044431,12.727648492936636,12.823684939847366,862900,-0.0017663427871795047
2004-05-14,12.834991455078123,12.88018504522804,12.722008018453426,12.767201608603342,983700,0.003969837111800175
2004-05-17,12.750250816345217,12.81804172547618,12.688109239433492,12.72765456496819,412400,-0.006624205290115473
2004-05-18,12.823686599731444,12.863230834019232,12.79543994845476,12.823686599731444,554900,0.005743033153810166
2004-05-19,12.755902290344238,12.902781720206498,12.73330603517319,12.880184387535325,660200,-0.00529988721425059
2004-05-20,12.801097869873049,12.823695206060078,12.716360014172269,12.744605606905765,1020900,0.003536849110555182
2004-05-21,12.806740760803224,12.891478573872106,12.784143435984983,12.846285001735383,142600,0.00044071591538004205
2004-05-24,12.755902290344238,12.863237465532068,12.710708702502014,12.823693210857638,578500,-0.003977565025935158
2004-05-25,12.908427238464355,12.919725901460778,12.682459366034962,12.755898520512089,418000,0.01188628315570112
2004-05-26,12.919726371765137,12.925374625969148,12.851935468818688,12.891479713245849,92600,0.0008749470978155956
2004-05-27,13.07224941253662,13.077898742250271,12.964915380475654,13.02705585232688,762500,0.011736298367804404
2004-05-28,13.021410942077637,13.077903180888136,12.998814693053337,13.077903180888136,521400,-0.003896619645858288
2004-06-01,13.021410942077637,13.032709605339702,12.936673122611806,13.021410942077637,158200,0.0
2004-06-02,13.12874698638916,13.14569498244191,13.027061165072478,13.07790407573082,101000,0.008209254215778648
2004-06-03,13.100497245788574,13.207831287555804,13.100497245788574,13.111794828738054,1102300,-0.0021540652314453257
2004-06-04,13.123098373413086,13.196538616165702,13.089203456950322,13.173941286857216,206200,0.0017237249650122644
2004-06-07,13.236080169677734,13.247378832031217,13.123095701142386,13.168289273056576,770700,0.00857253483699803
2004-06-08,13.298216819763184,13.309514400441047,13.19088172207836,13.236075277287862,678500,0.004683505554484057
2004-06-09,13.247381210327148,13.309521709427871,13.230433213754257,13.29257479035492,538100,-0.0038300641426386333
2004-06-10,13.247381210327148,13.2643281294001,13.19088896591745,13.2643281294001,146300,0.0
2004-06-14,13.179593086242676,13.21913734243476,13.13439949666598,13.21913734243476,283700,-0.005130233374554229
2004-06-15,13.241732597351074,13.275627514837897,13.190889682370845,13.275627514837897,319300,0.00470374775463473
2004-06-16,13.224786758422852,13.247384092102427,13.190891835403662,13.241734758682531,318500,-0.0012805492869000137
2004-06-17,13.17393970489502,13.230431943882529,13.16264104159755,13.230431943882529,161300,-0.0038522401054675165
2004-06-18,13.172237396240234,13.211929717207031,13.098523240378276,13.098523240378276,518500,-0.00012922623655188932
2004-06-21,13.155224800109863,13.23460942865028,13.115531404305203,13.115531404305203,211500,-0.00129238423144944
2004-06-22,13.16089916229248,13.194922085800927,13.07017352933967,13.143888782073114,148800,0.0004312460511785557
2004-06-23,13.177910804748535,13.200592754065193,13.064504302769866,13.172240317419371,308500,0.0012917550066122744
2004-06-24,13.126880645751951,13.421739568312638,13.092858795159607,13.132551134439868,200900,-0.0038799184634433813
2004-06-25,13.002127647399902,13.14388656011637,12.990786674814265,13.115534128652271,393800,-0.00954907625397078
2004-06-28,13.002127647399902,13.109864723894123,12.968105811177658,12.968105811177658,695900,0.0
2004-06-29,13.013470649719238,13.058833465602438,13.002129675364728,13.019140055361651,706700,0.0008720155430269022
2004-06-30,13.092851638793944,13.104192609970958,13.002126032446922,13.002126032446922,314700,0.006081380046111499
2004-07-01,12.96243953704834,13.126879366836372,12.922747201635197,13.12120887870092,539900,-0.010010495750260553
2004-07-02,12.96243953704834,13.036153719739175,12.922747201635197,12.922747201635197,165100,0.0
2004-07-06,12.968107223510742,13.013470037259006,12.922744409762478,12.951095762779596,705100,0.00043714362099590175
2004-07-07,12.979443550109863,13.013466462225448,12.951092204881368,12.962433175586565,294000,0.0008737878514473238
2004-07-08,12.96243953704834,13.036153719739175,12.917076713499744,12.917076713499744,158000,-0.0013109314724432046
2004-07-09,12.9964599609375,13.01347142348074,12.962438117385922,12.973778010879844,339000,0.0026211005877938742
2004-07-12,13.013470649719238,13.036151516893415,12.934084910772508,12.985118213832962,354500,0.0013080151163549676
2004-07-13,13.03048038482666,13.053162332413132,12.973776597395268,13.030480384826658,451900,0.0013062332595714717
2004-07-14,13.024807929992676,13.09852316697618,12.945423288503942,12.96243474662351,970900,-0.00043541678411415473
2004-07-15,12.93975830078125,13.064506883596568,12.894395474721614,13.064506883596568,246900,-0.006551230830487405
2004-07-16,12.934088706970217,13.098529638770046,12.928418218128652,13.03615534304802,601600,-0.00043824900874445935
2004-07-19,12.93975830078125,13.007803080638247,12.911406940069634,12.945428789230592,166600,0.0004382490087445331
2004-07-20,12.945423126220703,13.053160196558128,12.894389834036376,12.894389834036376,187900,0.0004376886865454327
2004-07-21,12.769644737243652,12.996458810060584,12.769644737243652,12.996458810060584,1546900,-0.013671449577753552
2004-07-22,12.72994899749756,12.769641314409355,12.650563282139442,12.68458619509343,1137800,-0.0031134434709045662
2004-07-23,12.542831420898438,12.71294171538697,12.491798116244905,12.71294171538697,301400,-0.014808105222325611
2004-07-26,12.497467041015623,12.58819266427055,12.446433742742888,12.58819266427055,128100,-0.0036233138021064034
2004-07-27,12.627882957458496,12.633553443191404,12.503134434403638,12.559838210198158,299800,0.010381315102938667
2004-07-28,12.59386157989502,12.644894876184246,12.43509228613716,12.58252168857996,437800,-0.0026977831091064605
2004-07-29,12.446430206298828,12.616540431184168,12.406736811060112,12.616540431184168,720400,-0.011775667671817515
2004-07-30,12.446430206298828,12.463440579866704,12.378385467424032,12.406736811060112,416900,0.0
2004-08-02,12.571181297302246,12.610873622577971,12.39540053613772,12.39540053613772,551400,0.009973144318743419
2004-08-03,12.520149230957031,12.5598415601395,12.48045690177456,12.54283117993836,112000,-0.004067710690238916
2004-08-04,12.548505783081056,12.599539107891546,12.42942874621344,12.42942874621344,129700,0.0022623123739467384
2004-08-05,12.401074409484863,12.593865601826405,12.378392456541714,12.593865601826405,238200,-0.011818482596728864
2004-08-06,12.247967720031738,12.355704774051556,12.247967720031737,12.327352348501892,580700,-0.012423091961479322
2004-08-09,12.2933349609375,12.31601582803734,12.264982525144152,12.2933349609375,310500,0.0036972195954075387
2004-08-10,12.389731407165527,12.395401894474132,12.287664798680382,12.287664798680382,231000,0.007810774793626209
2004-08-11,12.486130714416504,12.49747169192758,12.333030762622412,12.361382124864958,201400,0.007750468252015306
2004-08-12,12.457775115966797,12.55984172464995,12.457775115966797,12.554171237330344,229300,-0.002273550169469657
2004-08-13,12.514473915100098,12.537155855329775,12.452099661002912,12.520144400157518,1228200,0.004540952358062671
2004-08-16,12.59386157989502,12.59386157989502,12.480455096001506,12.542829365140491,707300,0.0063236313979324
2004-08-17,12.605199813842772,12.67324455462164,12.565507499027794,12.67324455462164,245100,0.0008998934155316885
2004-08-18,12.690258026123049,12.690258026123043,12.605202890539925,12.650565701619904,414600,0.006725202082128809
2004-08-19,12.627882957458496,12.712938080382994,12.588190638862702,12.712938080382994,154800,-0.004927312388554021
2004-08-20,12.68458652496338,12.68458652496338,12.599530321900996,12.644893125484812,64600,0.004480294772923513
2004-08-23,12.639229774475098,12.70160298331511,12.588196460810954,12.695932494959644,98100,-0.0035821456333881463
2004-08-24,12.644903182983398,12.690266022647892,12.627892794068844,12.63923377436882,44900,0.0004487722488299054
2004-08-25,12.718608856201172,12.729949827925656,12.576849954248924,12.582520440111166,109600,0.005811961732941086
2004-08-26,12.741292953491213,12.741292953491213,12.667578781633145,12.667578781633145,60300,0.0017819474294968342
2004-08-27,12.718608856201172,12.752630689840029,12.70159739861445,12.735619232253304,96000,-0.0017819474294968238
2004-08-30,12.656241416931152,12.735626098734016,12.656241416931152,12.729956691349674,57000,-0.004915699141976753
2004-08-31,12.66757869720459,12.7016005392558,12.588194038573477,12.605204418831653,141000,0.0008953847389357601
2004-09-01,12.66757869720459,12.71294151378449,12.599533931567308,12.6562377226759,315000,0.0
2004-09-02,12.815009117126465,12.820679604831374,12.68459114451837,12.729953964622704,164600,0.011571200380449917
2004-09-03,12.871709823608398,12.917072632826288,12.854698364576183,12.860368850920256,70500,0.0044147949534607675
2004-09-07,12.871709823608398,12.92274311917036,12.815006041702368,12.92274311917036,119700,0.0
2004-09-08,12.735623359680176,12.837689975209605,12.71861297811523,12.78665666744489,181600,-0.010628810435719066
2004-09-09,12.68458652496338,12.741289218292236,12.644893125484812,12.712937871627808,400600,-0.0040154588435335975
2004-09-10,12.695929527282717,12.718611475402676,12.593862923812525,12.616544871932485,208000,0.0008938354957940889
2004-09-13,12.707268714904783,12.7469610369998,12.673246879042583,12.673246879042583,487200,0.0008927370693292151
2004-09-14,12.712939262390137,12.741290612156128,12.661905967583618,12.729950721170532,273400,0.0004461448611652574
2004-09-15,12.588193893432615,12.673249038347397,12.554170970238829,12.673249038347397,279100,-0.00986093223730019
2004-09-16,12.520149230957031,12.605204376567304,12.497468363510556,12.59386340207664,641400,-0.005420097114331426
2004-09-17,12.578805923461914,12.630055106108587,12.52755674081524,12.567416974849335,150500,0.004674043117077205
2004-09-20,12.368111610412598,12.430749725930635,12.328251386395536,12.413666307304906,736100,-0.016891812191361554
2004-09-21,12.322558403015137,12.36811310541389,12.294087121307085,12.33394735014227,525100,-0.003689916803264616
2004-09-22,12.225744247436523,12.328242513198964,12.19727298966201,12.328242513198964,493200,-0.007887686485093425
2004-09-23,12.271302223205566,12.311163515399691,12.22574754680715,12.271302223205566,2347300,0.003719471108172008
2004-09-24,12.259920120239258,12.288391399054191,12.231447755314656,12.282696926069272,428300,-0.0009279687431585206
2004-09-27,12.208664894104004,12.271301893651442,12.19158148362245,12.22005274831591,621300,-0.0041894781470471106
2004-09-28,12.271302223205566,12.276996693519012,12.191581811035627,12.271302223205566,735500,0.005117446890205643
2004-09-29,12.305472373962402,12.31686023156078,12.163113835942882,12.26561215709445,928100,0.0027806881362197697
2004-09-30,12.333939552307127,12.351022962197254,12.299773818635968,12.305468288599345,715300,0.0023107037697381043
2004-10-01,12.459219932556152,12.493386766868865,12.333944798404872,12.333944798404872,582500,0.010106130007712039
2004-10-04,12.430741310119627,12.527545111241764,12.419352372079636,12.499073852250689,396200,-0.0022883631345560064
2004-10-05,12.430741310119627,12.476295976170698,12.402270051128554,12.425046841099633,736200,0.0
2004-10-06,12.487690925598145,12.487690925598145,12.40227602139855,12.40227602139855,698400,0.004570890663905728
2004-10-07,12.390891075134276,12.52755518316288,12.38519660153603,12.521860709564631,498100,-0.007781821242932738
2004-10-08,12.305472373962402,12.402276223260056,12.277000014692828,12.356721534538186,219400,-0.006917540063867161
2004-10-11,12.29977798461914,12.316860314186028,12.27700009705068,12.27700009705068,173900,-0.00046285970367610033
2004-10-12,12.265609741210938,12.288386538030938,12.231442916817082,12.2428318582817,257700,-0.0027818217912034837
2004-10-13,12.214361190795898,12.311165025782456,12.191583306747631,12.254221401771078,597300,-0.004186984161584387
2004-10-14,12.168806076049805,12.259915436784176,12.168806076049805,12.2314430827364,697500,-0.0037366079026415846
2004-10-15,12.248529434204102,12.31686092809642,12.214363687257944,12.214363687257944,2318500,0.006530085268121035
2004-10-18,12.294078826904297,12.305467766347691,12.20866395329691,12.22005180663126,1275800,0.0037118666861896393
2004-10-19,12.220054626464844,12.328247403925005,12.220054626464844,12.305470605891404,202700,-0.00603932629912173
2004-10-20,12.254222869873049,12.254222869873049,12.168807966677598,12.197279239039606,353700,0.0027921776740508337
2004-10-21,12.254222869873049,12.299777557317912,12.185890295651037,12.214362654122464,356100,0.0
2004-10-22,12.174501419067385,12.3453323125051,12.174501419067385,12.333943369054031,382300,-0.006526884734148467
2004-10-25,12.106168746948242,12.237138325502206,12.072003006044886,12.237138325502206,486300,-0.005628580434997159
2004-10-26,12.23713493347168,12.265607281423284,12.060610720607825,12.071999659788466,893800,0.010760039132631046
2004-10-27,12.368111610412598,12.3681116104126,12.151727071701552,12.168810490327283,405800,0.01064634031034665
2004-10-28,12.425054550170898,12.47060924448618,12.305473884884382,12.305473884884382,492500,0.004593446396715355
2004-10-29,12.413662910461426,12.464912066205288,12.379497168668635,12.425051853095471,714100,-0.0009172486885620881
2004-11-01,12.3851900100708,12.436439159070174,12.356718743341906,12.419355747367314,202900,-0.0022963088650441417
2004-11-02,12.464917182922363,12.55602658917549,12.385196723978328,12.402280144941962,1323100,0.006416668208869632
2004-11-03,12.56171417236328,12.590186525018089,12.510465023693826,12.584492054487129,366600,0.007735557434902339
2004-11-04,12.897685050964355,12.897685050964354,12.55602429683684,12.55602429683684,234800,0.02639421143129294
2004-11-05,12.954627990722656,12.99448821076274,12.897684353761308,12.97740587995101,751500,0.004405256253397087
2004-11-08,12.931846618652344,12.966013443292969,12.88629193857409,12.92615323398815,1681800,-0.001760098916161722
2004-11-09,12.926155090332031,12.96601530536123,12.874905932120372,12.948931890587543,132900,-0.0004402140951400957
2004-11-10,12.943239212036133,13.017266266867743,12.909073463865148,12.926156881005417,345800,0.0013207981592482702
2004-11-11,13.040040969848633,13.040040969848633,12.926154798919756,12.94323712719893,568300,0.007451115101465383
2004-11-12,13.079896926879885,13.091285866098838,12.988787585346286,13.04573119533204,274100,0.003051767436914706
2004-11-15,13.119760513305664,13.13114836841125,13.045733481518685,13.079899219053868,607700,0.0030430640002814227
2004-11-16,13.03435230255127,13.068519146542783,12.99449207067103,12.99449207067103,258100,-0.006531172741723755
2004-11-17,13.045740127563477,13.119767197062938,13.01157437262283,13.062823548088684,469800,0.0008732964245784071
2004-11-18,13.040040969848633,13.091290126904909,13.011569698643758,13.011569698643758,577400,-0.0004369551200509566
2004-11-19,12.897685050964355,13.011572331043393,12.874908246614304,13.011572331043393,1000400,-0.010976856502808868
2004-11-22,12.983099937438965,12.988794410040486,12.863519271135807,12.869213743737328,248100,0.006600665059516937
2004-11-23,12.954627990722656,12.960322463029746,12.863518606028316,12.954627990722656,459700,-0.002195408806119699
2004-11-24,12.948932647705078,12.988792865064884,12.914766902269454,12.95462711962926,186600,-0.00043973438160489916
2004-11-26,12.948932647705078,12.988792865064884,12.920461374193636,12.920461374193636,73500,0.0
2004-11-29,12.817965507507324,12.914769376545651,12.783799755526053,12.914769376545651,442300,-0.010165621585551163
2004-11-30,12.721162796020508,12.829355620934065,12.715468322487189,12.829355620934065,557300,-0.007580773621175132
2004-12-01,12.89198875427246,12.920461113318488,12.726853416243278,12.726853416243278,626400,0.013339123134637138
2004-12-02,13.01156997680664,13.03434677703559,12.83504570212203,12.846433559181806,2301600,0.009232868213828483
2004-12-03,12.988789558410645,13.079898913784223,12.95462382167285,12.988789558410645,5691900,-0.0017523160934979677
2004-12-06,12.903374671936035,13.011567438719895,12.880597876150016,13.011567438719895,152500,-0.00659776413902658
2004-12-07,12.86921501159668,12.948935463652743,12.835049258731178,12.846437118946543,346100,-0.0026508535434121732
2004-12-08,12.874907493591309,12.90337876889105,12.795185967754866,12.817963856882288,204300,0.00044223547229138956
2004-12-09,13.02295970916748,13.051430982706377,12.840739865746356,12.920461386652306,345900,0.011433669599448632
2004-12-10,13.045740127563477,13.07421140899572,12.960325197156978,12.96601967066538,185400,0.001747722313525456
2004-12-13,13.074209213256836,13.096987103465027,12.983099824643238,13.045737936606182,2296700,0.002179873827111133
2004-12-14,13.193785667419434,13.216562462373322,13.062816109634433,13.108370785651353,305900,0.00910440866777706
2004-12-15,13.18809700012207,13.210874891207732,13.079904189684427,13.1994859456649,323500,-0.00043125560500867593
2004-12-16,13.153928756713867,13.262121546647164,13.096985125901108,13.102679597593326,538500,-0.0025942015914769256
2004-12-17,13.053866386413574,13.20824877413569,13.025277540062625,13.202530786746584,1798800,-0.007636114062634458
2004-12-20,13.05958366394043,13.173941224317405,13.013840857908544,13.168223237239104,476400,0.0004378799130090674
2004-12-21,13.151067733764648,13.15106773376465,13.048146159613998,13.05958213242949,175900,0.006980707189564025
2004-12-22,13.202529907226562,13.225400764664805,13.12248027030095,13.168223075771945,197800,0.0039055190548178765
2004-12-23,13.173945426940918,13.22540514587276,13.151073471331324,13.156791460233723,200600,-0.0021674231385101234
2004-12-27,13.162500381469728,13.242549989767262,13.11103960739442,13.236832004803992,202900,-0.0008691412861796531
2004-12-28,13.242554664611816,13.24827265159363,13.168223015037226,13.196811859351795,469100,0.0060635759540413935
2004-12-29,13.213967323303224,13.242556170869598,13.17965939751002,13.242556170869598,172200,-0.002161081675629368
2004-12-30,13.242554664611816,13.294015456853648,13.22540070366637,13.294015456853648,111200,0.0021610816756294066
2004-12-31,13.196810722351074,13.259707483137523,13.196810722351074,13.253989496648355,226200,-0.003460293939333725
2005-01-03,13.196810722351074,13.38549991411602,13.162503894010468,13.322603153329569,813900,0.0
2005-01-04,13.151067733764648,13.2539893079153,13.07673609165273,13.156785720172396,2075600,-0.003472236644835774
2005-01-05,13.082451820373535,13.168220518243867,13.082451820373535,13.151066560550944,1772000,-0.005231175307867274
2005-01-06,13.145352363586426,13.191095173357883,13.053866744043509,13.139634376040666,594900,0.004796487221271432
2005-01-07,13.208242416381836,13.24826721824516,13.139627691334669,13.208242416381834,325800,0.004772796478398074
2005-01-10,13.288296699523926,13.34547547543281,13.17965713435649,13.265425843517036,357500,0.006042640239184911
2005-01-11,13.231119155883787,13.282579949935098,13.196812323381096,13.208248297746842,639100,-0.004312133611903852
2005-01-12,13.271146774291992,13.294018727846897,13.168226255079238,13.265429876498038,586700,0.0030206963397026824
2005-01-13,13.185375213623049,13.32260362241162,13.151068384074517,13.32260362241162,358800,-0.0064839861572977215
2005-01-14,13.259710311889648,13.265428299598662,13.179659574558116,13.236838361053598,253000,0.00562186074057647
2005-01-18,13.396932601928713,13.396932601928713,13.128192755809586,13.128192755809586,759600,0.010295632695489753
2005-01-19,13.374062538146973,13.448395264113971,13.374062538146973,13.43124130644598,567200,-0.001708570729300563
2005-01-20,13.362629890441896,13.402654707762808,13.316887086275925,13.322603982526502,1052900,-0.0008552028963497011
2005-01-21,13.24826717376709,13.40836747127694,13.225395235296803,13.40836747127694,909900,-0.008595232281890455
2005-01-24,13.196810722351074,13.276860352010624,13.185374749372736,13.276860352010624,415700,-0.003891576085178194
2005-01-25,13.24826717376709,13.299727944731185,13.236831204531946,13.29400996011361,1014000,0.00389157608517825
2005-01-26,13.23683738708496,13.31688811852635,13.23111939979668,13.305452143949786,621300,-0.0008631106111309095
2005-01-27,13.311171531677246,13.322606416862287,13.185377979289695,13.208249930849137,212600,0.005599993512063341
2005-01-28,13.316889762878418,13.34547861225538,13.236839021552468,13.311171774884086,1183000,0.0004294891187019815
2005-01-31,13.351195335388184,13.448398940893586,13.299734538909172,13.448398940893586,867100,0.002572782508105627
2005-02-01,13.35692310333252,13.37979397929542,13.28830829425304,13.37979397929542,1059900,0.0004289158777911092
2005-02-02,13.465550422668455,13.46555042266846,13.351193957204286,13.362629930929048,423600,0.008099768510604071
2005-02-03,13.442678451538086,13.476985279274166,13.419806505984438,13.465549306497342,599100,-0.0016999986692262973
2005-02-04,13.517010688781738,13.545600621983096,13.442679043647082,13.488421846174818,951200,0.005514338478765043
2005-02-07,13.488422393798828,13.54560117192854,13.488422393798828,13.494140380671247,1953800,-0.002117226231829507
2005-02-08,13.505572319030762,13.56846797464556,13.459829528313564,13.56846797464556,1028200,0.0012706476178737868
2005-02-09,13.385497093200684,13.494136632410932,13.368343137348273,13.425521899595465,473500,-0.00893055029054768
2005-02-10,13.379783630371094,13.431244424728234,13.339758810447664,13.431244424728234,591400,-0.00042693091661396307
2005-02-11,13.459831237792969,13.482702090759224,13.351191687068942,13.419805336562003,411500,0.00596490263787369
2005-02-14,13.465550422668455,13.511293226973024,13.431243592088654,13.511293226973024,348500,0.0004248173737048314
2005-02-15,13.488422393798828,13.60849684633619,13.454115563158794,13.505576354416087,1124800,0.0016971135777092419
2005-02-16,13.522729873657228,13.55131980939191,13.49414102851708,13.55131980939191,567600,0.002540246929647977
2005-02-17,13.436966896057127,13.55132449736792,13.419812928682036,13.55132449736792,216300,-0.0063623317156969094
2005-02-18,13.419811248779297,13.44268320241629,13.379786420509332,13.39122239732783,465000,-0.0012775657242821803
2005-02-22,13.219684600830078,13.419808704234136,13.20824862617997,13.419808704234136,449400,-0.015025090114544079
2005-02-23,13.253988265991213,13.294013077104609,13.185373525086597,13.294013077104609,1091800,0.002591531936835949
2005-02-24,13.316889762878418,13.322606660278051,13.196814196186844,13.29401781090109,839200,0.004734628213829125
2005-02-25,13.362629890441896,13.374064773537528,13.276861178360532,13.351193916751782,432500,0.0034288602622560256
2005-02-28,13.334038734436035,13.436960307027515,13.311167879745916,13.436960307027515,985000,-0.002141927694320793
2005-03-01,13.442678451538086,13.471267292885754,13.39121766463677,13.402653637413591,438100,0.008114535659339206
2005-03-02,13.40837287902832,13.48842251477116,13.362630074233198,13.362630074233198,409200,-0.0025552512453532452
2005-03-03,13.49986171722412,13.545604532959022,13.45411890148922,13.517014591502988,283600,0.006800088680247738
2005-03-04,13.568476676940918,13.608501508164572,13.539887823379695,13.608501508164572,2885400,0.005069768648710499
2005-03-07,13.528449058532717,13.59134583212299,13.511295095573194,13.568473881510297,289100,-0.0029544050800505597
2005-03-08,13.465550422668455,13.557036031277589,13.436961578951037,13.557036031277589,253200,-0.004660202334328114
2005-03-09,13.368349075317385,13.465552687135371,13.32832425114433,13.465552687135371,244100,-0.007244699749870624
2005-03-10,13.396932601928713,13.454111362204744,13.334035856565656,13.339753841652676,596200,0.002135866741275983
2005-03-11,13.294012069702148,13.414086493943262,13.265423232671662,13.328318892257576,2529400,-0.0077120569241139044
2005-03-14,13.334038734436035,13.362628666041656,13.294013920782543,13.345474707078283,386500,0.0030063556041429822
2005-03-15,13.253988265991213,13.408370615080866,13.253988265991213,13.408370615080866,250500,-0.006021560781764424
2005-03-16,13.219684600830078,13.265427408835944,13.162505818174104,13.191094664204806,482800,-0.002591531936836008
2005-03-17,13.265427589416504,13.282580461030598,13.168223984756496,13.265427589416504,185500,0.0034542450672580267
2005-03-18,13.222936630249023,13.320544106104457,13.177003764853874,13.217194885183892,402100,-0.00320827630289672
2005-03-21,13.148296356201172,13.27461257003159,13.136812864920952,13.27461257003159,353200,-0.0056607496055298984
2005-03-22,13.073660850524902,13.20571776534804,13.073660850524902,13.20571776534804,727400,-0.0056926114736479865
2005-03-23,13.159789085388184,13.19998023795633,13.004765129659528,13.062181531239782,465800,0.006566314726864022
2005-03-24,13.154040336608888,13.205714961022986,13.131074445272729,13.205714961022986,396700,-0.00043693745813745346
2005-03-28,13.165529251098633,13.222945645771054,13.119596354386024,13.177012749058443,325000,0.0008730321505587023
2005-03-29,13.136811256408691,13.21145284546477,13.108103626849196,13.119587116723345,673400,-0.0021836844590696117
2005-03-30,13.309059143066406,13.320542631925797,13.177002306560755,13.19996818915376,2248800,0.01302663287863059
2005-03-31,13.217191696166992,13.297573917432576,13.205708208807444,13.297573917432576,264300,-0.006926558506231207
2005-04-01,13.090880393981934,13.32054584608333,13.056431014217138,13.32054584608333,2099100,-0.009602548779455242
2005-04-04,13.165529251098633,13.188495151891615,13.079405206653322,13.177012749058443,511900,0.0056861588661256375
2005-04-05,13.263127326965332,13.27461081672882,13.171261599109148,13.182743993746776,240400,0.007385810114422887
2005-04-06,13.22868537902832,13.303325914140457,13.2114601347133,13.303325914140457,265200,-0.0026001971042514446
2005-04-07,13.320547103881836,13.320547103881836,13.194230874273394,13.280354879380695,1957700,0.006920131608593399
2005-04-08,13.257387161254885,13.33202766335674,13.240161924557846,13.33202766335674,210000,-0.0047528194547930384
2005-04-11,13.29183578491211,13.32054451111064,13.24016117288068,13.32054451111064,166600,0.0025950773067607434
2005-04-12,13.343509674072266,13.360734908858223,13.17126170671615,13.291835064840257,452100,0.0038801039070285245
2005-04-13,13.28035831451416,13.36074168918248,13.205717782814746,13.349258193497516,672600,-0.004743974693820113
2005-04-14,13.2516450881958,13.34925257014816,13.234419851924455,13.34925257014816,642100,-0.0021644228739163378
2005-04-15,13.125328063964844,13.263126648702237,13.090877596436142,13.263126648702237,518800,-0.009577898809986173
2005-04-18,13.039203643798828,13.177003330568596,13.004754269669316,13.14829460618912,1227800,-0.0065833191421946985
2005-04-19,13.073660850524902,13.148301382125592,13.010502719467564,13.148301382125592,802900,0.0026390997228711555
2005-04-20,12.90715217590332,13.113850697070792,12.895668681365946,13.10236720253342,1104100,-0.012817994128262164
2005-04-21,13.125328063964844,13.13106980855296,12.993270128689764,13.044944734857012,939800,0.016762213547585704
2005-04-22,12.98752784729004,13.11958467084582,12.924369759882635,13.113842926979178,438200,-0.010554302931037124
2005-04-25,13.125328063964844,13.125328063964844,13.010495362454115,13.056428224033246,568000,0.010554302931037048
2005-04-26,13.02772331237793,13.119589054689348,13.021981566592713,13.033465058163149,370100,-0.007464154246575858
2005-04-27,13.073660850524902,13.102368494572916,12.912895196527328,13.033469710807116,840700,0.003519934827252327
2005-04-28,13.04495334625244,13.159786123568,12.993278705973092,13.10236973491022,3187700,-0.002198241883460966
2005-04-29,13.0794038772583,13.090886278924396,12.901412962352188,12.999020494836447,2003700,0.0026374276450904996
2005-05-02,13.177008628845217,13.188491028088048,13.0966252633876,13.131075746494991,212400,0.007434770546990132
2005-05-03,13.234420776367188,13.286095393664802,13.148296779246513,13.194229650719276,520100,0.004347529781148468
2005-05-04,13.320547103881836,13.343512994184918,13.25164724272031,13.291838372095308,662200,0.006486667948281522
2005-05-05,13.297579765319824,13.366479624651635,13.234421652192845,13.343512639832328,1124000,-0.0017256919973837408
2005-05-06,13.245908737182615,13.40093264138048,13.245908737182615,13.40093264138048,1518900,-0.003893315937055492
2005-05-09,13.326290130615234,13.354998867519292,13.257391352298171,13.303324236218325,435900,0.006050055474661855
2005-05-10,13.2516450881958,13.332027333876816,13.205712219931511,13.332027333876816,895500,-0.005617083348962878
2005-05-11,13.297579765319824,13.30906325772948,13.15403939557749,13.30906325772948,1590500,0.003460343811356407
2005-05-12,13.234420776367188,13.314804122789054,13.177005508370764,13.177005508370764,497300,-0.004760975950897821
2005-05-13,13.11959171295166,13.25164860739064,13.056433591643342,13.25164860739064,343100,-0.008714406593392869
2005-05-16,13.245908737182615,13.26313398046896,13.159784711003718,13.177009954290062,781500,0.009582066607235179
2005-05-17,13.31480598449707,13.326288382626228,13.205714988823628,13.222940228706651,270500,0.005187917762319158
2005-05-18,13.441116333007812,13.469823960785382,13.34925060996863,13.389441726907547,726400,0.009441744175707048
2005-05-19,13.521501541137695,13.521501541137695,13.4296357978913,13.469826923670842,308800,0.005962733045743203
2005-05-20,13.504281997680664,13.527247893750388,13.435382119218662,13.521506145951353,384100,-0.0012743050178335177
2005-05-23,13.527250289916992,13.578924934135342,13.49280089214696,13.550217285181418,507500,0.001699370758519817
2005-05-24,13.504281997680664,13.527247893750388,13.452607362615764,13.527247893750388,2247200,-0.0016993707585197986
2005-05-25,13.458346366882324,13.492795751527488,13.395188249094367,13.492795751527488,388700,-0.0034073588539156167
2005-05-26,13.469820022583008,13.51001222289664,13.4468541461007,13.51001222289664,290300,0.0008521676692780277
2005-05-27,13.429635047912598,13.527242531551757,13.372219782934492,13.521500786028747,319900,-0.002987793206892642
2005-05-31,13.38370132446289,13.48130880187096,13.35499369380648,13.48130880187096,424400,-0.0034261882031801022
2005-06-01,13.47557258605957,13.498539576109325,13.354999173677443,13.377965068600837,455500,0.006840960793710642
2005-06-02,13.510021209716797,13.521503608033262,13.423896104022935,13.492795969552782,328800,0.0025531135338644827
2005-06-03,13.400922775268556,13.510013712180292,13.366473409184806,13.510013712180292,503800,-0.00810815348622623
2005-06-06,13.406671524047852,13.418155017117982,13.360738646893507,13.418155017117982,739500,0.0004288895753366459
2005-06-07,13.458346366882324,13.532986882801207,13.400929995722926,13.400929995722926,511400,0.003847003324109004
2005-06-08,13.423897743225098,13.498539364590826,13.406673596084042,13.435381238070033,181000,-0.0025629290748751836
2005-06-09,13.429635047912598,13.469826171447666,13.383702178854524,13.42389330238959,659500,0.0004273035372604746
2005-06-10,13.418153762817385,13.469827286550288,13.34925390596339,13.452603143681344,599600,-0.0008552872548312547
2005-06-13,13.46408462524414,13.492792255823188,13.366477148099106,13.46408462524414,636100,0.003417193647275783
2005-06-14,13.441116333007812,13.487049194527405,13.389441726907547,13.423891099265791,220700,-0.00170735002882394
2005-06-15,13.446864128112791,13.481313515971816,13.366481858066312,13.452605875277012,283000,0.00042753640057443545
2005-06-16,13.406671524047852,13.464087894272328,13.400929777512786,13.464087894272328,371200,-0.0029934705506892197
2005-06-17,13.442440032958984,13.50590255041211,13.41936345414241,13.453978872569428,820900,0.002664410700926924
2005-06-20,13.43667221069336,13.459748790363731,13.373209690892224,13.442440530307689,644800,-0.0004291676229385478
2005-06-21,13.40782356262207,13.465516655743668,13.390515304564325,13.442438978333335,750500,-0.002149316524368452
2005-06-22,13.419361114501951,13.482823620890509,13.378976283310733,13.477054202091177,859200,0.0008601389023908742
2005-06-23,13.252058029174805,13.41359853673058,13.240520286095927,13.41359853673058,2179300,-0.012545660115761685
2005-06-24,13.119361877441406,13.24628582791356,13.107823036379086,13.217439825662211,328900,-0.010063718384488652
2005-06-27,13.107816696166992,13.148202620350554,13.078970707868365,13.136663784869535,629400,-0.0008803983232687743
2005-06-28,13.27512264251709,13.28666147463696,13.153967106065654,13.159736522125588,1095000,0.012683059073315947
2005-06-29,13.240513801574709,13.303975208844788,13.217436125909844,13.286668052500286,551900,-0.0026104491716567265
2005-06-30,13.125125885009766,13.26358861944051,13.113587048706204,13.217434374630262,503100,-0.00875295685082943
2005-07-01,13.171281814575195,13.211666646399337,13.130896982751052,13.182820652354703,428700,0.003510439714179026
2005-07-05,13.246283531188965,13.275130628843067,13.142437280846968,13.14820670037779,864100,0.005678185491191726
2005-07-06,13.119361877441406,13.269363510038197,13.113592456910249,13.269363510038197,1169000,-0.009627879932931722
2005-07-07,13.09628677368164,13.11359393682384,13.009746556352344,13.06743966777035,510500,-0.001760407306800464
2005-07-08,13.269362449645996,13.280901289786216,13.073206568879751,13.096284249160185,380300,0.013129065065905528
2005-07-11,13.34436321258545,13.355902053160468,13.269362949656632,13.315517211552304,888100,0.005636261712454821
2005-07-12,13.355901718139648,13.407825399020371,13.34436287785407,13.35013229799686,287200,0.0008642990099477674
2005-07-13,13.40782356262207,13.419362401327234,13.338592731199537,13.373208146910802,310700,0.0038800211163520113
2005-07-14,13.482828140258787,13.54628956751514,13.459750457325942,13.477058719525576,564300,0.0055785016276459825
2005-07-15,13.477056503295898,13.494363662244975,13.442439984589129,13.48282592308036,259200,-0.00042816481801540983
2005-07-18,13.41359519958496,13.5116731439852,13.41359519958496,13.453980041325458,1033500,-0.004719961585773319
2005-07-19,13.390511512756348,13.48858941316895,13.390511512756346,13.44820458954092,1161500,-0.0017223996892067172
2005-07-20,13.442440032958984,13.459748292374648,13.29820783904138,13.29820783904138,632300,0.003870508612656688
2005-07-21,13.390511512756348,13.471282260416316,13.367434942284865,13.442435171822073,1640100,-0.003870508612656677
2005-07-22,13.430902481079102,13.471287319874603,13.373209382626529,13.413594221422033,2361400,0.003011847090909382
2005-07-25,13.38475227355957,13.494367983352076,13.38475227355957,13.494367983352076,552400,-0.0034420381307855505
2005-07-26,13.453972816467283,13.500127053729114,13.41358799641366,13.41358799641366,507400,0.005158270086155798
2005-07-27,13.488598823547363,13.517445932266916,13.459752815232491,13.500137667035183,678100,0.0025703579158274027
2005-07-28,13.60398292541504,13.632828929208772,13.465520126477005,13.517443813629331,1786200,0.008517814991537585
2005-07-29,13.546287536621094,13.627058314372206,13.540518116752848,13.603980634899225,1326100,-0.004250084780675791
2005-08-01,13.477056503295898,13.563595599254205,13.459748243942514,13.563595599254205,916400,-0.005123805897988818
2005-08-02,13.52320957183838,13.552055567819451,13.471285898749075,13.471285898749075,404600,0.003418715457518144
2005-08-03,13.55205535888672,13.552055358886715,13.47705511024968,13.546285939698608,3065000,0.0021307860171315926
2005-08-04,13.43667221069336,13.511672470127506,13.407825110599957,13.48859479005278,479900,-0.00855052175991166
2005-08-05,13.35012912750244,13.413591633597164,13.338591390361312,13.40205279605192,1371300,-0.00646164379362477
2005-08-08,13.32705783843994,13.38475094864362,13.309749575257474,13.338596680561588,807900,-0.0017296647389318182
2005-08-09,13.35012912750244,13.390513958506675,13.315513715270828,13.367437383820306,806400,0.00172966473893189
2005-08-10,13.32705783843994,13.488597226524774,13.303980154196651,13.407827532482358,2009700,-0.0017296647389318182
2005-08-11,13.36167335510254,13.384751039502486,13.280903660511838,13.355903934002551,1102400,0.0025940188630200326
2005-08-12,13.315513610839844,13.355898441527351,13.263589942697593,13.338591285749338,1271600,-0.003460619021683015
2005-08-15,13.378981590270996,13.40782759530572,13.292442474762272,13.292442474762272,1384600,0.004755145099739323
2005-08-16,13.246283531188965,13.36166972099686,13.240515212062403,13.338593143277835,2445700,-0.00996791259781608
2005-08-17,13.240513801574709,13.275129214667857,13.188590131732912,13.188590131732912,1438000,-0.00043566835454126706
2005-08-18,13.390511512756348,13.430897436788287,13.211663965087686,13.211663965087686,1489300,0.011265003554119496
2005-08-19,13.373207092285156,13.430900180857014,13.367437673387558,13.367437673387558,1737600,-0.0012931254537450344
2005-08-22,13.41359519958496,13.48859546275954,13.350132676618806,13.35590209692522,1082600,0.0030155251429516104
2005-08-23,13.378981590270996,13.425135858569286,13.361673327007429,13.413597016393576,1114700,-0.002583822290968848
2005-08-24,13.25782871246338,13.396291546227449,13.252059290172612,13.344367846015324,1031200,-0.009096713298741014
2005-08-25,13.27512264251709,13.384739346848656,13.234737830501142,13.292430890696894,434500,0.0013035815180404055
2005-08-26,13.240513801574709,13.396283710695949,13.21166670699363,13.252051539002997,229400,-0.0026104491716567265
2005-08-29,13.3328218460083,13.355898420477317,13.177050841827052,13.211666253732629,271600,0.00694744663926555
2005-08-30,13.263593673706056,13.309747936103989,13.159746308209604,13.309747936103989,729800,-0.005205839004547934
2005-08-31,13.309751510620115,13.32705977631937,13.171288686240231,13.23475122673278,391200,0.003473998701769593
2005-09-01,13.292430877685549,13.378969917692665,13.275122629522684,13.34435342136694,421500,-0.0013021965738986769
2005-09-02,13.315513610839844,13.384745535164216,13.286667617607083,13.298205354657725,873300,0.0017350260900292778
2005-09-06,13.459747314453123,13.477055572611253,13.33859280855892,13.33859280855892,636300,0.010773758594553581
2005-09-07,13.47128963470459,13.477059055581664,13.390518842830062,13.45975079295044,3038100,0.0008571761258197835
2005-09-08,13.419361114501951,13.500130776884392,13.361668026912731,13.500130776884392,1408900,-0.003862203651131458
2005-09-09,13.477056503295898,13.534748500331895,13.355900888630822,13.38474798755313,2431600,0.00429019790723957
2005-09-12,13.505908012390137,13.51744685666705,13.442445469271872,13.442445469271872,827100,0.0021384989090224627
2005-09-13,13.378981590270996,13.442443021428298,13.344365063743862,13.413597016393576,1381000,-0.00944228278576467
2005-09-14,13.292430877685549,13.384739333746952,13.280892045576971,13.378969917692665,1794500,-0.0064901711897686004
2005-09-15,13.34436321258545,13.355902053160468,13.28667121051916,13.34436321258545,990300,0.0038992981305806906
2005-09-16,13.382050514221191,13.451628386737596,13.353060379115968,13.451628386737596,1479300,0.002820230727581723
2005-09-19,13.30087184906006,13.451622923365804,13.271880619826849,13.405238062494984,2017400,-0.006084709501971977
2005-09-20,13.219706535339355,13.387852461941828,13.19071639222317,13.3008809266902,987100,-0.006120950000104429
2005-09-21,13.057357788085938,13.138531060004016,13.045761290411102,13.138531060004016,1848300,-0.01235684557639379
2005-09-22,13.155917167663574,13.161715412693567,12.987771379500296,12.987771379500296,912500,0.007519842079132081
2005-09-23,13.179115295410156,13.219701923976412,13.103740286058922,13.103740286058922,971500,0.0017617698994196785
2005-09-26,13.132732391357422,13.260291649897203,13.103742253999934,13.260291649897203,1083100,-0.003525632456540467
2005-09-27,13.27188491821289,13.300876156835535,13.126932042807672,13.126932042807672,847300,0.010540112244168509
2005-09-28,13.28928565979004,13.393651954134183,13.248699013301357,13.248699013301357,1363600,0.0013102392468291098
2005-09-29,13.405244827270508,13.411041970140282,13.219704184254333,13.219704184254333,2294300,0.008687914321439174
2005-09-30,13.498014450073242,13.498014450073244,13.347263301320805,13.382051687678178,830200,0.006896561456945698
2005-10-03,13.480618476867676,13.538599852787444,13.451628341859172,13.451628341859172,977200,-0.0012896113501087295
2005-10-04,13.422639846801758,13.53280437299527,13.422639846801758,13.515409624890088,702400,-0.004310163410436377
2005-10-05,13.329874038696287,13.451635099890195,13.312479285410497,13.451635099890195,1138700,-0.006935137408662683
2005-10-06,13.254487991333008,13.411036217431173,13.173313649238793,13.306671101999862,1163100,-0.005671473278001557
2005-10-07,13.242895126342772,13.29507825130397,13.202308497129108,13.254491622090306,1034200,-0.000875019671069682
2005-10-10,13.196513175964355,13.318273090609138,13.184916677644964,13.306677698192694,769900,-0.0035085503751022154
2005-10-11,13.196513175964355,13.27768645239421,13.19071492680466,13.19071492680466,755700,0.0
2005-10-12,13.15012550354004,13.237097010709997,13.103740625989214,13.196510381090864,1411400,-0.0035213387879836264
2005-10-13,13.115333557128906,13.15592017571667,13.057352199473923,13.15012192936093,1125500,-0.0026492563240474113
2005-10-14,13.190712928771973,13.219703064276294,13.074750174949129,13.132731551860552,818700,0.00573096972186837
2005-10-17,13.33566188812256,13.347258381267949,13.103737554727005,13.132727681688028,2232100,0.010928775835456726
2005-10-18,13.237099647521973,13.312474673843148,13.237099647521973,13.306677530659384,1156000,-0.007418325150036393
2005-10-19,13.37625217437744,13.382050422539317,13.16751966416104,13.173317912322911,1571900,0.010457442257232852
2005-10-20,13.27188491821289,13.451627279965283,13.225500042319329,13.445829032240756,913300,-0.007833027084323242
2005-10-21,13.26028823852539,13.329864992645025,13.202306872823984,13.306673109906,643600,-0.0008741598630059727
2005-10-24,13.37625217437744,13.387848670701189,13.248694032524506,13.248694032524506,856900,0.00870718694732911
2005-10-25,13.329874038696287,13.35886529417261,13.248700735169228,13.30668214021855,225400,-0.0034732242283171248
2005-10-26,13.28928565979004,13.405248454817574,13.271890908764956,13.393651954134183,1013300,-0.003049563609177024
2005-10-27,13.16172695159912,13.260294991719409,13.150130451372467,13.260294991719409,1063600,-0.009644976463870426
2005-10-28,13.382050514221191,13.399445258825985,13.219702882284755,13.219702882284755,635600,0.01660115052933164
2005-10-31,13.43423080444336,13.498010415286108,13.38784593453114,13.45162554537389,1661000,0.0038916921745502527
2005-11-01,13.358863830566406,13.527008670293728,13.3530655801064,13.527008670293728,603800,-0.0056258654467659115
2005-11-02,13.393641471862791,13.411035103371916,13.312467136511756,13.353054857138428,1015300,0.0025999554429736323
2005-11-03,13.445831298828123,13.544399314955564,13.41104180661642,13.492216182540869,680100,0.003889040085887111
2005-11-04,13.440031051635742,13.48061768061143,13.387847926980514,13.469021184931892,374100,-0.00043147191685792487
2005-11-07,13.46902561187744,13.503815110350532,13.393650576991869,13.503815110350532,1065100,0.002155004675582992
2005-11-08,13.428437232971191,13.457427372046649,13.370455848917365,13.370455848917365,660900,-0.003018010282103806
2005-11-09,13.45162582397461,13.515404330235764,13.393644458907833,13.4052409531017,695500,0.001725337973098526
2005-11-10,13.608173370361328,13.642962851149225,13.451625130425782,13.451625130425782,1720200,0.011570617490303007
2005-11-11,13.625567436218262,13.63716392924014,13.573384323522252,13.619769189707322,355200,0.0012773910382469498
2005-11-14,13.573386192321776,13.637165806820915,13.56178969770328,13.62556931220242,988100,-0.0038370084841912976
2005-11-15,13.503811836242676,13.57918685285297,13.480618842883946,13.521205475358933,690800,-0.005138974063838919
2005-11-16,13.538597106933594,13.544395353939866,13.474817495767144,13.503808730798502,1767000,0.0025726472778055853
2005-11-17,13.53280544281006,13.561795586040812,13.492218799925777,13.561795586040812,536400,-0.00042788061691697324
2005-11-18,13.567587852478027,13.619770972002769,13.480616355237656,13.619770972002769,602600,0.0025669316594645534
2005-11-21,13.584982872009276,13.619771250436097,13.53859799880598,13.550194493582456,780200,0.0012812799264942032
2005-11-22,13.677753448486328,13.683551696226449,13.584983696449758,13.584983696449758,1184800,0.006805695030840569
2005-11-23,13.729940414428713,13.741536913154114,13.65456427861658,13.683555525430087,1633000,0.0038082028552362864
2005-11-25,13.741534233093262,13.787919113045277,13.735735984861414,13.770524368349731,92000,0.0008440623957492566
2005-11-28,13.677753448486328,13.75312845730254,13.666156953006087,13.706743581284254,504900,-0.004652265250985438
2005-11-29,13.666152954101562,13.758922678992436,13.66035470805809,13.72993255467742,887100,-0.0008484885012356923
2005-11-30,13.555996894836426,13.741537565542576,13.555996894836426,13.683556175065844,1106800,-0.008093163922603537
2005-12-01,13.64876937866211,13.683557774653648,13.57919148077587,13.683557774653648,805000,0.006820337474511435
2005-12-02,13.64296817779541,13.660361819077888,13.5559955477713,13.5559955477713,495900,-0.0004251250725293632
2005-12-05,13.590777397155762,13.625565766054743,13.561786168154686,13.584979151355547,1266300,-0.0038328069407852464
2005-12-06,13.579182624816896,13.660355864492642,13.567586131748232,13.579182624816896,1036600,-0.0008534994555273779
2005-12-07,13.54439640045166,13.62556965300626,13.50380977417436,13.62556965300626,1170900,-0.0025650186802636866
2005-12-08,13.521201133728027,13.60237437261344,13.480614514285325,13.56758599964861,660800,-0.0017140040875098686
2005-12-09,13.54439640045166,13.59657952163751,13.527001658088835,13.59657952163751,1264400,0.0017140040875097704
2005-12-12,13.573386192321776,13.637165806820915,13.550194308987376,13.56178969770328,924800,0.0021380658845845794
2005-12-13,13.741534233093262,13.782120864813429,13.567590103846127,13.567590103846127,1959500,0.012311964464834147
2005-12-14,13.85749626159668,13.892284646042915,13.71254336951742,13.735736363083443,1652000,0.008403390179386839
2005-12-15,13.880685806274414,13.932868922929403,13.799511454865248,13.799511454865248,1622300,0.0016720309949334571
2005-12-16,13.869036674499512,13.973928729706666,13.863210326076294,13.880691594294602,1228600,-0.0008395855106130534
2005-12-19,13.845725059509276,13.91565234075112,13.816587766096765,13.816587766096765,749700,-0.0016822529965493294
2005-12-20,13.764140129089355,13.839894853978416,13.74083029898572,13.799103762770931,873200,-0.005909856300866142
2005-12-21,13.804930686950684,13.869030494311463,13.769965943146076,13.869030494311463,1353700,0.0029591557799729445
2005-12-22,13.816585540771484,13.822412998515404,13.74665827079226,13.787449363525791,1340600,0.000843896795265757
2005-12-23,13.7932710647583,13.816579774532368,13.781616154134545,13.816579774532368,318000,-0.0016888520565527345
2005-12-27,13.700045585632324,13.81659145598508,13.67090828443834,13.810765107220677,852900,-0.006781708995686194
2005-12-28,13.717528343200684,13.752491994119602,13.700045962004012,13.746664533720711,754400,0.0012752959093468143
2005-12-29,13.682562828063965,13.735008857294249,13.653426639146858,13.670907907907376,735100,-0.0025522202753349836
2005-12-30,13.571840286254885,13.670903742982505,13.571840286254885,13.624285188033143,277900,-0.008125156913960542
2006-01-03,13.659244537353516,13.676725793876644,13.507734015802768,13.58348872084135,1372800,0.006419468913729308
2006-01-04,13.705867767333984,13.711695225328452,13.665076672846665,13.665076672846665,1124300,0.0034074974422440662
2006-01-05,13.63593864440918,13.735003202002307,13.618457382846447,13.717521940439578,1806300,-0.0051151905874329716
2006-01-06,13.694210052490234,13.700037509293676,13.60680042338611,13.688382595686797,1131600,0.004264264862051497
2006-01-09,13.758317947387695,13.769971755434458,13.665080814167794,13.676734622214555,1714100,0.004670463239745424
2006-01-10,13.723350524902344,13.740832900790329,13.676731967341802,13.723350524902344,1144600,-0.002544782998974641
2006-01-11,13.734999656677246,13.746654569026598,13.688381118753457,13.694208574928131,722700,0.0008484947126655104
2006-01-12,13.700045585632324,13.740836695829508,13.665081935673935,13.682563204915937,1491000,-0.002548134304079472
2006-01-13,13.682562828063965,13.75249123752913,13.659254099225151,13.694217748220552,1385600,-0.0012769243659881823
2006-01-17,13.63011360168457,13.65342343653007,13.577667584756291,13.577667584756291,788800,-0.003840655527545947
2006-01-18,13.688384056091309,13.694211513516477,13.606801875086674,13.612629332511842,1169200,0.004266013710421576
2006-01-19,13.700045585632324,13.717527966348714,13.62428971400236,13.62428971400236,1162400,0.0008515661831127803
2006-01-20,13.501909255981444,13.723347070790483,13.501909255981444,13.723347070790483,8322800,-0.014568058433347785
2006-01-23,13.513568878173828,13.577668706345747,13.49608650059556,13.5310501442779,1426300,0.0008631809408243854
2006-01-24,13.560186386108398,13.589322568333012,13.513567827664554,13.583495109593269,1194900,0.003443744951576006
2006-01-25,13.571840286254885,13.589321549689627,13.5252206198315,13.583494091386706,1130900,0.0008590512609985844
2006-01-26,13.600980758666992,13.6767355175646,13.57184456943123,13.60680821880902,1229300,0.0021448257827275433
2006-01-27,13.711698532104492,13.723352339429953,13.58349664825634,13.65925250898011,1052000,0.008107471165664456
2006-01-30,13.659244537353516,13.7349992423921,13.6359347133579,13.6359347133579,766200,-0.00383282803466268
2006-01-31,13.595152854919434,13.647598883012009,13.554361746730615,13.62428904320449,945800,-0.004703226393576609
2006-02-01,13.63011360168457,13.659250895241447,13.554358861384893,13.554358861384893,1696000,0.0025682588662618118
2006-02-02,13.624289512634276,13.694217922991896,13.57184459420903,13.682563002686564,2180800,-0.00042738702546651404
2006-02-03,13.536879539489746,13.600980488303458,13.496088430780784,13.496088430780784,1563800,-0.006436414775875375
2006-02-06,13.507739067077637,13.566012537384696,13.478601776187109,13.49025669254332,1004800,-0.0021549931328951077
2006-02-07,13.443638801574709,13.513567191686546,13.420330079186796,13.496084816290072,1043600,-0.0047567428039889375
2006-02-08,13.501909255981444,13.536872887483124,13.408672164327765,13.408672164327765,1782700,0.004325059198412431
2006-02-09,13.54270076751709,13.589319314799596,13.472773502330252,13.513564592268214,1260300,0.0030166116230611103
2006-02-10,13.525216102600098,13.571835753453174,13.472771218337687,13.507734845003844,515700,-0.0012919108206785582
2006-02-13,13.507739067077637,13.566012537384696,13.437810680414366,13.525220330137955,724300,-0.0012930171968060177
2006-02-14,13.676728248596191,13.676728248596191,13.501908983146588,13.501908983146588,793900,0.012432935056842637
2006-02-15,13.764140129089355,13.764140129089355,13.618457025363266,13.618457025363266,1513200,0.006370948247928909
2006-02-16,13.82824420928955,13.82824420928955,13.694215979225412,13.694215979225412,826200,0.004646513671918599
2006-02-17,13.769970893859863,13.839899295136584,13.764144545938182,13.781625812651688,703500,-0.004222983393217637
2006-02-21,13.752485275268556,13.804931281761364,13.700039268775743,13.76996653645024,1126200,-0.001270643930647257
2006-02-22,13.863210678100586,13.87486448671727,13.758318620229938,13.758318620229938,1692500,0.008019062519479432
2006-02-23,13.869036674499512,13.915655242205544,13.816590646895934,13.886519054192146,1307200,0.00042016042988209736
2006-02-24,13.79910945892334,13.851555486831908,13.775799619197608,13.810764378786208,486200,-0.005054719902571218
2006-02-27,13.898173332214355,13.92730951888234,13.834072387775665,13.92730951888234,736500,0.007153358433532155
2006-02-28,13.711698532104492,13.92730897252764,13.705871072704646,13.92730897252764,1044800,-0.013508040636933174
2006-03-01,13.764140129089355,13.781621390193203,13.711694122830052,13.781621390193203,454800,0.0038172928085568095
2006-03-02,13.688384056091309,13.764139891144632,13.659247880439327,13.752484976294298,763500,-0.005519074660112839
2006-03-03,13.723350524902344,13.816587640023428,13.66507816155723,13.670904508712471,1047000,0.0025512057745267105
2006-03-06,13.676728248596191,13.746656621660302,13.665074445980324,13.705865533820312,1464300,-0.0034030793623426306
2006-03-07,13.769970893859863,13.775798353255777,13.682561225869636,13.688388685265547,2089000,0.006794478526629923
2006-03-08,13.92148208618164,13.927309545821364,13.694216717603815,13.71752655616271,2036100,0.010942921944352394
2006-03-09,13.94478702545166,14.003060489901122,13.903995933779203,13.915649737489987,2680800,0.001672627549097189
2006-03-10,14.072993278503418,14.271122468467798,13.962273763764658,13.973928683521226,2637700,0.009151841901734521
2006-03-13,14.08464813232422,14.131266699657932,14.038029564990506,14.055511944543518,1294300,0.0008278288878208074
2006-03-14,14.049688339233398,14.078824535007634,13.79328559281656,13.79328559281656,1859000,-0.0024852060129107864
2006-03-15,13.997238159179688,14.090475291859915,13.93896467338597,14.038029265793,1268000,-0.0037401774629490497
2006-03-16,14.043850898742676,14.049678356051672,13.985577437126548,14.02054106950669,1419900,0.003324605717055099
2006-03-17,14.03565788269043,14.111811913832785,14.0122266466347,14.105953825489827,983100,-0.000583558376930531
2006-03-20,14.117656707763672,14.146946004581013,14.035644665508022,14.141087921754536,1038100,0.005825179602203015
2006-03-21,14.02393627166748,14.158668888663303,14.01807818606128,14.0883729787045,1600600,-0.006660659377163397
2006-03-22,14.152812004089355,14.152812004089355,14.02979554786654,14.06494294717082,1350200,0.009147729174635695
2006-03-23,14.047368049621582,14.29340206818687,14.047368049621582,14.08837353316319,2017400,-0.007478281746895943
2006-03-24,14.047368049621582,14.100089704836687,13.988788308569726,14.08837353316319,1189900,0.0
2006-03-27,14.000506401062012,14.076660410072163,13.994648314421555,14.041511890229426,952800,-0.0033415503371965684
2006-03-28,13.889201164245604,14.012218715182886,13.889201164245604,13.965355152281893,1222900,-0.007981856926507163
2006-03-29,13.98879051208496,13.994648598844476,13.865774042082569,13.95364310884368,608200,0.007144687654433787
2006-03-30,13.877484321594238,13.988784570806462,13.824762680466202,13.947779098221398,1429900,-0.00798863738352812
2006-03-31,13.824763298034668,13.936064669534186,13.813047128968323,13.906774246868324,535800,-0.0038062678475677264
2006-04-03,13.87162971496582,13.92435136931127,13.842339286265233,13.912635197831031,1250100,0.0033843007384501953
2006-04-04,13.859903335571287,13.906766869661306,13.824755964332471,13.830614045758074,1517500,-0.0008457073088657613
2006-04-05,13.889201164245604,13.9184915893809,13.836480633633029,13.848195686371673,1118600,0.00211162414707751
2006-04-06,13.83647918701172,13.906773965356066,13.824763018182542,13.830621102597132,1286900,-0.0038031197151706443
2006-04-07,13.713460922241213,13.912631312521478,13.713460922241213,13.830620369693824,2276400,-0.008930624306440175
2006-04-10,13.731034278869627,13.795470965181554,13.70174386025946,13.748607412720506,895900,0.0012806472774531577
2006-04-11,13.602164268493652,13.76618732825545,13.584591127411962,13.754471155990531,944300,-0.009429629324615888
2006-04-12,13.64902114868164,13.684169648244524,13.590442550707108,13.602157599912934,1419300,0.003438890870104017
2006-04-13,13.625593185424805,13.690030999356454,13.59044579478727,13.59044579478727,705100,-0.0017179321937787284
2006-04-17,13.549444198608398,13.666603700357271,13.52015488182909,13.666603700357271,552700,-0.0056043482150193195
2006-04-18,13.678315162658691,13.69588829974709,13.549439531661482,13.549439531661482,1128600,0.009466216053606915
2006-04-19,13.695894241333008,13.713468503360945,13.637315602538385,13.643173689881028,1313400,0.001284353519136738
2006-04-20,13.719322204589844,13.789618112911835,13.63731124264382,13.649026296267854,845000,0.0017091215753114364
2006-04-21,13.719322204589844,13.80133316653587,13.666600552677242,13.719322204589846,762200,0.0
2006-04-24,13.777899742126465,13.78375782666093,13.660740286067908,13.71346192956272,933800,0.004260621401155469
2006-04-25,13.777899742126465,13.830621385621276,13.748609319454136,13.78375782666093,986400,0.0
2006-04-26,13.906777381896973,13.912635467750745,13.766186673353369,13.766186673353369,450400,0.009310462258130156
2006-04-27,13.924345970153809,13.988782653678598,13.719317518011794,13.842333918907896,601000,0.0012625139393916119
2006-04-28,13.95949363708496,13.965351720672556,13.877482701489072,13.889197751349055,1265800,0.0025210075829762545
2006-05-01,13.95363712310791,14.059080404915225,13.936063987683571,13.99464259551846,738600,-0.00041962430608731826
2006-05-02,14.03565788269043,14.053232147719305,13.918499467779574,13.971221145550096,1027800,0.0058608831947706665
2006-05-03,13.94192886352539,13.953645038664794,13.854059784611785,13.90092336785344,542800,-0.006700318413661656
2006-05-04,13.96535587310791,14.00050326776893,13.900918051799763,13.900918051799763,568700,0.0016789175519251185
2006-05-05,14.09422779083252,14.117660127814998,13.953637120883617,13.988784509042013,685600,0.009185654741775812
2006-05-08,14.170387268066406,14.17624535458548,14.070802031873692,14.094233260634224,649600,0.005389046437928702
2006-05-09,14.211387634277344,14.211387634277344,14.15280790751584,14.15280790751584,761200,0.0028892058282417974
2006-05-10,14.152812004089355,14.19381748949696,14.12938077699173,14.158670090192684,373600,-0.004130256746534316
2006-05-11,13.977073669433594,14.111806295734471,13.959499411401266,14.111806295734471,1816400,-0.01249494029922075
2006-05-12,13.865766525268556,14.018073346500994,13.848192274517244,13.912630076623522,1861500,-0.007995429801419438
2006-05-15,14.018075942993164,14.029792112330828,13.801331279508007,13.824763618183336,926900,0.010924673148601762
2006-05-16,14.070804595947266,14.105952004150732,14.023941012570656,14.04737224560098,2268400,0.0037544191067420698
2006-05-17,13.895060539245604,14.047367412142387,13.877487399848471,13.971214534351786,2725100,-0.0125686346106916
2006-05-18,13.824763298034668,13.947779721285151,13.80718904443515,13.883343026051014,982000,-0.005071994131273596
2006-05-19,13.83647918701172,13.871626576183893,13.75446712252284,13.854052322940127,888500,0.0008470978614914169
2006-05-22,13.877484321594238,13.924347878450789,13.766182955066682,13.8540519845083,1843300,0.0029591699860762387
2006-05-23,13.87162971496582,13.982931109396835,13.8657716292257,13.971214937916605,740400,-0.0004219671091173877
2006-05-24,13.977073669433594,14.01807915419337,13.82476678510039,13.854056097838612,1785200,0.007572665549590592
2006-05-25,14.111810684204102,14.117668772036616,14.000509250018318,14.088378332874038,1404100,0.009593691689093558
2006-05-26,14.111810684204102,14.193821679227304,14.08252136235753,14.193821679227304,3487700,0.0
2006-05-30,13.936070442199709,14.146955986171037,13.918496181320496,14.146955986171037,1479000,-0.01253160914924734
2006-05-31,13.98879051208496,14.018080945882534,13.883348302361112,13.947785022084163,728700,0.0037758564032086836
2006-06-01,14.064939498901367,14.064939498901367,13.97121237885837,13.988785515544304,680700,0.005428809203497158
2006-06-02,14.03565788269043,14.111811913832785,13.965363057207137,14.100095737146868,1794300,-0.0020840572470066376
2006-06-05,13.83647918701172,14.088370112946878,13.830621102597132,14.088370112946878,870100,-0.014292559326094969
2006-06-06,13.877484321594238,13.906773625636331,13.766182955066682,13.824762680466202,2695900,0.0029591699860762387
2006-06-07,13.87162971496582,14.0063623350417,13.842339286265233,13.906777112090916,2101200,-0.0004219671091173877
2006-06-08,13.91849422454834,13.94778353791346,13.77204542309137,13.871630652774735,2283100,0.003372748830473741
2006-06-09,13.930213928222656,14.000508745045424,13.88920731487408,14.000508745045424,2168800,0.0008416695167248289
2006-06-12,13.848196983337402,14.00050385635894,13.8481969833374,13.906776721778852,2327700,-0.005905102597512072
2006-06-13,13.801337242126465,13.930212925888364,13.789622185042926,13.906780577089512,1350600,-0.003389553378613663
2006-06-14,13.859903335571287,13.86576141699689,13.725170814726836,13.725170814726836,1369900,0.004234530320061417
2006-06-15,13.971219062805176,13.988792207898246,13.818912140541563,13.91263930542441,1259000,0.007999412976352295
2006-06-16,13.98711109161377,14.028336081419472,13.951775546536986,13.981221646884851,1392600,0.0011368368877816908
2006-06-19,13.934109687805176,14.0931213538449,13.892884690675675,13.98122413070988,1478300,-0.003796500725254363
2006-06-20,14.034234046936035,14.069569613466564,13.957673465570329,13.957673465570329,871800,0.007159865296895749
2006-06-21,14.087228775024414,14.128453762985345,14.034224898132742,14.104897108420532,908300,0.0037689924708208334
2006-06-22,14.063673973083496,14.08723175592989,14.010671208272932,14.01655953068762,1221200,-0.0016734672879780922
2006-06-23,14.016568183898926,14.104908800813597,13.993011509806593,13.993011509806593,369700,-0.003355087403366985
2006-06-26,14.093121528625488,14.104900420321975,14.00478208749571,14.01655985589526,734100,0.005446771897552129
2006-06-27,14.028334617614746,14.104896267805032,13.98710963211072,14.063670159004396,752400,-0.004607657960199181
2006-06-28,14.093121528625488,14.093121528625488,13.9576676440067,13.9576676440067,1940400,0.004607657960199114
2006-06-29,14.31691551208496,14.31691551208496,14.110789391114873,14.1873510673623,1585000,0.0157548976256863
2006-06-30,14.246248245239258,14.38759162029773,14.240358797532991,14.38759162029773,5448200,-0.004948150116138137
2006-07-03,14.328695297241213,14.328695297241213,14.240355846548136,14.275691402165954,535400,0.00577059973319627
2006-07-05,14.210909843444824,14.31102819577034,14.157907067081585,14.31102819577034,1175000,-0.008254222296585427
2006-07-06,14.375809669494627,14.440592457197512,14.181462429683036,14.258022986997943,3086700,0.011536941480746448
2006-07-07,14.346365928649902,14.39348038476627,14.311029244089696,14.364033147632766,813000,-0.0020502451882883645
2006-07-10,14.434706687927246,14.481821148268732,14.399371123495468,14.399371123495468,1721200,0.006138828658851308
2006-07-11,14.51126194000244,14.528930277383806,14.399365839811258,14.470036942742857,2270600,0.005289540077624885
2006-07-12,14.393479347229004,14.523043811385206,14.369921559220336,14.511264917380872,2125600,-0.008149752562313822
2006-07-13,14.275689125061035,14.36991800720954,14.240353575079569,14.29335746170021,839300,-0.0082172515801448
2006-07-14,14.134353637695312,14.311032608847505,14.081349721690156,14.246250918517037,3464600,-0.009949767026869298
2006-07-17,14.169684410095217,14.210909414520762,14.099013294879168,14.099013294879168,1180900,0.0024965194500154754
2006-07-18,14.234474182128906,14.234474182128906,14.081351859676122,14.169691358664894,1581100,0.004561999905013985
2006-07-19,14.411140441894531,14.428808775394064,14.22268271108624,14.22268271108624,2522600,0.012334767608099295
2006-07-20,14.422924995422363,14.505375004208627,14.422924995422363,14.48770778706707,498600,0.0008174049691054618
2006-07-21,14.393479347229004,14.464150464660694,14.364032112218167,14.428814905944847,796900,-0.002043673325220194
2006-07-24,14.49948501586914,14.49948501586914,14.39347723200306,14.41703389325275,1962500,0.007337851731346463
2006-07-25,14.570155143737791,14.599602372442163,14.422922370106695,14.475926258477646,4859200,0.0048621356647603085
2006-07-26,14.49948501586914,14.576045569051866,14.470037785185788,14.576045569051866,1902400,-0.004862135664760254
2006-07-27,14.405255317687988,14.558377550716925,14.3934775484527,14.499485334649425,4074200,-0.006520040028691354
2006-07-28,14.54071044921875,14.564267111171036,14.428813215878565,14.452371001127878,2108400,0.009359239998439906
2006-07-31,14.470037460327148,14.540709689083576,14.452370245610767,14.540709689083576,943900,-0.004872203151535003
2006-08-01,14.399367332458496,14.517152890653191,14.346363438116915,14.517152890653191,1266500,-0.004895859096237222
2006-08-02,14.5289306640625,14.540709555963565,14.428812329497376,14.475926773804671,916300,0.008957609462674168
2006-08-03,14.564269065856934,14.587826854267965,14.487708500115444,14.499487394320958,1275900,0.0024293250314145866
2006-08-04,14.570155143737791,14.670273474738815,14.511261809625973,14.670273474738815,679600,0.000404063448695305
2006-08-07,14.534823417663574,14.576048425401805,14.48181951534379,14.576048425401805,968500,-0.002427883144133554
2006-08-08,14.599600791931152,14.646715229460751,14.552485231104754,14.605489113737654,5638000,0.004446800152562914
2006-08-09,14.505370140075684,14.664381780810553,14.487702928858528,14.664381780810553,3860500,-0.006475249971837696
2006-08-10,14.658502578735352,14.6702814766419,14.458265807514186,14.499491950187098,1278000,0.010501612558112555
2006-08-11,14.62905216217041,14.6879455111145,14.58193770767458,14.6879455111145,658200,-0.002011122249827307
2006-08-14,14.658502578735352,14.776289311205757,14.640835355173063,14.71150649601728,2429600,0.002011122249827205
2006-08-15,14.752724647521973,14.805728540128872,14.705610201126618,14.805728540128872,932200,0.006407239684417844
2006-08-16,14.770401000976562,14.841073270566788,14.682061506461991,14.723286529015615,4637200,0.0011974582757416203
2006-08-17,14.746835708618164,14.811617367645155,14.717388478790474,14.735056816687088,3013400,-0.0015967143264040684
2006-08-18,14.835175514221191,14.841064960330725,14.746836069172186,14.811617729783062,1070900,0.005972553220788922
2006-08-21,14.870506286621094,14.882285175053171,14.823391856189408,14.846948509756936,852300,0.0023787226495036898
2006-08-22,14.858736038208008,14.876404381129866,14.805732132739708,14.864625485848627,562100,-0.0007918297344729382
2006-08-23,14.81162166595459,14.870515019403769,14.776286103204,14.84106890432782,1693000,-0.0031758573538670618
2006-08-24,14.888178825378418,14.888178825378418,14.817506598116728,14.8528421500991,1625700,0.005155410320622965
2006-08-25,14.8646240234375,14.888181811682315,14.811620123183827,14.888181811682315,1062900,-0.0015833672532769307
2006-08-28,14.92351245880127,14.964737451363662,14.841062473676478,14.84695079550242,1744800,0.003953823168118244
2006-08-29,14.976517677307127,14.988296568603127,14.90584545282804,14.982407122955127,2319200,0.00354549970618996
2006-08-30,15.017738342285156,15.041296118082863,14.964734470036896,15.02951723018401,859500,0.0027485723200963126
2006-08-31,15.029519081115724,15.035408525790452,14.97651520233987,15.035408525790452,1773700,0.0007841474027539084
2006-09-01,15.111974716186523,15.117864163065596,15.023635259594682,15.076639158209217,754600,0.005471251114150505
2006-09-05,15.058975219726562,15.642017151628544,15.011860754218244,15.170872496545364,2118400,-0.0035132835451080545
2006-09-06,15.017738342285156,15.035406674133435,14.988292245834602,15.011848898335732,1714600,-0.0027421149717963967
2006-09-07,14.964741706848145,15.07663894940657,14.93529559615772,15.04130339191864,3359800,-0.0035351772464348803
2006-09-08,15.041303634643556,15.053081405131511,14.964741948337569,15.02952474085846,534900,0.005103111261381996
2006-09-11,15.153203010559082,15.153203010559082,14.988302955336405,14.988302955336405,1554000,0.007411936847506805
2006-09-12,15.15908908843994,15.19442464623198,15.10608519010332,15.188536322680914,3268200,0.0003883624462060252
2006-09-13,15.047194480895996,15.194427308001815,15.023637812673671,15.194427308001815,1795600,-0.007408731306165626
2006-09-14,15.123751640319824,15.129641086431894,15.00596496467243,15.05307941027199,953800,0.00507490374512869
2006-09-15,15.140321731567385,15.211347975487266,15.098890226332388,15.104809174069365,1597200,0.0010950338838866727
2006-09-18,15.081140518188477,15.187679370011177,15.027871092277126,15.187679370011177,1403000,-0.0039165073177687745
2006-09-19,15.116652488708496,15.122570309643104,15.045626219326422,15.081138789555334,1275700,0.0023519590906575286
2006-09-20,15.205430030822754,15.223185746281148,15.092972274249258,15.146241678472286,2111200,0.005855652937355121
2006-09-21,15.069302558898926,15.211355113396676,15.0219520837078,15.152166737176676,1811200,-0.008992871459695947
2006-09-22,15.081140518188477,15.081140518188477,15.021952141739822,15.057465844963644,1364600,0.0007852594316831946
2006-09-25,14.98642921447754,15.075211153355768,14.903566222047676,15.075211153355768,2822700,-0.006299918337420339
2006-09-26,15.004192352294922,15.04562386590201,14.891734580415632,15.02786701910294,3256000,0.0011845796430046312
2006-09-27,15.09890079498291,15.12257547357834,15.004199822751922,15.039712405107382,2751300,0.006292293931839204
2006-09-28,15.063384056091309,15.140328151450571,14.992357782054484,15.140328151450571,1040400,-0.0023550440878271853
2006-09-29,15.021953582763672,15.12257349370132,14.992359956162684,15.063386240499344,1591600,-0.002754198740568314
2006-10-02,14.921326637268066,15.039703345713107,14.90357092124808,14.915408817877376,1928900,-0.006721195778817974
2006-10-03,14.93908977508545,14.980521301816452,14.891739297546527,14.93908977508545,2918800,0.0011897449564925188
2006-10-04,15.09890079498291,15.09890079498291,14.40639922996591,14.856229412525424,3268900,0.010640693650720894
2006-10-05,15.039705276489258,15.10481258738481,14.99827376189176,15.09297468923578,1116100,-0.003928223785365006
2006-10-06,14.95684051513672,15.051541431513392,14.915409005337423,15.045622483124353,1665800,-0.005524967622415066
2006-10-09,15.010113716125488,15.010113716125488,14.909493825924043,14.974600016813737,1622600,0.0035554669118552434
2006-10-10,14.95684051513672,15.027865637957238,14.88581426339223,14.974596231379865,2463400,-0.003555466911855126
2006-10-11,14.980512619018556,14.986431566395815,14.856218110867411,14.90356856096172,2001800,0.0015814430026155836
2006-10-12,15.004192352294922,15.06338071270108,14.96867978762086,15.057461763768057,1496100,0.0015794544733250377
2006-10-13,14.97459316253662,15.039700452549202,14.903568054271751,15.033781505373172,638000,-0.001974676349832989
2006-10-16,14.99828052520752,15.004199476951122,14.897660603415495,14.945011088439706,2616300,0.0015805870233929614
2006-10-17,14.968688011169434,15.010119547538318,14.89766171387656,14.909499618246157,1097600,-0.001975009492292406
2006-10-18,15.027862548828123,15.05153833751748,14.944999546262858,14.944999546262858,2107700,0.003945427945225275
2006-10-19,15.063384056091309,15.069301877413745,14.998276732301248,15.051546155597784,1283800,0.002360920717519205
2006-10-20,15.116652488708496,15.122570309643104,15.039707269467565,15.098895639131916,2572000,0.003530047941061328
2006-10-23,15.264618873596191,15.29421248626025,15.087053810839963,15.122566371821623,2048700,0.009740708547675635
2006-10-24,15.21726417541504,15.28237146467152,15.169913727480434,15.28237146467152,997200,-0.0031070742054553134
2006-10-25,15.317882537841797,15.37115192773494,15.181750154303144,15.181750154303144,2033200,0.006590354881820328
2006-10-26,15.418506622314451,15.418506622314457,15.311968942077,15.359319398490513,1450400,0.0065475774290909205
2006-10-27,15.365242958068848,15.400756660339573,15.311974662511467,15.400756660339573,1698100,-0.00346050875054995
2006-10-30,15.300134658813477,15.34156617684371,15.270539910988884,15.270539910988884,2902200,-0.004246378303464664
2006-10-31,15.288300514221191,15.317894140389262,15.252787937034611,15.300138416258209,835700,-0.0007737659750020008
2006-11-01,15.169917106628418,15.30605066257286,15.158080338700884,15.30605066257286,2555100,-0.007773534564867798
2006-11-02,15.14624309539795,15.175836709879691,15.092973686191586,15.152162044079104,1346600,-0.001561808348084452
2006-11-03,15.075220108032228,15.187677899503797,15.02195068727855,15.158084278606989,1916400,-0.004700177330193643
2006-11-06,15.128485679626465,15.163999370375972,15.033784762142416,15.033784762142416,1083700,0.0035270921514746795
2006-11-07,15.152165412902832,15.193596933958473,15.122570662917171,15.193596933958473,1737200,0.0015640177637546114
2006-11-08,15.205430030822754,15.235023642536026,15.12256588596253,15.12256588596253,808500,0.0035091496411569683
2006-11-09,15.116652488708496,15.24094704897181,15.087057739414194,15.24094704897181,1308100,-0.005855652937355175
2006-11-10,15.12257194519043,15.140328796687465,15.063384698049068,15.063384698049068,458700,0.00039150849060202325
2006-11-13,15.075220108032228,15.13440847875012,15.0397075371712,15.08705800796066,1030900,-0.0031361151096328892
2006-11-14,15.116652488708496,15.158084008796267,15.045626219326422,15.057464119044145,911000,0.0027446066190308705
2006-11-15,15.193593978881836,15.252782338417038,15.152162465884414,15.152162465884414,635600,0.005076940269787349
2006-11-16,15.300134658813477,15.317890378584035,15.1817579253635,15.1817579253635,1568700,0.006987739329329371
2006-11-17,15.323802947998049,15.38299129007964,15.240939946438054,15.25277784063912,9636200,0.0015457381216628793
2006-11-20,15.27645778656006,15.347484047421466,15.270538837411264,15.329727199975084,10016300,-0.003094431098359554
2006-11-21,15.252775192260742,15.288287739774072,15.22318046189669,15.28236879370126,1950100,-0.00155147029512335
2006-11-22,15.288300514221191,15.288300514221191,15.199518506792508,15.211356408829523,1168500,0.002326397296817978
2006-11-24,15.229113578796388,15.258708336698628,15.181763095077388,15.205438901399178,262700,-0.0038789007125109866
2006-11-27,15.039705276489258,15.193594565654315,15.027867378340227,15.193594565654315,2513900,-0.012515240550202962
2006-11-28,15.104806900024414,15.134400505330104,15.01010600833779,15.03969961364348,1844000,0.004319308560546801
2006-11-29,15.235027313232422,15.235027313232422,15.098894860273615,15.098894860273615,1200800,0.008584174318975358
2006-11-30,15.158082962036133,15.229108097589224,15.098894596459104,15.181757630912438,1155500,-0.005063286704368983
2006-12-01,15.110730171203612,15.2054310899914,15.0278660205713,15.2054310899914,889300,-0.003128819703246117
2006-12-04,15.329727172851562,15.353402969404849,15.12256846870679,15.12256846870679,1077500,0.014388796958066852
2006-12-05,15.412599563598633,15.412599563598633,15.329735360329206,15.359330121827115,1180200,0.005391432613337671
2006-12-06,15.43034553527832,15.44218343239262,15.35340146188337,15.35340146188337,870700,0.001150731461022272
2006-12-07,15.400757789611816,15.495458744762397,15.394838838799352,15.448108267187108,712700,-0.0019193445293128185
2006-12-08,15.43034553527832,15.501371789040125,15.34156356476907,15.35932041044052,1684000,0.001919344529312773
2006-12-11,15.459945678710938,15.507296154785154,15.400757301387069,15.507296154785154,554200,0.0019164696303650183
2006-12-12,15.424427032470703,15.46585854464408,15.377076571569123,15.459940724839916,1277000,-0.002300105767511129
2006-12-13,15.418506622314451,15.507289715898228,15.382994062235303,15.477694975062327,2534800,-0.00038390707545728827
2006-12-14,15.477693557739258,15.536881905067135,15.412587391710035,15.41850521041138,740500,0.0038313454393297287
2006-12-15,15.50268268585205,15.562171335666315,15.490785863610496,15.54432440032655,3579600,0.001613223373131719
2006-12-18,15.490788459777832,15.550275984910243,15.48483948033423,15.550275984910243,1136200,-0.0007675311101645806
2006-12-19,15.50268268585205,15.550273378773138,15.455091992930964,15.455091992930964,1170400,0.0007675311101646996
2006-12-20,15.514578819274902,15.55027155110775,15.496731886032736,15.496731886032736,778300,0.0007670653970649892
2006-12-21,15.52053451538086,15.574074203631548,15.478892787775212,15.478892787775212,2009800,0.00038380373320024276
2006-12-22,15.508633613586426,15.603815011391996,15.46699189387796,15.597866032197675,512400,-0.0007670784036825858
2006-12-26,15.56812572479248,15.56812572479248,15.478893286384292,15.52648399584546,549200,0.0038287250760930753
2006-12-27,15.621665000915527,15.63356296162862,15.538381545227848,15.627613981272074,983500,0.0034331316410629725
2006-12-28,15.615714073181152,15.645457836602665,15.574072350530296,15.645457836602665,736600,-0.0003810132592910905
2006-12-29,15.538379669189451,15.633561074098424,15.526481709912868,15.55622547345248,959500,-0.004964648528974336
2007-01-03,15.639513969421388,15.71089947365007,15.50863865391525,15.50863865391525,2059700,0.0064875873990926265
2007-01-04,15.66330337524414,15.67520133340988,15.55027504197311,15.60976369815006,845300,0.0015199533090447179
2007-01-05,15.550271034240724,15.669248315930906,15.508629326044591,15.669248315930906,1360200,-0.0072425434913310025
2007-01-08,15.57407283782959,15.59786762238095,15.490789389922012,15.502686214871751,965200,0.0015294657022550248
2007-01-09,15.609763145446776,15.63950803980793,15.562172449120636,15.585968364609558,2437600,0.002289027124183021
2007-01-10,15.675196647644045,15.704940399515388,15.526475618984518,15.609759031945403,1042000,0.0041830705900461505
2007-01-11,15.794172286987305,15.82391717256315,15.639503420598382,15.770377513177996,1823700,0.007561397653481729
2007-01-12,15.770377159118652,15.82391681730179,15.746581251192216,15.82391681730179,1333300,-0.0015077124681829753
2007-01-16,15.782275199890137,15.817967927324773,15.746581337804155,15.764428268847146,1941800,0.0007541705971370833
2007-01-17,15.829862594604492,15.86555531462826,15.788220898801578,15.80011771570876,1573700,0.00301070626538766
2007-01-18,15.806076049804688,15.86556470816654,15.78823024655238,15.86556470816654,664400,-0.0015037675695086547
2007-01-19,15.829862594604492,15.853657363069969,15.776322947243283,15.776322947243283,773400,0.0015037675695085857
2007-01-22,15.812026023864746,15.835821942567238,15.752537361760368,15.764435321111614,2141800,-0.0011274025292269314
2007-01-23,15.84176254272461,15.87745640445458,15.788224019432324,15.817967769555963,646700,0.00187886056957066
2007-01-24,15.901251792907717,15.901251792907717,15.812019404432696,15.88340599600354,2088000,0.003748183408199679
2007-01-25,15.800124168395996,15.936948397892438,15.77038041200418,15.936948397892438,2132700,-0.006380036479623213
2007-01-26,15.758480072021484,15.817968710458672,15.710889388202014,15.776327003948062,3047100,-0.002639161113006257
2007-01-29,15.800124168395996,15.871510772248556,15.77038041200418,15.829869059439384,1363700,0.002639161113006252
2007-01-30,15.788228034973145,15.81797179266174,15.728739384944324,15.734688363412369,2545300,-0.0007531975019564094
2007-01-31,15.85366153717041,15.871508469206756,15.746582214255149,15.806070853058229,1858800,0.004135884193703916
2007-02-01,15.913155555725098,15.966695235282858,15.877462814237187,15.90125759701186,2725800,0.0037456751137216098
2007-02-02,15.94289779663086,15.978591669364755,15.90720505854865,15.948846775419842,1108000,0.001867290289780859
2007-02-05,15.889349937438965,15.919094816062032,15.865555169191612,15.907196864612803,1195900,-0.003364381312216636
2007-02-06,15.865562438964844,15.942896889518105,15.847715503613344,15.942896889518105,1561800,-0.001498193579725779
2007-02-07,15.829862594604492,15.901248034652028,15.812015667267053,15.841759411511674,1713200,-0.002252682172227763
2007-02-08,15.800124168395996,15.829869059439384,15.758482455586826,15.812022124813351,1844200,-0.0018803950310799092
2007-02-09,15.776328086853027,15.84771355015651,15.716839444332471,15.812020818504768,782700,-0.001507204536807351
2007-02-12,15.740628242492676,15.794167886962464,15.734680401685855,15.794167886962464,922300,-0.002265438277450028
2007-02-13,15.794172286987305,15.853660923487627,15.73468478513835,15.73468478513835,770000,0.0033958734509955835
2007-02-14,15.889349937438965,15.907196864612803,15.817964498045804,15.847708242017772,1683400,0.006008040146295221
2007-02-15,15.984541893005373,15.996438716858156,15.853666618758757,15.853666618758757,980100,0.005973054002266566
2007-02-16,16.008333206176758,16.008333206176758,15.930998761959913,15.96074251712373,1131100,0.0014872884967802387
2007-02-20,16.09161949157715,16.222494760748575,15.954796378035867,16.222494760748575,1113900,0.0051891959516100145
2007-02-21,16.00238800048828,16.085672576952568,15.996439021122848,16.079723597587133,837200,-0.005560646861350625
2007-02-22,15.94289779663086,16.02023338623595,15.901256079759667,15.972642690575771,2054600,-0.003724510277089586
2007-02-23,15.954795837402344,15.954795837402344,15.889358205034007,15.954795837402344,1364800,0.000746012640274172
2007-02-26,15.948847770690918,15.966694708171586,15.883411269231985,15.95479674985114,989400,-0.0003728769574666754
2007-02-27,15.585968017578123,15.8893579907448,15.353962385333697,15.877461167916929,4679900,-0.023015563116859317
2007-02-28,15.609763145446776,15.681149757261842,15.44914411985166,15.556223470248405,2056300,0.0015255377320121204
2007-03-01,15.645455360412598,15.645455360412598,15.348013234665958,15.348013234665958,2121100,0.0022839213537558982
2007-03-02,15.401548385620115,15.574065312528749,15.377753612566258,15.508627700990807,2159900,-0.01571243362213917
2007-03-05,15.348014831542969,15.496735909889903,15.16954999138736,15.306373111150112,2645300,-0.0034819101516631815
2007-03-06,15.46698760986328,15.52647625067766,15.377755215967436,15.38370419351402,2027700,0.007721782252074884
2007-03-07,15.407504081726074,15.53243038235575,15.407504081726074,15.53243038235575,1882900,-0.003853252214165292
2007-03-08,15.550271034240724,15.984537318153878,15.282573852414984,15.312317605511806,1756100,0.009223399555698869
2007-03-09,15.597860336303713,15.609758290347552,15.514576927299505,15.597860336303713,1510500,0.0030556785911792323
2007-03-12,15.615714073181152,15.639509991639835,15.562174391300957,15.60381611395181,1086800,0.0011439727209886011
2007-03-13,15.318270683288574,15.574071113136316,15.318270683288574,15.55622417571028,1423300,-0.019231441380069714
2007-03-14,15.348014831542969,15.425350427688374,15.211191711780216,15.383708707295517,2661600,0.001939860474293259
2007-03-15,15.544325828552246,15.544325828552246,15.401553736670968,15.401553736670968,1459600,0.012709534813759213
2007-03-16,15.50187873840332,15.579596871939009,15.460030424939411,15.543727051867233,1909800,-0.002734448038966038
2007-03-19,15.60351848602295,15.627431331019771,15.543734663108522,15.543734663108522,785600,0.006535207290864063
2007-03-20,15.752970695495604,15.752970695495607,15.591554785159886,15.603511772654626,1460200,0.009532530272878342
2007-03-21,15.90243434906006,15.914391340111813,15.681234575728284,15.752975381757391,1103200,0.009443238148496465
2007-03-22,15.980152130126951,15.980152130126951,15.884498484551592,15.944282298106542,2610500,0.004875259104311518
2007-03-23,16.016014099121094,16.016014099121094,15.860576727368985,15.914382015293976,1196200,0.0022416425614418378
2007-03-26,15.90243434906006,15.950261172985654,15.824715047505071,15.950261172985654,1162600,-0.0071169016657534395
2007-03-27,15.830684661865234,15.902425427647088,15.788836356942817,15.902425427647088,1892100,-0.0045220773563812
2007-03-28,15.800798416137695,15.878516558771915,15.717101779411433,15.794819922045654,1289100,-0.0018896524419646187
2007-03-29,15.890472412109377,15.91438638676968,15.770904819370005,15.86058108406507,1844700,0.005659238835189161
2007-03-30,15.932321548461914,15.95025703038134,15.489923256979576,15.878516242984766,2088700,0.0026301374121391013
2007-04-02,15.974172592163086,15.9921080771434,15.896454437811032,15.92036727750346,1076000,0.002623357333983563
2007-04-03,16.081775665283203,16.123623970293064,15.980143578710347,16.01003603963224,2240000,0.006713479595243371
2007-04-04,16.153522491455078,16.16547948030968,16.05189036675338,16.05189036675338,2778800,0.004451452212259932
2007-04-05,16.195363998413086,16.195363998413086,16.093731916470283,16.159494187221725,794800,0.00258689153363911
2007-04-09,16.153522491455078,16.237219132874866,16.153522491455078,16.201349306592274,326500,-0.0025868915336391494
2007-04-10,16.231237411499023,16.231237411499023,16.1714536193929,16.2192804250216,1157200,0.004799484044800326
2007-04-11,16.123628616333008,16.219282238284176,16.06982331145034,16.17145542730859,1958500,-0.006651808840731912
2007-04-12,16.14156723022461,16.195372545547865,16.063849074913986,16.087761914901353,735700,0.001111948356069615
2007-04-13,16.195363998413086,16.201342490325104,16.129601727661644,16.165472679133742,632600,0.0033272679735011786
2007-04-16,16.231237411499023,16.285042710366437,16.201346085586458,16.285042710366437,1402900,0.002212592511161203
2007-04-17,16.380699157714844,16.380699157714844,16.279067035622536,16.302981012717755,957500,0.009166140278431434
2007-04-18,16.338844299316406,16.344822791197632,16.285039012666083,16.308952980191,717400,-0.0025584025206962647
2007-04-19,16.350801467895508,16.356779959844314,16.249169385327324,16.249169385327324,256000,0.0007315569705170577
2007-04-20,16.50026512145996,16.50026512145996,16.38069752843881,16.38069752843881,1448400,0.009099533159717864
2007-04-23,16.464391708374023,16.512218507094058,16.41656376937316,16.458413215998913,2432500,-0.002176478125182295
2007-04-24,16.458417892456055,16.500266210691667,16.350807279689537,16.43450391616076,695900,-0.0003628983100748951
2007-04-25,16.542116165161133,16.57200749820575,16.48831085345582,16.530159175830782,811800,0.005072551373098211
2007-04-26,16.476356506347656,16.55407580917709,16.43450817726171,16.55407580917709,995100,-0.003983209424171324
2007-04-27,16.44047737121582,16.452434355698642,16.00405770012003,16.416563402250176,675400,-0.0021799878733456605
2007-04-30,16.380699157714844,16.53613658799021,16.380699157714844,16.434504465897902,836300,-0.0036426652498626347
2007-05-01,16.31493377685547,16.37471642355168,16.249171497152563,16.37471642355168,2412700,-0.004022890132427836
2007-05-02,16.320913314819336,16.428523917731983,16.320913314819336,16.35678427597758,1805700,0.0003664398851962279
2007-05-03,16.380699157714844,16.488309774080957,16.33287234380559,16.428525971624094,2078200,0.0036564502472315593
2007-05-04,16.380699157714844,16.410591629083868,16.314938001265364,16.410591629083868,3004200,0.0
2007-05-07,16.410587310791016,16.45243561941447,16.374716354587292,16.386673339988533,2766900,0.0018229331369244007
2007-05-08,16.29700469970703,16.35678851016562,16.29700469970703,16.35081001509163,1690900,-0.006945364099632153
2007-05-09,16.320913314819336,16.368740122749283,16.285043493942133,16.320913314819336,1094500,0.001465980715476148
2007-05-10,16.219282150268555,16.32091426557529,16.17145533955251,16.30297992423247,1547100,-0.006246520253508335
2007-05-11,16.261133193969727,16.261133193969727,16.16547956320483,16.20732788412932,657500,0.0025770031829021557
2007-05-14,16.20134162902832,16.29101672237978,16.20134162902832,16.29101672237978,1065800,-0.0036837384014216357
2007-05-15,16.308961868286133,16.368744539117447,16.201351236339605,16.201351236339605,1898400,0.006620709178142759
2007-05-16,16.476356506347656,16.476356506347656,16.302984694379944,16.350811519089806,918400,0.010211649664324716
2007-05-17,16.43450164794922,16.45841562094402,16.237215931866086,16.45841562094402,1185600,-0.002543530209231674
2007-05-18,16.5540714263916,16.5540714263916,16.434503826132428,16.47037365009772,1166300,0.007249195155954839
2007-05-21,16.428525924682617,16.536136540741253,16.404613087936912,16.536136540741253,2122600,-0.007612869702936621
2007-05-22,16.458417892456055,16.4823307284702,16.39265559792515,16.44646090430841,1093400,0.0018178628072865002
2007-05-23,16.410587310791016,16.53613223666138,16.410587310791016,16.44047863401323,3732200,-0.0029103780373569256
2007-05-24,16.338844299316406,16.512217143029826,16.338844299316406,16.422540905092134,1728300,-0.004381335657620674
2007-05-25,16.44047737121582,16.476347184383485,16.410586050289567,16.476347184383485,407300,0.006201067770558864
2007-05-29,16.50026512145996,16.57798325872696,16.410589996834634,16.410589996834634,1502800,0.0036300223596759463
2007-05-30,16.57798194885254,16.61385290809326,16.47634984489913,16.482328338105916,1061400,0.0046989775624334115
2007-05-31,16.60189437866211,16.66765551726281,16.57798040805758,16.613851363964375,1545300,0.0014413817407597537
2007-06-01,16.679615020751953,16.75733429666938,16.613853872223036,16.625809719049442,1677500,0.004670508325686483
2007-06-04,16.739395141601562,16.751352126084385,16.667654374985432,16.685589851709665,511100,0.0035776155141230372
2007-06-05,16.63776969909668,16.691575010478136,16.601899871602793,16.66168367761344,1942000,-0.006089537984025049
2007-06-06,16.53015899658203,16.607878286105283,16.5062461584619,16.542115985782726,2511600,-0.00648886344902115
2007-06-07,16.320913314819336,16.548091507697382,16.320913314819336,16.410589577433907,2088500,-0.012739219566726391
2007-06-08,16.416561126708984,16.47634490055551,16.308951702122005,16.320907544666795,626700,0.00584333921146685
2007-06-11,16.506242752075195,16.51222124544176,16.416566491857708,16.470371791875795,1237600,0.005448007861951694
2007-06-12,16.350801467895508,16.45243355046369,16.308953164534625,16.350801467895508,1028900,-0.009461742376366253
2007-06-13,16.476356506347656,16.51222748009114,16.350811519089806,16.446465168509533,1587400,0.007649498673387518
2007-06-14,16.50026512145996,16.512222108818293,16.428524337591057,16.50026512145996,1942000,0.0014500344863301662
2007-06-15,16.53575325012207,16.595905365315566,16.511693092428374,16.583874712815636,2190900,0.002148451542409461
2007-06-18,16.451534271240234,16.5598078049927,16.451534271240234,16.493640390520483,850300,-0.005106158656603375
2007-06-19,16.331239700317383,16.45154395246114,16.331239700317383,16.45154395246114,1081800,-0.0073389220171927155
2007-06-20,16.313201904296875,16.463581710708027,16.241019092404496,16.427489731108402,1084800,-0.0011051068402221996
2007-06-21,16.3613224029541,16.41545922175934,16.24101810620762,16.259064094911633,1541500,0.0029454466112170358
2007-06-22,16.271080017089844,16.391384213357927,16.19889841717367,16.391384213357927,1672700,-0.005530859465906144
2007-06-25,16.19890594482422,16.331239704370088,16.15679980075537,16.271087578283282,792900,-0.004445594230732265
2007-06-26,16.15679359436035,16.301157953129408,16.144762944303114,16.271081327986312,1164400,-0.0026030884724064906
2007-06-27,16.28310775756836,16.313184374915792,16.066560701889387,16.084606672297845,712700,0.007787619340665123
2007-06-28,16.253040313720703,16.367328074162447,16.241009660840664,16.241009660840664,824100,-0.0018482490515494543
2007-06-29,16.271080017089844,16.39739953790192,16.186867768085694,16.2951413152658,1666500,0.0011093124140230666
2007-07-02,16.403419494628906,16.529737903806357,16.31920607453777,16.31920607453777,4223600,0.008100518947481752
2007-07-03,16.397403717041016,16.475600661430914,16.36131290788461,16.46357115658287,1070800,-0.0003668065046123848
2007-07-05,16.3853702545166,16.415446879743396,15.88610974881117,16.37935492947124,2972900,-0.0007341333027710605
2007-07-06,16.481611251831055,16.481611251831055,16.331231585030945,16.337246909379648,655400,0.005856410778999347
2007-07-09,16.481611251831055,16.481611251831055,16.409429654258254,16.481611251831055,1885900,0.0
2007-07-10,16.331239700317383,16.427482643109837,16.24702741220058,16.385376499051436,1853600,-0.009165470224186654
2007-07-11,16.409435272216797,16.409435272216797,16.192888110749372,16.192888110749372,1142700,0.00477667125950426
2007-07-12,16.54778289794922,16.619964513954084,16.38537254097912,16.397403192748634,1291000,0.008395638106138737
2007-07-13,16.66207504272461,16.66808922247548,16.49364932704218,16.5417707961934,1355600,0.00688305238814944
2007-07-16,16.595905303955078,16.71019420766954,16.571843999044177,16.625980787787544,700700,-0.003979184868728835
2007-07-17,16.5177059173584,16.716208225416864,16.511691738907608,16.644025463640507,1364200,-0.004723105036465218
2007-07-18,16.523725509643555,16.541771491573748,16.43349789460534,16.535756164263685,693700,0.0003643663177881689
2007-07-19,16.577865600585938,16.60794224310965,16.523728791349853,16.529744119854595,1249500,0.0032711502621678807
2007-07-20,16.481611251831055,16.547778672360963,16.38536835686345,16.517702050617455,1204400,-0.005823118204367843
2007-07-23,16.481611251831055,16.571838822449962,16.313186759290648,16.325216260682243,1333100,0.0
2007-07-24,16.3613224029541,16.54177770076702,16.283124265876847,16.427488733588543,2000500,-0.007325130453191636
2007-07-25,16.3613224029541,16.529747041631012,16.265079424479637,16.529747041631012,1806400,0.0
2007-07-26,16.120708465576172,16.409438452594703,15.976344045720118,16.174845266435497,2815100,-0.014815473794163102
2007-07-27,15.904156684875488,16.150779290106446,15.898141359466685,16.150779290106446,3511200,-0.013524183808258528
2007-07-30,15.9402494430542,16.030477040629126,15.801900383618904,15.91618813847094,1047900,0.0022668203318885857
2007-07-31,15.807915687561035,16.126719941698394,15.807915687561035,15.982355556320057,3203400,-0.008336514652296356
2007-08-01,16.04250717163086,16.078597980026856,15.825960026642663,15.91017344264147,1454300,0.014731090220417626
2007-08-02,16.060558319091797,16.174846107017352,16.012436843305647,16.066572499671892,1618700,0.0011245748085052102
2007-08-03,16.030481338500977,16.198907073821335,15.910178225249112,16.132739615783613,4452800,-0.0018744789647487665
2007-08-06,16.445520401000977,16.445520401000977,16.00641205068765,16.066562999372696,3826700,0.02556113055239017
2007-08-07,16.403419494628906,16.583874692684166,16.204918317845653,16.204918317845653,3275100,-0.002563305212159149
2007-08-08,16.692148208618164,16.692148208618164,16.43349491767239,16.511693011231245,4770200,0.01744862284496474
2007-08-09,16.391389846801758,16.547784896778264,16.259056103270666,16.45755729222042,1764900,-0.0181822540877296
2007-08-10,16.301166534423828,16.445530969189516,16.078603980426806,16.234999071582934,2941300,-0.005519515842112275
2007-08-13,16.253040313720703,16.343267915708577,16.126720753092716,16.259055640160724,1353100,-0.002956684276627754
2007-08-14,15.994385719299316,16.198902212488658,15.970324415485928,16.198902212488658,1639400,-0.016042219385601388
2007-08-15,15.910179138183594,16.144771197696237,15.825965692037974,15.916193318980795,1755700,-0.005278666361487705
2007-08-16,15.952279090881348,15.952279090881346,15.65151968636536,15.789868737089256,2661200,0.0026426069762134547
2007-08-17,16.030481338500977,16.24101322082481,15.92822306121834,16.16883043502853,4028900,0.004890284792149255
2007-08-20,16.15077781677246,16.234990070201558,15.982352162608365,16.156793141632527,1448700,0.00747621701249694
2007-08-21,16.15077781677246,16.15077781677246,16.000398137188558,16.000398137188558,558100,0.0
2007-08-22,16.19289207458496,16.19890740246556,16.102664450988907,16.168830763062555,2922400,0.002604174588386021
2007-08-23,16.19890594482422,16.271087578283282,16.1086783293472,16.271087578283282,1035200,0.0003713205611342669
2007-08-24,16.313201904296875,16.331246746789816,16.18086694037866,16.18086694037866,1351700,0.007031007085421169
2007-08-27,16.241012573242188,16.34928617396616,16.234997245723477,16.301164701122886,1260800,-0.004435029414192062
2007-08-28,16.054542541503906,16.234997783820646,15.99439041162951,16.198906964818587,2099100,-0.011547849433972638
2007-08-29,16.19289207458496,16.247028878203892,16.030481663728175,16.060558303131177,1167800,0.00858055120160918
2007-08-30,16.13874626159668,16.198898359516622,16.078594163676737,16.096640137244474,1027300,-0.003349404261230159
2007-08-31,16.180850982666016,16.325215316770386,16.14476018596636,16.22295710336657,1578700,0.0026055241079279306
2007-09-04,16.35529899597168,16.35529899597168,16.2169487788484,16.26507139162605,1787300,0.010723437474672215
2007-09-05,16.204914093017578,16.204914093017578,16.060549742749767,16.060549742749767,1866800,-0.009237407132420702
2007-09-06,16.16282081604004,16.25906379272576,16.120713509846603,16.18688098655808,1298300,-0.0026009420075601064
2007-09-07,16.090627670288086,16.162810430072263,16.01844491050391,16.10265832146979,4722100,-0.004476623102549628
2007-09-10,16.132736206054688,16.174842344158836,16.012433118229442,16.090630067950542,5018500,0.0026135421427184746
2007-09-11,16.241012573242188,16.307180028641596,16.13273897251821,16.150784955074347,3407600,0.006689171010805368
2007-09-12,16.325223922729492,16.391391374314296,16.241011636935266,16.271087125488535,2135800,0.0051717082626157275
2007-09-13,16.37334442138672,16.46958735581481,16.36732909457168,16.46958735581481,2333000,0.002943280750973552
2007-09-14,16.469587326049805,16.469587326049805,16.331238251472747,16.373344391795655,2344400,0.005860815404154337
2007-09-17,16.37334442138672,16.415451709092,16.355299588247878,16.391390401831842,603300,-0.00586081540415437
2007-09-18,16.692148208618164,16.692148208618164,16.403419433876625,16.451540896333547,1828300,0.01928376933836014
2007-09-19,16.70417594909668,16.764328053508336,16.61996254399798,16.728236102477762,3788300,0.0007203032849812847
2007-09-20,16.722225189208984,16.728240515967798,16.644028235956938,16.716211009756435,1412200,0.0010799392846279462
2007-09-21,16.730701446533203,16.815382863880497,16.70045841282282,16.7488479589781,2317300,0.0005067573069410873
2007-09-24,16.718599319458008,16.7669888527273,16.652064432273647,16.74884349881224,951200,-0.0007236101996827061
2007-09-25,16.69440460205078,16.736745298111067,16.59157670289118,16.639966234631142,6076300,-0.0014482218774935277
2007-09-26,16.809328079223633,16.875862956019272,16.71254787409877,16.742792048730696,2808800,0.006860365619649963
2007-09-27,16.869810104370117,16.906103105287016,16.81537175669179,16.83956709063639,1408500,0.0035916649550371844
2007-09-28,16.924251556396484,16.924251556396484,16.845619014047326,16.87586203332841,825300,0.0032219565478258713
2007-10-01,16.87586212158203,16.906106294718516,16.766985405685176,16.87586212158203,5794400,-0.002863272492799489
2007-10-02,16.881916046142578,16.88796488259361,16.803283479674317,16.881916046142578,2038300,0.00035866842867242034
2007-10-03,16.83956527709961,16.875857120411037,16.78512693528402,16.851662942769053,6854900,-0.002511798986728734
2007-10-04,16.87586212158203,16.881910956209328,16.80932724807625,16.84561910214279,5732400,0.002153130558056176
2007-10-05,16.936344146728516,16.948441812292003,16.857711627959624,16.91214881560154,3707600,0.0035775299117860606
2007-10-08,16.827476501464844,16.88796370807083,16.803282311040956,16.803282311040956,2909100,-0.006448797586480812
2007-10-09,16.924251556396484,16.942398060183475,16.827472510260332,16.881910867924073,4467400,0.005734540167494228
2007-10-10,16.996837615966797,17.008935286010896,16.839571366485426,16.839571366485426,2556900,0.0042797075289266046
2007-10-11,17.0391845703125,17.12386598435191,16.95450315627309,17.111769463558947,6015200,0.002488362239557703
2007-10-12,17.07546615600586,17.371852080336485,17.014978973679863,17.371852080336485,3744700,0.0021270391811117942
2007-10-15,17.02103042602539,17.160151312888512,16.773033978661058,16.773033978661058,3811300,-0.0031930422000710015
2007-10-16,16.94844627380371,17.01498114452377,16.918202101933513,16.97264045760268,3147400,-0.004273499019653431
2007-10-17,17.00893211364746,17.057321631101342,16.906104244845825,17.014979793844233,7207900,0.003562460159499305
2007-10-18,16.94844627380371,17.01498114452377,16.93634860505563,16.954495108177753,12642300,-0.0035624601594993408
2007-10-19,16.773033142089844,16.978688891163557,16.75488779309327,16.96054354216698,7279600,-0.010403737732931405
2007-10-22,16.881916046142578,16.912159074700156,16.706504403852957,16.718600923057437,1933100,0.0064705659389329975
2007-10-23,16.936344146728516,16.936344146728516,16.827467464050905,16.930295313946772,1506200,0.003218861483113666
2007-10-24,16.88795280456543,16.9484399721186,16.754881958905866,16.894001636690422,2160100,-0.0028613381232306784
2007-10-25,17.02707862854004,17.063370480693347,16.930299586999766,16.97264027346149,2888900,0.0082044213733026
2007-10-26,17.142005920410156,17.14805475533517,16.960545487448908,16.960545487448908,1332300,0.006727000549347638
2007-10-29,17.14805030822754,17.20853748809388,17.099660795073866,17.14805030822754,1526300,0.00035254464674437864
2007-10-30,17.07546615600586,17.14200217193416,17.014978973679863,17.051271975293687,1542000,-0.0042417769155548
2007-10-31,17.184349060058594,17.20854440320663,16.990790929664147,16.990790929664147,2189400,0.006356325623143884
2007-11-01,16.84562110900879,17.238786177044002,16.839572273660877,17.238786177044002,2617800,-0.019908283016712266
2007-11-02,16.95450210571289,16.95450210571289,16.791186971301258,16.791186971301258,2537000,0.00644266132584627
2007-11-05,16.97869300842285,17.05127788310216,16.63996628521346,16.63996628521346,1753700,0.0014257959927865547
2007-11-06,17.093618392944336,17.093618392944336,16.936352127601488,16.936352127601488,1129500,0.0067459949521475795
2007-11-07,16.90610694885254,17.051275524432825,16.821424414491077,16.93634996946195,2671300,-0.011030285884313418
2007-11-08,17.02707862854004,17.069419315001763,16.77303335607253,17.045225131465283,3227300,0.007130022726564243
2007-11-09,16.86376190185547,17.02707695100102,16.857714221840062,16.906103737842773,2385800,-0.009637883765521656
2007-11-12,16.87586212158203,17.033128360800024,16.718595882364042,16.736742386245933,2307100,0.0007172706036635583
2007-11-13,17.129907608032227,17.202492470712507,16.960544851273657,17.16619946252374,1602400,0.014941594604893497
2007-11-14,17.214584350585938,17.33555870457603,17.154098327287834,17.214584350585938,2915100,0.004931033146889506
2007-11-15,17.202491760253906,17.317416153680227,17.027079022344456,17.027079022344456,4579100,-0.0007027087827389073
2007-11-16,17.281126022338867,17.329515549049024,17.166200463765755,17.269028352237,1555800,0.004560681473669925
2007-11-19,17.16014289855957,17.33555439921435,17.141996403858737,17.33555439921435,2718600,-0.007025503135637743
2007-11-20,17.299272537231445,17.50492831428972,17.123859781747544,17.50492831428972,3525100,0.00807502930156811
2007-11-21,17.087570190429688,17.311372502320612,17.075472518717213,17.232738789886987,3356900,-0.012313141000766848
2007-11-23,17.26297378540039,17.293216794895063,17.14804827266629,17.293216794895063,686700,0.010212654542902823
2007-11-26,17.087570190429688,17.42024808664048,17.045229493133494,17.42024808664048,2987300,-0.010212654542902731
2007-11-27,17.26902961730957,17.347663325034848,17.08756916727762,17.08756916727762,2612400,0.010563391909665947
2007-11-28,17.541215896606445,17.571458910811433,17.287170654714608,17.420241532392414,4534000,0.015638604241191727
2007-11-29,17.6319522857666,17.728731349650598,17.365809283236885,17.365809283236885,2780900,0.005159420952375711
2007-11-30,17.656143188476562,17.722678057103934,17.559364148930246,17.722678057103934,2794800,0.001371051975139326
2007-12-03,17.5896053314209,17.765018043362428,17.559362317353685,17.765018043362428,5158900,-0.0037756574278896876
2007-12-04,17.565420150756836,17.63195504653405,17.54122480414867,17.571467833711253,2187800,-0.0013759161967798609
2007-12-05,17.637996673583984,17.77711639862233,17.595655988024237,17.77711639862233,1632500,0.004123271670718073
2007-12-06,17.6319522857666,17.819461577829664,17.6319522857666,17.74082902106046,3177400,-0.00034275002118786685
2007-12-07,17.8194580078125,17.904140537018467,17.728727797810667,17.78316615455121,3010100,0.010578279903722036
2007-12-10,17.837604522705078,18.00696842752816,17.813410338414474,18.00696842752816,980600,0.0010178357481736313
2007-12-11,17.644046783447266,17.982773446112677,17.589608425592456,17.982773446112677,3657200,-0.010910408742173142
2007-12-12,17.69243049621582,17.98881637292248,17.559359639438398,17.96462219609788,2379800,0.002738458767242058
2007-12-13,17.771066665649414,17.813408502764823,17.571459762608015,17.813408502764823,3219400,0.004434774041274525
2007-12-14,17.553325653076172,17.801322232187562,17.529130302090753,17.541227977583464,2749000,-0.012328238707732893
2007-12-17,17.43234634399414,17.535174249609756,17.36581030103771,17.396054481334957,2978300,-0.006915962128754096
2007-12-18,17.353710174560547,17.63799848806246,17.317417165749625,17.63799848806246,4009900,-0.004521139286932594
2007-12-19,17.498876571655273,17.547266090352363,17.262977812219106,17.262977812219106,1922700,0.008330356517526212
2007-12-20,17.420238494873047,17.771062705485036,17.420238494873047,17.771062705485036,1720800,-0.004504020767499939
2007-12-21,17.837923049926758,17.837923049926758,17.491378719937742,17.491378719937742,2275200,0.023694037210275132
2007-12-24,17.813602447509766,17.91695786914801,17.75888480313563,17.91695786914801,882300,-0.0013643515025118633
2007-12-26,17.752805709838867,17.850081262253106,17.710246640993592,17.850081262253106,1349100,-0.0034187763137676934
2007-12-27,17.582571029663086,17.85007934995176,17.582571029663086,17.85007934995176,2449500,-0.009635442604877927
2007-12-28,17.649452209472656,17.75888634812541,17.60081442797715,17.75888634812541,725400,0.0037966176221413115
2007-12-31,17.509618759155273,17.643373537040944,17.394104745038344,17.643373537040944,1763300,-0.007954373295994377
2008-01-02,17.260347366333008,17.460978343313823,17.181311412814058,17.345464346602746,10122700,-0.014338562346646485
2008-01-03,17.16915512084961,17.327228219196236,17.144836807051224,17.26643069527579,4379600,-0.005297343972321268
2008-01-04,17.096193313598633,17.229946893887284,17.029315943646342,17.029315943646342,4172500,-0.0042586415054440925
2008-01-07,17.296831130981445,17.357627499130633,17.08404036361011,17.08404036361011,3826400,0.011667487619430643
2008-01-08,17.16915512084961,17.546098841463305,17.16915512084961,17.406264188561387,5549600,-0.00740884611398673
2008-01-09,17.40018653869629,17.40626524780356,17.19955550928103,17.321149404905086,4759000,0.01336645978554037
2008-01-10,17.430583953857422,17.576497317940067,17.333308377802325,17.381946165829874,5023700,0.001745434996040963
2008-01-11,17.187397003173828,17.454904288481345,17.120519602038712,17.430585971460875,4456400,-0.014049978907567038
2008-01-14,17.114431381225586,17.24818611822498,17.090113076072182,17.156989284955973,7331400,-0.004254334852541791
2008-01-15,16.93204689025879,17.035402338148543,16.871249363332513,17.023242600840014,2611500,-0.01071395603100838
2008-01-16,16.871246337890625,17.059717593909667,16.816528689430875,16.816528689430875,8980400,-0.003597319203464763
2008-01-17,16.74964714050293,17.00499571660904,16.67061120105822,16.998915850557008,4250400,-0.00723358096865813
2008-01-18,16.5064640045166,16.85908824016271,16.4152683014319,16.85908824016271,6034900,-0.014625129771592743
2008-01-22,16.336223602294922,16.427419256631918,14.82237086991504,15.308749625738445,12101600,-0.010367113008624286
2008-01-23,16.536867141723633,16.567265329858408,15.971452029331104,16.044408144701176,10402400,0.012207311604344899
2008-01-24,16.457826614379883,16.646297893232745,16.317993122315382,16.646297893232745,3787300,-0.004791114542504552
2008-01-25,16.23287582397461,16.52470251843307,16.19639661745515,16.518622650679827,2960800,-0.013762588396947242
2008-01-28,16.360549926757812,16.44566575793754,16.19639697266871,16.24503475614516,4415300,0.007834387019436251
2008-01-29,16.409196853637695,16.55511028537178,16.31192123248164,16.55511028537178,1733400,0.0029690166934365643
2008-01-30,16.293670654296875,16.56725887945542,16.2754322123637,16.457823589392003,4867300,-0.007065232422043779
2008-01-31,16.536867141723633,16.6280628657445,16.238959331843436,16.251119070943965,3030900,0.014815531648622498
2008-02-01,16.70101547241211,16.7618129955253,16.53686366750769,16.53686366750769,4343600,0.009877263670643177
2008-02-04,16.597658157348633,16.792210441271727,16.585499581791577,16.786130573685114,2560900,-0.006207913753331555
2008-02-05,16.372703552246094,16.59157407601586,16.29366645883332,16.59157407601586,4559300,-0.013646079949580373
2008-02-06,16.30583381652832,16.42742886652002,16.245036291532468,16.415269129597586,3143200,-0.004092583967141336
2008-02-07,16.476062774658203,16.488222508717154,16.232873891559496,16.238952598972908,2395300,0.010385639997964826
2008-02-08,16.293670654296875,16.47606319094127,16.293670654296875,16.397026077177205,2827600,-0.011131857647177492
2008-02-11,16.500385284423828,16.506465153001336,16.29367439125399,16.29367439125399,3441600,0.012607002219002475
2008-02-12,16.719255447387695,16.719255447387695,16.561182347640255,16.61590000369192,5154200,0.013177344801349916
2008-02-13,16.640216827392578,16.93812337422363,16.640216827392578,16.93812337422363,1872500,-0.004738610205896893
2008-02-14,16.55510139465332,16.792211608548776,16.50646361019563,16.75573240049332,3391700,-0.005128170105266898
2008-02-15,16.628061294555664,16.646299741866553,16.488227786962128,16.567263764414342,3103300,0.004397411913737642
2008-02-19,16.89556312561035,16.98675880535859,16.60981519355229,16.98675880535859,3689200,0.015959342905057978
2008-02-20,16.536867141723633,16.84085366153755,16.51254766352258,16.640222604845025,3547400,-0.021458789879361728
2008-02-21,16.597658157348633,16.755731235752048,16.56725997903174,16.694933719502092,4037100,0.003669349917311733
2008-02-22,16.78005027770996,16.78005027770996,16.49430230651506,16.658455248314326,3101600,0.010929086770423986
2008-02-25,16.80436897277832,16.82868844306102,16.688854967783996,16.780050662111787,2436400,0.0014482131810779645
2008-02-26,17.011085510253906,17.011085510253906,16.78613613312853,16.834773930313737,2379500,0.01222630987364686
2008-02-27,16.78005027770996,16.99891970715951,16.78005027770996,16.99891970715951,2402500,-0.013674523054724835
2008-02-28,16.81045150756836,16.871249033305343,16.743575272912395,16.743575272912395,3234200,0.0018101092001259079
2008-02-29,16.49429702758789,16.73140714306172,16.4882183217181,16.73140714306172,4405200,-0.01898612005308271
2008-03-03,16.658451080322266,16.658451080322266,16.384864072058548,16.390942778352894,3034200,0.00990297357743125
2008-03-04,16.64629554748535,16.688854619592135,16.41526638270067,16.591579059723202,4349600,-0.0007299580154445328
2008-03-05,16.68885612487793,16.78005182552862,16.573340952258384,16.719254305222744,2130000,0.0025534967374194672
2008-03-06,16.536867141723633,16.688860401630592,16.44567025808622,16.524707402623108,1865600,-0.009148938134185134
2008-03-07,16.457826614379883,16.57942166115894,16.40310895929094,16.48214608758222,5307900,-0.004791114542504552
2008-03-10,16.372703552246094,16.56117474792795,16.354463955393346,16.56117474792795,4282300,-0.005185615489764054
2008-03-11,16.719255447387695,16.719255447387695,16.48822624598225,16.71317557898014,3677600,0.020945545403998348
2008-03-12,16.67669677734375,16.810450397439205,16.615899255621716,16.664537041076088,4541800,-0.0025487336187411213
2008-03-13,16.67669677734375,16.69493522212897,16.43958771820572,16.555101733899683,8384400,0.0
2008-03-14,16.390949249267578,16.82869049068893,16.299753543843565,16.82261062237849,4151100,-0.017283034941254823
2008-03-17,16.29974937438965,16.488221764953444,15.989683127569489,16.11127814344187,5314200,-0.005579575556218039
2008-03-18,16.597658157348633,16.749651368165438,16.421346635801548,16.50038259519517,3908900,0.0181118786617959
2008-03-19,16.68885612487793,16.877327394171527,16.62805860457205,16.73749390919938,5407800,0.005479588216873401
2008-03-20,16.882003784179688,16.92478926850289,16.65585043956374,16.680299953929577,3946600,0.011506990947344546
2008-03-24,17.071483612060547,17.077595990922266,16.955350745322043,17.02258574698387,4827000,0.011161256732286835
2008-03-25,17.114259719848633,17.138709221897443,17.022576418798444,17.083699008104045,3438100,0.002502571302770623
2008-03-26,16.97368049621582,17.18149662381974,16.97368049621582,17.18149662381974,2154900,-0.008248079509495384
2008-03-27,17.059253692626953,17.16927414721426,17.010355842345565,17.163161770202,2448900,0.005028856828944822
2008-03-28,17.040916442871094,17.15093689669192,17.00424334686972,17.120376177660226,2735200,-0.0010754932571029642
2008-03-31,17.02869415283203,17.163162958965323,17.02258177539641,17.07147962906459,2037900,-0.0007174893020310387
2008-04-01,17.236509323120117,17.34041740186821,17.08981460480316,17.187611472286704,7419700,0.012129956765975943
2008-04-02,17.24262237548828,17.39542832138584,17.18150092978274,17.35264284306522,3273700,0.0003545943375635895
2008-04-03,17.193721771240234,17.24873199623603,17.150936299758317,17.236508408538814,2664100,-0.002840059729266975
2008-04-04,17.340412139892578,17.340412139892578,17.181493881453807,17.25484005253855,2220400,0.008495435343981412
2008-04-07,17.230398178100586,17.346529853498495,17.205948668027254,17.315969131723637,1447600,-0.006364579374858268
2008-04-08,17.224285125732422,17.224285125732422,17.138714175462052,17.16927489603954,1648600,-0.00035484595103664414
2008-04-09,17.05314826965332,17.20595425982193,17.004250399432053,17.20595425982193,1823100,-0.00998547797345652
2008-04-10,17.095932006835938,17.18150414530889,17.059258899385853,17.083708414897288,1958500,0.002505704939707161
2008-04-11,16.98590850830078,17.083704214668163,16.900336390866737,17.04702995041781,2347900,-0.006456451827313486
2008-04-14,16.979795455932617,17.02258093004041,16.94923357027224,16.992019044380033,2333500,-0.0003599544081645295
2008-04-15,17.083703994750977,17.089815206230586,16.967571157753387,17.089815206230586,1360900,0.006100891734031394
2008-04-16,17.181493759155273,17.181493759155273,17.065360962311967,17.14481950805758,3858400,0.005707833971982165
2008-04-17,17.205947875976562,17.205947875976562,17.05314194250285,17.157050023897646,2294600,0.0014222704441358165
2008-04-18,17.089815139770508,17.346529156136093,17.077591551042058,17.346529156136093,3737100,-0.00677245058125148
2008-04-21,17.13871955871582,17.187617426488625,17.059259794949313,17.065372174148052,2343000,0.002857525316424933
2008-04-22,17.034809112548828,17.16316556070386,16.967574116381734,17.138717213072077,2750400,-0.006081360073125206
2008-04-23,17.144826889038086,17.242622602434356,17.05314355345619,17.05314355345619,1418600,0.006437643539666735
2008-04-24,17.169281005859375,17.248739607126847,17.065372886775958,17.23651601403605,2711400,0.001425310023276028
2008-04-25,17.071483612060547,17.242625556920384,16.961463124183762,17.242625556920384,5969300,-0.005712352561358097
2008-04-28,17.17538833618164,17.20594905865031,17.11426572542746,17.126490480741662,3097900,0.006068001953455454
2008-04-29,17.193721771240234,17.24873199623603,17.07759011030836,17.163161053272198,2731600,0.001066855483903433
2008-04-30,16.90034294128418,17.36487330948533,16.90034294128418,17.273189944957377,2611400,-0.017210389779031745
2008-05-01,17.205947875976562,17.254845728055482,17.004244090423935,17.004244090423935,4348500,0.017921216678040086
2008-05-02,17.181493759155273,17.32818726609696,17.15704425842348,17.32818726609696,3967100,-0.001422270444135747
2008-05-05,17.120370864868164,17.224278909474574,17.120370864868164,17.218166534401686,983300,-0.0035638271942270193
2008-05-06,17.230398178100586,17.254846522357113,17.08370461511101,17.224285800582255,770600,0.006406126708477475
2008-05-07,17.06536865234375,17.29152197275709,17.05925627440643,17.24873532719584,2367900,-0.0096239748967234
2008-05-08,17.114259719848633,17.181494684666436,17.065361881567437,17.065361881567437,1377100,0.0028608327930123374
2008-05-09,17.016468048095703,17.120376124624965,16.83310140284016,16.943120690503466,2844500,-0.0057304338790278575
2008-05-12,17.205947875976562,17.205947875976562,17.01646884489785,17.02869359937177,1344100,0.01107354691262446
2008-05-13,17.144826889038086,17.242622602434356,17.083705442528068,17.242622602434356,2549400,-0.0035586417982851055
2008-05-14,17.212060928344727,17.328193768768667,17.1998361733913,17.1998361733913,3384800,0.003913865859456013
2008-05-15,17.41988754272461,17.41988754272461,17.181510507306818,17.236520771759768,984300,0.012002160915962054
2008-05-16,17.41376304626465,17.444324930707563,17.30985497079212,17.419875423153233,2458000,-0.00035164253068591616
2008-05-19,17.51156997680664,17.51156997680664,17.340427977422237,17.42599897711444,2167500,0.005600930772189571
2008-05-20,17.248737335205078,17.358757819251107,17.212064229128742,17.30374757722809,3690100,-0.01512286116435471
2008-05-21,17.071483612060547,17.315972937443927,17.04703409661368,17.291524587814123,2266800,-0.010329496390649048
2008-05-22,17.25484848022461,17.27318561486028,17.08370655355943,17.163165138680128,1783500,0.010683728853102276
2008-05-23,17.16316032409668,17.23650767624714,17.14482319460491,17.23650767624714,2510500,-0.005327930127733713
2008-05-27,17.212060928344727,17.285408292248476,17.13260235278106,17.13260235278106,1573500,0.0028451096721696678
2008-05-28,17.236509323120117,17.31596789354314,17.144824832717838,17.31596789354314,1392300,0.001419414431523874
2008-05-29,17.303743362426758,17.43210095115445,17.15093743087558,17.25484551096305,3419300,0.0038930881505742
2008-05-30,17.41376304626465,17.444324930707563,17.322079724569285,17.425987800041813,2311100,0.00633801580317789
2008-06-02,17.260963439941406,17.413769420641117,17.157055326432918,17.413769420641117,2447200,-0.00881336990202899
2008-06-03,17.352643966674805,17.352643966674805,17.15094015166208,17.193725632753125,2637800,0.0052973814634876635
2008-06-04,17.340412139892578,17.340412139892578,17.21816696699618,17.27317717821792,2180200,-0.0007051455629328108
2008-06-05,17.517677307128906,17.523789686175736,17.346534191269,17.364871328409485,1662500,0.010170763695718477
2008-06-06,17.083703994750977,17.468774437888463,17.065366862861854,17.468774437888463,2102100,-0.02508547655680943
2008-06-09,17.144826889038086,17.19372474573622,17.028695208015556,17.138715677040576,2487000,0.003571462617833081
2008-06-10,17.17538833618164,17.297632391873165,17.028694769861712,17.028694769861712,3032700,0.0017809594153733513
2008-06-11,17.083703994750977,17.23650992971005,16.967571157753387,17.23650992971005,6986300,-0.0053524220332061955
2008-06-12,17.199844360351562,17.279304139554117,17.07148786969454,17.132610507738654,2360800,0.0067753085929554025
2008-06-13,17.187610626220703,17.248732062391202,17.083702552587525,17.15704874231879,4316400,-0.0007115231209615988
2008-06-16,17.00424575805664,17.065368370603863,16.918674799980646,17.047031237094636,6055500,-0.010725748493057156
2008-06-17,16.949243545532227,17.06537644775672,16.888120904055263,17.034815709926946,3046800,-0.0032398590992733208
2008-06-18,16.759756088256836,16.924786788594034,16.73530657747347,16.894224900114825,3251800,-0.011242662506999616
2008-06-19,16.81476593017578,16.857551407233583,16.72308259850666,16.72308259850666,2159400,0.0032768830551454867
2008-06-20,16.623855590820312,16.777325454535745,16.562467411157712,16.685243770482913,5297400,-0.011418677266370605
2008-06-23,16.56245994567871,16.672958385088126,16.51948859054874,16.666819452800755,1515300,-0.0037000621607791106
2008-06-24,16.617712020874023,16.709793679244104,16.476520066647776,16.52563036250394,2343100,0.003330430373975132
2008-06-25,16.992176055908203,16.992176055908203,16.64226510722747,16.679097530540805,4769100,0.02228389036818494
2008-06-26,16.476520538330078,16.752766692230384,16.421271307550015,16.697517461450325,2229000,-0.03081663630469841
2008-06-27,16.304630279541016,16.51334928911937,16.181855149183008,16.433545512930746,3321100,-0.010487236103808176
2008-06-30,16.4212703704834,16.470380664943033,16.22482919264487,16.255522687601474,2226600,0.007128334593053825
2008-07-01,16.40285301208496,16.40285301208496,16.138885920159716,16.181857279987504,7943400,-0.0011221844444421138
2008-07-02,16.384441375732422,16.43355168048316,16.323053202073492,16.384441375732422,2999000,-0.0011230959206358934
2008-07-03,16.372161865234375,16.501075963198453,16.347606129880127,16.372161865234375,1730600,-0.0007497426386320852
2008-07-07,16.53791046142578,16.580881829739845,16.33533031731522,16.47652229059913,3255100,0.010072903881527179
2008-07-08,16.752761840820312,16.752761840820312,16.47037683517751,16.537903913438477,6431100,0.012907781524067574
2008-07-09,16.587017059326172,16.78345822539223,16.587017059326172,16.74662579947527,3225300,-0.009942846198932249
2008-07-10,16.70978546142578,16.70978546142578,16.50106651396393,16.62998170898742,4386200,0.007374219092594956
2008-07-11,16.531766891479492,16.70365231653629,16.470378737867076,16.59315504509191,4209700,-0.010710707484390462
2008-07-14,16.54404640197754,16.73434864331149,16.470380376138916,16.470380376138916,3935500,0.0007425069765183342
2008-07-15,16.513347625732422,16.6729563329139,16.310767568710066,16.42126599451889,8632500,-0.0018573021844483786
2008-07-16,16.722074508666992,16.73435237752682,16.488800854740333,16.488800854740333,3588800,0.012560672545610052
2008-07-17,16.752761840820312,16.752761840820312,16.43354441561767,16.697512626039796,5109800,0.0018334572530477094
2008-07-18,16.470373153686523,16.758895855696863,16.470373153686523,16.758895855696863,2963700,-0.01699993019639809
2008-07-21,16.433549880981445,16.636130012255624,16.427410947199576,16.513353678381982,3792900,-0.002238230866210413
2008-07-22,16.722074508666992,16.771184813224288,16.451967248160845,16.451967248160845,1357800,0.017404703809560874
2008-07-23,16.838708877563477,16.844847810883813,16.66068332391919,16.746627219522072,3088500,0.006950662451526412
2008-07-24,16.734344482421875,16.86939746351722,16.64840178271406,16.80800931906244,3320100,-0.006217172456182793
2008-07-25,16.642261505126953,16.765036613224797,16.61770578097856,16.765036613224797,5232900,-0.005517829521816074
2008-07-28,16.50106430053711,16.679089743384438,16.50106430053711,16.525620018535808,1859900,-0.00852045202931597
2008-07-29,16.8878116607666,16.8878116607666,16.574733225992105,16.587011087171017,2977700,0.023167276342579663
2008-07-30,17.08425521850586,17.12722656794434,16.887814094854825,16.961478930783237,3801500,0.011565133672765446
2008-07-31,16.82028579711914,17.022865837522115,16.783453381831702,16.930784213862832,5016200,-0.015571645998754427
2008-08-01,16.789600372314453,16.906237776075333,16.74662900537148,16.8755431062004,4155300,-0.0018259766293713124
2008-08-04,16.943065643310547,17.06584077707965,16.795734780258652,16.820289338659826,2253600,0.009098974253803052
2008-08-05,17.237728118896484,17.403475786117042,17.047425892207137,17.11495180890755,3395900,0.017241833375291442
2008-08-06,17.42189598083496,17.452590651820845,17.078123861966873,17.108818532952757,5259100,0.010627327909460972
2008-08-07,17.08425521850586,17.329806623069647,17.08425521850586,17.317528760121093,3992700,-0.019570512910429844
2008-08-08,17.4403076171875,17.52011256722868,17.07197987063825,17.078118803016928,3085300,0.020626765020973933
2008-08-11,17.593780517578125,17.661307614773825,17.434171760222178,17.47100419010991,2905000,0.008761402982255218
2008-08-12,17.71656036376953,17.71656036376953,17.507841268148525,17.624477514438684,3044200,0.006954356030589069
2008-08-13,17.538530349731445,17.64902880436945,17.452587627627118,17.63675093810261,4616900,-0.010099621003512981
2008-08-14,17.61834144592285,17.734977703436055,17.403483394946782,17.520120823342165,4390900,0.004540292080540662
2008-08-15,17.79021453857422,17.81477026252907,17.587634499472163,17.630605845511784,1962000,0.009708074093571504
2008-08-18,17.71656036376953,17.79636417285659,17.55695157471335,17.79636417285659,2579900,-0.0041487451705991985
2008-08-19,17.477136611938477,17.569219408672343,17.42802633342507,17.507831267810232,2744300,-0.013606268514824266
2008-08-20,17.483278274536133,17.52624962858863,17.29297606192582,17.452584784750513,2201400,0.00035134952950533936
2008-08-21,17.29297637939453,17.403474818061845,17.207033669711777,17.256143956799296,1888600,-0.010944467515744735
2008-08-22,17.606054306030273,17.685858080780655,17.403474232253004,17.403474232253004,2801800,0.017942408115062345
2008-08-25,17.323665618896484,17.532384580523782,17.26841641311977,17.470996444007287,3148400,-0.016169315996902578
2008-08-26,17.256147384643555,17.366645845260816,17.19475922086932,17.26228631810916,1495600,-0.003905071438533863
2008-08-27,17.33595085144043,17.354367651490403,17.213175697086047,17.24386919295419,1247800,0.004613979055498268
2008-08-28,17.446439743041992,17.470994292095405,17.299108936078007,17.40960733402129,1487500,0.006353172473176514
2008-08-29,17.274564743041992,17.464868186876377,17.2377323094439,17.44645138463635,1667000,-0.0099004280810516
2008-09-02,17.464862823486328,17.618332615710703,17.397335740225493,17.464862823486328,3601000,0.010955850296786767
2008-09-03,17.33595085144043,17.507837472594744,17.33595085144043,17.409616880758513,2136900,-0.0074085946889117125
2008-09-04,17.225448608398438,17.48327789804279,17.213171915277513,17.48327789804279,3137300,-0.006394568582861184
2008-09-05,17.385061264038086,17.434171560285805,17.13950978279949,17.225452508512543,8917700,0.009223428823721624
2008-09-08,17.75338363647461,17.882297685579594,17.544664648596715,17.661302005559413,4121100,0.020964835748108746
2008-09-09,17.661304473876953,17.980521931819023,17.630609812027735,17.962105134709496,4849300,-0.00520006669554809
2008-09-10,17.78407859802246,17.79021753004345,17.64288667418439,17.79021753004345,5140700,0.006927537778233763
2008-09-11,17.85774803161621,17.943690754607207,17.532391597478927,17.679722481555682,4499000,0.004133881199215015
2008-09-12,17.894575119018555,17.90071405038306,17.747244278914835,17.81477135304291,3219200,0.002060123493067882
2008-09-15,17.67972183227539,17.900718735715397,17.550807752523212,17.833191643912787,7420400,-0.012079277319179684
2008-09-16,17.67972183227539,17.7963592169667,17.145647543471025,17.7963592169667,7878800,0.0
2008-09-17,17.04742431640625,17.538527169202915,17.035146452365943,17.397335245384067,8617900,-0.03641919778574069
2008-09-18,17.157926559448242,17.544669995508546,17.053567033704695,17.489420765945386,11022500,0.006461131058918135
2008-09-19,17.120223999023438,18.720995896081835,17.120223999023438,18.226548299889533,6403500,-0.0021998022072080544
2008-09-22,17.027517318725586,18.158564732776114,16.916267739007935,17.16967172070726,5088600,-0.005429753447038925
2008-09-23,16.798831939697266,17.19438904299007,16.798831939697266,17.027512947968486,3901800,-0.01352134464296963
2008-09-24,16.76792335510254,16.99042474945918,16.718478731784707,16.817367978420368,4509800,-0.0018416193676731479
2008-09-25,17.182031631469727,17.243837738114554,16.8359190846535,16.891544462748502,7749500,0.024396427954273412
2008-09-26,17.120223999023438,17.280918200518695,16.965709346248328,16.965709346248328,2529400,-0.003603710496591774
2008-09-29,16.477439880371094,17.27473592886634,16.477439880371094,17.237651569271403,9894400,-0.038268289334248085
2008-09-30,17.05841827392578,17.05841827392578,16.67522140799642,16.693763591120724,2583600,0.034651656937182224
2008-10-01,17.182031631469727,17.355088494304557,16.67522367891832,17.015156676038156,8520100,0.007220342893657641
2008-10-02,16.9657039642334,17.212927094476555,16.8977171613467,17.212927094476555,5136400,-0.012670272712543982
2008-10-03,16.829727172851562,17.7691760688052,16.811186178375895,17.645563937655062,5895100,-0.008047095159261509
2008-10-06,16.341466903686523,16.699940782882344,15.760491589523289,16.40327298882781,9393600,-0.029440938118037618
2008-10-07,15.822305679321287,16.88536640192254,15.667790977724117,16.88536640192254,6318900,-0.03228516288590659
2008-10-08,15.389657974243164,15.958271899036356,15.02500332797073,15.02500332797073,8482800,-0.027724972595947327
2008-10-09,14.462567329406738,15.717226392995071,14.45020587762291,15.556531056364085,13186900,
2008-10-10,14.586185455322266,14.994104100204842,13.368609070240971,14.054654599749584,14753000,0.00851113113636818
2008-10-13,15.2660493850708,15.772857298037026,14.69125464222016,15.772857298037026,6320300,0.04555648924963857
2008-10-14,15.29694938659668,16.217856501135476,14.796322282205123,16.217856501135476,15789900,0.002022053679034229
2008-10-15,14.771598815917969,15.10535099214034,14.079373913820843,15.10535099214034,7790100,-0.034947083813141835
2008-10-16,14.9137544631958,14.9137544631958,13.727081827345804,14.89521345846354,11936300,0.009577567266832544
2008-10-17,15.024996757507324,15.235136671222334,14.431661362678572,14.74069050886504,6180600,0.00743135913974588
2008-10-20,15.148613929748535,15.377294913885653,14.833403954258186,15.340211734078856,5524900,0.008193773369610177
2008-10-21,15.006461143493652,15.37111576104213,14.957016509530456,15.37111576104213,4127400,-0.009428186725661739
2008-10-22,14.771598815917969,15.148614901164771,14.202984914054491,15.148614901164771,7026600,-0.015774513050526757
2008-10-23,14.83340549468994,14.83340549468994,13.887775470016322,14.524376213550568,8948500,0.004175427094640717
2008-10-24,14.091740608215332,14.320422890047338,13.75180872914862,13.75180872914862,7992500,-0.0512929120174041
2008-10-27,13.733261108398438,14.246249678355564,13.677635742355228,13.689997196776648,4859300,-0.025768144709064543
2008-10-28,14.678895950317385,14.987925338745116,13.733265597341232,14.097920369994243,4701100,
2008-10-29,14.39458179473877,15.228959755005526,14.369858891012347,14.969375160142798,7062500,-0.01955894109153118
2008-10-30,15.000276565551758,15.130068254311071,14.715969109119872,14.734511284165244,6944000,0.04121676711314142
2008-10-31,14.907574653625488,15.408201813152427,14.839587827186705,15.303131799043982,12867200,-0.006199188843367335
2008-11-03,15.136260986328123,15.309317887472552,15.068274136083224,15.191886376736916,7543100,0.01522380512278356
2008-11-04,15.358758926391602,15.673969004764135,15.241327443346126,15.581259256707838,4796900,0.014592670476954943
2008-11-05,15.086810111999512,15.649243335501172,15.04354619924603,15.649243335501172,5030000,-0.01786506581340085
2008-11-06,14.92611598968506,15.235145311123066,14.524378107586312,15.080630650404062,6801000,-0.010708429917138816
2008-11-07,14.994108200073242,15.025010671768788,14.759245171313664,14.833412753778198,4683300,0.004544907618020098
2008-11-10,15.03736400604248,15.284587182572668,14.7839601027424,15.284587182572668,3000200,0.002880700325665829
2008-11-11,14.69743537902832,14.975561069091778,14.592365359532346,14.957020063732886,4558400,-0.022865023052809512
2008-11-12,14.382227897644045,14.592367974290294,14.21535174639198,14.549104048896105,6267000,-0.021679743964818605
2008-11-13,14.957022666931152,14.957022666931152,13.931045205687909,14.283338515061926,7828700,0.03918766256156366
2008-11-14,14.512012481689451,15.037362412942247,14.45638712550663,14.746875358650923,6104600,-0.03020417968236312
2008-11-17,14.320420265197754,14.660352081956944,14.184447774264765,14.41312883532722,4648600,-0.013290244236591309
2008-11-18,14.419303894042969,14.783958481506213,14.060830032671827,14.783958481506213,6971200,0.00688134781667503
2008-11-19,14.048473358154297,14.709795949826129,14.005209439649166,14.431670254213133,6407700,-0.026054124953403455
2008-11-20,13.560209274291992,14.394588820668329,13.41805486618607,14.048475072679611,11979400,-0.03537401649292513
2008-11-21,14.209160804748535,14.209160804748535,13.22644796992378,13.615825376323697,16419700,0.04674716809662019
2008-11-24,14.38840103149414,14.765415881520855,14.10409353364228,14.413122756303515,7532900,0.012535514384302279
2008-11-25,14.46874713897705,14.919929490836571,14.221524013222028,14.919929490836571,7972400,0.005568555466945677
2008-11-26,14.65416145324707,14.660342177593863,14.147353845336331,14.289508147607314,10189000,0.012733399819892492
2008-11-28,14.876676559448242,14.876676559448242,14.49966027792259,14.49966027792259,2234600,0.015070301590992515
2008-12-01,14.05465030670166,14.629444906786595,13.999024946767438,14.580000273384291,7280700,-0.05684133125882373
2008-12-02,14.258614540100098,14.345142384020884,13.881598342125026,14.184448153554698,8265800,0.014407929489904093
2008-12-03,14.431666374206545,14.481111007612371,13.887774227889366,13.906316407486443,8389700,0.012063592776122461
2008-12-04,14.246249198913574,14.555278475929947,14.104096014410796,14.419306018429872,7789600,-0.012931188010071126
2008-12-05,14.647991180419922,14.753061203122977,13.97430712523918,14.147362801088882,8089400,0.027809547314294848
2008-12-08,14.734517097473145,15.13007422368078,14.573821720237984,15.13007422368078,8635700,0.005889637899605113
2008-12-09,14.450202941894531,14.703607936569105,14.289508816763368,14.647982593695746,10381200,-0.019484384288731227
2008-12-10,14.444029808044434,14.542919088417214,14.258611523205564,14.542919088417214,7463700,-0.00042729177116040647
2008-12-11,14.28333568572998,14.555280641184874,14.2153488574396,14.2153488574396,7506700,-0.011187646039545586
2008-12-12,14.30187702178955,14.369863851654102,13.980487414369268,14.02993206003803,6598500,0.0012972678461103248
2008-12-15,14.289517402648926,14.40694770473742,14.135002730460847,14.40694770473742,4743000,-0.0008645692285606702
2008-12-16,14.62325668334961,14.672701291403143,14.295685418212152,14.62325668334961,8487100,0.02308696518598196
2008-12-17,14.549104690551758,14.68507720190934,14.437853918143915,14.462575657093655,6419600,-0.005083726445572815
2008-12-18,14.598540306091309,14.82104053425385,14.45020524884578,14.672706655861196,7119600,0.003392086252373298
2008-12-19,14.48010540008545,14.87280802807684,14.473871892935753,14.79800713120041,9227600,-0.008145878738707561
2008-12-22,14.517511367797852,14.573610573335957,14.318042638101035,14.573610573335957,4339700,0.002579935362266007
2008-12-23,14.399077415466309,14.635944828597598,14.342977019660411,14.542444565227887,5958200,-0.008191465145676514
2008-12-24,14.523743629455566,14.554911175651156,14.44271038718767,14.47387674446294,780900,0.00862066572629719
2008-12-26,14.536202430725098,14.617236816105168,14.473868562491116,14.617236816105168,2630500,0.0008574552758681184
2008-12-29,14.505044937133787,14.56114533386587,14.342977256454484,14.536211295798113,1985100,-0.0021457415483070487
2008-12-30,14.735675811767578,14.7481428282355,14.573608164444972,14.579841672678937,3071400,0.01577496391367248
2008-12-31,14.879048347473145,14.947614579672424,14.748147015237304,14.748147015237304,2815100,0.009682592690169778
2009-01-02,15.090974807739258,15.165775704486926,14.835406959641263,14.922674870666864,3757900,0.014142798061606109
2009-01-05,15.153312683105469,15.153312683105469,14.991245021547304,15.028646074236274,6645500,0.004122296725449319
2009-01-06,14.928912162780762,15.228113447789054,14.84787773834921,15.209412921630951,8797400,-0.014919420613664433
2009-01-07,14.77931308746338,14.89774739737703,14.69204632695882,14.766847256620188,4228700,-0.010071307764549677
2009-01-08,14.586078643798828,14.642179042303164,14.442711487141262,14.598545663226547,6252100,-0.013160882346412734
2009-01-09,14.336749076843262,14.59855062928158,14.336749076843262,14.554917235361996,6061400,-0.017241449957797673
2009-01-12,14.342978477478027,14.448945770446288,14.274411055874896,14.367911328747956,6542400,0.0004344114302292328
2009-01-13,14.4302396774292,14.492573564954943,14.336739440600589,14.34920645588974,9802600,0.006065464558638901
2009-01-14,14.112338066101074,14.286872715182758,14.01883782831161,14.180905461976025,5902500,-0.022276527401598446
2009-01-15,14.17466640472412,14.199600425796708,13.91286512805979,14.031299350315445,7621300,0.00440686036992693
2009-01-16,14.30557918548584,14.392845951845583,14.187144867625811,14.386612441545529,3835100,0.009193298728591606
2009-01-20,14.137269973754885,14.436471165314176,14.106102439892547,14.336737434794411,11335300,-0.011835043342444378
2009-01-21,14.205843925476074,14.330510551788551,13.937808954969674,14.305577702094215,6566600,0.004838853329031931
2009-01-22,14.193377494812012,14.243244385189216,13.937809533013784,14.056242654584365,8119600,-0.0008779417773684248
2009-01-23,14.056239128112791,14.131040039372548,13.894172666736935,13.950271864031563,6117100,-0.009709118946980693
2009-01-26,14.149738311767578,14.311804747342324,14.056236890348352,14.13103778969974,6673000,0.006629766780765085
2009-01-27,14.22454071044922,14.349208503288777,14.14974098588163,14.212073693381225,8160500,0.005272561950536488
2009-01-28,14.367911338806152,14.567380093707584,14.268177555815672,14.41777823030139,6032700,0.010028648799944724
2009-01-29,14.243247032165527,14.455181652884855,14.205847154662314,14.305580953951331,4191700,-0.008714438888179358
2009-01-30,13.806904792785645,14.199607497825124,13.719638053408053,14.193373989452418,8398800,-0.03111408757802657
2009-02-02,13.688472747802734,13.781974199748335,13.557572617351454,13.657306389767768,5575100,-0.008614740950387396
2009-02-03,13.987675666809082,14.043776064064067,13.632373943474423,13.694706661384068,5450500,0.021622559017549135
2009-02-04,13.607436180114746,13.96273780618496,13.576269829691768,13.96273780618496,7962600,-0.02756021113863038
2009-02-05,13.800667762756348,13.850534628092818,13.53886642250992,13.5825009699842,12049300,0.014100558334976719
2009-02-06,14.03754425048828,14.087411144193084,13.775742761307932,13.856776017733038,7266500,0.017018492767079795
2009-02-09,13.900399208068848,14.01259993385898,13.831833022579056,14.006366428101789,4804700,-0.00981791263589278
2009-02-10,13.451603889465332,13.83183959900152,13.370570653933468,13.775739209433224,7240500,-0.03281921250346613
2009-02-11,13.526407241821287,13.588739962418826,13.439139292927951,13.513940222133607,5428200,0.005545519548701703
2009-02-12,13.651070594787598,13.669771119829772,13.33316880259154,13.401736205492693,7142700,0.009174083633499794
2009-02-13,13.439131736755373,13.688466045718224,13.439131736755373,13.688466045718224,3946500,-0.015647220319765235
2009-02-17,13.24590301513672,13.407970677051171,13.146169252254015,13.227202488751123,5893400,-0.014482431874859331
2009-02-18,13.314471244812012,13.370571638511413,13.196036948233242,13.358104620151478,6997100,0.005163209022027943
2009-02-19,13.482772827148438,13.588740117865056,13.426673615753003,13.457839976408296,5025900,0.012561276438981429
2009-02-20,13.277070045471191,13.457838242965206,13.158636939099557,13.158636939099557,7591400,-0.015374293074286586
2009-02-23,12.934233665466309,13.376802053940356,12.92800015717398,13.270835979731196,5494700,-0.026160921752546345
2009-02-24,13.183573722839355,13.233440621705691,12.94670625045442,13.04020653721372,6059900,0.01909407088121699
2009-02-25,13.058902740478516,13.23966974309077,12.977868313612127,13.139935978424646,5797200,-0.009501536218705857
2009-02-26,12.772164344787598,13.158633485883302,12.753463822358457,13.15239997840692,5424000,-0.02220196115586493
2009-02-27,12.691140174865724,12.934241195188086,12.641273268417011,12.697373686786916,5643200,-0.006364016368769439
2009-03-02,12.44803524017334,12.67867037507748,12.398168344642793,12.554002541790824,6964600,-0.019341327562533876
2009-03-03,12.29842758178711,12.560228932141356,12.248560714525343,12.560228932141356,6351300,-0.012091383095628327
2009-03-04,12.53529930114746,12.684899941220264,12.298430729342035,12.460498386650958,5214900,0.019077193233548156
2009-03-05,12.248564720153809,12.485433308799877,12.117664596628575,12.460499272554904,7268000,-0.023139844136168198
2009-03-06,12.28596305847168,12.429331371219186,12.036628671615354,12.279730739105393,6911800,0.0030486315139875955
2009-03-09,12.098963737487791,12.354531657385332,12.01793049975551,12.267264910762831,4769800,-0.015337588533241023
2009-03-10,12.323363304138184,12.366996670376114,12.123895807667612,12.130128126627262,4260500,0.01837710890933811
2009-03-11,12.31089973449707,12.472967417976086,12.254799336795855,12.410633510650252,5810500,-0.0010118890656513875
2009-03-12,12.628801345825195,12.659967704420804,12.248565588572829,12.31089949468442,4139200,0.02549499929093264
2009-03-13,12.815801620483398,12.884369034735183,12.622567585406966,12.728534867014108,3651100,0.014698884615346101
2009-03-16,13.015271186828612,13.164873057331022,12.915537399107365,12.971637803315632,4294300,0.015444463557353249
2009-03-17,13.2583646774292,13.2583646774292,12.96539582699157,13.071363055867357,3795800,0.018505274945594494
2009-03-18,13.189799308776855,13.32070058272491,12.99656534038871,13.13993243987282,5077200,-0.005184898452125779
2009-03-19,13.02150535583496,13.23967347335586,12.896838709337729,13.214740619624653,5382900,-0.012841502381286113
2009-03-20,12.897977828979492,13.10489721462229,12.89797782897949,13.067275834313268,3539900,-0.00953170718837268
2009-03-23,13.462300300598145,13.47484115654482,13.07981376191936,13.111164705824198,6526400,0.042822666982886275
2009-03-24,13.39959716796875,13.518731700509038,13.336894090022328,13.412136826788643,4791400,-0.004668564206222717
2009-03-25,13.53127670288086,13.662953326525876,13.324357319406213,13.424681796487128,4945200,0.009779154210774297
2009-03-26,13.681758880615234,13.681758880615236,13.468569138537314,13.650407940411538,6675200,0.011059678450092737
2009-03-27,13.550086975097656,13.650411444658197,13.474843024946246,13.550086975097656,4300400,-0.009670510942469948
2009-03-30,13.25538158416748,13.412138702981048,13.086084804779876,13.412138702981048,5073600,-0.021989338863161987
2009-03-31,13.230303764343262,13.405871007792047,13.15505980574939,13.349439533799329,6137700,-0.0018936891372410664
2009-04-01,13.45603084564209,13.481112559349118,13.054732994025096,13.161327885356105,3698800,0.016917457430549947
2009-04-02,13.738192558288574,13.87613837985882,13.581435453610736,13.612786396161583,7864100,0.02075233660353456
2009-04-03,13.681758880615234,13.825975119090977,13.562623155110112,13.694299735081398,5373200,-0.004116255091211669
2009-04-06,13.719383239746094,13.719383239746096,13.518734308380166,13.606519112824236,5334200,0.0027461908420556486
2009-04-07,13.46857738494873,13.606524476614018,13.437226425549769,13.443496856622048,4710900,-0.018450296660817645
2009-04-08,13.581435203552246,13.631597428287106,13.46856989890837,13.525002551230308,2856100,0.008344430383274211
2009-04-09,13.587708473205566,13.769546127417748,13.512464522384024,13.763276894481145,3632600,0.00046179370534737084
2009-04-13,13.550086975097656,13.63160015812984,13.499924740317388,13.537546117412086,4532300,-0.002772629212329454
2009-04-14,13.361978530883787,13.5877091994514,13.311816292975662,13.550087820010829,3846300,-0.01397971535875793
2009-04-15,13.600252151489258,13.600252151489258,13.299277481747533,13.355710157576464,3849300,0.017675082348066515
2009-04-16,13.782089233398438,13.813441383005864,13.512466726585671,13.67549431665763,7116700,0.01328153442670942
2009-04-17,13.851064682006836,13.894956501564716,13.75074018131385,13.844794251218223,4750600,0.0049922344783615005
2009-04-20,13.581435203552246,13.832246327226544,13.581435203552246,13.631597428287106,10397000,-0.019658300387397354
2009-04-21,13.719383239746094,13.757005811348682,13.525004736980597,13.606519112824236,5797100,0.010105866277543412
2009-04-22,13.537545204162598,13.713113612030616,13.51246349048348,13.600248292398456,7322600,-0.01334271641351016
2009-04-23,13.537545204162598,13.593977863978678,13.3557063678748,13.537545204162598,7898900,0.0
2009-04-24,13.481115341186523,13.631602066595931,13.43722352910405,13.606521543675456,9407500,-0.004177108997056627
2009-04-27,13.562627792358398,13.694304417351724,13.361978836142011,13.361978836142011,5371200,0.006028211228862212
2009-04-28,13.625330924987791,13.681763593563138,13.38079015846938,13.38079015846938,4986700,0.004612574592530153
2009-04-29,13.851064682006836,13.95138918269982,13.656686111409474,13.669225777024309,5567900,0.016431473699028185
2009-04-30,13.794626235961914,13.920032407400868,13.706842633531778,13.907491551064595,6801500,-0.004082988891001413
2009-05-01,13.851064682006836,13.851064682006836,13.637874819043644,13.838523820429616,4343700,0.004082988891001366
2009-05-04,14.064248085021973,14.108139884419606,13.851058319980462,13.93884191877573,5021200,0.015273878481351564
2009-05-05,13.94511890411377,14.15203833854675,13.907497514933882,14.03290254418764,7102300,-0.00850643281560355
2009-05-06,14.032896041870115,14.09559912542394,13.95138287042344,13.995274670122562,8046700,0.006274742931214524
2009-05-07,14.08933162689209,14.208467390818589,14.045439818067088,14.152034723482988,6841600,0.004013598171994977
2009-05-08,14.271163940429688,14.283704793187097,14.139487378399982,14.139487378399982,7584100,0.012823104919800389
2009-05-11,14.202198028564451,14.22100931774363,14.051711303017589,14.18338793534746,5549500,-0.004844250342302432
2009-05-12,14.371495246887209,14.390306535023948,14.145764573094796,14.195926812163984,5243100,0.011850004672656034
2009-05-13,14.10814094543457,14.26489806705051,14.1018705170545,14.26489806705051,5287800,-0.01849474525932986
2009-05-14,14.15830421447754,14.252358255149948,14.145763356798016,14.22100730691315,6371400,0.0035493194436622797
2009-05-15,14.02663230895996,14.246091393493542,14.02663230895996,14.145766898860389,7032500,-0.00934349192725973
2009-05-18,14.321327209472656,14.3777598550726,14.114407907593408,14.36521900139225,6592300,0.02079200916144351
2009-05-19,14.402849197387695,14.43420135081173,14.302524698355525,14.32760642109475,6450900,0.005676208476252367
2009-05-20,14.421660423278809,14.55960630982459,14.40911956196673,14.49063396453288,10199200,0.0013052245335136612
2009-05-21,14.289983749389648,14.358956088802538,14.208469353771337,14.302523413670556,5724300,-0.009172417733712305
2009-05-22,14.37777042388916,14.503175464990546,14.271175481173598,14.271175481173598,6040400,0.006124438514860314
2009-05-26,14.559597969055176,14.57840925024686,14.283706354013878,14.371489940985049,5478700,0.012567137117454412
2009-05-27,14.189654350280762,14.58468297283419,14.189654350280762,14.547061597911654,6976400,-0.02573729818013259
2009-05-28,14.340147018432615,14.421660223909544,14.152037689238998,14.271173478132056,7246000,0.010549955258595714
2009-05-29,14.496905326843262,14.534526717234904,14.321336845078209,14.377769528646889,6894700,0.010872113462724932
2009-06-01,14.785332679748535,14.835494914276763,14.603495028069466,14.634845976163854,7258800,0.019700453304849132
2009-06-02,14.935821533203123,14.998524634379429,14.703821613601638,14.804146097098853,6547300,0.01012680318224942
2009-06-03,14.860578536987305,14.923280441224335,14.760254055053458,14.923280441224335,6743400,-0.005050486365893031
2009-06-04,14.885655403137209,14.929547203706884,14.716357432972568,14.841763602567532,6186500,0.0016860535784826998
2009-06-05,14.810415267944336,15.023603880283488,14.753982601278592,14.985982501160352,4533800,-0.005067357027008705
2009-06-08,14.866850852966309,14.935824397081836,14.6975540020792,14.722634529781493,4605900,0.0038032919083960674
2009-06-09,14.735172271728516,14.923280375535931,14.735172271728516,14.923280375535931,5158100,-0.008896652044120172
2009-06-10,14.572147369384766,14.8480403421921,14.534525980899067,14.791607661482368,6272400,-0.011125315166210459
2009-06-11,14.634842872619627,14.816680485737228,14.597221503692152,14.609761162693475,4375100,0.004293191391032555
2009-06-12,14.747706413269045,14.747706413269045,14.565867625916264,14.58467890611326,5717100,0.007682389614520079
2009-06-15,14.39030933380127,14.678741965555966,14.39030933380127,14.678741965555966,6131200,-0.024532556179072292
2009-06-16,14.202198028564451,14.43419914459223,14.202198028564451,14.421658285139443,5372600,-0.013158273737953646
2009-06-17,14.346407890319824,14.421651817329014,14.233543793748511,14.27743558618652,6575000,0.01010284626563376
2009-06-18,14.60976791381836,14.616038344197444,14.302524001017115,14.346415817708392,5950200,0.01819075056508296
2009-06-19,14.462546348571776,14.721595800481616,14.418318569726184,14.658413947911678,6319200,-0.01012804294704627
2009-06-22,14.405683517456056,14.468866583038626,14.336183229920294,14.418320371595918,3974800,-0.00393947983092992
2009-06-23,14.317231178283691,14.46255141832213,14.317231178283691,14.380414258118623,3668200,-0.006159028059582089
2009-06-24,14.355135917663574,14.45622833077189,14.304589711109417,14.424637403594277,6364800,0.0026439924778271276
2009-06-25,14.60154914855957,14.633140074481185,14.30458914238347,14.3424996996293,6931400,0.017019847307839384
2009-06-26,14.551006317138672,14.671052827562496,14.47518639018749,14.671052827562496,3293400,-0.003467475235348235
2009-06-29,14.639463424682615,14.6900096462284,14.544689409923894,14.62050813968408,2135000,0.006060702626179851
2009-06-30,14.525732040405272,14.860601463288658,14.468867398687024,14.614187614137304,3496300,-0.007799156423025067
2009-07-01,14.772140502929688,14.86059725673931,14.588910979905798,14.588910979905798,6946000,0.016821308261915725
2009-07-02,14.462546348571776,14.772142005607522,14.462546348571776,14.645777095351052,4945400,-0.021180711124876885
2009-07-06,14.759509086608888,14.759509086608888,14.41832123509954,14.43727651744455,5522100,0.020325261648355093
2009-07-07,14.576278686523438,14.772145122068444,14.569960258910134,14.708963256169104,4595800,-0.01249209902210193
2009-07-08,14.639463424682615,14.696328074561247,14.56364348980545,14.588917203136832,6933200,0.004325396659733003
2009-07-09,14.532054901123049,14.715285737028234,14.494145530118145,14.639465789901251,3680700,-0.007363964243366476
2009-07-10,14.462546348571776,14.614184963949493,14.437273848567118,14.544684685099242,3175600,-0.0047945950426196175
2009-07-13,14.721599578857422,14.72791800675939,14.456231632559192,14.456231632559192,2694400,0.017753477182829408
2009-07-14,14.765829086303713,14.772146309307889,14.664735441482804,14.708964438330613,4135000,0.002999891317635984
2009-07-15,15.005921363830566,15.03751229518139,14.791099656317964,14.885873655487222,4629300,0.016129215038161705
2009-07-16,15.107013702392578,15.113332129649336,14.94273820906721,15.00592127651801,4606500,0.006714238789282431
2009-07-17,15.119653701782228,15.138607782378156,15.03751533547644,15.107016844640256,3502200,0.0008363475839011322
2009-07-20,15.163875579833984,15.201784931350934,15.005918542544048,15.201784931350934,5113400,0.0029205254825451425
2009-07-21,15.144917488098145,15.277602001433957,15.018552604810496,15.22705580709563,6419500,-0.0012509963142238252
2009-07-22,15.151239395141602,15.233377733016416,15.119648468338434,15.189149953445336,4032400,0.0004173405332947322
2009-07-23,15.359742164611816,15.467152999544064,15.132284847491498,15.214421977678946,5286800,0.013667604551115469
2009-07-24,15.49874210357666,15.49874210357666,15.31551139531148,15.353420739908424,2274500,0.009008924603478047
2009-07-27,15.441888809204102,15.498753470362226,15.315522627715549,15.422933520445651,4539400,-0.003674996707035557
2009-07-28,15.460838317871094,15.492430456453498,15.347110234325026,15.347110234325026,4661900,0.0012263973314818207
2009-07-29,15.54298210144043,15.574573045939076,15.37238810886624,15.37238810886624,3655900,0.0052989583004685184
2009-07-30,15.524018287658691,15.726203113714789,15.524018287658691,15.669338480746934,4899200,-0.0012208334180696945
2009-07-31,15.492425918579102,15.681973874085736,15.486107492713346,15.574563044600907,4421900,-0.002037137448446998
2009-08-03,15.511380195617676,15.637746304366235,15.410287790665436,15.561926398093794,5843300,0.0012227066141598476
2009-08-04,15.536661148071287,15.6503904579823,15.473478064218826,15.49243335090969,4355100,0.0016285058217308619
2009-08-05,15.435568809509276,15.524024404483212,15.340794785591903,15.505070322769996,4473800,-0.006527957315173314
2009-08-06,15.277605056762695,15.448198948689802,15.214421999924893,15.422925243908049,6181200,-0.010286474872177931
2009-08-07,15.34079360961914,15.385021403715758,15.252336816308905,15.29656461040552,6299400,0.004127494925697167
2009-08-10,15.353432655334473,15.372387944901854,15.258658617732117,15.340797000740158,4821500,0.0008235455307181768
2009-08-11,15.353432655334473,15.397661664325028,15.321841711172778,15.359751085190268,2614000,0.0
2009-08-12,15.347108840942385,15.46083691416294,15.296561423799798,15.30287985094262,2812100,-0.00041196761837532144
2009-08-13,15.435568809509276,15.435568809509276,15.271293272331183,15.385022583078872,5435200,0.005747402034138014
2009-08-14,15.416604042053224,15.48610551257318,15.277602306129667,15.410285616995376,2435000,-0.0012293960581596965
2009-08-17,15.258654594421388,15.33447452758189,15.214426802209823,15.227063658589405,3634800,-0.010298256678666951
2009-08-18,15.283923149108888,15.334469352451729,15.17651231636578,15.22705851970862,3225100,0.0016546449133932866
2009-08-19,15.38501262664795,15.416603545803936,15.195463496363072,15.195463496363072,2962300,0.0065923281055550054
2009-08-20,15.460838317871094,15.50506731188646,15.347110234325026,15.347110234325026,2855400,0.004916437163209188
2009-08-21,15.631437301635742,15.6883019643411,15.511389546466958,15.53034483574116,3033200,0.010973831435208957
2009-08-24,15.637749671936035,15.726205244038908,15.5935218858846,15.713569594536205,1557900,0.0004037438128067893
2009-08-25,15.6630220413208,15.802023814894294,15.625111480705288,15.637748334243792,4690600,0.0016148084212097423
2009-08-26,15.71357250213623,15.789391233648916,15.650389422464317,15.681980359741768,3094100,0.0032221791617206277
2009-08-27,15.71357250213623,15.757800296371466,15.599843199750188,15.757800296371466,3329500,0.0
2009-08-28,15.650386810302734,15.757797666282244,15.580885313752226,15.73884238400934,2780300,-0.004029196485429555
2009-08-31,15.681976318359377,15.70093159891111,15.561928618431782,15.618793254970289,3750000,0.0020164146975005536
2009-09-01,15.536661148071287,15.751482910099403,15.49243335090969,15.612479884600573,5901800,-0.009309581173174677
2009-09-02,15.549296379089355,15.5872057433879,15.46715801713939,15.51138580967385,4708600,0.000812922149999954
2009-09-03,15.580883979797363,15.700931680347612,15.48610998678052,15.700931680347612,4783500,0.002029388277533637
2009-09-04,15.694607734680176,15.726198652871728,15.587196925666102,15.606152199650802,4520400,0.007272420023957821
2009-09-08,15.82730197906494,15.865212553242944,15.738846382883828,15.776755751944718,9057200,0.008419225193308677
2009-09-09,15.820982933044434,15.89048323413217,15.77675393493063,15.858892297739288,4949400,-0.00039932945004924415
2009-09-10,15.934710502624512,15.959984215000492,15.852573347636444,15.85889177573044,5525000,0.007162687600207008
2009-09-11,16.004209518432617,16.035800448874344,15.928389598209025,16.035800448874344,6393000,0.004352002225148538
2009-09-14,15.966297149658203,16.023161777822125,15.858886319250413,15.87152317109051,3836600,-0.0023717100851393656
2009-09-15,15.88415813446045,16.029479514136654,15.839930360039354,16.02316108848843,4470400,-0.005157803652091651
2009-09-16,16.010526657104492,16.010526657104492,15.846251180770652,15.953662022792138,6051700,0.007924153175720962
2009-09-17,15.953662872314451,16.073710573934846,15.941026018435103,16.02316436353416,7982900,-0.003557971943885842
2009-09-18,16.16301155090332,16.182102159252487,16.016653861387603,16.048470328249135,10221900,0.013036944045337794
2009-09-21,16.112112045288086,16.15665560530931,16.054841407054802,16.143929740818233,5289600,-0.0031541039748954522
2009-09-22,16.14393424987793,16.188477822340335,16.067572972998576,16.188477822340335,3232900,0.0019731007714111014
2009-09-23,16.14393424987793,16.341199162377723,16.14393424987793,16.188477822340335,5099700,0.0
2009-09-24,16.061199188232422,16.22664750451314,16.04847211458301,16.16937688681133,5439000,-0.005138015889056546
2009-09-25,16.061199188232422,16.156649813161916,16.02938271782944,16.11210626910952,4413000,0.0
2009-09-28,16.093029022216797,16.194843260838372,16.010304194760852,16.010304194760852,5071800,0.0019798232551562983
2009-09-29,16.169382095336914,16.264832751013238,16.150291478713275,16.17574563421146,4600500,0.004733261589876341
2009-09-30,16.201200485229492,16.245745262600725,16.035753309877805,16.22665464372734,5376500,0.0019658836884234453
2009-10-01,16.054845809936523,16.201203608349427,16.01030223769967,16.15666003611257,10605100,-0.009074619889601666
2009-10-02,16.10574722290039,16.163017856570434,15.965753014885214,15.965753014885214,5437500,0.003165455028457609
2009-10-05,16.14393424987793,16.16302365880678,15.972122287190372,16.093027136532132,4912700,0.002368212216744386
2009-10-06,16.2902889251709,16.322105409765328,16.169384099014106,16.169384099014106,5368000,0.009024767933588375
2009-10-07,16.360286712646484,16.360286712646484,16.271199577842683,16.309379605084143,4390300,0.004287697435455167
2009-10-08,16.45574188232422,16.49392191717812,16.373017057465766,16.37938059889499,3002700,0.005817610660683847
2009-10-09,16.493919372558594,16.50664645345355,16.411195774183852,16.474828751216158,3633700,0.002317323205445841
2009-10-12,16.563915252685547,16.621185896591424,16.481190449834347,16.481190449834347,1902800,0.004234759204558617
2009-10-13,16.506650924682617,16.55755804833064,16.443016716692195,16.55755804833064,2224300,-0.003463163281154638
2009-10-14,16.563915252685547,16.633911762342983,16.506644608779673,16.633911762342983,4402200,0.003463163281154537
2009-10-15,16.69118309020996,16.716637250198332,16.52573469144902,16.551188851437388,3667800,0.007654072018780133
2009-10-16,16.780275344848633,16.83118246296132,16.64027985974767,16.64027985974767,4825800,0.005323488680014459
2009-10-19,16.875720977783203,16.952081025187596,16.780270311667177,16.805723256228287,10552700,0.005671850441889206
2009-10-20,16.856626510620117,16.96480423117972,16.824810033752325,16.86299004873783,8234700,-0.0011321162400024485
2009-10-21,16.72936248779297,16.964807373150148,16.6911812520153,16.83117668909137,11709200,-0.007578435872501078
2009-10-22,16.754817962646484,16.831179232017785,16.62754958493472,16.69754731404831,5120300,0.0015204481289371008
2009-10-23,16.589365005493164,16.79935692149735,16.538457911120055,16.79935692149735,6902900,-0.00992402874072247
2009-10-26,16.46210289001465,16.71663843939993,16.436648728215502,16.5766429769471,5801500,-0.007700883047334813
2009-10-27,16.47482681274414,16.563915154805226,16.411193843199058,16.48119035244287,6461800,0.0007726235248566727
2009-10-28,16.430286407470703,16.583007748439165,16.411196998425474,16.423922866548516,14674900,-0.002707204328897898
2009-10-29,16.697547912597656,16.729365615026754,16.50664655290806,16.5830066112954,9849600,0.0161355131812853
2009-10-30,16.4366455078125,16.735724568027017,16.41755489020353,16.678453928921112,8113500,-0.015748552789756263
2009-11-02,16.59572982788086,16.621183983897026,16.43664499394269,16.43664499394269,8836600,0.009632098715349471
2009-11-03,16.487546920776367,16.595724622472183,16.40482336711278,16.52572692910413,18182500,-0.006540059107773428
2009-11-04,16.551189422607422,16.703910746644485,16.50664585481176,16.513009395028455,8039000,0.003852603797414641
2009-11-05,16.627548217773438,16.646638836976884,16.398466855937624,16.481190445043676,11922000,0.004602883377208104
2009-11-06,16.672090530395508,16.697543471848274,16.519368026795227,16.551185720762337,4572000,0.0026752445889551215
2009-11-09,16.945711135864258,16.945711135864258,16.710266328583344,16.80571695893292,5407200,0.016278675834075038
2009-11-10,16.939355850219727,17.028442980396417,16.882085205471533,16.939355850219727,3515400,-0.00037510834620217514
2009-11-11,16.99025535583496,17.02843536401645,16.907530588767727,17.02843536401645,7192400,0.0030003022132164825
2009-11-12,16.888446807861328,17.05389396957479,16.87571972966153,16.97117038871806,4785200,-0.006010198026258326
2009-11-13,17.00298500061035,17.03480269261073,16.869354335371302,16.95207790713059,4050000,0.006759149596449607
2009-11-16,17.09843635559082,17.18752346310703,17.0348021871989,17.0348021871989,5216000,0.005598101220496957
2009-11-17,17.1811580657959,17.1811580657959,17.085707430396724,17.085707430396724,4238700,0.004826303938099394
2009-11-18,17.168437957763672,17.19389211818387,17.053896663315125,17.19389211818387,6226300,-0.0007406263878588532
2009-11-19,17.085712432861328,17.123892455455454,16.958444072586193,17.079348893475466,6202300,-0.004830111667693475
2009-11-20,17.111167907714844,17.16207501661071,17.015717230250242,17.015717230250242,5682800,0.001488760337296219
2009-11-23,17.257516860961914,17.32751333636802,17.219335641227122,17.219335641227122,4272100,0.008516464263354288
2009-11-24,17.29570960998535,17.314799020196798,17.193895376452954,17.21934832797535,4566000,0.00221066270668766
2009-11-25,17.26388931274414,17.333887042939057,17.257526986109347,17.333887042939057,4851800,-0.0018414742777724345
2009-11-27,17.10480499267578,17.18752980623144,16.882087141690377,16.88845068225014,3912500,-0.00925757928520508
2009-11-30,17.041175842285156,17.123899460700816,16.97754163611536,17.123899460700816,4728400,-0.0037268939116145206
2009-12-01,17.276613235473633,17.28297677466646,17.072984836187235,17.181162575023258,5351500,0.013721226999824084
2009-12-02,17.257516860961914,17.302060403598666,17.181155635212836,17.225699177849588,4973400,-0.0011059422319197416
2009-12-03,17.12389373779297,17.282978593189572,17.098440792064494,17.282978593189572,7580100,-0.007773025808589408
2009-12-04,17.21297836303711,17.365700870063343,17.098438303348857,17.263885460805536,8089800,0.0051888724669858785
2009-12-07,17.193883895874023,17.251154515710837,17.130249738975273,17.130249738975273,4439600,-0.0011099221416733002
2009-12-08,16.996620178222656,17.117524971248805,16.92662368855131,17.117524971248805,9975200,-0.01153922188945804
2009-12-09,17.028444290161133,17.0411713707999,16.92026653217404,17.009353669202984,6639500,0.0018706281216947667
2009-12-10,17.085712432861328,17.18116309620716,17.066621814703748,17.16207247804958,6643700,0.003357444650389838
2009-12-11,17.1811580657959,17.26388162614967,17.142978054380364,17.174794528273196,4554400,0.005570738055552453
2009-12-14,17.244792938232422,17.295700026792044,17.1938858496728,17.25752001380251,4087600,0.0036969171834886285
2009-12-15,17.174800872802734,17.219344438195773,17.130257307409696,17.219344438195773,5234500,-0.004066995228877089
2009-12-16,17.092073440551758,17.244794722028065,17.085709902108473,17.23843118358478,6109200,-0.004828429474959884
2009-12-17,16.888446807861328,17.04753164419587,16.882083268761427,17.009350409596475,10700400,-0.011985047234697788
2009-12-18,16.85568618774414,17.041972943419637,16.675823240045325,17.041972943419637,10117500,-0.0019417082320282147
2009-12-21,16.945615768432617,17.041971655585293,16.87495633646092,16.92634557117488,7650300,0.005321084554279783
2009-12-22,17.06124496459961,17.074092581925346,16.926348658328074,16.926348658328074,4110600,0.006800371412162976
2009-12-23,17.07408905029297,17.112630669081938,17.02269981683569,17.029123624169845,3559100,0.000752539072499326
2009-12-24,17.13831901550293,17.164013009304625,17.086929802684057,17.10619999173146,1568200,0.00375478046140084
2009-12-28,17.170446395874023,17.221835637370205,17.119057154377842,17.221835637370205,8470700,0.0018728385808410308
2009-12-29,17.20256996154785,17.247535406530126,17.18329853146267,17.18329853146267,3186000,0.0018691158606519678
2009-12-30,17.170446395874023,17.22825944570925,17.144752387734012,17.170446395874023,3142600,-0.001869115860651966
2009-12-31,17.00342559814453,17.215406304441657,16.984155404527556,17.215406304441657,5099400,-0.009774843636440302
2010-01-04,17.13190269470215,17.202563352651524,16.990582604019412,16.990582604019412,8465900,0.0075275504675892035
2010-01-05,17.13831901550293,17.164013009304625,17.048388199373772,17.144742820257225,11805400,0.00037445458801014495
2010-01-06,17.125478744506836,17.144750167027798,17.048395504854998,17.11905493699985,9267000,-0.0007494949443203747
2010-01-07,17.125478744506836,17.17686797934673,17.029124082334036,17.17686797934673,6951500,0.0
2010-01-08,17.067665100097656,17.086936521938817,16.97131044132377,17.086936521938817,5437400,-0.0033815960161147846
2010-01-11,17.112634658813477,17.138329894140828,16.945619304834466,17.06124541337503,6140200,0.0026313159907772926
2010-01-12,17.208986282348633,17.208986282348633,17.048394777176505,17.048394777176505,6822400,0.005614646045880162
2010-01-13,17.33103370666504,17.369576547309823,17.208985053604145,17.215407635162414,7926700,0.007067044680763789
2010-01-14,17.279645919799805,17.34388276768628,17.260375723085037,17.305341149040782,5258900,-0.002969477928802907
2010-01-15,17.196144104003906,17.331040422888854,17.131907236585025,17.305346411051104,11968800,-0.004844093726102924
2010-01-19,17.29892349243164,17.324617505592258,17.164025941385084,17.241110431299745,10974200,0.005959095009077894
2010-01-20,17.170446395874023,17.266801070527347,17.04197390474165,17.266801070527347,8670500,-0.007454600530317357
2010-01-21,16.926347732543945,17.24110698851138,16.887806107890995,17.157598705677803,9044700,-0.01431822784583525
2010-01-22,16.887800216674805,17.016272662439786,16.829987187255057,16.86210499239237,9082400,-0.002279964742881992
2010-01-25,16.91992950439453,17.016284210412593,16.836421194020065,17.009860399982514,6078200,0.0019007071848696328
2010-01-26,16.900651931762695,16.9648887875046,16.804297260757895,16.83641507602079,8116700,-0.0011399907335095819
2010-01-27,16.939197540283203,16.958467742494236,16.810723807866847,16.881384483217474,12558400,0.0022781203694647884
2010-01-28,16.89423179626465,17.093366214875534,16.887809211988774,16.964892475463117,14181700,-0.0026580675606992558
2010-01-29,16.829992294311523,17.06766706496773,16.829992294311523,16.971312395101265,8930500,-0.003809699489437282
2010-02-01,16.958459854125977,16.99057888489779,16.862105212242028,16.932765854724273,9016100,0.007604265404106163
2010-02-02,17.20256996154785,17.22184016641655,16.952046271306422,16.990589131476785,7433200,0.014291973274574706
2010-02-03,17.08051872253418,17.157601986580058,17.04840090005113,17.157601986580058,6566900,-0.007120230955904745
2010-02-04,16.733633041381836,17.03554583165396,16.701515232943287,17.029122024923076,10827300,-0.020517909362321275
2010-02-05,16.68867301940918,16.733638455858888,16.515233857203526,16.701520637028025,13527400,-0.002690421720790061
2010-02-08,16.669401168823242,16.810721272998695,16.65655355247562,16.73363680012909,5150900,-0.0011554535565393071
2010-02-09,16.86852264404297,16.958453445789097,16.72720263769687,16.823557243169905,7456500,0.011874546324519649
2010-02-10,16.84926414489746,16.887806996795305,16.727215456202956,16.881383188145662,6364600,-0.0011423348371176608
2010-02-11,16.984155654907227,17.016273461552846,16.740055913623685,16.84283436514861,5879800,0.00797390423686142
2010-02-12,16.984155654907227,17.016273461552846,16.823564171247558,16.86852959063774,8895400,0.0
2010-02-16,17.157594680786133,17.17044229439533,16.984156797925476,17.022698413537192,7113900,0.010160024962046238
2010-02-17,17.279645919799805,17.298917341730537,17.16401983864734,17.20898648981905,7493600,0.007088358295936024
2010-02-18,17.38242530822754,17.420968154133163,17.234681407904063,17.27322302859366,7539300,0.005930383615910224
2010-02-19,17.420963287353516,17.472352508988717,17.305337232370384,17.375996646358985,4443900,0.002214611647423129
2010-02-22,17.420963287353516,17.47877508962939,17.36957406571831,17.472352508988717,4414400,0.0
2010-02-23,17.32461166381836,17.4402377470936,17.23468081025583,17.36315450838743,8464300,-0.005546137639045687
2010-02-24,17.433815002441406,17.440238810261185,17.292494906054475,17.33103652775708,4147700,0.006283581186295268
2010-02-25,17.44666290283203,17.47235813453052,17.22825833425919,17.27964757244009,6443300,0.0007366814758995708
2010-02-26,17.363149642944336,17.472351888191117,17.31818300354748,17.472351888191117,5805900,-0.004798268879364595
2010-03-01,17.485204696655273,17.498052312630527,17.356732212551037,17.427391649982734,4360200,0.007004953612339347
2010-03-02,17.549448013305664,17.58798965020698,17.48521113499244,17.517330186757324,14652000,0.003667419750844937
2010-03-03,17.555866241455078,17.613679291032625,17.517324616808764,17.57513766638631,7569800,0.00036565564827876926
2010-03-04,17.61367416381836,17.684334809447922,17.575132550391235,17.61367416381836,5479500,0.0032873886754055523
2010-03-05,17.722877502441406,17.735725116104977,17.60725142990102,17.70360608194605,5123200,0.006180777756877094
2010-03-08,17.658649444580078,17.74215774972309,17.63295542968595,17.716462509612477,2690800,-0.0036306024049283757
2010-03-09,17.632949829101562,17.710033074517227,17.607254597152277,17.62010221312692,4602700,-0.0014564157221632593
2010-03-10,17.607254028320312,17.658643265342572,17.562288599077842,17.658643265342572,4573000,-0.0014583233081831776
2010-03-11,17.63936996459961,17.652217578791785,17.491626077037385,17.57513434407059,6084000,0.0018223558190299549
2010-03-12,17.6522216796875,17.690764531218147,17.626527670549944,17.66506929686438,14073100,0.0007283160128065962
2010-03-15,17.787105560302734,17.799951942405468,17.632937948132533,17.632937948132533,4104900,0.007612138403068625
2010-03-16,17.870622634887695,17.88347024945061,17.767844168816275,17.767844168816275,5360500,0.0046843829673472205
2010-03-17,17.947710037231445,17.973404045350495,17.864201754108166,17.91559099556243,3955000,0.004304361236982929
2010-03-18,17.966978073120117,17.97982568824039,17.909165030294908,17.947707875655723,4596000,0.0010729892838319919
2010-03-19,17.91408920288086,18.03020520829357,17.830227096568397,17.91408920288086,4385200,-0.0029480120051165962
2010-03-22,18.004396438598633,18.03020053551725,17.836673499848814,17.843124524078465,3038800,0.005028465114450499
2010-03-23,18.146320343017575,18.172124447135207,17.985048383504633,17.997950435563446,5327400,0.00785182957362236
2010-03-24,18.017295837402344,18.139862818926726,17.965688881561583,18.139862818926726,3325600,-0.007135627832945409
2010-03-25,17.99149513244629,18.088259269476406,17.96569226487014,18.08180824498059,3843500,-0.0014330228078426835
2010-03-26,18.004396438598633,18.056003402028804,17.939887426709152,18.03020053551725,3289300,0.0007168210671657796
2010-03-29,18.0882568359375,18.13341277092595,18.01729680643739,18.062452741425844,6690800,0.004646959457889716
2010-03-30,18.12051010131836,18.185019104974984,18.06890314447444,18.126961124724712,3458100,0.0017815173859530458
2010-03-31,18.017295837402344,18.10760770252195,18.00439379084043,18.09470565596004,4757200,-0.0057122751031658215
2010-04-01,18.13340950012207,18.16566338203692,18.049547438492706,18.101154387800495,4442600,0.006423889157032047
2010-04-05,18.13340950012207,18.18501644942986,18.101154387800495,18.18501644942986,3603500,0.0
2010-04-06,18.07535171508789,18.10760559733596,18.05599864749501,18.08180273761885,3965600,-0.003206839054434103
2010-04-07,17.95924186706543,18.06245580178592,17.92698797386796,18.06245580178592,3591200,-0.006444376823300701
2010-04-08,17.99149513244629,18.023750254925364,17.907634274814914,17.959241240374325,2570500,0.001794303912859947
2010-04-09,18.0882568359375,18.10115765278638,17.97859189507685,18.023747830065304,3339000,0.005363780525055426
2010-04-12,18.146320343017575,18.146320343017575,18.06891049147951,18.081812543538327,4090000,0.0032048701157327553
2010-04-13,18.0882568359375,18.139863794553868,17.991492711925734,18.081805812309582,3045800,-0.003204870115732624
2010-04-14,18.114057540893555,18.114057540893555,18.00439261310468,18.08180365700551,3626000,0.0014253624260415498
2010-04-15,18.081802368164062,18.081802368164062,17.997940307381814,18.036645211370008,3876300,-0.0017822580454557797
2010-04-16,18.004396438598633,18.146315280429835,17.939887426709152,18.02374951128759,6525100,-0.00429006383847553
2010-04-19,18.07535171508789,18.08180273761885,17.952784747813116,17.965686792875037,4791100,0.003933251843274815
2010-04-20,18.126953125,18.17210903850951,18.068895170371665,18.10760006332177,5377800,0.00285072705097444
2010-04-21,18.126953125,18.191462100187746,18.0882482320499,18.15920699739069,5605500,0.0
2010-04-22,18.126953125,18.126953125,17.985033133505688,18.036640067574613,2422800,0.0
2010-04-23,18.081802368164062,18.10760522735395,17.978588470591077,18.10760522735395,4651200,-0.0024939150557739117
2010-04-26,18.04309844970703,18.14631235995609,18.036647426515607,18.09470540483156,4452200,-0.0021427841953850996
2010-04-27,17.72700309753418,17.99793987982866,17.714101053042373,17.95923497675993,8249300,-0.01767417853770848
2010-04-28,17.868927001953125,17.91408293706221,17.70765510204527,17.797966972263445,5162100,0.007974206943095545
2010-04-29,17.926984786987305,18.00439460906295,17.83667168735647,17.92053376341318,4095500,0.0032438249532757146
2010-04-30,17.823774337768555,18.030203455325395,17.817324542901485,17.91408746120194,7474600,-0.005773904581664049
2010-05-03,17.926984786987305,17.972140721599253,17.81731984704103,17.843122710930597,3372800,0.005773904581663964
2010-05-04,17.746360778808594,17.894730637824498,17.714105659191873,17.797967739788344,12393300,-0.010126639308774178
2010-05-05,17.810871124267578,17.862478089120216,17.675402072524964,17.675402072524964,9048500,0.0036285398376923587
2010-05-06,17.365755081176758,17.785061698794312,16.094933183374213,17.73990577187643,11302200,-0.025308840006021346
2010-05-07,17.249649047851562,17.41092101116028,17.114181189267807,17.288353974531574,10845600,-0.006708369967963573
2010-05-10,17.752811431884766,17.81086941557506,17.585088504602474,17.81086941557506,8008800,0.028752095689366573
2010-05-11,17.746360778808594,17.868927772538125,17.59799091979269,17.630244809002406,5904600,-0.00036342555307400186
2010-05-12,17.868927001953125,17.868927001953125,17.70120407840012,17.746360013509207,6882700,0.006882814355498465
2010-05-13,17.759267807006836,17.952793657350906,17.759267807006836,17.856030732178873,3342300,-0.006155773078897082
2010-05-14,17.591535568237305,17.791512339037375,17.527026575280498,17.73345436841692,7363700,-0.009489656895658076
2010-05-17,17.778621673583984,17.791523726514654,17.559291695392556,17.65605586196509,7124200,0.010578853174524689
2010-05-18,17.675392150878906,17.920526019134407,17.66894113009256,17.86891908325005,8626600,-0.0058233076194579795
2010-05-19,17.630247116088867,17.72055900201985,17.51413113108779,17.57218912358833,11727400,-0.002557385184476309
2010-05-20,17.107725143432617,17.417366926834195,17.069018997702116,17.417366926834195,18459000,-0.03008588883777592
2010-05-21,17.172237396240234,17.172237396240234,16.83034042688202,16.849693503399116,11228500,0.003763850610555696
2010-05-24,17.049671173095703,17.172238202645097,16.998064197033965,17.094827123348807,6136100,-0.007163057370822861
2010-05-25,16.84968376159668,16.88838866184597,16.630353942839726,16.71421476511428,15939800,-0.011799028743616737
2010-05-26,16.74002456665039,17.004510397718406,16.727122518694145,16.8883944269262,7444000,-0.006529356162396675
2010-05-27,17.081918716430664,17.081918716430664,16.888392935801942,16.972253779299216,12368000,0.02021798647655702
2010-05-28,16.998058319091797,17.127075099428357,16.97870524835819,17.094821211945952,7409900,-0.004921398069648681
2010-06-01,16.959354400634766,17.159331221625262,16.823885358384615,16.940001328768457,10514700,-0.0022795573700803997
2010-06-02,17.249649047851562,17.249649047851562,16.97871210027662,17.036770105500352,7420600,0.016972234579402157
2010-06-03,17.27545166015625,17.320607609116497,17.172237710987883,17.2883524809968,5494200,0.0014947163993454192
2010-06-04,16.817434310913086,17.12707607789901,16.778729397641598,17.12707607789901,9125300,-0.02687040970362344
2010-06-07,16.688411712646484,16.92709336352483,16.688411712646484,16.785174577337884,9533900,-0.0077015357802767736
2010-06-08,16.959354400634766,16.978706242094066,16.675515498630602,16.707769388000777,9553000,0.016104994505152608
2010-06-09,16.927099227905273,17.16578219188173,16.881943290765488,17.08837113506566,8617100,-0.001903721340955156
2010-06-10,17.217388153076172,17.23028896979048,17.08837014267764,17.1077232133595,8597800,0.017003969998945434
2010-06-11,17.075462341308594,17.12061949101546,16.933543562020862,17.12061949101546,6023400,-0.008277330116818775
2010-06-14,17.172237396240234,17.26900031801111,17.139982268711737,17.198040267855724,5604600,0.005651492698836988
2010-06-15,17.34640121459961,17.352852236777352,17.204482417909247,17.262540387102273,5392500,0.010091087209210153
2010-06-16,17.230283737182617,17.307694765994427,17.204480881183056,17.25608782358874,3648800,-0.0067165440586653994
2010-06-17,17.385112762451172,17.39801358041809,17.217389824810677,17.307701702614384,6245100,0.008945733601503658
2010-06-18,17.321435928344727,17.470870375351367,17.321435928344727,17.45137968005904,7709400,-0.0036694461396073685
2010-06-21,17.275959014892578,17.51635338669077,17.22398175294413,17.477370750038354,5379600,-0.0026289227682350486
2010-06-22,17.087541580200195,17.340931830089584,17.087541580200195,17.262965313376906,7044200,-0.010966247306593267
2010-06-23,17.19798469543457,17.243465863324786,17.06154490946926,17.152504766779465,6769800,0.006442572667975133
2010-06-24,16.990081787109375,17.146013557651187,16.97708716308867,17.10053361281427,4779800,-0.012162458574158515
2010-06-25,16.814659118652344,17.042060096111936,16.801665733064997,17.01607208570161,10611300,-0.010378676979614476
2010-06-28,16.957597732543945,17.029065691523346,16.782174012871906,16.827653961104883,7855100,0.008464904672373659
2010-06-29,16.68471336364746,16.87962774138052,16.632736113636284,16.827650491369344,10234200,-0.01622304443128488
2010-06-30,16.567768096923828,16.710705257909698,16.522288147484492,16.639237297034605,6563600,-0.00703380582359737
2010-07-01,16.600250244140625,16.626239489838348,16.437821176236174,16.587256860527205,9774300,0.00195864324886772
2010-07-02,16.535280227661133,16.645732047542314,16.476805661886655,16.632737424206766,4874600,-0.003921476361678404
2010-07-06,16.632736206054688,16.75618264023042,16.50279246068703,16.691210767546593,6910800,0.005876520173949416
2010-07-07,16.951101303100586,16.970593241602554,16.60025384547943,16.652231108915633,6495100,0.018959991340643707
2010-07-08,17.20448875427246,17.21098606651989,17.016071656039404,17.07454622703067,6357800,0.014837518507185558
2010-07-09,17.20448875427246,17.230478003262178,17.133020798021935,17.19799144202503,6894900,0.0
2010-07-12,17.26296043395996,17.26296043395996,17.139514000405548,17.139514000405548,3786300,0.003392867018373522
2010-07-13,17.418899536132812,17.45138610564064,17.33443693388429,17.386414205860902,6162300,0.008992606115477225
2010-07-14,17.425390243530273,17.45137948928321,17.314938427551187,17.353921056945147,4597100,0.00037255501624959504
2010-07-15,17.477367401123047,17.50985395813823,17.314938333753435,17.4448820833433,4122900,0.0029784005347371877
2010-07-16,17.230480194091797,17.47737189470803,17.204490941797587,17.405903929370456,7828300,-0.014226832739259409
2010-07-19,17.26296043395996,17.295446989756066,17.197988561603143,17.230475117399248,6491700,0.0018832710727952882
2010-07-20,17.470870971679688,17.490362906872786,17.113527501121407,17.113527501121407,7287700,0.01197178730411214
2010-07-21,17.282461166381836,17.535850234421368,17.236981204347668,17.529352919954196,11398300,-0.010842796335710267
2010-07-22,17.477367401123047,17.529344653111902,17.405899454160515,17.431887460537226,7042900,0.011214570698062155
2010-07-23,17.639799118041992,17.678781753080084,17.451382015994874,17.451382015994874,10102900,0.009250910105662688
2010-07-26,17.730756759643555,17.730756759643555,17.626801021292344,17.691772893048583,8753200,0.005143138966549104
2010-07-27,17.795734405517578,17.84121436190012,17.711271806412267,17.776243703774128,19712600,0.0036579868260392056
2010-07-28,17.698274612426758,17.80872645015305,17.678782674274228,17.76324650036617,7194100,-0.0054916331358572795
2010-07-29,17.483871459960938,17.69827786206385,17.392911543685738,17.69827786206385,11052600,-0.012188330197186934
2010-07-30,17.52935218811035,17.58782677663757,17.33443771917694,17.373420365116427,7389100,0.0025979186713202917
2010-08-02,17.730756759643555,17.730756759643555,17.626801021292344,17.711264826346067,7790300,0.011424057835684637
2010-08-03,17.5748233795166,17.646292560777024,17.53584075302699,17.61380724524157,7104100,-0.008833413497658758
2010-08-04,17.639799118041992,17.685279065459035,17.561833847965815,17.600816483003904,4452500,0.0036902745311095837
2010-08-05,17.561826705932617,17.59431201538065,17.516345537776203,17.581317395907387,18512500,-0.004430053317368746
2010-08-06,17.600818634033203,17.607315947206203,17.412400269723495,17.483869475390733,8372000,0.002217804929403322
2010-08-09,17.691781997680664,17.743759273987383,17.62031401728144,17.678787368794982,3650800,0.0051548235859050434
2010-08-10,17.730756759643555,17.82171663656106,17.574823771734426,17.600813016131074,7497000,0.002200563768609536
2010-08-11,17.438390731811523,17.548842584941106,17.4124014773171,17.548842584941106,9337600,-0.01662666194306825
2010-08-12,17.418899536132812,17.444888791739075,17.2434770177342,17.249973092399852,6401100,-0.0011183426801302443
2010-08-13,17.412395477294922,17.457876656988105,17.334430219148903,17.340927530533644,4435400,-0.00037346064284877426
2010-08-16,17.392906188964844,17.425391509280246,17.236974420826954,17.269459741142356,5077000,-0.0011199035453785513
2010-08-17,17.561826705932617,17.652786563775198,17.431882989670253,17.542334776722726,5242400,0.009665176527508059
2010-08-18,17.5748233795166,17.6332979388687,17.470868882720726,17.529343442072825,5379400,0.0007397787862591301
2010-08-19,17.366918563842773,17.522850346548722,17.29545060462483,17.516353034031518,7941200,-0.011900223494712573
2010-08-20,17.366918563842773,17.39290781391159,17.308443990423587,17.31494130294079,5856400,0.0
2010-08-23,17.405899047851562,17.50335623815128,17.392904425348824,17.42538974237026,4149900,0.0022420098809582826
2010-08-24,17.321435928344727,17.41239581100347,17.217481422667458,17.243470668704504,8426800,-0.004864369011469793
2010-08-25,17.36042022705078,17.41239748488608,17.21098576567876,17.230477702080336,6542800,0.0022481100752083935
2010-08-26,17.230480194091797,17.42539462935536,17.19149631565048,17.373417364002695,7530700,-0.007512995763796746
2010-08-27,17.340927124023438,17.360417818485317,17.12002349906247,17.334429812791008,9874400,0.006389517480346474
2010-08-30,17.191495895385742,17.392908878034856,17.191495895385742,17.32793698812339,8007800,-0.008654600418784183
2010-08-31,17.20448875427246,17.308443271760133,17.133020798021935,17.17850074451834,12423300,0.0007554869928594164
2010-09-01,17.509859085083008,17.542344412374565,17.353926044223286,17.392909924056116,9661500,0.017593774725879828
2010-09-02,17.62030601501465,17.62030601501465,17.50335688662801,17.509854198120095,6034900,0.0062878892551056645
2010-09-03,17.730756759643555,17.730756759643555,17.613807638329398,17.704767515246907,5839700,0.006248813776063821
2010-09-07,17.659292221069336,17.737257496292887,17.639800282645595,17.685280233065285,6444100,-0.004038685323729846
2010-09-08,17.737258911132812,17.76974547776372,17.665790943016418,17.68528164375916,5733200,0.004405334060014024
2010-09-09,17.795734405517578,17.854208989219668,17.730763747391585,17.847711675559893,4962900,0.003291338089755013
2010-09-10,17.88019561767578,17.906183629261974,17.789234479034892,17.802229104445832,4003400,0.004734921831122935
2010-09-13,17.899688720703125,18.01014057305977,17.841214137735737,18.01014057305977,5254000,0.001089612519235621
2010-09-14,17.932170867919922,17.997142748448454,17.841209739485755,17.88669092332061,8514700,0.001813032116521365
2010-09-15,18.05561637878418,18.081604386103862,17.880192682243276,17.899683377924166,6451300,0.0068604381918515025
2010-09-16,18.075105667114254,18.075105667114254,17.958156545192796,18.00363648388772,6884700,0.0010788209654677074
2010-09-17,18.027339935302734,18.158210419537788,18.027339935302734,18.14512312149959,10596900,-0.0026461232132980756
2010-09-20,18.22364616394043,18.249819512664775,18.040427730576127,18.099319325297746,6337100,0.010830499726842897
2010-09-21,18.19092559814453,18.24981718535599,18.099317017181505,18.24327353699102,13361500,-0.0017971143429024769
2010-09-22,18.22364616394043,18.269450460263137,18.17129821841827,18.197471567142617,5931300,0.0017971143429025762
2010-09-23,18.105859756469727,18.217099276942456,18.079685164324022,18.145120396615027,8952000,-0.0064843612484922685
2010-09-24,18.34796905517578,18.393773341644092,18.23672953886423,18.262902881957604,4515900,0.013283260853697935
2010-09-27,18.243276596069336,18.347973739391502,18.236734194680626,18.347973739391502,3614000,-0.0057222837276207205
2010-09-28,18.36105728149414,18.41994887053409,18.177840113879498,18.302165692454192,5660100,0.006435363216731578
2010-09-29,18.30871200561523,18.380690902267055,18.269451356565845,18.35451630418511,5319700,-0.002854957227771772
2010-09-30,18.243276596069336,18.465755685491093,18.17129894813184,18.387234388091365,8376000,-0.003580405988959733
2010-10-01,18.2759952545166,18.33488685292798,18.197472707276916,18.262907955297727,5417900,0.0017918575888054619
2010-10-04,18.22364616394043,18.33488570418421,18.164754569218815,18.249819512664775,6300800,-0.00286847346639037
2010-10-05,18.39377784729004,18.42649484618925,18.321798952023567,18.3414299002072,5418200,0.009292456374391482
2010-10-06,18.47230339050293,18.478847041401803,18.380694774066292,18.465759739604056,4637500,0.004260049310002663
2010-10-07,18.4068660736084,18.53773658082052,18.34797571824397,18.53773658082052,4440400,-0.0035487450785698705
2010-10-08,18.44612693786621,18.47884393879358,18.367604388337508,18.406865039065067,4196400,0.002130675199083523
2010-10-11,18.465755462646484,18.48538641079627,18.41995116503716,18.459211813263224,3051600,0.0010635343067825801
2010-10-12,18.511564254760746,18.56391221093376,18.41341074487183,18.4395853469952,5882500,0.0024776709560779962
2010-10-13,18.668603897094727,18.760212487640786,18.550820710350685,18.60316865467321,8258800,0.00844754523794668
2010-10-14,18.675151824951172,18.727499781267536,18.59662926643976,18.69478152852373,3697300,0.0003506839522134223
2010-10-15,18.720949172973633,18.78638315799489,18.65551393987911,18.747122517367483,6477400,0.0024493126125828386
2010-10-18,18.786386489868164,18.799473788422823,18.71440884396448,18.71440884396448,4001300,0.00348931120439734
2010-10-19,18.557369232177734,18.70786945561403,18.50502127410973,18.694782154078588,5782300,-0.01226551129745438
2010-10-20,18.720949172973633,18.78638315799489,18.609709651134928,18.668601236112668,4201000,0.008776200093056923
2010-10-21,18.786386489868164,18.891083630231993,18.701321545409815,18.747125842277654,6328400,0.00348931120439734
2010-10-22,18.85181999206543,18.85836364073792,18.786384753413873,18.838733942793812,4073800,0.0034769758835044005
2010-10-25,18.897624969482425,18.976147508324345,18.87145162191739,18.904168618392035,5217900,0.0024267906425452664
2010-10-26,18.792930603027344,18.812561551343908,18.71440930590812,18.792930603027344,3878600,-0.005555483814623455
2010-10-27,18.694774627685547,18.734035268412036,18.57044780929953,18.720949220218717,8714300,-0.005236714226703798
2010-10-28,18.760210037231445,18.80601432652164,18.67514510684584,18.77329733362101,6699200,0.003494086392206641
2010-10-29,18.825645446777344,18.825645446777344,18.720949570830424,18.720949570830424,6420600,0.003481920249708689
2010-11-01,18.747129440307617,18.910716959416884,18.68823783358238,18.89762965835045,7641400,-0.00417941560055717
2010-11-02,18.85836601257324,18.88454061055522,18.832192662664795,18.83873631216029,3161300,0.005915991551561182
2010-11-03,18.917259216308594,18.923802866359736,18.76021535930202,18.910715566257448,8907700,0.0031180556823696623
2010-11-04,19.146276473999023,19.15282012216981,19.015406006729865,19.067753944022872,9502100,0.012033565307741079
2010-11-05,19.048120498657227,19.12664176510606,18.989228924784086,19.10046842564746,6005300,-0.005139821503160862
2010-11-08,19.01540756225586,19.021951210961937,18.930342625223588,19.00232151291708,8569600,-0.0017188603433271408
2010-11-09,18.917259216308594,19.02195512097964,18.864911263973067,19.02195512097964,6868900,-0.005174883461253007
2010-11-10,18.85836601257324,18.91725760995916,18.760213766287887,18.91725760995916,8337200,-0.0031180556823695704
2010-11-11,18.87799644470215,18.87799644470215,18.74712595451894,18.75366960383545,6433600,0.001040398841931287
2010-11-12,18.786386489868164,18.83873568408682,18.72095249324181,18.779844088664316,8355900,-0.004864549919573161
2010-11-15,18.792930603027344,18.891084096536645,18.77984455222315,18.83219249966047,4375700,0.0003482827114262402
2010-11-16,18.583539962768555,18.799475415313445,18.52464836224962,18.75367111448174,6359000,-0.011204526681320928
2010-11-17,18.59008026123047,18.662059148460425,18.557363265984144,18.616254855886226,9451600,0.00035187848210574825
2010-11-18,18.838735580444336,18.877996227818848,18.707865091764656,18.71440874100599,5221500,0.013287034166320164
2010-11-19,18.85181999206543,18.864907289410414,18.747124109452287,18.83219029412132,3591300,0.0006943072049731747
2010-11-22,18.85181999206543,18.85836364073792,18.68823251947322,18.773298704142256,4960900,0.0
2010-11-23,18.62934303283691,18.73403892727073,18.59008238444261,18.73403892727073,5971800,-0.011871540482639322
2010-11-24,18.77330207824707,18.786388129870627,18.701323177986332,18.72749777738063,4284000,0.007697838260381468
2010-11-26,18.64897727966309,18.734042240909105,18.629346327956895,18.69478158557046,2125500,-0.00664445127957662
2010-11-29,18.616260528564453,18.662064835095972,18.465759059580353,18.56391257137504,4896900,-0.0017558862590842275
2010-11-30,18.53118896484375,18.62279755144314,18.47884102277647,18.505015617846805,9234200,-0.004580218217018968
2010-12-01,18.83218765258789,18.864904643287872,18.67514385069623,18.67514385069623,6465600,0.016112312469443994
2010-12-02,18.84528160095215,18.8583689019483,18.779847592118823,18.812564596535488,9095500,0.0006950545857146261
2010-12-03,18.85181999206543,18.88453823542789,18.773298704142256,18.773298704142256,5143900,0.00034689092277886583
2010-12-06,18.80601692199707,18.864908515804633,18.80601692199707,18.81910422019285,4836500,-0.00243259286291739
2010-12-07,18.91071319580078,18.976148440036297,18.884539846950663,18.91071319580078,8562400,0.005551729558015837
2010-12-08,18.98269271850586,18.989236367953666,18.891084122383585,18.93034477099691,4773600,0.0037990572523473832
2010-12-09,19.0350341796875,19.06775116770447,18.982686250016496,19.048121474123523,3764700,0.002753530972148153
2010-12-10,19.0677547454834,19.13318998186837,19.041581399773406,19.0677547454834,3169500,0.0017174897041440425
2010-12-13,19.0677547454834,19.139733630314197,19.048125048219234,19.139733630314197,6420400,0.0
2010-12-14,19.15936851501465,19.198629165688693,19.09393326517552,19.10047691496679,4649200,0.004793138332841815
2010-12-15,19.179000854492188,19.22480516125814,19.12665289703485,19.133196547726236,4278400,0.0010241615132016567
2010-12-16,19.34912872314453,19.35567237271817,19.12664962993496,19.211715826318727,7167000,0.008831416228131628
2010-12-17,19.379491806030273,19.399292932920225,19.300283521551545,19.346487829592064,8089800,0.0015679922853828537
2010-12-20,19.359683990478516,19.432291459305844,19.32668128226934,19.432291459305844,5229100,-0.001022624610394031
2010-12-21,19.313495635986328,19.43890829684252,19.293693239333145,19.419105900189336,3154200,-0.0023886516133169145
2010-12-22,19.39929580688477,19.39929580688477,19.30688717711358,19.320088769644652,2306300,0.004432659500250971
2010-12-23,19.405895233154297,19.419096824753375,19.33988853413197,19.353090125731043,2979100,0.0003401311090745489
2010-12-27,19.313495635986328,19.366300768087832,19.313495635986328,19.366300768087832,1507700,-0.004772790609325559
2010-12-28,19.36628532409668,19.372886117717155,19.29367785324412,19.346482943235255,1965800,0.002729577033594023
2010-12-29,19.372892379760746,19.405895099558172,19.34648919674435,19.386093971268934,2494600,0.0003411045933207744
2010-12-30,19.339887619018555,19.359690005480175,19.306884900555527,19.339887619018555,3825000,-0.0017051097203420542
2010-12-31,19.346485137939453,19.386089904155146,19.293680041958,19.333284808173687,3625100,0.00034107715532327926
2011-01-03,19.372892379760746,19.432298282574564,19.33988840099025,19.425697486820468,5257200,0.0013640325650189089
2011-01-04,19.320077896118164,19.37288297755008,19.25407122958515,19.35968139244899,5187300,-0.00272992825653051
2011-01-05,19.32669448852539,19.38610041107307,19.26728856597771,19.280488902897822,4492000,0.0003424137160030734
2011-01-06,19.260679244995117,19.339886267359834,19.207874143761,19.326685936280995,5437600,-0.003421601500609401
2011-01-07,19.16167449951172,19.26068393104267,19.108869385430324,19.254083134410845,5449800,-0.005153508567487235
2011-01-10,19.17486572265625,19.194668103142416,19.095658718656846,19.12866142716116,4478600,0.0006881801846849243
2011-01-11,19.16167449951172,19.234280744515363,19.122069719720752,19.227679947883537,3442100,-0.0006881801846849131
2011-01-12,19.320077896118164,19.353080599898444,19.20126614815323,19.25407122958515,4488000,0.00823269635209362
2011-01-13,19.359683990478516,19.38608716422395,19.28707652165119,19.28707652165119,4779000,0.002047898242932614
2011-01-14,19.359683990478516,19.379486370787593,19.313479695396623,19.3332820757057,4092500,0.0
2011-01-18,19.372892379760746,19.445498615109702,19.353089992498447,19.372892379760746,3321500,0.0006820300135978423
2011-01-19,19.33328437805176,19.412491390775365,19.28047802427233,19.38608947285842,5164100,-0.0020465992175813714
2011-01-20,19.432300567626953,19.47850488436576,19.326690341088753,19.326690341088753,15486400,0.0051084695378572405
2011-01-21,19.465301513671875,19.53130821397361,19.412496405225102,19.49170469738181,4508200,0.0016968117414483655
2011-01-24,19.49830436706543,19.51810549473105,19.41909607948389,19.452098798241938,4953300,0.00169403526907044
2011-01-25,19.564306259155273,19.584108642205344,19.458696067500483,19.485099244900574,9109700,0.0033792905205958096
2011-01-26,19.511503219604492,19.61711342238932,19.491702093440413,19.60391309127091,6028600,-0.0027025964347098257
2011-01-27,19.313495635986328,19.432307497958128,19.26729130276922,19.405904302420545,15259800,-0.0102000930435955
2011-01-28,19.1286678314209,19.379493032331187,19.089064316161977,19.333288721366937,9732300,-0.009615963936178128
2011-01-31,19.062660217285156,19.148469298357828,19.00985511315313,19.115465321417187,6825400,-0.0034566841863571617
2011-02-01,19.20127296447754,19.254078064654916,19.135266274512595,19.141867069406377,11645900,0.007245117895679235
2011-02-02,19.1286678314209,19.181472938090476,19.06926192904599,19.14186942283155,8204900,-0.0037884337093221088
2011-02-03,19.227670669555664,19.247473049895493,19.08245699064812,19.08245699064812,3302700,0.005162278875691743
2011-02-04,19.339887619018555,19.35308920999297,19.19467389521902,19.247479000143667,4630900,0.00581925696705908
2011-02-07,19.36628532409668,19.412489620467344,19.320081027726015,19.339882149614784,5262200,0.001364005127021364
2011-02-08,19.45869827270508,19.47189986290123,19.339886478885607,19.37289045437598,3620200,0.0047604977296324584
2011-02-09,19.491701126098633,19.51150225128001,19.42569443789069,19.43229523260877,2587200,0.001694609647182634
2011-02-10,19.419092178344727,19.498300450013964,19.33328437142809,19.452094890472793,5789200,-0.003732076674097405
2011-02-11,19.52471351623535,19.537915112213593,19.2870898245209,19.31349301647739,6764600,0.005424307921757151
2011-02-14,19.438894271850582,19.51810128336885,19.39928950711871,19.47189698348774,5829000,-0.0044051045595141875
2011-02-15,19.432300567626953,19.452101698244608,19.353092268236697,19.38609625088814,5229700,-0.0003392591513639229
2011-02-16,19.485095977783203,19.498297564269706,19.419089304323276,19.43889168405303,4122200,0.0027132052619373566
2011-02-17,19.617111206054688,19.617111206054688,19.425693207248376,19.425693207248376,6706400,0.006752341587449588
2011-02-18,19.669921875,19.68312346734053,19.55771085805181,19.65012074546235,5524400,0.0026884545160253516
2011-02-22,19.531307220458984,19.650119023163793,19.47190131910658,19.518105629275553,16824200,-0.007071983988753393
2011-02-23,19.485095977783203,19.58410535848681,19.465293598053453,19.53130027151338,7403100,-0.0023688121147216017
2011-02-24,19.405895233154297,19.53790863119896,19.320087405706413,19.452099544778008,7415600,-0.004072966599802478
2011-02-25,19.504907608032227,19.504907608032227,19.405898173981083,19.438902157980305,4049200,0.005089208206985448
2011-02-28,19.617111206054688,19.650115177554248,19.504900220901753,19.544504986701224,5388400,0.005736099980266642
2011-03-01,19.465301513671875,19.72932705590572,19.45209992181691,19.6963243352414,6715400,-0.007768735107938575
2011-03-02,19.412500381469727,19.49830948713011,19.37289685676597,19.471906298012037,4991200,-0.002716262859141161
2011-03-03,19.610506057739254,19.65671160757987,19.485094770803673,19.511496683168662,9047000,0.010148237855781795
2011-03-04,19.52471351623535,19.65672695807082,19.41910326635637,19.59732103514221,14030900,-0.004384423027210829
2011-03-07,19.47190284729004,19.59731545542913,19.41909773738513,19.59731545542913,14737500,-0.002708476075833805
2011-03-08,19.643516540527344,19.669918461653698,19.47850044182564,19.47850044182564,5786400,0.00877478994554384
2011-03-09,19.74252700805664,19.77552972597994,19.597313286631938,19.610513618417464,14802600,0.005027703580889135
2011-03-10,19.610506057739254,19.73591860364734,19.584104145374265,19.610506057739254,8262700,-0.0067095944233883575
2011-03-11,19.623716354370117,19.67652146151277,19.51150534432034,19.531307731613737,7341500,0.0006734068534003865
2011-03-14,19.485095977783203,19.57750456524356,19.405887717836773,19.52469947827013,5810700,-0.0070889883295519734
2011-03-15,19.313495635986328,19.379502365856624,19.148479440797423,19.188082975130136,12900900,-0.008845757209128115
2011-03-16,19.0362491607666,19.247469475947373,18.95704091308762,19.240868683726426,12979600,-0.014459095198338401
2011-03-17,19.1286678314209,19.25408043187604,19.06926192904599,19.21447691661712,7932800,0.004843131262160241
2011-03-18,19.284000396728516,19.350382752893093,19.18442749555072,19.26408657617584,7203500,0.008087613756456885
2011-03-21,19.522979736328125,19.55617028706017,19.38357790388752,19.39685336449733,5906100,0.012316462645388762
2011-03-22,19.49641990661621,19.54952552665375,19.46322810275659,19.483143185072365,5466800,-0.0013613655800415398
2011-03-23,19.52960968017578,19.562800216598855,19.41012172323223,19.44995062016748,5380700,0.0017009048531299933
2011-03-24,19.708845138549805,19.742035680905698,19.58935716024776,19.609272245344112,5221000,0.009135767747052385
2011-03-25,19.708845138549805,19.761950766002045,19.69556841515224,19.72212059580934,4569200,0.0
2011-03-28,19.70220184326172,19.82832815167951,19.70220184326172,19.728754017269942,6117000,-0.0003371285900662046
2011-03-29,19.795146942138672,19.80178530572676,19.675658929829844,19.7022123841822,3786100,0.004706405533445148
2011-03-30,19.901357650756836,19.941187831131547,19.854890373124693,19.854890373124693,10207700,0.005351149334220057
2011-03-31,19.861534118652344,19.92791650446032,19.861534118652344,19.87481084904168,4585100,-0.002003050766552518
2011-04-01,19.961097717285156,20.007564985750307,19.888077000475292,19.888077000475292,5194200,0.005000362934182202
2011-04-04,20.000926971435547,20.01420369583876,19.954459702162435,20.007565333637153,2603500,0.001993355824635497
2011-04-05,20.020837783813477,20.093858486303898,19.981008885244997,19.987647246029383,4440800,0.0009949993031230053
2011-04-06,20.1137752532959,20.146967062087224,20.060669625367822,20.08722307240088,6281100,0.004631295959607555
2011-04-07,20.14033317565918,20.14033317565918,20.027483532968738,20.113779722725745,4327400,0.0013195138212301546
2011-04-08,20.080585479736328,20.20007346368545,20.020841487761768,20.20007346368545,7281700,-0.0029709783798191926
2011-04-11,20.186798095703125,20.266457179066315,20.08722519110277,20.08722519110277,6793100,0.005275379369467057
2011-04-12,20.253177642822266,20.28636818436917,20.08722240281173,20.08722240281173,9857400,0.0032828707496769
2011-04-13,20.266462326049805,20.306291244777487,20.219993777039267,20.23327050532799,5309100,0.0006557157819633704
2011-04-14,20.385940551757812,20.4257707199571,20.186794775313256,20.186794775313256,6516300,0.005878056954228651
2011-04-15,20.47223663330078,20.5120655327355,20.35938702978751,20.39257756829346,8840800,0.004224183055075948
2011-04-18,20.359392166137695,20.405859438224137,20.27309598456834,20.319563256654774,10006400,-0.0055273207450242355
2011-04-19,20.399219512939453,20.40585787503444,20.286369889600856,20.34611388231765,7268600,0.001954304027399606
2011-04-20,20.505434036254883,20.57181640162699,20.492158576091107,20.525349125708008,6796700,0.005193285008835134
2011-04-21,20.512067794799805,20.591726868591905,20.485515614294453,20.56517342194853,5639600,0.0003234599040226201
2011-04-25,20.45896339416504,20.498792300379815,20.385942677656193,20.48551684240029,6384000,-0.00259229161834828
2011-04-26,20.598371505737305,20.624923694332026,20.45233003698191,20.465606764348475,6700000,0.006790925307979673
2011-04-27,20.731128692626953,20.75768213930564,20.62491743818825,20.63819416152759,7150800,0.006424352719088087
2011-04-28,20.863893508911133,20.877170232323763,20.651470998861168,20.717852083648257,5723200,0.006383709401913386
2011-04-29,20.923643112182617,20.956833663481568,20.86389910693381,20.89708965823276,16050400,0.002859687304933581
2011-05-02,20.9501895904541,21.029848664455873,20.910360686522232,20.976743037167367,7724700,0.0012679270138194014
2011-05-03,21.0033016204834,21.023216711589352,20.897090333528464,20.90372869723045,10287600,0.0025319493977903665
2011-05-04,20.976747512817383,21.04976697458242,20.94355569734391,20.99002423900677,11416400,-0.001265082426330821
2011-05-05,20.817428588867188,20.983383851811247,20.764322955370616,20.956830401993876,17000000,-0.0076240141818192724
2011-05-06,20.87053680419922,21.049767548085924,20.817431164133097,21.036492087673142,10133100,0.002547893309820436
2011-05-09,20.943546295166016,20.970099735624167,20.837335065608876,20.837335065608876,5193200,0.0034921040831102958
2011-05-10,21.069677352905273,21.08959243773655,20.970104461024928,20.976742822635355,7614800,0.006004368421711783
2011-05-11,21.02985191345215,21.14270154714212,20.97010791525521,21.069680823537368,7044700,-0.0018919665861761368
2011-05-12,21.34184837341309,21.355122566384956,21.036490023393497,21.036490023393497,10342400,0.01472690955013583
2011-05-13,21.31529235839844,21.41486398736616,21.25554836810736,21.2887389110966,6644100,-0.001245091348823351
2011-05-16,21.321928024291992,21.394948733337408,21.24227022000424,21.288737483528426,11341900,0.00031126165765820623
2011-05-17,21.36840057373047,21.42150747791002,21.255552200763777,21.29538237889844,13613600,0.0021771941946571224
2011-05-18,21.401586532592773,21.42813744356991,21.282098570230612,21.36839346238883,10312100,0.0015518342542234
2011-05-19,21.52107810974121,21.52771773858877,21.3883159201075,21.454697014924356,11084300,0.005567775758183674
2011-05-20,21.454692840576172,21.547627368148472,21.401588481510267,21.4812462862471,12311500,-0.003089430183504813
2011-05-23,21.308658599853516,21.368402606600934,21.262191320414058,21.2821076775144,7600000,-0.006829904742360213
2011-05-24,21.288738250732425,21.348482239170277,21.268824432011815,21.348482239170277,7352200,-0.0009352848787021412
2011-05-25,21.14933967590332,21.21572076993167,21.06304222784533,21.18916858554797,23021800,-0.006569528263030846
2011-05-26,21.182525634765625,21.222354535783307,21.029847125749573,21.12942001136274,8423200,0.0015678952683594381
2011-05-27,21.268823623657227,21.3418443325589,21.235631816821027,21.242270178188267,4347200,0.004065741573655899
2011-05-31,21.448055267333984,21.46133198987358,21.32192766934575,21.38167165463599,7570100,0.008391656886848942
2011-06-01,21.228994369506836,21.454693601159015,21.20908055068566,21.421503059031703,14211100,-0.010266071512947478
2011-06-02,20.983381271362305,21.228994321277664,20.910360559482484,21.19580377922576,11745700,-0.011637149827262126
2011-06-03,20.78423500061035,20.890446258527884,20.74440609542579,20.78423500061035,9226700,-0.009535989727946548
2011-06-06,20.67803001403809,20.770965842505564,20.671391650137664,20.731135659103025,6439100,-0.005122982008498837
2011-06-07,20.63155746459961,20.770960538634984,20.63155746459961,20.71121654492527,13196900,-0.002249965292803427
2011-06-08,20.644834518432617,20.67802506385068,20.55189871221338,20.605005610703316,8355300,0.000643324363058383
2011-06-09,20.75768280029297,20.857255696232706,20.638194818710065,20.697938809501515,5887500,0.005451289854996941
2011-06-10,20.518705368041992,20.72448950706892,20.505428645230456,20.664745520554977,10787000,-0.011579506498673862
2011-06-13,20.611644744873047,20.697942197313782,20.49215800987077,20.498795106700115,10001000,0.004519267876737539
2011-06-14,20.83070182800293,20.89708417933476,20.704576753224305,20.757682381062157,10591800,0.010571752877374541
2011-06-15,20.518705368041992,20.744404591286223,20.445684658716512,20.69793732758382,24775100,-0.01509102075411202
2011-06-16,20.684663772583008,20.724492680979353,20.518708510437033,20.531985235281873,10211000,0.008055618045939444
2011-06-17,20.81635856628418,20.929999626457313,20.79630508655925,20.836413321026892,13061200,0.006346602002910424
2011-06-20,20.97010040283203,21.010208620596387,20.76287184851213,20.80298134129374,8469200,0.007358485694442366
2011-06-21,20.95004653930664,21.03694789396111,20.916623235597378,21.02357933748779,12758400,-0.0009567650172049347
2011-06-22,20.81635856628418,20.916631064979956,20.802990004806823,20.896576310237243,9302800,-0.006401720677237333
2011-06-23,20.629175186157227,20.689338143960075,20.442001397990907,20.689338143960075,18618400,-0.009032802132935063
2011-06-24,20.462059020996097,20.662601391874414,20.435319358203092,20.642546644779664,8765000,-0.008133953129826652
2011-06-27,20.55565071105957,20.61581369319091,20.475432976545235,20.502172646389223,5039000,0.0045634850457747095
2011-06-28,20.595760345458984,20.62918493504356,20.5489671950583,20.609130181292816,19095900,0.0019493692231280346
2011-06-29,20.716081619262695,20.74950620126616,20.662603563074587,20.662603563074587,9806900,0.00582504232688933
2011-06-30,20.87652015686035,20.88988999245977,20.716085954720384,20.716085954720384,10175700,0.00771480150297045
2011-07-01,21.03695297241211,21.06369264184849,20.802987239931877,20.836410551709733,8450300,0.007655466708071797
2011-07-05,21.030261993408203,21.103794788145947,20.990153775831818,21.02357835299318,7251600,-0.00031810896279989525
2011-07-06,21.14390754699707,21.190701965073448,21.003528117820498,21.03026651027519,8706200,0.005389357035284292
2011-07-07,21.290971755981445,21.33776489593685,21.250863532450733,21.324395063087465,7479900,0.006931316887675596
2011-07-08,21.217432022094727,21.217432022094727,21.1037910300176,21.150584154693412,5743600,-0.003460012642999262
2011-07-11,21.06369400024414,21.110487149757873,21.00353101515,21.09043239638726,8308600,-0.007272214051550124
2011-07-12,20.996841430664062,21.150590680613817,20.970103040463737,21.016896179577365,5628600,-0.0031788765973628634
2011-07-13,20.996841430664062,21.10379754150019,20.943363375246,21.097112625195752,5897100,0.0
2011-07-14,20.903247833251953,21.05699702936707,20.85645471052274,20.956725869944908,6827100,-0.004467472729555717
2011-07-15,20.963422775268555,20.97679133582606,20.816357133976684,20.970107693056157,10520300,0.0028746008497491818
2011-07-18,20.82971572875977,20.909933423903684,20.716074737732463,20.883193767183375,5921500,-0.006398538490900229
2011-07-19,21.11716651916504,21.15727474035042,20.883199558051807,20.90993922218697,8400700,0.013705680836609797
2011-07-20,21.083744049072266,21.170645410918706,20.990156495909854,21.170645410918706,3812600,-0.0015839694750992704
2011-07-21,21.257549285888672,21.297658788421877,21.12385476916402,21.170647913768526,6894500,0.008209773454576243
2011-07-22,21.217432022094727,21.28427988949604,21.170638897418915,21.270910061012376,8006300,-0.0018889837964672033
2011-07-25,21.02358055114746,21.11716682694984,20.996840886622564,21.05031894065498,5910100,-0.009178417846908435
2011-07-26,20.97010040283203,21.05700175382435,20.950045656441223,21.02357845152359,5398600,-0.0025470583198822874
2011-07-27,20.74282455444336,20.94336697800482,20.70939996717136,20.929997143096024,7625400,-0.01089725056213387
2011-07-28,20.74282455444336,20.903258748296057,20.70939996717136,20.776247866697727,6844200,0.0
2011-07-29,20.6091251373291,20.789614051859036,20.569016914661585,20.58238674722323,12659700,-0.006466436721609333
2011-08-01,20.53558921813965,20.802980728741257,20.34841669073918,20.802980728741257,11186600,-0.0035745051892706412
2011-08-02,20.268205642700195,20.46206442408676,20.248152165327543,20.35510829470715,12283100,-0.013106006618048881
2011-08-03,20.34842109680176,20.34842109680176,20.107769195158617,20.248149896122943,13508500,0.003949887759359296
2011-08-04,19.713369369506836,20.281574578533156,19.68663097585608,20.187988288229143,18917200,
2011-08-05,19.994129180908203,20.141193531070726,19.532880104237368,19.907227809225247,24268500,0.014141635743117486
2011-08-08,19.238752365112305,19.920597363584253,19.18527430101612,19.686631630049455,25886700,
2011-08-09,19.706684112548828,19.706684112548828,18.76413248354074,19.419239054408372,28746500,0.02403127600279184
2011-08-10,18.9512996673584,19.4793951784504,18.924560008560267,19.452656794669377,22101900,
2011-08-11,19.512826919555664,19.753477562051017,19.018154525237197,19.051577835995072,20124800,0.029199526860513143
2011-08-12,19.746789932250977,19.84037620348829,19.52619153573333,19.71336535322528,12733300,0.011918902994335531
2011-08-15,20.027557373046875,20.034242291731612,19.740113519710288,19.88717790572095,23864000,0.014118250755420392
2011-08-16,20.0743465423584,20.161247912447447,19.90054252716277,19.940650753740982,13192800,0.0023335146701235015
2011-08-17,20.20804023742676,20.321681270643246,20.074345729242204,20.15456217914944,12507900,0.006637848282875383
2011-08-18,19.84706687927246,20.01418599784999,19.606414940515155,19.88049019298089,17609500,-0.018024324822798782
2011-08-19,19.753480911254883,20.09440409386255,19.659894605251218,19.659894605251218,14881200,-0.004726507458302556
2011-08-22,19.813634872436523,20.0609716363376,19.75347191027186,20.007493589415372,8849500,0.0030406061364459873
2011-08-23,20.22140884399414,20.22809376025044,19.800269319986384,19.853747375019392,12722300,0.020371556306622057
2011-08-24,20.30831527709961,20.3216851129512,20.107772839396617,20.174620743636854,12641800,0.00428853480674899
2011-08-25,20.00081443786621,20.348422480540552,19.940651458364208,20.328367729034028,13771600,-0.015257427119921153
2011-08-26,20.16792678833008,20.234774662615344,19.619776514221783,19.960699525561196,9421300,0.008320565170108435
2011-08-29,20.528907775878903,20.548962525071985,20.288257160649167,20.29494207704686,13124600,0.01774046845754674
2011-08-30,20.58238220214844,20.689338288988328,20.37515366825616,20.475424840291417,10714600,0.0026014487239696214
2011-08-31,20.64923667907715,20.782932476148503,20.54896546878244,20.696029825546837,8987800,0.0032428770604176404
2011-09-01,20.575702667236328,20.81635328804001,20.54896300102622,20.655919115831736,11725100,-0.003567456544227559
2011-09-02,20.281574249267575,20.45537826773736,20.26151949809191,20.341737227777024,10867700,-0.014398096072209807
2011-09-06,20.20135498046875,20.2414644797642,19.806953829185744,19.867116803111458,11784300,-0.003963121015250994
2011-09-07,20.562328338623047,20.562328338623047,20.361784710944132,20.39520928639921,8986300,0.017710999818550646
2011-09-08,20.508859634399418,20.716086996541215,20.44201172805819,20.482119961855823,6404100,-0.002603710146659246
2011-09-09,20.054288864135746,20.34841879114792,19.960702590775327,20.34841879114792,12023400,-0.02241393075730425
2011-09-12,20.0743465423584,20.107769852003987,19.76016182161273,19.773531655477974,10435500,0.000999669173389072
2011-09-13,20.147871017456055,20.187980504994822,19.933958850650967,20.087708061164985,8857000,0.003655917622178683
2011-09-14,20.388532638549805,20.575706511942865,20.081034069780173,20.1813052867695,12343400,0.011873991128383849
2011-09-15,20.629175186157227,20.635860100915,20.40189318446138,20.488794526278205,9792100,0.011733727765044045
2011-09-16,20.763158798217773,20.81701908069299,20.662170929093044,20.722763907393965,12832500,0.006473859631020043
2011-09-19,20.588109970092773,20.641970245794816,20.45345863877253,20.52751699941169,6738300,-0.00846648139135058
2011-09-20,20.62850570678711,20.850679513739255,20.574645428863263,20.62850570678711,7135800,0.001960168197469681
2011-09-21,20.20435333251953,20.702561154166457,20.20435333251953,20.675630376933043,12112100,-0.020775798740506467
2011-09-22,19.820600509643555,19.91485567008778,19.63882159953234,19.739809454884043,19977700,-0.019176266090226757
2011-09-23,19.860998153686523,19.914858436297404,19.685951914168548,19.71961539338187,13093900,0.0020360902463615253
2011-09-26,20.24475479125977,20.24475479125977,19.88119816940908,19.96198795909565,12087800,0.019137820491655872
2011-09-27,20.365938186645508,20.56791391947248,20.258217624587072,20.50058953128375,15290000,0.0059680712733813585
2011-09-28,19.982189178466797,20.440002338834866,19.955258388265968,20.406338851083824,12298000,-0.019022472909879098
2011-09-29,20.177427291870117,20.35920622847725,19.941789356413206,20.231287574850327,8661200,0.009723183073760085
2011-09-30,19.968719482421875,20.25821899407343,19.9485213941216,20.04277785539241,14873200,-0.01039749547399304
2011-10-03,19.679214477539062,20.08316714187238,19.679214477539062,19.8475279806671,17137600,-0.014604047241519157
2011-10-04,19.86772918701172,19.87446188229099,19.32239371069352,19.490707240284472,15177200,0.009533790472458717
2011-10-05,19.894664764404297,19.914862856415272,19.75328197271963,19.834071772502096,9942200,0.001354826952604288
2011-10-06,20.130294799804688,20.143760188301357,19.82059856916206,19.935051803123493,9943700,0.01177429085014554
2011-10-07,20.24475479125977,20.3861388494071,20.123568822599353,20.2245579859034,10812600,0.005669853003041357
2011-10-10,20.561187744140625,20.561187744140625,20.399605575773503,20.406338273133027,5672200,0.015509471228459285
2011-10-11,20.52078628540039,20.567913870672843,20.433263810484465,20.487124091385898,5435700,-0.0019668710045859707
2011-10-12,20.682363510131836,20.803549441993553,20.60157374497747,20.608306439428695,7715400,0.007842995197454232
2011-10-13,20.62177467346191,20.689100347325148,20.500590001464595,20.648705456659375,4139700,-0.0029337922441883078
2011-10-14,20.783355712890625,20.817017905989168,20.66890245857308,20.776623017444845,4205100,0.007804919736746068
2011-10-17,20.64197540283203,20.823754360289577,20.561185611160177,20.709301085312298,5765900,-0.006825816725190257
2011-10-18,20.796825408935547,20.95840629066912,20.46693094821316,20.6217791326915,14981300,0.007473706953307674
2011-10-19,20.736223220825195,20.918002113701775,20.69582833934044,20.810281573655683,7398600,-0.002918265483437454
2011-10-20,20.850677490234375,20.938201235948117,20.722760145160745,20.78335311246097,6276700,0.0055043562482143815
2011-10-21,21.18731117248535,21.18731117248535,20.985335407445763,21.059393787221225,13734900,0.016016031634546554
2011-10-24,21.03919219970703,21.19404034610558,20.992064614640547,21.19404034610558,9755200,-0.007015479305462356
2011-10-25,20.790088653564453,21.018995179038345,20.76989184987175,20.99206567940459,13392900,-0.011910627480867712
2011-10-26,20.998796463012695,21.0189932648661,20.709296984564148,20.992063767684783,5286200,0.009988758694414726
2011-10-27,21.26810073852539,21.32869372056009,21.052659595348903,21.254635346044232,21683000,0.01274320745920495
2011-10-28,21.2142391204834,21.261366707077343,21.099785859842207,21.17384422970722,11994500,-0.0025357194109847216
2011-10-31,20.89780616760254,21.160374834160773,20.89780616760254,21.079583783765063,8271600,-0.01502842744024063
2011-11-01,20.534252166748047,20.73622790391635,20.507321383589385,20.554450254117047,18721200,-0.01754985615316627
2011-11-02,20.729494094848633,20.76315628577344,20.601575457899862,20.729494094848633,4854400,0.009463192405567986
2011-11-03,20.985336303710938,20.9988016977235,20.796824639927056,20.89108111388432,5172100,0.01226640091030446
2011-11-04,20.8641414642334,20.904536344983512,20.729491433689656,20.823746583483288,4886300,-0.005791956542790538
2011-11-07,21.03919219970703,21.03919219970703,20.75642540517775,20.870878662109373,4930100,0.008355027558557942
2011-11-08,21.247900009155273,21.261365399962976,20.97186591824908,21.079586476450014,5827200,0.009871073806114423
2011-11-09,20.74969482421875,20.985334057695983,20.66890503705145,20.985334057695983,6187700,-0.023726528086538152
2011-11-10,20.95166778564453,21.005528061324632,20.74969078874644,20.93146970071564,4501200,0.009686711804277649
2011-11-11,21.194032669067383,21.220963441710555,21.072846760432945,21.072846760432945,3135400,0.01150141307518883
2011-11-14,21.01226234436035,21.1267156063416,20.96513475721462,21.1267156063416,2725900,-0.008613475713638996
2011-11-15,21.11324691772461,21.17383988351664,20.96513020839736,20.99879368057635,6358400,0.004794471026088699
2011-11-16,20.924734115600582,21.20750084489776,20.897804623545188,20.96512899574873,7333200,-0.00896874974147956
2011-11-17,20.850677490234375,21.025723697531664,20.71602745055737,20.83721338515781,6726800,-0.0035454684990969213
2011-11-18,20.91127014160156,20.97186310798633,20.817014986838668,20.9045374470999,8138700,0.0029018136040890588
2011-11-21,20.574649810791016,20.7564287690476,20.50059271545472,20.69583578296207,21788100,-0.016228528570791354
2011-11-22,20.59484481811523,20.74969296643059,20.527519145416697,20.527519145416697,5769000,0.0009810666429619411
2011-11-23,20.37267684936523,20.514059646928487,20.325549250177485,20.453466652506872,5091300,-0.010846159966453082
2011-11-25,20.44672966003418,20.5813797232406,20.35247320324623,20.392869377925532,3223600,0.00362831791256335
2011-11-28,20.769886016845703,20.79681550891656,20.65543278625187,20.7160257485739,6760300,0.015681199122720094
2011-11-29,20.985336303710938,21.052661989643088,20.810290033939616,20.830488124958453,4812400,0.0103197725682268
2011-11-30,21.476810455322266,21.497008545238252,21.288300085962028,21.308496891747435,7078000,0.023149847003842525
2011-12-01,21.443145751953125,21.61145801174049,21.38255277341229,21.51720283806826,11693700,-0.0015687206254502057
2011-12-02,21.36908721923828,21.577795652553014,21.36908721923828,21.550864869348317,5688600,-0.00345969371113369
2011-12-05,21.497005462646484,21.604726025157195,21.369086813116116,21.604726025157195,7178500,0.005968289392101377
2011-12-06,21.52393341064453,21.61818985914905,21.429678246270313,21.476805828457422,5993000,0.0012518532705205236
2011-12-07,21.57779312133789,21.651851482332862,21.389282797540165,21.4970033494618,5951300,0.002499191705798088
2011-12-08,21.328691482543945,21.517201820977757,21.295028004873355,21.497005018505774,5215300,-0.011611505341945837
2011-12-09,21.550867080688477,21.584531847279123,21.389287501402244,21.429682396223804,3885100,0.010362867242749376
2011-12-12,21.35561752319336,21.490268843815663,21.23443287558948,21.40274638430228,5890500,-0.009101230596956658
2011-12-13,21.30849838256836,21.53740494777572,21.11998800001924,21.476811957919026,6460700,-0.002208842667073136
2011-12-14,21.200780868530273,21.382559864435525,21.17385136032071,21.261373867165357,5653200,-0.005067963818224372
2011-12-15,21.41621780395508,21.463345397030672,21.27483502472829,21.281567721472033,7244100,0.01011046189652247
2011-12-16,21.392444610595703,21.589454091940024,21.35168451973616,21.589454091940024,9366600,-0.0011106722080234128
2011-12-19,21.30412483215332,21.58265441635072,21.263363457095487,21.419612803338065,4628900,-0.004137096050820068
2011-12-20,21.74569320678711,21.77966231268978,21.48754432824411,21.528305700439955,6064300,0.020515016387831514
2011-12-21,21.976667404174805,22.010636507405344,21.643791960936884,21.643791960936884,8074800,0.01056559356940479
2011-12-22,21.969877243041992,22.037810273053314,21.89514935514215,22.037810273053314,4135700,-0.00030901911589885237
2011-12-23,22.126127243041992,22.15330149404258,21.956292061507146,21.97667145401798,5227700,0.0070868395343126065
2011-12-27,22.166889190673828,22.228029961260837,22.112540687272364,22.13292267178755,3918400,0.0018405591861250042
2011-12-28,22.058191299438477,22.19405735357392,22.024222194425747,22.19405735357392,3647100,-0.004915677208991025
2011-12-29,22.173681259155273,22.20085551061249,22.06498684480566,22.06498684480566,2933300,0.005222036304765507
2011-12-30,22.071773529052734,22.15329366175387,22.05139155226873,22.11932715575159,2935100,-0.004606480407727646
2012-01-03,22.0513973236084,22.26878612869243,22.044605057221577,22.20764536529511,20757900,-0.0009236057381672654
2012-01-04,22.003841400146484,22.044602768672735,21.935908377414773,22.01063625730688,6855200,-0.0021589233567169733
2012-01-05,21.990253448486328,22.0106354277206,21.854384816665117,21.96308179530497,4563000,-0.0006177170885763609
2012-01-06,21.847593307495117,22.024220720941635,21.806831939094216,22.024220720941635,6365900,-0.006508560759905177
2012-01-09,21.881561279296875,21.90873552671129,21.82042051835387,21.90194326059712,3304900,0.001553562100831542
2012-01-10,21.95628547668457,22.03780561375874,21.93590609028564,22.03780561375874,5053600,0.003409121354645355
2012-01-11,21.86118507385254,21.92911811080507,21.806836571107116,21.86118507385254,5384000,-0.004340759562892472
2012-01-12,21.854379653930664,21.956281751593544,21.79324150510653,21.915520394232797,4733100,-0.0003113499742816421
2012-01-13,21.83400535583496,21.86117960040398,21.69813802020778,21.80003884586299,5589000,-0.000932710127334624
2012-01-17,21.915529251098633,22.02422365651002,21.915529251098633,22.01743138994389,6746500,0.0037268505988022516
2012-01-18,21.963085174560547,21.983464565451804,21.861183037146255,21.90873667687852,5147100,0.00216761366349904
2012-01-19,22.003841400146484,22.051395034354428,21.88835474320683,21.983462011622713,5962200,0.0018539497952119758
2012-01-20,22.010639190673828,22.04460570656642,21.901944784930116,21.969877816715293,11017800,0.0003088888243206439
2012-01-23,21.990253448486328,22.0106354277206,21.88155906132508,21.94949467297499,21798800,-0.0009266059128970847
2012-01-24,21.86797332763672,21.92232182040783,21.847593938586932,21.881560450829497,5885300,-0.00557616879124294
2012-01-25,22.119335174560547,22.1465068343258,21.786457075513685,21.800044201135925,7762100,0.011428959469178076
2012-01-26,22.03780746459961,22.221229732029997,21.97666670878948,22.18047095580901,6762500,-0.003692621294184316
2012-01-27,21.88835906982422,22.01064060809535,21.80683631665732,21.94270498045627,5682200,-0.006804553331727007
2012-01-30,21.74569320678711,21.820421093406686,21.66417305387436,21.79324943675506,9643100,-0.0065392217305536016
2012-01-31,21.7592716217041,21.85437886061546,21.630197881964097,21.84758659704089,5873600,0.0006242237138417717
2012-02-01,21.915529251098633,22.01743138994389,21.84759621952116,21.84759621952116,9539000,0.007155535594553302
2012-02-02,21.997055053710938,22.017434447718657,21.9223271537101,21.94950140670666,5452400,0.003713099448371058
2012-02-03,22.06498146057129,22.18047070534347,22.017427827864687,22.06498146057129,6662400,0.0030832192991682443
2012-02-06,22.0513973236084,22.098950962753097,21.99025656021108,22.017430808716327,7380000,-0.0006158319321111219
2012-02-07,22.071773529052734,22.13291427644816,21.990250804873305,21.997045660960737,11209400,0.0009236057381672574
2012-02-08,22.07857322692871,22.13292172801269,21.99705306678191,22.13292172801269,4694700,0.0003080246670459716
2012-02-09,22.20085334777832,22.228027596588188,22.051397570803044,22.098951210480813,5976200,0.005523126253165179
2012-02-10,22.153297424316406,22.153297424316406,22.064982420528228,22.092156666536702,4576400,-0.0021443739022063116
2012-02-13,22.248401641845703,22.275575884126432,22.200848013593617,22.221227399564977,5427400,0.004283816383977479
2012-02-14,22.302751541137695,22.31633607166139,22.16008805585348,22.16008805585348,4678700,0.0024398886390705793
2012-02-15,22.29595375061035,22.418235241061673,22.23481300538469,22.363886760204107,5330400,-0.000304842507670043
2012-02-16,22.438623428344727,22.465797679434,22.295962497344856,22.30954962288949,4185900,0.006378518383167968
2012-02-17,22.459003448486328,22.55411072750297,22.41144980897801,22.486175105720378,3526000,0.000907844042503349
2012-02-21,22.32993507385254,22.46580377468255,22.295968546515017,22.46580377468255,5558000,-0.005763419994485578
2012-02-22,22.268789291381836,22.336724922293403,22.21444337813192,22.329930063462577,3682400,-0.0027420434845568504
2012-02-23,22.384273529052734,22.41824004112232,22.21443837722605,22.221230643048465,4280000,0.005172522906966172
2012-02-24,22.459003448486328,22.472590572842847,22.397862684621487,22.418242075416767,4660400,0.003332940572076146
2012-02-27,22.459003448486328,22.499762230076893,22.31633993848237,22.384275560264964,5540300,0.0
2012-02-28,22.53373336791992,22.54052822723161,22.4250389422486,22.465800323680167,4875800,0.0033218689699958896
2012-02-29,22.574485778808594,22.656005917798115,22.506552761563743,22.51334502669683,12843400,0.0018068734588460168
2012-03-01,22.540523529052734,22.62204368344489,22.32992698943743,22.58807716840474,7825200,-0.0015055856883255925
2012-03-02,22.560901641845703,22.608455278504092,22.50655573915562,22.52014286269785,4036500,0.0009036572171489535
2012-03-05,22.662803649902344,22.696770162834497,22.54052213016354,22.54731439615844,6070600,0.004506582548346153
2012-03-06,22.472591400146484,22.60166519906664,22.465796541978584,22.526937308094254,9765800,-0.00842856811653818
2012-03-07,22.506561279296875,22.533732941590987,22.404659123385667,22.52014840618367,7278800,0.0015104724560324287
2012-03-08,22.662803649902344,22.689977896839597,22.581283500569416,22.581283500569416,5795400,0.0069180956605057005
2012-03-09,22.737531661987305,22.751118785532867,22.628837265101662,22.669596044259507,5234200,0.0032919615706480543
2012-03-12,22.81905174255371,22.853018255575147,22.683183098989147,22.683183098989147,7409600,0.0035788534382789543
2012-03-13,22.98888778686523,22.98888778686523,22.846226871779,22.88698565238711,5126200,0.0074151696956805116
2012-03-14,22.920961380004883,22.988894428296692,22.873405136425003,22.961720172388095,5727500,-0.002959123484784828
2012-03-15,22.96171188354492,22.975299006594465,22.84622522484191,22.900571125561346,5293400,0.001776292066535654
2012-03-16,22.946685791015625,23.00815023495506,22.912539456648897,23.00815023495506,5354200,-0.000654611958900836
2012-03-19,22.960344314575195,22.987662423515857,22.871564368315443,22.933028810832795,4210100,0.0005950515174333502
2012-03-20,22.946685791015625,22.987662955374688,22.84424678791544,22.864734067495817,4792900,-0.0005950515174333768
2012-03-21,22.980836868286133,23.028642261886137,22.905713362572264,22.9193724186292,4171100,0.0014871729014484943
2012-03-22,23.001325607299805,23.04230277806722,22.864737643273813,22.93303292788617,5471000,0.0008911603659574024
2012-03-23,23.055957794189453,23.062788624824723,22.9466879508122,23.02864228724406,3105900,0.002372359309006965
2012-03-26,23.21302795410156,23.23351522883001,23.08326826696083,23.096927318512364,5562300,0.006789462130654366
2012-03-27,23.199373245239254,23.308643072908048,23.192542415585976,23.288153189146396,3310600,-0.000588407792030576
2012-03-28,23.14473342895508,23.206197860283694,23.08326899762646,23.18571058490675,3537200,-0.0023580060345372513
2012-03-29,23.137910842895508,23.1515698982073,22.97400478435243,23.06961556633655,5045100,-0.00029482265831307964
2012-03-30,23.27450180053711,23.322307197711083,23.165229343912305,23.185719232128832,3775800,0.005885983693112349
2012-04-02,23.458900451660156,23.50670586491993,23.274509632057963,23.274509632057963,9978900,0.007891555042550494
2012-04-03,23.329137802124023,23.458894949796964,23.240355224664107,23.38377403600675,4460900,-0.005546844325378296
2012-04-04,23.254009246826172,23.356450860570163,23.2062038551319,23.219862910644327,5436200,-0.003225570842488405
2012-04-05,23.254009246826172,23.267668302338603,23.13791118276821,23.2062038551319,4562600,0.0
2012-04-09,23.042306900024418,23.09694053228879,23.01498878129263,23.05596335419111,2747700,-0.009145601206333483
2012-04-10,22.837421417236328,23.0218147931341,22.82376235918476,23.014986566707787,7105400,-0.00893147593932016
2012-04-11,22.953521728515625,23.042304301783243,22.88522643938711,22.960349954829027,14575600,0.005070896211643849
2012-04-12,22.96717834472656,22.98766562668769,22.85790849893619,22.933032006391816,2666500,0.0005947913072653522
2012-04-13,22.96717834472656,23.090107246890557,22.939860231979317,22.939860231979317,5539400,0.0
2012-04-16,23.06278610229492,23.13790959987476,22.974003550137088,23.042298823027068,5805600,0.004154158979226505
2012-04-17,23.294986724853516,23.356451172882096,23.15839877310129,23.20620416543479,5715900,0.010017848154170634
2012-04-18,23.294986724853516,23.342792117187024,23.22669144637816,23.260840388215083,6363000,0.0
2012-04-19,23.21985626220703,23.329126069821275,23.131073729396174,23.329126069821275,6954000,-0.0032303894050410595
2012-04-20,23.431575775146484,23.472550338954218,23.24035159164882,23.27450053508675,5243400,0.009076718860111641
2012-04-23,23.069618225097656,23.23352430253082,23.014984602752413,23.21986524564483,5378200,-0.015567981347533347
2012-04-24,23.07644844055176,23.19254651318756,23.05595855317,23.124253835778102,5679500,0.0002960259019895389
2012-04-25,23.226696014404297,23.27450402133876,23.12425698434217,23.151575101105006,5500500,0.006489758004631174
2012-04-26,23.438404083251953,23.486209477995057,23.21986439151243,23.25401072987199,4135100,0.00907356979372384
2012-04-27,23.404260635375977,23.472553320529407,23.3906015773055,23.438406977952692,4944100,-0.0014577929811533824
2012-04-30,23.342790603637695,23.383767768065947,23.288154384400027,23.383767768065947,5605200,-0.002629901375090681
2012-05-01,23.404260635375977,23.499871436670357,23.281331717940645,23.34279617665831,5091000,0.0026299013750905992
2012-05-02,23.424745559692383,23.49304084316358,23.329134768031388,23.397427446303904,10755000,0.0008748819284228292
2012-05-03,23.458900451660156,23.520364926594095,23.397435976726214,23.458900451660156,2322700,0.001457006906062791
2012-05-04,23.27450180053711,23.472551615172677,23.27450180053711,23.438405275076803,4985200,-0.007891555042550626
2012-05-07,23.30864715576172,23.356452550915748,23.219864591104812,23.219864591104812,4204700,0.001465996271394924
2012-05-08,23.254009246826172,23.288155583008017,23.151570238280637,23.2062038551319,8638300,-0.002346856396711118
2012-05-09,23.137910842895508,23.288155240928376,23.06961556633655,23.1515698982073,6840000,-0.0050051235677961185
2012-05-10,23.30180931091309,23.370104572860548,23.247175706552976,23.247175706552976,3172100,0.007058576062635077
2012-05-11,23.24034881591797,23.370108533007457,23.219861536461018,23.254007870622036,3289600,-0.0026410692238554574
2012-05-14,23.14473342895508,23.226685135660645,23.04912267026562,23.117415324987295,6938000,-0.004122684180466622
2012-05-15,23.117427825927734,23.267674873800093,23.076453253016503,23.090112312386648,3297400,-0.0011804725701337465
2012-05-16,23.192541122436523,23.27449544251722,23.13790751424743,23.158394791668588,4610600,0.003243939224468852
2012-05-17,23.028648376464844,23.247188121005497,23.02181754402337,23.21304177439588,5267000,-0.007091701214335253
2012-05-18,22.89204978942871,23.090102155376524,22.84424440526173,23.062784048653093,7303300,-0.005949342906229419
2012-05-21,22.980836868286133,22.99449331914451,22.82375902623064,22.96034698160145,4945000,0.003871009487178787
2012-05-22,23.00815200805664,23.09693456841073,22.93303110874005,22.98083650157721,4275500,0.0011878992624081066
2012-05-23,22.946685791015625,23.0149810649474,22.782782343976,22.960344845801977,6277500,-0.002675072163856628
2012-05-24,23.165224075317383,23.17205490490224,22.96717430572537,22.97400253011206,6473200,0.009478675732690005
2012-05-25,23.14473342895508,23.240344187644535,23.09692804961035,23.17205153292286,2864500,-0.0008849348521908655
2012-05-29,23.30864715576172,23.30864715576172,23.172059195950784,23.1993773089527,3345400,0.00705715730619422
2012-05-30,23.117427825927734,23.233528527974336,23.06962242073184,23.199382182148582,3231600,-0.008237629876327864
2012-05-31,23.069618225097656,23.199377962915204,23.00815377171006,23.144741735371245,5125900,-0.002070260906193347
2012-06-01,22.646194458007812,22.898880459192203,22.625707178376143,22.851075069919435,14138900,-0.018524700791136706
2012-06-04,22.7213191986084,22.734978254175395,22.571072192569876,22.653023920773403,3855700,0.0033118327724406386
2012-06-05,22.69400405883789,22.721322173548696,22.584734205193485,22.673516775404195,4985100,-0.001202904266886712
2012-06-06,23.001325607299805,23.00815383316168,22.748639567230892,22.748639567230892,5551700,0.013451098148816398
2012-06-07,23.083280563354492,23.178891369949124,23.035475160057175,23.178891369949124,4819500,0.003556720964357212
2012-06-08,23.281330108642575,23.281330108642575,23.0627904050192,23.06961863098297,4117600,0.008543186149390671
2012-06-11,23.172056198120117,23.383767638697325,23.14473808865242,23.383767638697325,5824500,-0.004704677990812399
2012-06-12,23.281330108642575,23.29498916576889,23.11059580236189,23.178888482794655,4685300,0.004704677990812286
2012-06-13,23.247180938720703,23.3905971132918,23.192544716865935,23.233521883257012,5569400,-0.001467881747550965
2012-06-14,23.568159103393555,23.64328260418545,23.28815498556819,23.28815498556819,7900400,0.013712735785864667
2012-06-15,23.60666847229004,23.69605973066656,23.572284394151666,23.66855351741061,6792300,0.0016326239831388676
2012-06-18,23.66856384277344,23.7029479359118,23.544791075399797,23.61355401540049,3234800,0.0026185130275801238
2012-06-19,23.647926330566406,23.751073323774108,23.62042011595942,23.70293875978038,14235400,-0.0008723180202118799
2012-06-20,23.52414894104004,23.592914471573938,23.372870020139008,23.592914471573938,7006600,-0.005247921482770244
2012-06-21,23.24909782409668,23.579164545767675,23.23534471613491,23.537905221882376,7127800,-0.011761180012261013
2012-06-22,23.31786346435547,23.386626389058858,23.3041103547873,23.338491817139,4075300,0.002953411102675686
2012-06-25,23.1734561920166,23.249096971463715,23.118443762187052,23.228465998709115,5722100,-0.006212245116704747
2012-06-26,23.228469848632812,23.290357530879906,23.132200703612337,23.242222958369663,4592400,0.0023711809869358435
2012-06-27,23.36598777770996,23.407247088300036,23.228459365546,23.304100123392992,3772500,0.005902776225954763
2012-06-28,23.469141006469727,23.48289411367042,23.166577894328444,23.262849644733297,5746400,0.00440495833932176
2012-06-29,23.90923500061035,23.90923500061035,23.64105591132544,23.723571948842903,8008000,0.018578376448707905
2012-07-02,24.04676055908203,24.067388910172554,23.812962961886292,23.812962961886292,8832500,0.005735505388640688
2012-07-03,24.15677833557129,24.163653576950782,23.991743687959236,24.060509217437897,2151900,0.004564725746123081
2012-07-05,24.06739616394043,24.143036971586323,24.02613682618685,24.122408614278537,4472400,-0.00370694884513888
2012-07-06,24.039886474609375,24.06051745208223,23.92298896919291,23.9504951903983,3676700,-0.001143680990519373
2012-07-09,24.01238441467285,24.060521621693123,23.93674622795662,24.060521621693123,5359000,-0.0011446727669887336
2012-07-10,24.039886474609375,24.143033492560775,23.984876655336222,24.10177416075269,5276700,0.0011446727669886365
2012-07-11,24.00550651550293,24.088022561157587,23.909237358382864,24.088022561157587,6852900,-0.0014311451248421835
2012-07-12,24.02613067626953,24.101771464553813,23.92298629299424,23.96424299704942,6885100,0.0008587740597628622
2012-07-13,24.29430770874023,24.30805819202977,24.033003932912894,24.094891600263136,4999500,0.011100055999645295
2012-07-16,24.17053604125977,24.28055828622676,24.149905066921605,24.232423717999776,3956200,-0.005107699808321779
2012-07-17,24.273685455322266,24.328697900785222,24.08114714247746,24.23242874436282,6212300,0.004258488082087426
2012-07-18,24.28055763244629,24.30806122559455,24.225545199875448,24.26680452430358,4904100,0.00028307215735976144
2012-07-19,24.24618148803711,24.342453276552753,24.143037077905948,24.328700163907666,5982800,-0.0014167920936991013
2012-07-20,24.094892501831055,24.18428376224199,24.01925172522416,24.129273957615023,6919600,-0.006259251922029095
2012-07-23,23.88860511779785,23.950492797758624,23.81983957165401,23.929861822346787,6449600,-0.0085983167207677
2012-07-24,23.812971115112305,23.936746510308836,23.689195719915773,23.936746510308836,3924200,-0.003171134878149262
2012-07-25,23.819839477539062,23.90235550944827,23.771704906997243,23.87485191423678,5133400,0.00028838787335470776
2012-07-26,24.21179580688477,24.25305513764389,24.033010619870353,24.033010619870353,5811600,0.016321119517531478
2012-07-27,24.48684883117676,24.569364856298947,24.225545024629824,24.27367959121253,6313800,0.011296246586714251
2012-07-30,24.61061668395996,24.624369787813944,24.4318289569945,24.48684137241044,5766800,0.0050417313258970635
2012-07-31,24.50059700012207,24.63124756548899,24.50059700012207,24.63124756548899,5052000,-0.004480437750657278
2012-08-01,24.37682342529297,24.61062098540113,24.32868886495924,24.61062098540113,8705500,-0.005064663328224552
2012-08-02,24.17740821838379,24.3424428764774,24.081139094136223,24.246171129092936,6016100,-0.008214168833978061
2012-08-03,24.583118438720703,24.624377763646542,24.41120851956881,24.41120851956881,7232300,0.016641312594323856
2012-08-06,24.569360733032227,24.720642272982232,24.548732385997845,24.679382955776767,4097300,-0.0005597970348424005
2012-08-07,24.43871307373047,24.665632787543306,24.438713073730472,24.665632787543306,6347800,-0.005331691643685961
2012-08-08,24.61061668395996,24.631245028172764,24.42495371663568,24.466213028197636,4813500,0.007009445997064463
2012-08-09,24.507474899291992,24.589990916729462,24.4799686857672,24.57624043310397,3255000,-0.0041997534083231475
2012-08-10,24.50059700012207,24.51435010539279,24.390574781092916,24.459337684309908,3044900,-0.0002806843423341781
2012-08-13,24.493722915649418,24.507476023042436,24.418082136556304,24.500600780914436,4432300,-0.0002806074063106089
2012-08-14,24.589996337890625,24.62438042394545,24.52123341205593,24.603749447685058,4092000,0.003922830101903251
2012-08-15,24.603750228881836,24.67251578003739,24.555615654641727,24.638134316028392,2833400,0.0005591723464655409
2012-08-16,24.665637969970703,24.665637969970707,24.49372802639356,24.562493577706956,4111200,0.002512220098539341
2012-08-17,24.686267852783203,24.706896205694143,24.624380170912925,24.658761633476978,4605400,0.000836031908805866
2012-08-20,24.686267852783203,24.69314309604103,24.58999608521142,24.6518837670817,5377500,0.0
2012-08-21,24.534975051879883,24.755019459446284,24.521221948514953,24.71376014935149,6429800,-0.006147478951768345
2012-08-22,24.4593505859375,24.548744505781684,24.411216003668628,24.51436303603792,3998800,-0.0030870728402290493
2012-08-23,24.26680564880371,24.466221791408024,24.253052540023695,24.45246868262801,5382400,-0.007903186059132447
2012-08-24,24.479969024658203,24.51435310360864,24.23242096891883,24.253049317779546,6677800,0.008745798506738029
2012-08-27,24.51435279846191,24.56248736062904,24.459340371335543,24.51435279846191,3317500,0.0014035822180632938
2012-08-28,24.528100967407227,24.603741735999375,24.452462821951737,24.51435048506016,5877100,0.0005606640063765935
2012-08-29,24.47309684753418,24.58999433656663,24.473096847534176,24.528106659097315,3848700,-0.0022450121804316325
2012-08-30,24.37682342529297,24.44558633344492,24.35619245433794,24.44558633344492,4805300,-0.003941605077244377
2012-08-31,24.383705139160156,24.5693681882162,24.38370513916016,24.479974285380884,8650900,0.0002822657635380164
2012-09-04,24.528100967407227,24.576238148168585,24.39057515884331,24.4180787466741,5943000,0.0059043514941381344
2012-09-05,24.48684883117676,24.562489613845905,24.452467372637273,24.541858640212503,4505000,-0.001683247504691165
2012-09-06,24.789409637451172,24.79628750312424,24.54873680163732,24.54873680163732,4791800,0.012280340188920847
2012-09-07,24.589996337890625,24.80316560499814,24.541861765178844,24.741277922491925,6167600,-0.008076823918088573
2012-09-10,24.562490463256836,24.603747165676083,24.50060278649073,24.562490463256836,7045500,-0.0011192059362641195
2012-09-11,24.48684883117676,24.569364856298947,24.479970965586578,24.555611748255725,4499700,-0.003084310334568131
2012-09-12,24.3561954498291,24.5487363379808,24.342444965017023,24.507477014133197,9593200,-0.005349940606668275
2012-09-13,24.789409637451172,24.83066896207805,24.349320667313165,24.349320667313165,9155900,0.01763028079558925
2012-09-14,24.603750228881836,24.816919502757713,24.562493521326065,24.74815657473972,10535800,-0.007517651571623187
2012-09-17,24.67251205444336,24.727521863923663,24.57624292049996,24.603746513671528,5369700,0.002790871994231916
2012-09-18,24.810043334960938,24.85130004097977,24.631255531754448,24.68626797062951,4888200,0.005558792733324165
2012-09-19,24.878801345825195,24.940689015765535,24.775654354878984,24.830666782886816,17987300,0.0027675449164704284
2012-09-20,25.01633071899414,25.03008382650534,24.83066770229853,24.851296051996805,7029000,0.0055127510751191554
2012-09-21,24.90206718444824,25.116741133878275,24.90206718444824,25.09596717290716,8846200,-0.004578020886436983
2012-09-24,24.985172271728516,25.01979642605263,24.770498288273178,24.846673012778417,6189300,0.0033317202980519605
2012-09-25,24.812049865722656,25.089045753214123,24.805123449584464,25.00594725113206,3766200,-0.006953122927523276
2012-09-26,24.812049865722656,24.922848749049994,24.791273258961827,24.805123449584464,4846200,0.0
2012-09-27,24.8951473236084,24.94362166792755,24.75664806484497,24.853596753483277,4990900,0.0033434810247092535
2012-09-28,24.812049865722656,24.853597795936818,24.687400791772685,24.798199675100022,5648600,-0.0033434810247091485
2012-10-01,24.9713191986084,25.075191649588163,24.818969767187404,24.818969767187404,5443700,0.006398517387083062
2012-10-02,24.99209213256836,25.137515142950896,24.89514345898,25.026716281470883,7288400,0.0008315258947872985
2012-10-03,25.06826400756836,25.172136442518195,24.943614972306214,25.019789676261187,8157500,0.0030432038307106946
2012-10-04,25.18598747253418,25.269088593261326,25.102888993460052,25.15136332639105,4704400,0.004685123221939343
2012-10-05,25.28293800354004,25.33833875477843,25.20676593306707,25.255240269574056,4746500,0.0038419938347350794
2012-10-08,25.20676612854004,25.262164238554817,25.17906575270603,25.227540089588928,3024700,-0.0030173253775222357
2012-10-09,24.964391708374023,25.22061357973971,24.957467935268237,25.13751509420415,6898800,-0.009661977764156823
2012-10-10,24.860525131225582,25.089046680813667,24.8397485236966,25.00594817565926,4800000,-0.004169268478276895
2012-10-11,24.80512428283691,24.999021674759707,24.79820050811989,24.985174125325656,4780500,-0.0022309532653040833
2012-10-12,24.825889587402344,24.9643888083079,24.791265442589182,24.881290332425735,3637800,0.0008367874906364431
2012-10-15,24.99209213256836,25.005942320460015,24.818968746402508,24.881293271088342,3933300,0.006672416507238399
2012-10-16,25.054420471191406,25.095971041191454,24.97132197284494,25.054420471191406,4171800,0.002490817745531006
2012-10-17,25.16521453857422,25.24831302103432,25.075189641611452,25.075189641611452,5464500,0.004412387589709399
2012-10-18,25.026723861694336,25.102898597344023,24.97132573500167,25.095974822127705,7520100,-0.00551845705715673
2012-10-19,24.72893714904785,25.033635916841824,24.687389238277778,25.01285931980427,4963800,-0.01197010600391216
2012-10-22,24.7427921295166,24.763566088928616,24.569668756675046,24.70124156903954,5963700,0.000560117102556326
2012-10-23,24.410390853881836,24.59043796451953,24.33421616188617,24.569664009121627,5008200,-0.013525323193536078
2012-10-24,24.410390853881836,24.528113456673307,24.368840301433515,24.424241038031276,4127600,0.0
2012-10-25,24.562747955322266,24.645846444675374,24.46579927746808,24.56967172874613,5155400,0.006222088135617582
2012-10-26,24.479650497436523,24.5766018314914,24.396551995614654,24.5766018314914,4537900,-0.0033888039749926566
2012-10-31,24.50735092163086,24.728948687980804,24.41040222905948,24.6597003766166,10607600,0.0011309296892772545
2012-11-01,24.52119827270508,24.65277110572256,24.50042431003217,24.555822424377737,4944200,0.0005648689047491338
2012-11-02,24.375778198242188,24.6597005029358,24.3550015914035,24.60429974023765,4617800,-0.005948036614716634
2012-11-05,24.33422088623047,24.389621633583957,24.22342203317652,24.292672967368382,9441200,-0.0017063158643275376
2012-11-06,24.514270782470703,24.59044284794088,24.36192136822427,24.37577155512422,3443400,0.007371802300002688
2012-11-07,24.223426818847656,24.451950984349345,24.105704169943312,24.375776262515448,6083400,-0.011935213622024772
2012-11-08,23.960277557373047,24.27882662174804,23.953353783684943,24.202651902911708,7502200,-0.01092285789197355
2012-11-09,23.960277557373047,24.133400957763467,23.86332887581896,23.891029253878255,6354300,0.0
2012-11-12,23.960277557373047,24.036452276209385,23.918729631937552,23.960277557373047,3303200,0.0
2012-11-13,23.946422576904297,24.133393466634192,23.870247881712977,23.870247881712977,4295500,-0.0005784151618123223
2012-11-14,23.68328094482422,24.01567754595204,23.64173037906323,23.99490358389823,8883900,-0.01104958838452733
2012-11-15,23.67635154724121,23.70405192092584,23.517078361034123,23.62095344152498,6756700,-0.00029262885997337383
2012-11-16,23.828704833984375,23.85640521217144,23.600183318074727,23.620957280888295,7026400,0.006414214430787359
2012-11-19,24.216503143310547,24.223426917299246,23.95335482362945,23.95335482362945,8628300,0.016143409410232595
2012-11-20,24.306520462036133,24.31344687626744,24.10569935742969,24.230348397062944,5457900,0.0037102973106072643
2012-11-21,24.341144561767575,24.375768704141308,24.251119678273692,24.375768704141308,3737000,0.0014234642324939062
2012-11-23,24.701244354248047,24.7081707692684,24.396548134685737,24.396548134685737,3058300,0.014685510723962328
2012-11-26,24.52119827270508,24.597372991376997,24.45194996935976,24.58352280237724,4365100,-0.007315642008730675
2012-11-27,24.50042152404785,24.652768302414632,24.47964492208404,24.54889585920816,3345100,-0.0008476566048782804
2012-11-28,24.735870361328125,24.749720549276123,24.417321321830688,24.48657226157067,6404400,0.009564109034743895
2012-11-29,24.867448806762695,24.90207296363442,24.71509934654251,24.722025762909155,14167900,0.00530523990142998
2012-11-30,24.95746612548828,24.97824008495245,24.818966898536747,24.85359104486137,5690600,0.0036133495376366905
2012-12-03,24.860525131225582,25.00594817565926,24.84667494009088,24.936697219985714,8409400,-0.0038918115393457367
2012-12-04,24.812049865722656,24.895148367804723,24.763572877716555,24.8189736402071,5125200,-0.0019517925492993971
2012-12-05,24.853591918945312,24.964390776072655,24.728942874470413,24.80511758405542,6201900,0.0016728692680824551
2012-12-06,24.88130569458008,24.93670383215433,24.83975511015848,24.90900608419448,4850100,0.001114460060561513
2012-12-07,25.054420471191406,25.0613442453646,24.908997438671683,24.978245747018132,4591500,0.006933531698757479
2012-12-10,25.026723861694336,25.095974822127705,24.99902347752099,24.99902347752099,7959100,-0.001106069467447362
2012-12-11,25.04056930541992,25.241393090114087,25.00594515259592,25.11674402662485,4862100,0.0005530734019232302
2012-12-12,24.985172271728516,25.130595304881982,24.964395665811132,25.123668889024973,4649300,-0.0022147420343538657
2012-12-13,24.943614959716797,25.08903795356493,24.888214214449167,25.061337580931113,4965200,-0.0016646637706507431
2012-12-14,24.90206718444824,24.999015857851088,24.874366808717937,24.88129322347713,2437100,-0.0016670565274011942
2012-12-17,24.95746612548828,25.01286423127708,24.87436500432554,24.957466125488285,6632800,0.0022222014591737798
2012-12-18,24.95054626464844,25.01979721713992,24.77742284590033,24.90899833480728,8219000,-0.00027730460712761915
2012-12-19,24.701244354248047,24.999016800443332,24.701244354248047,24.98516925370928,16482200,-0.010042095253073795
2012-12-20,24.83974266052246,24.85359284838797,24.67354568944279,24.74279398711711,5870700,0.005591276049802946
2012-12-21,24.62826156616211,24.810331539213713,24.46720131079663,24.635265695821744,8263800,-0.008550269454464795
2012-12-24,24.55123710632324,24.572244154656644,24.502218879349957,24.54423297601676,4714600,-0.0031323834076075864
2012-12-26,24.341154098510746,24.565240839403977,24.29914000501868,24.54423112136512,11087600,-0.008593742116587342
2012-12-27,24.38317108154297,24.43919343509092,24.201103775097803,24.341154316382,6488000,0.0017246824165143562
2012-12-28,24.12407493591309,24.37617019015872,24.12407493591309,24.2501225630359,15265500,-0.010682882702608686
2012-12-31,24.439191818237305,24.439191818237305,24.04004192514013,24.075054558144807,17879100,0.012977763898561182
2013-01-02,25.069435119628903,25.076439251210783,24.712301876465016,24.789331296104592,10813900,0.025461314028382927
2013-01-03,25.00639915466309,25.0834285369154,24.936373900593097,25.03441032480797,6537300,-0.002517621490486618
2013-01-04,25.076435089111328,25.11844918645519,24.978395962291827,24.978395962291827,5942500,0.002796805778195684
2013-01-07,24.908376693725582,25.062435544593395,24.838351400400427,25.04142581956088,3029900,-0.006724403780170002
2013-01-08,24.838348388671875,24.894368082280696,24.79633161499522,24.894368082280696,4506100,-0.0028153954333291586
2013-01-09,24.89437484741211,24.95039722753859,24.845356600448493,24.901378980574975,4310400,0.002253103341060994
2013-01-10,25.04142189025879,25.05542748098492,24.915376916310223,24.97139660792144,4083300,0.005889461167721835
2013-01-11,25.153465270996097,25.15346527099609,25.04142321057292,25.06943439350207,3021900,0.004464341814971138
2013-01-14,25.230493545532227,25.25150326742412,25.13245708101441,25.146462671844574,5080900,0.003057653124464489
2013-01-15,25.307527542114254,25.32853459651678,25.125460170940208,25.181479873111535,4265900,0.0030485584747919725
2013-01-16,25.27251434326172,25.328534044211494,25.22349610319551,25.24450315713996,3322600,-0.0013844671985250362
2013-01-17,25.440570831298828,25.517597562100335,25.321524663163945,25.384548476578203,6186500,0.0066277609672525765
2013-01-18,25.54561233520508,25.54561233520508,25.377550589973,25.489592643892145,5659500,0.004120396781869632
2013-01-22,25.552610397338867,25.5666133133714,25.44056837003011,25.52459922268852,3817600,0.0002739062849277049
2013-01-23,25.54561233520508,25.55961792585663,25.48258851291973,25.53861087552594,3602400,-0.0002739062849276071
2013-01-24,25.615636825561523,25.657650920543144,25.545608881770622,25.559614470528803,4569000,0.002737405174104044
2013-01-25,25.741682052612305,25.762691771617064,25.66465532057134,25.713673546094203,3930800,0.004908569328863835
2013-01-28,25.762691497802734,25.804705592779825,25.67165650653085,25.74168177902127,5114700,0.0008158315462338645
2013-01-29,25.902748107910156,25.94476220839202,25.72768223245367,25.74868928269461,4868900,0.0054216882408427034
2013-01-30,25.85373306274414,25.95177221909836,25.825724546508237,25.888748382803296,4374500,-0.001894064616092352
2013-01-31,25.81870460510254,25.916741030134865,25.811703148154045,25.87472694585943,4374900,-0.0013557890662111622
2013-02-01,26.028791427612305,26.06380673751446,25.89574233238064,25.993778789003247,4855400,0.008104074001236116
2013-02-04,25.783702850341797,25.944763140996,25.76269579934575,25.944763140996,4501000,-0.009460668077158353
2013-02-05,26.091815948486328,26.161843898883955,25.923754210118357,25.930755669511537,7608700,0.011879080093616795
2013-02-06,26.12683868408203,26.13384014546489,25.979781282102685,26.02179806428163,2893700,0.0013413880956363398
2013-02-07,26.266876220703125,26.287885936992335,26.091810388951114,26.105815976046387,8721400,0.005345598049105343
2013-02-08,26.245874404907227,26.378923501881985,26.21786322513576,26.301896764450156,7203800,-0.000799874950957265
2013-02-11,26.245874404907227,26.280887043974992,26.19685617595373,26.280887043974992,2957700,0.0
2013-02-12,26.217859268188477,26.273881619276196,26.175845176165417,26.273881619276196,3308400,-0.0010679811526992857
2013-02-13,26.245874404907227,26.26688145408926,26.168844996182266,26.26688145408926,3165800,0.0010679811526993874
2013-02-14,26.30190086364746,26.392933205152573,26.273889679510408,26.32290791610348,7964100,0.0021324015977421933
2013-02-15,26.336902618408203,26.39292229222579,26.210855013203073,26.259873229528132,5690500,0.00132988432882311
2013-02-19,26.60300636291504,26.610007821183384,26.39992934632733,26.406930804595675,8140800,0.01005313347840396
2013-02-20,26.553991317749023,26.701048686697607,26.546989857938772,26.631020732128444,10454300,-0.00184416205564799
2013-02-21,26.638025283813477,26.694044977059963,26.46996086148728,26.532984685947937,9752400,0.0031596484339297334
2013-02-22,26.79207992553711,26.79207992553711,26.624018184027506,26.69404346444097,6182400,0.005766601732373718
2013-02-25,26.427949905395508,26.92513642905234,26.413944312593294,26.88311965064571,7873900,-0.013684160020780673
2013-02-26,26.49097442626953,26.582006774910703,26.37892968093808,26.49097442626953,7656600,0.0023819286377376445
2013-02-27,26.687040328979492,26.764069735372814,26.406933882329785,26.525980057108477,6405800,0.007373979342572653
2013-02-28,26.67302703857422,26.84809284936263,26.659021453156072,26.715043794828656,8069700,-0.0005252351212715828
2013-03-01,26.764070510864254,26.7850775600191,26.532982284988492,26.53998641556886,6584800,0.0034075039460578008
2013-03-04,26.967145919799805,26.967145919799805,26.694043585141912,26.715053306395525,5105800,0.00755897183683446
2013-03-05,27.05817985534668,27.10719808418445,26.98815457737647,27.05817985534668,8253900,0.0033700498941393086
2013-03-06,26.99515151977539,27.121199136065737,26.96714034475694,27.07918237353806,5795700,-0.002332080651953607
2013-03-07,26.99515151977539,27.065179457321513,26.974144474157892,27.065179457321513,3375900,0.0
2013-03-08,27.044166564941406,27.08618332253556,26.93212454931603,27.079179193957017,5178500,0.0018140517069688401
2013-03-11,27.07218360900879,27.121201834521862,27.044172431203336,27.08618919791152,3624300,0.0010354374040557439
2013-03-12,27.044166564941406,27.08618332253556,27.002152478639616,27.065176279384666,5323300,-0.0010354374040557083
2013-03-13,27.11420631408691,27.135213366395355,27.00916570995765,27.100200722116774,4113000,0.0025864805188446846
2013-03-14,27.205230712890625,27.23324188865356,27.09318868113165,27.14921103265751,4250900,0.00335145167130734
2013-03-15,27.086305618286133,27.156676860512437,27.03000647691244,27.156676860512437,9104400,-0.004380988008529491
2013-03-18,27.001861572265625,27.114457189979216,26.88222990290987,26.938526369521025,5045300,-0.003122461677510644
2013-03-19,27.227046966552734,27.241121751308818,27.030005348948983,27.030005348948983,8304900,0.008305042261635037
2013-03-20,27.487438201904297,27.53669862735191,27.31854339716114,27.31854339716114,6377100,0.009518254642781793
2013-03-21,27.402992248535156,27.54373748607535,27.38188140247637,27.438180571289298,5588600,-0.0030768940705664747
2013-03-22,27.656322479248047,27.677436001660876,27.466316884479102,27.522616031591863,6132500,0.009202149340957182
2013-03-25,27.63521194458008,27.790031916348,27.54372717176348,27.6985471435314,6281900,-0.0007636082417948104
2013-03-26,27.895587921142575,27.909662707636024,27.712621065709858,27.74076795420571,7227800,0.009377782613330131
2013-03-27,27.87447738647461,27.87447738647461,27.71965741785579,27.83225302653555,5357900,-0.0007570561576281903
2013-03-28,27.98705291748047,28.008163740059743,27.790011414769555,27.89556821215506,5040400,0.004030526295779244
2013-04-01,27.972999572753903,28.008185198840263,27.881514797336425,27.958924785421125,5370100,-0.0005022634681928757
2013-04-02,28.27559471130371,28.31078032982687,28.043364796967733,28.05743958127512,8043900,0.010759310930345028
2013-04-03,27.96596336364746,28.338935830144,27.902628163252658,28.338935830144,11956200,-0.011010878309295213
2013-04-04,28.11374855041504,28.16300897047289,27.98003939497954,28.022263762668363,8889800,0.005270552355934329
2013-04-05,27.909666061401367,27.951890425955593,27.79707044041478,27.874480433185187,8528000,-0.00728564630209544
2013-04-08,28.226333618164062,28.226333618164062,27.811136886967414,27.90965769021907,9479100,0.011282275816147642
2013-04-09,28.19819068908691,28.30375025141788,28.09966986263998,28.27560067686413,6614500,-0.0009975425315997485
2013-04-10,28.409311294555664,28.45153566257711,28.233380454537,28.26856608564242,7325700,0.007459137992082827
2013-04-11,28.54301643371582,28.648573312175312,28.41634603197147,28.472642496918297,5973200,0.004695343988026666
2013-04-12,28.64857482910156,28.66264961720632,28.430422324706168,28.437458376512875,5782900,0.0036913998341466794
2013-04-15,28.191162109375,28.655619474645153,28.191162109374996,28.599320310616335,11247900,-0.016095169291395102
2013-04-16,28.718944549560547,28.733019335597103,28.353008166082873,28.395229839701603,10341100,0.018548465390492364
2013-04-17,28.472640991210938,28.669685319332597,28.374120169395635,28.599311386256627,9761800,-0.008613332845394912
2013-04-18,28.416345596313477,28.557090783259532,28.331896873451143,28.430420383457196,10303600,-0.001979132224000371
2013-04-19,28.859697341918945,28.89488566181568,28.45857519242167,28.45857519242167,11227600,0.015481537409508368
2013-04-22,28.930065155029297,28.986361622826248,28.71894870293089,28.901915578885152,5972300,0.0024353049691685264
2013-04-23,29.15523910522461,29.16227515284238,28.782266838218685,29.007457944843743,13184200,0.007753254667467135
2013-04-24,28.690797805786133,29.113030690542217,28.662648230938068,29.028584650489243,30015500,-0.016058188407586892
2013-04-25,28.78228759765625,28.859694915241295,28.68376406851844,28.75413801790259,12200800,0.0031837465661744575
2013-04-26,28.77524185180664,28.859687886007777,28.711906655033037,28.711906655033037,9481800,-0.00024482447221740427
2013-04-29,28.86673164367676,28.901917273674535,28.754136016988987,28.85969290698231,6696000,0.003174418332686315
2013-04-30,28.8104248046875,28.873759995589342,28.690793157701115,28.838574374975156,11354900,-0.0019524838027471132
2013-05-01,28.78228759765625,28.993404076825342,28.74006322802576,28.775248860471994,7556600,-0.0009771100577217818
2013-05-02,28.887834548950195,28.986355359675738,28.69079292749911,28.789313738224653,9194000,0.0036603726578437576
2013-05-03,29.01450538635254,29.113026198628553,28.923020624457333,29.042654956857344,12843400,0.004375334040774609
2013-05-06,28.803390502929688,28.993396087169895,28.76820488017949,28.993396087169895,14530800,-0.007302784662648382
2013-05-07,29.021547317504883,29.0285833686606,28.81042819995811,28.859688611521403,8152200,0.007545459030005345
2013-05-08,29.05673599243164,29.06377204432595,28.951176422577376,29.01451162759166,6623300,0.0012117671951436682
2013-05-09,28.852659225463867,29.098961340177237,28.78228795968625,29.0356261271807,12872500,-0.007048169334897487
2013-05-10,28.96525001525879,28.9863608545617,28.79635524736171,28.79635524736171,8304700,0.0038946732454603
2013-05-13,29.01450538635254,29.12006493350015,28.887835003571727,28.937095409709737,7821600,0.0016990545269365885
2013-05-14,29.35934066772461,29.366376720442968,29.00044023577958,29.00044023577958,7373100,0.011814856001207236
2013-05-15,29.64786720275879,29.697127625349964,29.317116350082298,29.345265929989164,11728700,0.00977944373035442
2013-05-16,29.471923828125,29.63377981705556,29.42266342647181,29.577480681171597,9313100,-0.005952114884176258
2013-05-17,29.514150619506836,29.535264141374125,29.30303419227111,29.47896499571605,9368100,0.0014317548333478765
2013-05-20,29.21156120300293,29.52120126000919,29.190450357113264,29.493051675828237,9866600,-0.010305267828625267
2013-05-21,29.239707946777344,29.324154006624827,29.04266624563593,29.296007109670228,10408400,0.0009630841676977173
2013-05-22,29.190444946289062,29.57045620881563,29.09192410440994,29.26081889369673,16899000,-0.001686218834684022
2013-05-23,29.07080841064453,29.16932923608097,28.887838862413016,28.951174062263743,12831900,-0.004106904568884537
2013-05-24,29.345273971557617,29.35934876536801,29.077858258145053,29.077858258145053,16015800,0.009396986905090311
2013-05-28,29.39451026916504,29.690072642993044,29.30302552677008,29.598590585088314,15727400,0.0016764211777400406
2013-05-29,28.83155059814453,29.253783594239493,28.775251433602843,29.22563401196865,21414900,-0.019337636978498912
2013-05-30,28.718944549560547,28.96524659397295,28.70486976352399,28.86672577620799,15949200,-0.003913300554523039
2013-05-31,28.184131622314453,28.65562786336108,28.17005682718696,28.65562786336108,33824800,-0.01879788270192864
2013-06-03,28.49375343322754,28.50078948402288,27.923736677130336,28.254487438821535,39020500,0.010925774334457265
2013-06-04,28.500789642333984,28.69783127958955,28.296709269753016,28.599310460961767,12962800,0.0002469081691859844
2013-06-05,28.15595817565918,28.444484520074173,28.148922126303383,28.416337638160577,17077900,-0.01217280334493617
2013-06-06,28.27559471130371,28.282630761212097,27.937807941398248,28.14188828711945,12352700,0.00424006460077615
2013-06-07,28.627450942993164,28.74708256062768,28.423370635215345,28.423370635215345,18700800,0.012367025776472187
2013-06-10,28.627450942993164,28.74708256062768,28.493744543668104,28.74708256062768,11190300,0.0
2013-06-11,28.557083129882812,28.75412472810491,28.37411363054192,28.465598380212366,20334000,-0.00246107972265078
2013-06-12,28.416345596313477,28.78228200857676,28.416345596313477,28.662647660100703,14908400,-0.00494047218077172
2013-06-13,28.711904525756836,29.47192683067683,28.30374648697785,28.479677277802946,13048700,0.01034729983320862
2013-06-14,28.64153480529785,28.873762065592818,28.56412482370254,28.66264564228167,8453300,-0.0024538983744085167
2013-06-17,28.894887924194336,29.014519630835935,28.697843518413897,28.733031841065767,9877200,0.00880676080856893
2013-06-18,29.000431060791016,29.03561668223435,28.803389433115655,28.894874196461004,8441200,0.0036460030056111397
2013-06-19,28.42337226867676,29.063760107703622,28.42337226867676,29.000424928701392,25795200,-0.02009892011895706
2013-06-20,27.564849853515625,28.345983414709135,27.515589420331555,28.184127322176863,32296500,-0.0306703688928797
2013-06-21,27.92891311645508,28.07057692290013,27.652670179994033,27.773082659164288,22743500,0.013121059614669245
2013-06-24,27.815582275390625,28.08474323418063,27.53225466592616,27.73058507335622,24973100,-0.004066087473210608
2013-06-25,27.858083724975582,27.964329557726945,27.709335235903715,27.935996254854924,13004400,0.0015268065099601337
2013-06-26,28.14849281311035,28.254738643931923,28.02807762909765,28.02807762909765,18133100,0.010370628196578193
2013-06-27,28.27597999572754,28.53805892209524,28.26181605020494,28.3255646131036,10033600,0.004518868966364983
2013-06-28,28.098896026611328,28.360974907015912,28.077647410042243,28.219311158529077,11033300,-0.006282392585007858
2013-07-01,28.3043212890625,28.5097336833385,27.96432975819835,28.26890601122483,11795300,0.007284200460248044
2013-07-02,28.3397274017334,28.495557816238055,28.240563575052843,28.29014548839312,5441200,0.0012501266452642427
2013-07-03,28.28307723999023,28.34682583121988,28.08474949039265,28.247661956421084,3985400,-0.0020009669603357604
2013-07-05,28.35390853881836,28.47432374847638,28.08475021513668,28.34682656272695,10602600,0.002501239597482979
2013-07-08,28.63723373413086,28.6655670400643,28.389324062245155,28.389324062245155,7611700,0.009942861930753763
2013-07-09,28.84973526000977,28.913483863120568,28.778904679670408,28.82848662631065,8937800,0.00739306655039272
2013-07-10,28.885143280029297,29.01264045416092,28.80722804005855,28.849727998773343,7701700,0.001226573099454817
2013-07-11,29.338464736938477,29.380964694743547,29.161385632436396,29.18971893763978,12282200,0.015572055142714163
2013-07-12,29.345535278320312,29.373868569875373,29.239286785994537,29.28886869521019,5566100,0.0002409699888967383
2013-07-15,29.388051986694336,29.39513396261891,29.317218717383874,29.39513396261891,7076000,0.0014477820198073108
2013-07-16,29.281795501708984,29.338459399794957,29.13304972946956,29.13304972946956,10156700,-0.0036221877407213525
2013-07-17,29.338464736938477,29.42346465254862,29.3030494564406,29.331382761643983,9365500,0.0019334357320173936
2013-07-18,29.437633514404297,29.54387936387153,29.288885001929525,29.33138496292416,7136100,0.0033744625628129446
2013-07-19,29.60761833190918,29.607618331909176,29.409290649083,29.44470592072881,8352700,0.005757797004970695
2013-07-22,29.54387092590332,29.64303477122257,29.50137367905915,29.635952797419257,7887600,-0.002155395628585161
2013-07-23,29.487213134765625,29.57929232333441,29.451797854392037,29.57221034806477,6122500,-0.0019195923448516972
2013-07-24,29.29595947265625,29.56512039448379,29.23221090438162,29.56512039448379,8262900,-0.006507111762502028
2013-07-25,29.451793670654297,29.48012426972108,29.218047989770227,29.23929661457339,4720600,0.005305209311309303
2013-07-26,29.4163818359375,29.43054848943528,29.055141628789052,29.33846659270612,6073200,-0.0012030894004574227
2013-07-29,29.352622985839844,29.423456228568632,29.28179244512298,29.373874309664444,7493000,-0.002169812992620851
2013-07-30,29.324310302734375,29.52263809949438,29.267643673938043,29.402222864308964,5733600,-0.0009650363001595125
2013-07-31,29.31721305847168,29.47304351886281,29.281797781658906,29.331379709599275,6735500,-0.00024205524995090668
2013-08-01,29.558040618896484,29.607622546661194,29.465958737899555,29.465958737899555,6207700,0.008180989076677168
2013-08-02,29.572208404541016,29.58637505616194,29.35262935743549,29.47304454520707,3956400,0.00047920602905071683
2013-08-05,29.593460083007812,29.64304201778828,29.50138089099425,29.565129478856683,5010300,0.0007183787464587513
2013-08-06,29.558040618896484,29.600540572128697,29.45179478883456,29.579289244506384,3148600,-0.0011975847755095195
2013-08-07,29.4163818359375,29.487215103426426,29.36679989970169,29.458881796430852,5987100,-0.004804084533945835
2013-08-08,29.572208404541016,29.607623682587068,29.40929596391918,29.50137784844892,2915000,0.005283290562996704
2013-08-09,29.444721221923828,29.558051771290813,29.366805962606502,29.51555180202316,4266300,-0.004320366434707198
2013-08-12,29.359708786010746,29.39512405772608,29.22512697067562,29.33137548783366,4208600,-0.0028913636311692146
2013-08-13,29.380962371826172,29.444710952487338,29.232216584287613,29.430544301005693,4178500,0.0007236412633345855
2013-08-14,29.17556381225586,29.395142961318378,29.161397154056942,29.366809644920547,4871500,-0.007015423057529919
2013-08-15,28.70806884765625,28.963063237452538,28.686820215844296,28.95598126085295,8854300,-0.01615327540082381
2013-08-16,28.538070678710938,28.70806511513089,28.424740153760016,28.658483179340667,8607300,-0.005939218611617908
2013-08-19,28.410564422607425,28.52389491134683,28.403479747179468,28.52389491134683,5126600,-0.0044779464490972785
2013-08-20,28.417659759521484,28.580572244818768,28.37516249501722,28.4672417027853,7174100,0.00024971172522264117
2013-08-21,28.19807243347168,28.45306402778215,28.16973913343311,28.339733529640093,7899700,-0.007757152249132153
2013-08-22,28.318490982055664,28.382239569815184,28.190993806536625,28.205160459595717,5501900,0.004261360689039097
2013-08-23,28.481395721435547,28.516810993480185,28.33973193124493,28.389316554521898,3352900,0.005736109541929798
2013-08-26,28.14849281311035,28.523899612302284,28.14849281311035,28.48848433536176,17412500,-0.011757280538473972
2013-08-27,27.9997501373291,28.07766538397491,27.907670938577684,27.936001544801893,11462400,-0.0052982254088010565
2013-08-28,27.78724479675293,27.94307522873345,27.76599617494174,27.9359905534551,18628600,-0.007618491322887843
2013-08-29,27.90058135986328,28.02099654771435,27.65975368617367,27.681005014625335,7455000,0.004070430735630236
2013-08-30,27.985578536987305,28.035163168645227,27.872248026081735,27.985578536987305,8672400,0.003041799358466086
2013-09-03,27.964338302612305,28.212250727249856,27.90767438116105,28.11308413618684,15164200,-0.0007592588727616373
2013-09-04,28.14140510559082,28.21223835385532,27.9005774655158,27.95015938829488,6468800,0.006311916751764991
2013-09-05,28.098896026611328,28.20514451347927,28.07056543852297,28.183895896910183,4525100,-0.0015116948600537746
2013-09-06,28.16972923278809,28.297226336138788,27.90056838104646,28.19806252286852,6976700,0.0025176816837520553
2013-09-09,28.368080139160156,28.396413452491892,28.17683432719115,28.18391900653082,10347600,0.007016604369876489
2013-09-10,28.396400451660156,28.50264897700327,28.29723660241312,28.445982376283677,6501800,0.0009978181621666461
2013-09-11,28.601816177368164,28.60889815228175,28.339737171352063,28.339737171352063,6812300,0.007207826040252419
2013-09-12,28.6088924407959,28.693889632852837,28.58055914277291,28.608892440795895,7002900,0.000247375487377586
2013-09-13,28.8426513671875,28.863899999475382,28.67265420284463,28.67265420284463,5063200,0.008137647863970724
2013-09-16,29.104726791381836,29.196808698318588,29.04806017110901,29.083478159786115,8178900,0.009045351814094703
2013-09-17,29.203882217407227,29.23221551933832,29.097636388184213,29.097636388184213,5344500,0.0034010594075288884
2013-09-18,29.550962448120117,29.57221107646511,29.033891776294116,29.18263757873459,12763900,0.01181466039031216
2013-09-19,29.4163818359375,29.635960912133847,29.352633246203904,29.60054562939582,6148500,-0.004564589010660669
2013-09-20,29.210371017456055,29.40995296765268,29.188988013963595,29.40995296765268,7279100,-0.007027906421060802
2013-09-23,29.082075119018555,29.181866120060395,29.017923372762965,29.181866120060395,5586800,-0.004401808951072087
2013-09-24,28.946643829345703,29.131969579075708,28.903875093669203,29.08207408033683,6855000,-0.004667741698355816
2013-09-25,28.704282760620117,28.982272644645057,28.654387279851527,28.932377163876467,8234700,-0.008407930655579694
2013-09-26,28.85398292541504,28.85398292541504,28.690040165049737,28.739935669547823,4560300,0.005201703024087154
2013-09-27,28.675783157348633,28.754191153508454,28.547479658014556,28.754191153508454,4453400,-0.0061950656199325545
2013-09-30,28.369281768798828,28.59024951945693,28.31938626366653,28.47620226214009,8120800,-0.01074604221908262
2013-10-01,28.540353775024418,28.55461002195712,28.326515509235936,28.355025284000277,7152300,0.006012075806652247
2013-10-02,28.476207733154297,28.483334498499104,28.212473909770495,28.454821998916636,5827400,-0.002250085492250693
2013-10-03,28.333642959594727,28.461946465996455,28.24810819502729,28.433433971440262,9686800,-0.0050190264926118075
2013-10-04,28.376415252685547,28.48333304200013,28.26236797928911,28.340773270479207,5713900,0.001508455556197462
2013-10-07,28.28375244140625,28.426312220225963,28.198217661755073,28.212473911547207,5438900,-0.0032708302026571365
2013-10-08,28.28375244140625,28.46907825050074,28.255239941821987,28.33364795612791,9532300,0.0
2013-10-09,28.305118560791016,28.447678254514692,28.21245707110562,28.319374802073384,8706800,0.0007551350653110825
2013-10-10,28.832595825195312,28.846852070044317,28.49045410612126,28.49045410612126,6104900,0.01846389045862326
2013-10-11,28.91812515258789,28.925254633225844,28.74705568467941,28.811204695819963,5451800,0.002962019814732398
2013-10-14,29.039310455322266,29.046437218971572,28.732807955483565,28.76131772918177,6808200,0.004181878582849433
2013-10-15,28.77557373046875,29.02505396168498,28.73993447432385,28.996541469128676,7792900,-0.009123552109511308
2013-10-16,29.203258514404297,29.217514763393226,28.882499709907133,28.882499709907133,7034800,0.014753403093518077
2013-10-17,29.531126022338867,29.53825278292381,29.11057645123265,29.11057645123265,8498700,0.011164530492597005
2013-10-18,29.573915481567383,29.61668151326588,29.474121729700233,29.573915481567383,5861400,0.0014479125846205644
2013-10-21,29.509765625,29.58817092788943,29.388588849440183,29.531148642233312,3646400,-0.002171492384140692
2013-10-22,29.880393981933594,29.958801942790632,29.566764857605197,29.581021097679184,9404700,0.012481298950367547
2013-10-23,29.93743896484375,30.00159072853248,29.79487918785751,29.809135437466296,8809800,0.00190729076574543
2013-10-24,29.880393981933594,29.99444390252548,29.8376279808114,29.99444390252548,7754800,-0.0019072907657452945
2013-10-25,29.951675415039062,29.980187895408587,29.794859492106465,29.88752369375753,4301900,0.0023827177481236276
2013-10-28,30.343725204467773,30.43638944490599,30.001583454120045,30.04435219257636,33007100,0.013004484937927956
2013-10-29,30.607460021972656,30.607460021972656,30.322343246345714,30.407878007123692,15133400,0.008654022476981285
2013-10-30,30.343725204467773,30.643100935460115,30.265317210181664,30.643100935460115,11872100,-0.008654022476981296
2013-10-31,30.18690490722656,30.35797711753323,30.1441388939753,30.286698616047435,11588100,-0.005181530336436828
2013-11-01,30.30095863342285,30.34372737493839,30.129889105562935,30.194040858285685,9055000,0.0037711320812955445
2013-11-04,30.32946395874023,30.450640671507625,30.222546208875396,30.372232690146458,5305500,0.0009402978306582208
2013-11-05,30.386489868164062,30.479151377075652,30.20829089381023,30.30095240272182,6804500,0.0018784494880783459
2013-11-06,30.71437644958496,30.72150321241502,30.40074722214973,30.54330423155623,7356400,0.010732735840171701
2013-11-07,30.265316009521484,30.707251465401853,30.20116426393245,30.69299521981531,11993800,-0.014728462533191424
2013-11-08,30.415000915527344,30.415000915527344,30.030093181266363,30.27244390533474,15162000,0.004933567166518585
2013-11-11,30.32233428955078,30.457764514036803,30.293821804679972,30.4007422633954,7981900,-0.003051391621485291
2013-11-12,30.372230529785156,30.393613534417067,30.222544059161223,30.251053825637005,5657100,0.0016441752774181498
2013-11-13,30.62884521484375,30.643101461240462,30.236805236686493,30.265317729479925,7651500,0.008413497489075376
2013-11-14,30.849807739257812,30.88544971191523,30.621713253574264,30.643098980988864,5891500,0.0071882991983025545
2013-11-15,30.885454177856445,30.956732695276425,30.757150671219566,30.835555952741085,3054000,0.0011548162736557755
2013-11-18,30.79279136657715,30.978117151976218,30.728639610265688,30.978117151976218,3924900,-0.0030047184441529917
2013-11-19,30.678739547729492,30.78565731297603,30.628844046794267,30.75001805789385,7013200,-0.0037107242335020136
2013-11-20,30.550439834594727,30.79279060588428,30.457775584633698,30.714382603540425,7392100,-0.004190809094782589
2013-11-21,30.607460021972656,30.62884575149291,30.479156521255177,30.550437754487675,6777800,0.0018646880953580322
2013-11-22,30.764263153076172,30.78564615455492,30.55042498098901,30.65734270748265,5443000,0.005109958273632696
2013-11-25,30.71437644958496,30.89257543044375,30.671607715302613,30.864062940922185,4447200,-0.001622895846846709
2013-11-26,30.685867309570312,30.828427053638546,30.635971807011572,30.750019058445968,3854300,-0.0009286328626067665
2013-11-27,30.707258224487305,30.785663513820133,30.621720732140083,30.785663513820133,3257000,0.0006968505218307143
2013-11-29,30.65736389160156,30.842692429478312,30.62172462481042,30.771411176794267,2642100,-0.0016261598999627413
2013-12-02,30.4934024810791,30.67873090586281,30.422123990993125,30.67160142539415,5041700,-0.005362542881017655
2013-12-03,30.64309883117676,30.657352357249135,30.457770363026963,30.457770363026963,6124800,0.004897128427400642
2013-12-04,30.57182502746582,30.65023303540331,30.32947423888695,30.564698262699412,8093100,-0.002328642475577484
2013-12-05,30.2938289642334,30.500540449750023,30.25106022681935,30.464901194788744,6060000,-0.009134806844455534
2013-12-06,30.707258224487305,30.74289748674794,30.47916096399613,30.529059194082716,7108600,0.013555023673612821
2013-12-09,30.81416893005371,30.92108941136629,30.757146667360917,30.835551938675913,5513100,0.0034755634948840405
2013-12-10,30.550439834594727,30.78566112252509,30.464905067992888,30.750021863032757,3341900,-0.00859553167625192
2013-12-11,30.600343704223633,30.74290350025318,30.543318698171035,30.543318698171035,21705800,0.0016321583410501574
2013-12-12,30.17978286743164,30.593203135124725,30.1512703747353,30.593203135124725,9662500,-0.013838982330374158
2013-12-13,30.129898071289062,30.272457866327795,30.0372337966486,30.272457866327795,5929000,-0.001654288556750463
2013-12-16,30.122758865356445,30.308087354831496,30.058607114246012,30.186910616466875,5893100,-0.00023697563988042526
2013-12-17,29.980194091796875,30.13700732804027,29.908912876140462,30.094241317746775,7247300,-0.004744027836334791
2013-12-18,30.479150772094727,30.493407016052128,29.716459394527025,30.01583507943145,11754200,0.016505901926296408
2013-12-19,30.422122955322266,30.457762199151976,30.243924017073702,30.40073995284444,5698800,-0.0018727960829135097
2013-12-20,30.56002426147461,30.639028289239494,30.373289710206347,30.416380823699416,11007300,0.004522685654956257
2013-12-23,30.53130340576172,30.660582261264935,30.423572852690004,30.631855757642015,6601700,-0.0009402597365476872
2013-12-24,30.57439613342285,30.63903555876974,30.48102746575038,30.53130226993448,5915300,0.0014104325825536157
2013-12-26,30.696496963500977,30.696496963500973,30.55285347797997,30.59594460579614,15154600,0.003985611618780213
2013-12-27,30.768306732177734,30.82576246272124,30.710848261863564,30.74676117569525,3590500,0.0023366153320644625
2013-12-30,30.84730339050293,30.868848941838845,30.76111844538927,30.768299382577904,3245700,0.0025641781831439
2013-12-31,30.868850708007812,30.933490105483923,30.74675559042526,30.89757993794612,6516500,0.0006982715852967165
2014-01-02,30.488210678100582,30.789859498573648,30.43793587468841,30.77549487763141,14997000,-0.012407534014559
2014-01-03,30.43075942993164,30.603132182452686,30.40921386328099,30.55285736708654,6298600,-0.0018861535281807455
2014-01-06,30.315828323364254,30.545656705791032,30.244007981269803,30.509746534743805,9498600,-0.00378395718848464
2014-01-07,30.481033325195312,30.55285644481601,30.33739256549767,30.47385238311918,7479100,0.005434668960555156
2014-01-08,30.251195907592773,30.47384340314981,30.186556488867893,30.47384340314981,23824100,-0.007568914158351958
2014-01-09,30.40920639038086,30.452300252864024,30.20810717833532,30.33020234571403,24438600,0.005209686523006122
2014-01-10,30.452299118041992,30.56002966057834,30.337384895473843,30.48820929888744,15903800,0.001416091649470511
2014-01-13,30.27993392944336,30.552856303193167,30.244023739685407,30.45230667596215,9275100,-0.0056762494229836685
2014-01-14,30.437931060791016,30.488205856252005,30.301468553307583,30.358927027989218,10885000,0.005204316323849475
2014-01-15,30.445114135742188,30.5528474134415,30.37329377712335,30.473843375098145,4384200,0.00023596306529383417
2014-01-16,30.452299118041992,30.49539023914806,30.294291034596597,30.35893045602688,6522100,0.00023597003384038723
2014-01-17,30.215293884277344,30.437941439933734,30.186564637140044,30.416393134694857,8233800,-0.007813279800501553
2014-01-21,30.33019256591797,30.409196585110404,30.129093418715694,30.3014633335261,5618400,0.0037954545023252094
2014-01-22,30.33019256591797,30.437925817502272,30.294282395313335,30.35173812032667,3615300,0.0
2014-01-23,30.0644588470459,30.2224669108225,29.956725578148973,30.2224669108225,8916700,-0.008799965808487287
2014-01-24,29.791542053222656,30.150649362552397,29.762812810931155,30.02137051201198,18509700,-0.009119175388084308
2014-01-27,29.669445037841797,29.841815001327525,29.61917023684419,29.805904820582263,8451500,-0.004106799868599322
2014-01-28,29.899272918701172,29.95672865885625,29.70535465860693,29.71971927858848,5022200,0.007716433360855112
2014-01-29,29.37497901916504,29.748448210124533,29.295974972695067,29.70535708642916,36942400,-0.01769090477780226
2014-01-30,29.418062210083008,29.532976408568857,29.367787419481115,29.48270161796696,19016600,0.00146558836654453
2014-01-31,29.27442169189453,29.475523614096485,28.95840829953557,29.080506188705066,21959500,-0.004894691633996148
2014-02-03,28.64239501953125,29.317515663034484,28.60648484249496,29.238511629692116,41150000,-0.021826191375722327
2014-02-04,28.793224334716797,28.850680079853852,28.69267472589843,28.75731415153472,11694000,0.005252129727106255
2014-02-05,28.81477165222168,28.865046459693872,28.64958260770283,28.721405718214193,9453300,0.0007480669355206153
2014-02-06,29.12359619140625,29.159506366928497,28.9296779558612,28.94404257402425,12794100,0.010660551045208735
2014-02-07,29.396520614624023,29.41806617356463,29.159508507193475,29.23133160328045,6986300,0.009327609612244412
2014-02-10,29.511438369750977,29.532983931276892,29.324703777059995,29.374978580468003,5645800,0.00390160864123083
2014-02-11,29.856182098388672,29.87054671983267,29.439619035598284,29.55453326737888,9688100,0.011613994327876067
2014-02-12,29.726905822753903,29.920824119405257,29.626356203698755,29.920824119405257,8852500,-0.004339368200019359
2014-02-13,29.877729415893555,29.89209403818143,29.468347269889527,29.511441136753156,5708600,0.00506081161108122
2014-02-14,30.050106048583984,30.129110111548098,29.726908854536223,29.813093859691655,7234700,0.005752822766051691
2014-02-18,29.877729415893555,30.04292120231835,29.769998858391816,30.0141919577426,7130400,-0.00575282276605161
2014-02-19,29.813087463378903,29.9423663132616,29.69817323456888,29.841816705524245,6085300,-0.0021658935549674335
2014-02-20,29.94236946105957,30.03573813796197,29.719724660455192,29.76999946960919,6793100,0.0043270424510187715
2014-02-21,29.877729415893555,30.078831388152267,29.870548474635395,29.97828177190869,5702300,-0.002161148896051341
2014-02-24,29.985464096069336,30.186563337831007,29.89209541677784,29.899279098138862,3302300,0.003599366828525553
2014-02-25,30.100370407104492,30.244013858979923,29.9782752538615,29.9782752538615,6304200,0.0038247434545055593
2014-02-26,30.071643829345703,30.251197475133143,30.014188087374745,30.165012492291112,4877300,-0.0009548153009584377
2014-02-27,30.208099365234375,30.208099365234375,30.01418114387257,30.02854576098499,4172400,0.00452741706384824
2014-02-28,30.4163818359375,30.5384797210295,30.17937248452601,30.200918041989564,5404800,0.006871260126827519
2014-03-03,30.251195907592773,30.323019006048785,30.07164227110934,30.172191869176693,8829800,-0.0054456216220052514
2014-03-04,30.66057777404785,30.725217192339397,30.45229763934937,30.45229763934937,7275500,0.013441999990140702
2014-03-05,30.56002426147461,30.67493846374062,30.552843322482666,30.63184735024755,8090900,-0.0032849596264110203
2014-03-06,30.55284118652344,30.639026147255052,30.55284118652343,30.617480592014775,6145900,-0.00023507570563382
2014-03-07,30.639026641845703,30.667755875810172,30.509747828776145,30.66057219743378,4123200,0.002816894315216977
2014-03-10,30.66775894165039,30.674939880974108,30.552844734075148,30.552844734075148,4901200,0.0009373286051411289
2014-03-11,30.65338706970215,30.775482187709667,30.588747672001062,30.74675569744154,10017400,-0.00046874114872966075
2014-03-12,30.71803092956543,30.732395546671217,30.509748091187433,30.509748091187433,5203700,0.0021066446198537356
2014-03-13,30.567224502563477,30.861692476658227,30.516949683067217,30.739594529472893,9738900,-0.00492146864125281
2014-03-14,30.581581115722656,30.71804091292114,30.445118578752712,30.452302259525585,5299600,0.0004695631673523568
2014-03-17,30.761138916015625,30.804230047363323,30.63186004242887,30.682134855515734,4161400,0.005854266423900545
2014-03-18,30.825773239135746,30.87605078812255,30.718042679291027,30.811411356307076,3575000,0.002098963711217408
2014-03-19,30.58875274658203,30.88322055390049,30.43792837351491,30.797035589257938,10676900,-0.007718749450138131
2014-03-20,30.696496963500977,30.732407149938325,30.437939237517476,30.48821404648409,9907900,0.0035161585678587367
2014-03-21,30.679162979125977,30.97512655889475,30.679162979125977,30.80187830927248,7454000,-0.0005648488293918285
2014-03-24,30.65028953552246,30.852412963729417,30.60697953594699,30.69360228878559,6111300,-0.0009415849825120789
2014-03-25,30.87406349182129,30.917376238811148,30.76578300119027,30.76578300119027,9086100,0.007274353392098723
2014-03-26,30.801877975463867,31.025656388449256,30.801877975463867,30.93181347285055,7102300,-0.0023408008893228043
2014-03-27,30.78023338317871,30.93904410116081,30.729703200855024,30.729703200855024,10552500,-0.0007029506685923693
2014-03-28,30.859638214111328,30.94626098894276,30.8018878617648,30.8018878617648,4522600,0.002576412727620501
2014-03-31,31.08340072631836,31.11949330114413,30.93180750615102,31.032870570824898,8973400,0.007224814583281896
2014-04-01,31.032875061035156,31.141152801179388,30.960687147251654,31.04730989010451,6524200,-0.001626809585276014
2014-04-02,31.0689697265625,31.141154891504023,30.975126809188495,31.05453214283669,6705400,0.001162434697881259
2014-04-03,31.105064392089844,31.170032146363013,31.032879222314193,31.06897180720202,4430400,0.001161085012223933
2014-04-04,31.003992080688477,31.27108041014706,30.960679343335737,31.198895268245817,8815700,-0.0032546751266935674
2014-04-07,31.032875061035156,31.17002796669279,30.931811981738257,30.931811981738257,15088000,0.000931155416588322
2014-04-08,31.19168472290039,31.206122306471233,30.99678147522526,31.04009422593779,7688000,0.005104415595153363
2014-04-09,31.328845977783203,31.328845977783203,31.16281511394904,31.19891045615785,5559000,0.004387725868590405
2014-04-10,31.018442153930664,31.49487144196829,30.996784399687296,31.328843345770544,6121800,-0.009957334082130002
2014-04-11,30.859638214111328,31.126726709493116,30.82354562073893,30.99679117040179,15474700,-0.005132812379619765
2014-04-14,31.105064392089844,31.15559456167034,30.90294371376785,31.025659053124,4333800,0.007921524708110991
2014-04-15,31.184471130371097,31.227781132704813,30.989567858805845,31.213346301052137,6318800,0.002549602613997108
2014-04-16,31.487646102905273,31.487646102905273,31.263870457403605,31.35771061352939,4314800,0.009675030965494531
2014-04-17,31.494876861572266,31.523749282718818,31.321628566251768,31.429909095038106,4209600,0.00022961159249970057
2014-04-21,31.509302139282227,31.530957135104263,31.35770890746648,31.415459234574794,3739700,0.00045791495709614276
2014-04-22,31.494876861572266,31.55984462810642,31.4443466824555,31.53818687013621,5669400,-0.0004579149570961539
2014-04-23,31.444347381591797,31.538187571358957,31.444347381591797,31.494877561832052,11037100,-0.0016056597914606615
2014-04-24,31.56703758239746,31.610350311084854,31.401009586291583,31.42988473874985,3946200,0.003894228191480636
2014-04-25,31.61037826538086,31.63203327203188,31.47322254675497,31.538190320396566,6647400,0.0013720311032278882
2014-04-28,31.97129821777344,32.036265968022995,31.61036688387314,31.68255204917818,7214200,0.01135307682966559
2014-04-29,31.834157943725582,32.00018886085833,31.834157943725582,31.942438497735832,4222300,-0.004298707147675034
2014-04-30,31.935205459594727,31.93520545959473,31.761957208652294,31.761957208652294,4855000,0.003169158199153743
2014-05-01,31.906339645385746,31.93521482128872,31.72587392652461,31.870247052351186,9711100,-0.0009042956629135604
2014-05-02,31.906339645385746,31.949649655551877,31.80527928341364,31.906339645385746,5245300,0.0
2014-05-05,31.834157943725582,31.920783488409334,31.682567371062337,31.783627752837837,3279600,-0.0022648625362402283
2014-05-06,31.63202476501465,31.798052863294643,31.624807349301516,31.7403052765262,4471900,-0.00636981313632241
2014-05-07,31.935205459594727,31.95686045832971,31.70420687377564,31.70420687377564,7554300,0.00953897133547629
2014-05-08,31.978511810302734,32.10122988107735,31.877451489480823,31.935201817771752,4197900,0.0013551506369929567
2014-05-09,32.1301155090332,32.137335679883364,31.913557196230165,31.949649789415947,2792400,0.004729596863093712
2014-05-12,32.15897750854492,32.2672579974248,32.1084473480509,32.173415090641384,4824900,0.0008978817431084753
2014-05-13,32.22395324707031,32.26726600410718,32.14454790268001,32.15176807236344,2518600,0.0020184157453564705
2014-05-14,32.05069351196289,32.21672154310635,32.01459818692966,32.202283963830396,3165700,-0.005391244090806007
2014-05-15,31.76917839050293,31.978519248720815,31.71864821833832,31.956864247418224,4726400,-0.008822234798303668
2014-05-16,31.964082717895508,31.978520303802867,31.769179438678105,31.812492196400175,6381700,0.006116270581381183
2014-05-19,31.899112701416016,31.942425456073877,31.805272530188947,31.884675116530065,2805300,-0.0020346629531069506
2014-05-20,31.783620834350582,31.899118781765736,31.733090654461975,31.899118781765736,6246800,-0.003627105410514494
2014-05-21,31.964082717895508,31.98574047360052,31.754744606458697,31.78361702458546,5037700,0.005661768363621358
2014-05-22,31.913549423217773,31.971299761199763,31.83414408533638,31.949642007612677,2898300,-0.0015821909336865539
2014-05-23,31.964082717895508,32.00739547561758,31.906335127954023,31.906335127954023,2710000,0.001582190933686602
2014-05-27,32.05069351196289,32.072348504033485,31.96406803630716,32.04347334548157,3520700,0.0027059642169224856
2014-05-28,32.00739669799805,32.10845704952115,32.0001792816127,32.079581876603676,3903100,-0.001351798669494199
2014-05-29,32.260040283203125,32.31057044754043,32.03626462790579,32.03626462790579,6683400,0.007862298498800852
2014-05-30,32.5126953125,32.541570480180404,32.16620156139776,32.16620156139776,4482600,0.007801316660951129
2014-06-02,32.43329620361328,32.491043796370874,32.397203613928774,32.45495120668637,3273000,-0.0024450823396493823
2014-06-03,32.31779861450195,32.41164155164871,32.303361027734134,32.38998379465293,2674000,-0.003567436563867735
2014-06-04,32.43329620361328,32.47660896344754,32.281705674725515,32.29614326133693,3149000,0.003567436563867778
2014-06-05,32.563236236572266,32.606546248713066,32.38998792694367,32.44051811023358,3905400,0.003998373488340367
2014-06-06,32.64985275268555,32.65707292244991,32.563229991328704,32.57044740740513,2562200,0.0026564166301651553
2014-06-09,32.59931945800781,32.67872479568591,32.548789289246784,32.57766445816385,6310400,-0.00154893320693252
2014-06-10,32.59931945800781,32.635412042310314,32.491038951412655,32.50547653587119,4362000,0.0
2014-06-11,32.5126953125,32.59931806185367,32.462165145903064,32.53435031141653,4977900,-0.002660774571923581
2014-06-12,32.281700134277344,32.51269597303849,32.22394979774325,32.447728221281444,5186300,-0.007130127698668616
2014-06-13,32.27447509765625,32.3322254254803,32.20228994156337,32.325005257658695,1936700,-0.00022383719683834316
2014-06-16,32.39720153808594,32.4260739557707,32.17342309047962,32.26726602059684,18205200,0.0037953736205833706
2014-06-17,32.39720153808594,32.44773171114415,32.28892102228239,32.44773171114415,4897800,0.0
2014-06-18,32.77978515625,32.7870025716405,32.3250108833934,32.36110622140893,22633400,0.011739972396781973
2014-06-19,32.96746826171875,32.996343430669036,32.787002586311,32.808660339867544,11404200,0.005709245801560366
2014-06-20,32.86643981933594,33.077213194057784,32.84463357379606,33.05540972108568,5165400,-0.003069194116969109
2014-06-23,32.68473815917969,32.8737080686852,32.633861538444826,32.86644116825217,3370700,-0.005543824874778359
2014-06-24,32.568458557128906,32.67021183050654,32.48850876445541,32.633871771810064,3677200,-0.003563954901276659
2014-06-25,32.51756286621094,32.539366334138954,32.394003411962224,32.452149689859766,6083000,-0.0015639518341714208
2014-06-26,32.40127944946289,32.49576301076064,32.27045307105466,32.45215606633634,15990200,-0.0035824280582721028
2014-06-27,32.459434509277344,32.51758081927766,32.27046454691363,32.40129097184568,4692800,0.0017932295791692038
2014-06-30,32.430355072021484,32.62659467140496,32.34313839648487,32.34313839648487,12049100,-0.0008962716442795648
2014-07-01,32.50303268432617,32.59751624562717,32.35766973358229,32.4812264395456,5099600,0.0022385292117032968
2014-07-02,32.59024429321289,32.655657472278115,32.51756421539253,32.51756421539253,3093000,0.002679590431432934
2014-07-03,32.7719612121582,32.8155709409565,32.56845468956969,32.61206164579956,2303400,0.005560319934768004
2014-07-07,32.82282638549805,32.85189952788182,32.670196546834426,32.70653658853041,5813700,0.0015508910204017922
2014-07-08,32.75743103027344,32.85918431143034,32.72835787206605,32.771967609377135,4629500,-0.001994361702050921
2014-07-09,32.90278244018555,32.931855588135534,32.7937595216571,32.80102919492859,5296000,0.004427388814573111
2014-07-10,32.85190963745117,32.888249690330134,32.67020660048802,32.69927975181852,3871200,-0.001547351566172419
2014-07-11,32.8955192565918,32.931862084983045,32.750159033300974,32.851912298631966,3100500,0.0013265804083780865
2014-07-14,33.01179885864258,33.06267824809404,32.960922241758794,32.982728486543046,4135600,0.003528583047370952
2014-07-15,32.7210807800293,32.968197002706546,32.69200763087477,32.968197002706546,7181800,-0.008845496371335783
2014-07-16,32.72834777832031,32.8882473265774,32.67747115343271,32.85190727631027,4513100,0.00022206453076663735
2014-07-17,32.52484893798828,32.78650179763673,32.503045457207165,32.735625160768286,3965200,-0.006237226995716971
2014-07-18,32.85190963745117,32.87371311466489,32.553916767734336,32.561183669282805,5929300,0.010005495380537318
2014-07-21,32.69927215576172,32.72834252777085,32.59024924988258,32.72834252777085,5085300,-0.004657055857202566
2014-07-22,32.641136169433594,32.72835285812532,32.57572295977266,32.65567274631031,13404200,-0.0017794808192710219
2014-07-23,32.5975227355957,32.713812564829865,32.56845235771333,32.699278762172796,2796500,-0.0013370428229872726
2014-07-24,32.68473815917969,32.74288168034758,32.61205529200996,32.6556650123118,3449600,0.0026719502136354186
2014-07-25,32.55391311645508,32.684739510200394,32.481230246281015,32.655666362130766,2477800,-0.004010665932890036
2014-07-28,32.38675308227539,32.58299271172331,32.34314335154189,32.524846404078644,30101200,-0.005148096351626619
2014-07-29,32.241390228271484,32.51030997089558,32.23412055349949,32.42309328161154,6319100,-0.004498445775727627
2014-07-30,31.89978408813477,32.33587303167224,31.89978408813477,32.29226330554802,22406900,-0.010651796562171854
2014-07-31,31.354663848876953,31.71806978643476,31.33286037984501,31.630853137739724,10784500,-0.017236218247350683
2014-08-01,31.59451675415039,31.732610028276262,31.311060533668677,31.311060533668677,11890000,0.007620561974661363
2014-08-04,31.696266174316406,31.7544096823282,31.50729353500175,31.63811989373735,5024400,0.003215302548542459
2014-08-05,31.558185577392575,31.76169488637588,31.427361927246434,31.601795309153704,4571700,-0.004365884532354748
2014-08-06,31.827102661132812,31.84890613700467,31.231116958378145,31.245653533148765,27891900,0.00848520862447353
2014-08-07,31.565446853637695,31.907049396787603,31.49276675927587,31.907049396787603,5532600,-0.008255143401750988
2014-08-08,31.8852481842041,31.91432133556581,31.56545183693024,31.594524988291948,5259400,0.010080395129011923
2014-08-11,32.110557556152344,32.26318742582458,31.972464260625273,32.00153463634759,23734600,0.007041408425787218
2014-08-12,32.0887565612793,32.14690008978572,32.008806783585754,32.09602346262951,3954200,-0.0006791660007823666
2014-08-13,32.18324661254883,32.241392925314585,32.05968985677478,32.161443131546065,2704300,0.0029403197249026542
2014-08-14,32.314064025878906,32.32133369923029,32.14689758218136,32.2922605509608,2196100,0.0040565286032280224
2014-08-15,32.357669830322266,32.56117629843151,32.18323373439457,32.48122653665497,4542700,0.0013485276627501672
2014-08-18,32.54663848876953,32.57571163241352,32.401278315684735,32.43761835895593,4427600,0.005823009205228259
2014-08-19,32.63386535644531,32.67020540799784,32.466696128680915,32.60479220617601,2627900,0.0026764727058189944
2014-08-20,32.612064361572266,32.64840441897952,32.51758076682714,32.553920824234396,5580000,-0.0006682714394170705
2014-08-21,32.670204162597656,32.81556713583468,32.62659443885612,32.62659443885612,1724000,0.0017811824776007396
2014-08-22,32.59024429321289,32.757410690253515,32.59024429321289,32.706534081265815,5176500,-0.0024504860536276275
2014-08-25,32.7719612121582,32.8155709409565,32.71381490709381,32.74288805962601,1985200,0.005560319934768004
2014-08-26,32.75015640258789,32.844639985623665,32.728350152791066,32.793763357044924,1792300,-0.0006655709909576763
2014-08-27,32.76469421386719,32.77922801752208,32.6992810071465,32.77922801752208,2054500,0.0004438020198816182
2014-08-28,32.779232025146484,32.78650170043115,32.64840559571014,32.67747875171127,2797700,0.00044360514701807487
2014-08-29,32.80103302001953,32.830103398791564,32.69927976289662,32.80829992157046,3076400,0.0006648645186509696
2014-09-02,32.81558609008789,32.96094637471678,32.71383000925008,32.83738957826829,11691900,0.00044357879160344406
2014-09-03,32.83738327026367,32.91006339861639,32.801043206087314,32.89552681843201,2391400,0.0006640120375067446
2014-09-04,32.93912887573242,33.026345563925695,32.84464251285807,32.88825224323897,4379600,0.0030936783754115338
2014-09-05,33.12809753417969,33.12809753417969,32.83737157913796,32.946394505420656,5067000,0.005720511788888507
2014-09-08,32.880977630615234,33.08448411286725,32.86644105723039,33.019070918919404,4229500,-0.007487487363185892
2014-09-09,32.80103302001953,32.90278627714244,32.757423293009005,32.90278627714244,3452700,-0.002434293630224338
2014-09-10,32.9609260559082,32.997268877231555,32.786492712855335,32.83736933562642,4186400,0.004862791596067096
2014-09-11,32.975467681884766,32.99727393253317,32.85917784451083,32.88825099699642,3924700,0.0004410804227525661
2014-09-12,32.74288558959961,32.95366177070506,32.67747238762096,32.931858294234914,5778400,-0.007078176848563489
2014-09-15,32.90278244018555,32.931855588135534,32.808296095632095,32.84463614428558,6105500,0.0048715222680749785
2014-09-16,33.14990234375,33.23711902474324,32.82283632431499,32.85190947550217,8388400,0.00748254389236003
2014-09-17,33.077213287353516,33.21530934341377,33.01180009568492,33.11355610583323,10476000,-0.0021951457463452308
2014-09-18,33.14263153076172,33.17897435478096,33.06268452659671,33.128097728235865,6364600,0.0019757903350345746
2014-09-19,33.228214263916016,33.345240660048304,33.184328319067895,33.279413137840805,5411900,0.0025789269237975433
2014-09-22,33.16968536376953,33.25745721560731,33.11848651192824,33.206258363766025,6516500,-0.0017629749023402904
2014-09-23,32.877132415771484,33.118498117586334,32.877132415771484,33.059986319318455,6715600,-0.008859014595389262
2014-09-24,33.30134582519531,33.31597446957281,32.869810581509306,32.869810581509306,14707300,0.012820458588362518
2014-09-25,32.862483978271484,33.20625000275881,32.862483978271484,33.19893428855027,11438400,-0.013266108823211163
2014-09-26,32.98684310913086,33.05267062606344,32.74547740713083,32.93564423930876,3935200,0.0037770857867829863
2014-09-29,32.979530334472656,33.023416276008795,32.76741913557505,32.78936350140769,11255800,-0.00022171219384707988
2014-09-30,32.994163513183594,33.074619688652064,32.87713710981023,32.994163513183594,7122400,0.0004436064769905095
2014-10-01,32.789363861083984,32.96490204889576,32.730849271727266,32.96490204889576,18044800,-0.006226492313006984
2014-10-02,32.84787368774414,32.928329848213515,32.69427708510026,32.76741752727477,16950100,0.0017828246386585255
2014-10-03,33.23551940917969,33.250148054036345,32.91369759271944,33.04535260630061,9134100,0.011732150837407968
2014-10-06,33.25014114379883,33.32328435288105,33.030717096808424,33.32328435288105,6884100,0.00043984626860180077
2014-10-07,33.05265808105469,33.294026481573425,33.05265808105469,33.08191536417116,11318600,-0.005957022902348384
2014-10-08,33.535404205322266,33.55003285216453,33.05998573852964,33.10386888892734,9800300,0.014499733599855834
2014-10-09,33.198944091796875,33.72556406521772,33.198944091796875,33.50614000633513,15077400,-0.010083651763920806
2014-10-10,33.359859466552734,33.703625624455526,33.22820446097841,33.22820446097841,11403400,0.0048352938956409365
2014-10-13,32.899070739746094,33.39643353144688,32.8771291663304,33.34523466672435,20244600,-0.013908952468452578
2014-10-14,32.884429931640625,33.06728374948577,32.8039738053683,33.001456263456404,12854000,-0.0004451209861980706
2014-10-15,32.48948287963867,32.77473733603017,32.02137729499011,32.5772547693573,22241300,-0.012082858132421635
2014-10-16,32.24810028076172,32.41632546281881,31.955533048410658,32.057933532823064,19593400,-0.007457297777428127
2014-10-17,32.6430778503418,32.730846937989675,32.24079984264929,32.54068011639777,12534400,0.012173687051844887
2014-10-20,33.111183166503906,33.14044045891523,32.55530577120457,32.584563063615896,17229300,0.014238262800692129
2014-10-21,33.25014114379883,33.25014114379883,32.877120542927955,33.008775529147826,13863600,0.0041879266827358095
2014-10-22,33.32328796386719,33.550024961271475,33.21357453341913,33.27208910702568,10426900,0.0021974787984868037
2014-10-23,33.30134582519531,33.52808562785359,33.24283403781394,33.45494519609473,12604800,-0.000658679476863169
2014-10-24,33.579288482666016,33.60854577490143,33.36717729915272,33.41837616550021,9205600,0.008311651360687261
2014-10-27,33.65973663330078,33.79870455316386,33.45494121663345,33.49151142816286,4917200,0.002392901707990144
2014-10-28,33.79140853881836,33.806037188777125,33.64512482936042,33.806037188777125,5633500,0.0039042205269338203
2014-10-29,33.732879638671875,33.86453464235881,33.53539713314147,33.79139421370096,6381200,-0.0017335662880437787
2014-10-30,33.94499969482422,34.02545586153594,33.557350298990556,33.76945871380508,5020200,0.006268540114983929
2014-10-31,34.164424896240234,34.259509713519336,34.05471422103758,34.252196784557555,8184300,0.006443336201461971
2014-11-03,34.29606246948242,34.3180040353209,34.11320864715409,34.11320864715409,14994800,0.0038456558093727857
2014-11-04,34.47893142700195,34.53013029651839,34.22293707941979,34.23756572644294,10508200,0.005317903444883607
2014-11-05,34.72028732299805,34.86656815990822,34.552062128448846,34.676401397848124,7780400,0.006975710970852326
2014-11-06,34.793434143066406,34.866574574978536,34.63252184470536,34.75686392711034,5638000,0.002104529739545451
2014-11-07,34.917789459228516,34.917789459228516,34.61059339048801,34.742248449929704,5912000,0.0035677310379279526
2014-11-10,35.07136535644531,35.07867828203161,34.778798110688825,34.85925424277826,4209500,0.004388569746403234
2014-11-11,35.00554656982422,35.107944294261884,34.932403345133935,35.05674543204305,3277800,-0.001878473356380122
2014-11-12,35.00554656982422,35.05674543204305,34.851949983167714,34.85926291057238,4923700,0.0
2014-11-13,35.1298828125,35.298108029469475,35.00554352652936,35.03480081386192,7507100,0.003545608090713485
2014-11-14,34.93240737915039,35.159147216681234,34.84463828951515,35.144518570053854,7544500,-0.00563715390258728
2014-11-17,35.16645431518555,35.16645431518555,34.87388703460904,34.87388703460904,4049600,0.006677649253534849
2014-11-18,35.29811477661133,35.356629362461355,35.10794795285679,35.16646253870682,5015400,0.003736930952356416
2014-11-19,35.444393157958984,35.48096337358946,35.23959771832541,35.28348365115915,4919500,0.0041355217420493565
2014-11-20,35.29081344604492,35.39321121480437,35.2396145616652,35.33469939985466,4076000,-0.004342390744774794
2014-11-21,35.43708419799805,35.649195378580316,35.37125668644248,35.58336786702475,5042300,0.004136160280639924
2014-11-24,35.4151496887207,35.59069069842477,35.35663787890581,35.502921588637584,4912000,-0.000619162128695883
2014-11-25,35.444393157958984,35.53216502362646,35.35662408242011,35.41513586940316,6157500,0.0008253925928308291
2014-11-26,35.60530090332031,35.61261382946012,35.43707570082211,35.44438862696193,3644800,0.004529450058432534
2014-11-28,36.05879211425781,36.14656121376549,35.693084277824916,35.71502864529886,4640900,0.012656192108136228
2014-12-01,35.82472610473633,35.97832266973815,35.766214323362064,35.89786931911458,8330400,-0.006512392341748264
2014-12-02,35.94906234741211,35.97831683829344,35.78815009198931,35.81009165768228,6130900,0.00346467337824709
2014-12-03,35.69306945800781,35.95637943733349,35.61261332097739,35.95637943733349,5909600,-0.007146464586046941
2014-12-04,35.663818359375,35.74427451036026,35.50290884753316,35.70039136628008,8023900,-0.0008198535885175681
2014-12-05,35.729652404785156,35.73696812355656,35.51022827383964,35.64188331043279,6732100,0.00184426008052509
2014-12-08,35.656517028808594,35.84668389197188,35.56143220216215,35.693087257478886,4653600,-0.0020490075919374884
2014-12-09,35.53947067260742,35.554099313889544,35.18839165222045,35.38587412433713,6120000,-0.003288007243918225
2014-12-10,35.203033447265625,35.64188168919483,35.16646322545971,35.53948395208662,5304800,-0.00951167239649277
2014-12-11,35.495582580566406,35.70038075587837,35.21033106830916,35.327357401289774,5233700,0.008275998018409197
2014-12-12,35.0421142578125,35.6272460624571,35.03480133093567,35.28348269667569,6812500,-0.012857651732738788
2014-12-15,34.808067321777344,35.29080148961563,34.6983538694886,35.188403755548265,9451300,-0.006701423150071069
2014-12-16,34.6764030456543,35.37856114065058,34.65446147710074,34.65446147710074,9811500,-0.00378975137924582
2014-12-17,35.181087493896484,35.29811387246995,34.74223927177824,34.778809491933266,10126400,0.014449222981923126
2014-12-18,35.85398864746094,35.875930219927355,35.33468430481158,35.68576341491799,8726300,0.018946169091769622
2014-12-19,35.8171501159668,36.11182134208287,35.79505075757567,35.979219571349944,13154400,-0.0010279879843923762
2014-12-22,36.16339111328125,36.16339111328125,35.905555878623474,35.91292139524514,5125700,0.009620479698701131
2014-12-23,36.41386413574219,36.494898876900606,36.222326963878,36.318095549810096,5563500,0.006902273060817822
2014-12-24,36.37703323364258,36.56120208969153,36.35493105998497,36.52436888052048,1478000,-0.0010119645882597996
2014-12-26,36.43596267700195,36.546465105218395,36.3991294709943,36.41386331543606,3302400,0.0016186521510012353
2014-12-29,36.325462341308594,36.42859644016983,36.17812670999537,36.39176323488988,13478700,-0.003037335253299496
2014-12-30,36.16339111328125,36.35492545757084,36.14865726984462,36.27389353395933,5094900,-0.00447162537025969
2014-12-31,35.72138977050781,36.29599565731596,35.70665592594946,36.29599565731596,5218700,-0.012297649314007827
2015-01-02,35.618255615234375,35.898193063121475,35.39725355014192,35.817158316875705,7612100,-0.0028913579977998547
2015-01-05,35.36777877807617,35.632982327170566,35.272013015497876,35.551947597148036,8272700,-0.007057102959289129
2015-01-06,35.323585510253906,35.70665705025236,35.22045140529155,35.61825398011869,11112400,-0.0012503160470706753
2015-01-07,35.92766189575195,35.971863434251986,35.544590325999785,35.58142353631957,9226100,0.01695663953896698
2015-01-08,36.472801208496094,36.517002748275345,36.17076437882261,36.244433611788025,12904100,0.015059285304264054
2015-01-09,36.17811965942383,36.59065597447164,36.17811965942383,36.59065597447164,6382800,-0.008112303646527885
2015-01-12,36.067630767822266,36.35493375492499,35.97186497891731,36.163399366921155,6256400,-0.0030586983203659567
2015-01-13,36.060264587402344,36.50963707085301,35.84662802802516,36.31073435800466,10135000,-0.00020425330336487456
2015-01-14,35.94975280761719,35.98658600927698,35.69928310206022,35.7876861582755,13315500,-0.0030693470309518605
2015-01-15,36.008689880371094,36.22969191096859,35.86871977317783,36.185490380771775,10898400,0.0016380867548347697
2015-01-16,36.295989990234375,36.33282319078254,35.853983153077195,35.92028403814112,12948500,0.007946971686950946
2015-01-20,36.44334030151367,36.60540701133147,36.14130343888762,36.43597197231629,9978200,0.0040514674040488035
2015-01-21,36.62012481689453,36.62749314286398,36.18548632106515,36.36965512759975,7588600,0.0048392136915226805
2015-01-22,36.98846435546875,36.995832681821774,36.45069174961608,36.77482785432104,12062000,0.010008142180343512
2015-01-23,36.575927734375,36.87059615186678,36.56855940807667,36.81166359244566,6423700,-0.01121577801179587
2015-01-26,36.575927734375,36.627494777690885,36.37702507721667,36.56119389197144,4428600,0.0
2015-01-27,36.1560173034668,36.31808392370952,35.98657954790655,36.2075843385703,10344800,-0.011546923330168152
2015-01-28,35.736114501953125,36.39912333917389,35.706649628226764,36.28862092957276,7765700,-0.011681600362792295
2015-01-29,36.02342224121094,36.06762095939545,35.574049871713946,35.87608662347851,9765600,0.008007556556239755
2015-01-30,35.375144958496094,35.85398217291815,35.32357791709977,35.83188281523201,10951600,-0.018159890985834953
2015-02-02,35.79506301879883,35.81716238475986,35.12468841943841,35.44145911245208,14354100,0.011800525672448384
2015-02-03,36.11183547973633,36.12656932782969,35.8097986193079,36.01606687222658,6279600,0.008810684837054017
2015-02-04,36.12656021118164,36.38439546226448,36.045525472214614,36.045525472214614,7901300,0.00040767050564757986
2015-02-05,36.31072235107422,36.32545619273098,36.14865290304278,36.23705314279041,8079500,0.005084744489719803
2015-02-06,36.14865493774414,36.45806000956576,36.008687649415975,36.31808991104448,6304100,-0.004473339121911367
2015-02-09,35.876094818115234,36.11919625423756,35.7803262231852,36.08973137211539,5656100,-0.007568548912380032
2015-02-10,36.295989990234375,36.33282319078254,35.99395324943052,36.214955262912575,5055100,0.011636075387858066
2015-02-11,36.46541976928711,36.546454485071905,36.200216266788736,36.318084177877715,4618000,0.0046571413567250836
2015-02-12,36.63486099243164,36.63486099243164,36.44332665791904,36.553826262763295,7150600,0.004635865275410922
2015-02-13,36.46541976928711,36.57592216539232,36.384385053502314,36.55382000005567,5932000,-0.004635865275410838
2015-02-17,36.472801208496094,36.50963723007575,36.237065283394536,36.41386863231765,4887500,0.00020240250269961584
2015-02-18,36.67169570922851,36.67169570922851,36.3843927904924,36.4654275235089,5251200,0.00543841298601337
2015-02-19,36.43596267700195,36.61276600010956,36.39176395387017,36.60539767279194,4380200,-0.006448950887517598
2015-02-20,36.539100646972656,36.55383449297456,36.17076292750642,36.31073305942761,5898000,0.002826665272925386
2015-02-23,36.64223098754883,36.649596504129946,36.48016152083153,36.48016152083153,4710600,0.0028184895394494946
2015-02-24,36.767459869384766,36.79692755243199,36.53908954105822,36.67905963043604,4275800,0.0034117839715413325
2015-02-25,36.64223098754883,36.796932127491736,36.59802945748231,36.7600989241996,3282600,-0.0034117839715413854
2015-02-26,36.69380187988281,36.73063508703523,36.546466241079536,36.6422348278307,4124200,0.0014064273405127157
2015-02-27,36.84112548828125,36.91479469434251,36.66432501411995,36.6864243708419,4578900,0.004006906942906801
2015-03-02,36.907432556152344,36.936900243517094,36.789564616886686,36.87059935204308,5511200,0.0017981934154734402
2015-03-03,36.767459869384766,36.91479547442793,36.605390422818,36.90742714856966,5818200,-0.003799743727351631
2015-03-04,36.50962829589844,36.708530960941275,36.42122523797282,36.693797117953665,3635800,-0.007037196590965368
2015-03-05,36.63486099243164,36.69379636316977,36.51699306114854,36.60539330706258,5336300,0.003424258481264404
2015-03-06,35.920284271240234,36.44332583911341,35.83925235358566,36.369656627345954,12065500,-0.01969811579954039
2015-03-09,36.119197845458984,36.18549875099391,35.949762822468394,36.06026526842457,6436500,0.005522362845699251
2015-03-10,35.603511810302734,35.92764786883862,35.59614348499924,35.90554851331357,7996200,-0.014380240908839959
2015-03-11,35.33094024658203,35.655079117775365,35.294107050362626,35.655079117775365,8699500,-0.007685205069637218
2015-03-12,35.84661865234375,35.84661865234375,35.456181657127175,35.49301485871858,9905500,0.014490168996393079
2015-03-13,35.566688537597656,35.787693412742236,35.353054800588275,35.772959567053014,5821400,-0.007839758709149084
2015-03-16,36.001338958740234,36.00870728909863,35.67720267783692,35.67720267783692,22130500,0.01214664649561817
2015-03-17,35.74348449707031,35.90555395600167,35.64035040872969,35.8760862707063,7487500,-0.007188130362863585
2015-03-18,35.98659133911133,36.133926977764936,35.24255043869126,35.65508966488266,19747300,0.006778405572216123
2015-03-19,35.824527740478516,35.986594427732975,35.75822683790366,35.90556248920265,20386700,-0.0045136150459597684
2015-03-20,36.273677825927734,36.28109127663014,35.947556680097094,35.9994395254019,7951000,0.012459558249270938
2015-03-23,36.33297348022461,36.51827016086994,36.20697026713624,36.23661841461621,4669300,0.0016333398225255268
2015-03-24,36.125450134277344,36.51827827981218,36.125450134277344,36.42192319278159,6939800,-0.0057280824785953385
2015-03-25,36.036495208740234,36.58497459019576,36.036495208740234,36.53309174933679,18476700,-0.002465426068334174
2015-03-26,35.88085174560547,36.080972514595345,35.799320747787014,35.85861704707432,7616000,-0.004328405112970323
2015-03-27,36.10320281982422,36.14767503887799,35.87343675655348,35.88825800216858,4950100,0.0061778065360487315
2015-03-30,36.46638870239258,36.496036850999324,36.03649902980396,36.177326321984474,25326800,0.010009396695907146
2015-03-31,36.125450134277344,36.46639542388885,36.125450134277344,36.31815748093493,7411800,-0.009393372050651503
2015-04-01,36.16991424560547,36.177327696740406,35.82155838214925,36.11062077354187,8033400,0.0012300682710697018
2015-04-02,36.41450119018555,36.48120810230193,36.13284946931607,36.18473230902851,4821000,0.006739404564018167
2015-04-06,36.70356369018555,36.85921220998709,36.258849998377634,36.35520505571309,5615300,0.007906773966639538
2015-04-07,36.53309631347656,36.836982773931034,36.53309631347656,36.76286240101341,7660800,-0.00465525556615961
2015-04-08,36.5923957824707,36.68875086935616,36.42933659013023,36.54051292662552,5039200,0.0016218552598551
2015-04-09,36.69615173339844,36.76285864851376,36.45897221907792,36.592386049308566,4785400,0.002831438847202631
2015-04-10,36.76287078857422,36.88887403758065,36.666518522902926,36.79251894450559,4605100,0.001816497721616043
2015-04-13,36.5923957824707,36.80734065805996,36.584985157665784,36.66651616753782,3712800,-0.004647936568818663
2015-04-14,36.67393493652344,36.73323125774506,36.44416593289596,36.52569696087359,5722200,0.0022258297069551384
2015-04-15,36.57015609741211,36.874042566269154,36.547921398623586,36.725804643738186,6764300,-0.002833782414239196
2015-04-16,36.70356369018555,36.84438813751989,36.58497393785065,36.614622082785054,5796400,0.0036413530135884667
2015-04-17,36.36262512207031,36.555332444402886,36.16250434845385,36.53309774535769,5539800,-0.00933238884125365
2015-04-20,36.48863220214844,36.70357709029302,36.421925265393355,36.421925265393355,3976200,0.0034593007825622665
2015-04-21,36.55533599853515,36.72580863839692,36.49604251951535,36.54051192192932,3948500,0.0018264017295903923
2015-04-22,36.57755661010742,36.65167696458549,36.37002527237368,36.58497005925644,2897700,0.0006076776526527905
2015-04-23,36.451568603515625,36.62945185975,36.362626975398435,36.3700375996568,6320800,-0.0034503530259513597
2015-04-24,36.45897674560547,36.555331818824435,36.414507348276096,36.555331818824435,6555100,0.0002032118146932637
2015-04-27,36.25885391235352,36.525681590760534,36.23661921495394,36.51085751669314,6888100,-0.005504106397862679
2015-04-28,36.29590606689453,36.340375450122586,36.10319598156533,36.2588444776681,3665100,0.001021357048733479
2015-04-29,35.969791412353516,36.25144316385547,35.91790856699829,36.17732562117743,9409300,-0.009025495627299146
2015-04-30,35.85121154785156,36.02168420500906,35.71038704691375,35.88085970407125,8286300,-0.0033020973632377254
2015-05-01,36.17733383178711,36.19215790916771,35.8808579389824,35.984623653242956,5158300,0.00905542408874296
2015-05-04,36.229217529296875,36.3255697934003,36.169921218399026,36.17733467096312,6710200,0.0014331218768061284
2015-05-05,35.94013595581055,36.2588435613659,35.88825029768521,36.21437417926164,6537400,-0.008011243155984546
2015-05-06,36.051326751708984,36.14026837912509,35.82897126946704,36.014267975902555,6233300,0.0030890019491549036
2015-05-07,36.1402702331543,36.21439061597296,35.85120780867027,35.93273881606904,6433800,0.00246409638140191
2015-05-08,36.444149017333984,36.58497630116822,36.32555925733842,36.32555925733842,6946500,0.008373162249513096
2015-05-11,36.29590606689453,36.562733675872025,36.281081996684414,36.340375450122586,3988400,-0.004075970399097356
2015-05-12,36.21438217163086,36.33297192908488,35.95496513336074,35.95496513336074,4903400,-0.0022486168954704653
2015-05-13,36.1995735168457,36.45898783820415,36.15510127858252,36.20698414285421,3716900,-0.0004090000290909366
2015-05-14,36.75544738769531,36.77027146050839,36.34779528124545,36.34779528124545,6174300,0.015239105451012851
2015-05-15,36.874046325683594,36.874046325683594,36.72580838803934,36.76286716559953,5014300,0.0032215090604708926
2015-05-18,36.75544738769531,36.85180244727892,36.69615109644301,36.83697837446584,6199900,-0.003221509060471012
2015-05-19,36.65909957885742,36.777689357414936,36.54050980029991,36.777689357414936,5157200,-0.0026247622067728143
2015-05-20,36.57755661010742,36.75544263345236,36.57755661010742,36.60720475189865,5463200,-0.0022268357592912266
2015-05-21,36.65909957885742,36.70357180609275,36.45897879740349,36.584982027535226,4313600,0.0022268357592912114
2015-05-22,36.503448486328125,36.61462763298378,36.481213787958254,36.48862441161383,5336900,-0.00425494550089863
2015-05-26,36.21438217163086,36.473796382498136,36.14026180609532,36.45897230939102,8790100,-0.007950397714250417
2015-05-27,36.444149017333984,36.503445311033225,36.25885234062824,36.288500487477855,7599900,0.0063245872945679365
2015-05-28,36.39227294921875,36.44415580216319,36.23662439038544,36.40709702540337,5741300,-0.0014244542904849895
2015-05-29,36.16250991821289,36.370041347674054,36.09580298339985,36.33298256775651,6663600,-0.006333525922779608
2015-06-01,36.16250991821289,36.31074786528672,36.03650667360885,36.23662747804797,5992300,0.0
2015-06-02,36.06614685058594,36.14767784481188,35.888260787965436,36.05873622720315,4998200,-0.002668279575197914
2015-06-03,36.04393005371094,36.214402750208315,35.99204718205541,36.11063700689726,5892700,-0.0006161912046619284
2015-06-04,35.78449249267578,36.06614422658198,35.71037495462812,35.97720261544423,7084800,-0.0072238448247329565
2015-06-05,35.27308654785156,35.777093892674536,35.25085184444589,35.68815225164807,9482300,-0.014394376557525257
2015-06-08,35.25825881958008,35.384262056442914,35.176727812328274,35.25084819501332,10944000,-0.0004204578379352907
2015-06-09,35.42873001098633,35.56214386696446,35.243433302950415,35.30272960667553,7096700,0.004823278646139209
2015-06-10,35.77708435058594,35.851201893772846,35.517667294625696,35.517667294625696,7091600,0.009784513298802427
2015-06-11,35.762271881103516,35.92533392191097,35.72521309748472,35.80674411788844,7469300,-0.00041410687695105926
2015-06-12,35.621437072753906,35.702965242180504,35.495433851998015,35.673319920299534,6748800,-0.003945858043643122
2015-06-15,35.362030029296875,35.54732677373134,35.339795324734,35.48061983263878,7632600,-0.007308975142082227
2015-06-16,35.747440338134766,35.76967503818266,35.406495076184626,35.45837792789863,5036400,0.010840021191070626
2015-06-17,35.94013595581055,35.999429407750306,35.665894904957234,35.85860498541644,10508800,0.00537599655991205
2015-06-18,36.34039306640625,36.48122038796832,36.021682470897105,36.0513306256895,8821000,0.01107521506302306
2015-06-19,36.2896728515625,36.47611794489049,36.2896728515625,36.36424975092315,8908200,-0.0013966729190638264
2015-06-22,36.43137741088867,36.58053408447532,36.39408895372374,36.4910412182941,4445900,0.0038972137549909943
2015-06-23,36.27476119995117,36.4537497625173,36.20018429175585,36.44629036474176,5107500,-0.004308204401197809
2015-06-24,36.110687255859375,36.319507711970765,36.110687255859375,36.2598439116742,6765100,-0.004533348306477436
2015-06-25,36.04356002807617,36.25237758294931,36.04356002807617,36.25237758294931,6443700,-0.0018606596195386042
2015-06-26,36.11813735961914,36.24491863523673,36.05101702401987,36.095764862728,4608000,0.002066951327200958
2015-06-29,35.558815002441406,35.99882561785677,35.54389905082583,35.93170525805012,8106200,-0.015607072902645524
2015-06-30,35.49913024902344,35.93168405585762,35.49167370007897,35.93168405585762,10039900,-0.0016798900458708165
2015-07-01,35.95408630371094,35.95408630371094,35.588655359567284,35.73780922129997,6859600,0.012734547860084716
2015-07-02,35.92424774169922,36.11815227793264,35.81983891984754,35.97645499755208,6956600,-0.0008302519562261604
2015-07-06,35.894405364990234,36.028646041832474,35.648296509137474,35.685584953832326,8740700,-0.0008310481228931623
2015-07-07,36.63272857666016,36.66256047228709,35.87203230773025,35.99135704531184,17427000,0.020360620299081228
2015-07-08,36.22254943847656,36.4910308053342,36.200176939547134,36.319501675380955,11754300,-0.011260226666517636
2015-07-09,36.25239181518555,36.72969089652055,36.25239181518555,36.66257053539989,8359900,0.0008235226653333957
2015-07-10,36.67748260498047,36.76697546202619,36.550698449649616,36.58798974793474,7782500,0.011657653529458111
2015-07-13,37.02052688598633,37.03544283065748,36.8489977896564,36.8489977896564,7031800,0.009309525750586259
2015-07-14,37.08020782470703,37.095123776281014,36.96088305704206,37.02800341666154,6858300,0.0016108059348722281
2015-07-15,36.983245849609375,37.08765463828112,36.908668956251304,37.07273869062429,5980500,-0.0026183502303222398
2015-07-16,37.36360931396485,37.41581373171268,37.124959734281205,37.16970759731966,4451200,0.010232222523269613
2015-07-17,37.341217041015625,37.3486764367043,37.1249400848582,37.274096704446976,4874400,-0.0005994866653846918
2015-07-20,37.40834045410156,37.45308829713609,37.25918382224593,37.363592611067034,6345400,0.0017959552772545398
2015-07-21,37.318843841552734,37.430709170444864,37.21443506328308,37.318843841552734,6146000,-0.0023952904470394758
2015-07-22,37.40088653564453,37.53512722927216,37.29647489454701,37.3188502401025,6107900,0.0021960123958782375
2015-07-23,37.25918960571289,37.482923165761775,37.20698520319904,37.482923165761775,4535100,-0.00379579307673438
2015-07-24,37.05037689208984,37.348690241529994,37.00562903619574,37.348690241529994,9950100,-0.005620091008033543
2015-07-27,37.02799224853515,37.08765319190969,36.78934278518501,36.901208120859515,9567100,-0.0006043503520847549
2015-07-28,37.44562911987305,37.45308851621883,37.087654908281216,37.19206369771307,8765800,0.011215816867545822
2015-07-29,37.572418212890625,37.65445451396601,37.40834561073986,37.482922514484834,6105100,0.0033802323107446504
2015-07-30,37.44562911987305,37.49783351458897,37.199523094058854,37.39342472515712,7029100,-0.003380232310744705
2015-07-31,37.52021789550781,37.60225136058635,37.468013488218375,37.57242230279726,6168800,0.0019899408388707063
2015-08-03,37.572418212890625,37.60970666476312,37.40834561073986,37.51275441395343,6961400,0.0013902914718741095
2015-08-04,37.572418212890625,37.62462261449741,37.371057158867366,37.55004286582592,5633000,0.0
2015-08-05,37.90056991577149,37.95277433024806,37.67683630445371,37.69175225786519,5239900,0.008695926288165678
2015-08-06,37.617156982421875,37.99750652529029,37.56495258946755,37.99750652529029,7889500,-0.007505900285363806
2015-08-07,37.40834045410156,37.661905874778306,37.244267874567754,37.557497085957195,6889700,-0.005566562693078522
2015-08-10,37.550048828125,37.66937360001959,37.48292846612636,37.51276037033175,5780000,0.003780992206505416
2015-08-11,37.41579055786133,37.49782683349146,37.289009291833395,37.3039252369412,5616200,-0.003581855813375921
2015-08-12,37.43817901611328,37.46055151915138,36.92358868682402,37.17715415265342,8275100,0.0005981902909620401
2015-08-13,37.28902053833008,37.49783814296825,37.244272689510545,37.400888737915665,4935200,-0.003992085258492629
2015-08-14,37.40834045410156,37.415797005477586,37.1920634801572,37.28155916622626,5247000,0.0031947585744011684
2015-08-17,37.44562911987305,37.46054506763847,37.15477525076257,37.289015935725274,4978400,0.0009963043795318623
2015-08-18,37.25918960571289,37.41580281325445,37.21444460065906,37.31139400822674,5108300,-0.004991375507427464
2015-08-19,36.916133880615234,37.192071862537304,36.737145313062655,37.17715591149736,9309200,-0.00924992719924403
2015-08-20,36.580528259277344,36.90867345789849,36.50595135682334,36.66256455893263,12756300,-0.009132603961783274
2015-08-21,35.58119201660156,36.37917703713861,35.58119201660156,36.29714071531994,23544300,-0.02769889995291321
2015-08-24,34.34318161010742,35.1262503416227,32.60551502264407,33.858426131038925,68723800,-0.03541368266771865
2015-08-25,34.0821647644043,35.58118211291657,34.04487631348212,35.58118211291657,35853900,-0.007629281416686272
2015-08-26,35.08896255493164,35.148626344511314,34.11944873367048,34.760820247021634,24372800,0.029112403869270966
2015-08-27,35.603553771972656,35.715419113153345,34.954722844434826,35.37236084831739,19550400,0.014558834035850694
2015-08-28,35.52897262573242,35.566261071315765,35.31269565845254,35.50660012736762,8695300,-0.002096964000761721
2015-08-31,35.28287124633789,35.439484445328,35.185918999137456,35.439484445328,12948300,-0.006950881570009453
2015-09-01,34.5594596862793,34.93980639268975,34.34318271355271,34.58183218520753,15589300,-0.02071630262436123
2015-09-02,35.02930450439453,35.03676105624501,34.693702772596666,34.85777536257036,9637300,0.013503672991166933
2015-09-03,35.26795959472656,35.484236616787136,35.09643042565579,35.171007335712034,7626800,0.006789908833010574
2015-09-04,34.6937141418457,34.89507524691115,34.55947340513541,34.80557952581946,10507100,-0.016416369666817004
2015-09-08,35.417118072509766,35.45440652944641,35.006936511425934,35.253045448076236,6867300,0.020636742738503362
2015-09-09,34.83540725708008,35.75271695135639,34.74591439164326,35.745260397956194,7587400,-0.016560945186759872
2015-09-10,34.89506912231445,35.14117519980328,34.65641959781092,34.67133554870823,14986300,0.0017112138878418342
2015-09-11,35.12625503540039,35.13371443241764,34.73099234127818,34.85777648623382,5127300,0.006603324227775276
2015-09-14,35.01439666748047,35.17846645053756,34.872696545157154,35.11134893355532,6180100,-0.003189547289171182
2015-09-15,35.4320182800293,35.499138616050324,34.9174309338187,35.05912815656269,7284500,0.011856572267780438
2015-09-16,35.83475112915039,35.87949898166716,35.55135375306432,35.75271482199968,11470700,0.011302241972368099
2015-09-17,35.83475112915039,36.259845770816135,35.73034231820466,35.804919227472546,13063900,0.0
2015-09-18,35.42041778564453,35.81072577459817,35.27780640754371,35.42041778564453,10970800,-0.011629697036232614
2015-09-21,35.68312454223633,35.780699386462864,35.50298130247717,35.510488821743614,9770600,0.007389447653148053
2015-09-22,35.292816162109375,35.38288634929414,35.105168268561336,35.32284051226417,10674800,-0.010998440055573905
2015-09-23,35.352867126464844,35.412915835483474,35.17272672596905,35.28531376045891,6458500,0.0017000608111746266
2015-09-24,35.41291427612305,35.46545546256074,35.075147460966484,35.0901596375601,7740100,0.001697067788401915
2015-09-25,35.63809585571289,35.99837955120239,35.50298911199429,35.615579019519885,12257300,0.006338610334085775
2015-09-28,35.1126708984375,35.62307336850001,35.04511754612689,35.54801536072353,15816000,-0.014853114420228106
2015-09-29,35.09766387939453,35.225265947292165,34.8874991361277,35.21025377087598,15304100,-0.00042748747229291457
2015-09-30,35.42041778564453,35.54051233122413,35.18022869448534,35.240277398915055,12715600,0.00915385536128487
2015-10-01,35.42041778564453,35.52550301839652,35.15771186196412,35.44293748144558,13766200,0.0
2015-10-02,35.90830612182617,35.92331829903487,35.045124543646494,35.22526780687078,13196700,0.01368020955316965
2015-10-05,36.5237922668457,36.568828799946374,36.058426211259295,36.17101324909078,10515800,0.016995254129691433
2015-10-06,36.276100158691406,36.576335136641454,36.261087980301866,36.448735915250744,9444000,-0.006804764558824941
2015-10-07,36.60636520385742,36.67391858550827,36.328647018528706,36.448741601099016,11944000,0.009063011360387747
2015-10-08,37.04169845581055,37.05671063308242,36.48626221315151,36.553815579234914,12447100,0.011822125405235738
2015-10-09,37.124263763427734,37.23685366061181,37.0041692092954,37.10925158625119,12459500,0.0022265022728787977
2015-10-12,37.22183990478515,37.30440544411437,37.10174535574627,37.13927436545594,5652600,0.0026249175832912036
2015-10-13,36.99665832519531,37.20682304373267,36.94411714556097,37.15428186409834,10162600,-0.006068090191101357
2015-10-14,36.5688362121582,37.079238904299835,36.486270649711656,36.92911996014982,10771200,-0.011631184942266854
2015-10-15,36.89908981323242,36.92160664917625,36.64388850717478,36.794007427787555,5255600,0.008990476346196444
2015-10-16,37.251861572265625,37.289390579269714,36.92159943875834,36.92910695812698,6921900,0.00951503423703568
2015-10-19,37.4169921875,37.424499707352545,37.139274081833406,37.251863973382505,6284300,0.004423019133817359
2015-10-20,37.39446640014648,37.46201974624387,37.33442057210392,37.40947857297693,6078400,-0.000602201546648722
2015-10-21,37.401981353759766,37.6571797527734,37.32692047468537,37.32692047468537,14418900,0.00020094413208762154
2015-10-22,38.14507293701172,38.19761413104306,37.492058908850545,37.552104760623365,13590300,0.019672919248752415
2015-10-23,38.08501434326172,38.37774457300721,37.874846774171104,38.280166875332256,13360200,-0.0015757192027280047
2015-10-26,38.009971618652344,38.16009056443952,37.94992575830592,38.08503252318631,8893000,-0.0019723441167113645
2015-10-27,38.062503814697266,38.062503814697266,37.769773514475894,37.88986807003543,5126200,0.0013811093722385262
2015-10-28,37.84483337402344,38.07751783939382,37.439516018895944,38.07001318199229,10430900,-0.0057351777937303
2015-10-29,37.859840393066406,37.942405929633345,37.64967565509951,37.829818904271,5606900,0.00039646215993772126
2015-10-30,37.43951416015625,37.73974911707545,37.43200663984724,37.73974911707545,8577100,-0.011164255024606884
2015-11-02,37.664695739746094,37.67220039770078,37.40949442008071,37.46203561560473,13054000,0.0059965281480952905
2015-11-03,37.48454284667969,37.58212055476704,37.22183693638261,37.44701383996292,12452900,-0.004794545934541637
2015-11-04,37.32693099975586,37.59714451405622,37.18431958422204,37.52959113548113,8067600,-0.004213580404455842
2015-11-05,37.31941604614258,37.37946188648873,37.10924844673159,37.28939169432961,9691800,-0.0002013481954864017
2015-11-06,36.914093017578125,37.214330785814035,36.64387959882173,37.14677743112493,13747200,-0.010920325919793255
2015-11-09,36.66639709472656,36.79399915069044,36.463739890260925,36.73395045064164,7896000,-0.0067326775921830685
2015-11-10,36.76397705078125,36.824025754505286,36.62887033068196,36.62887033068196,7438600,0.002657756129655112
2015-11-11,36.71144104003906,36.9441255048399,36.7039363826559,36.7039363826559,7264700,-0.0014300298265795069
2015-11-12,36.21604919433594,36.658898407823784,36.21604919433594,36.62136939582246,8473500,-0.013586082946442066
2015-11-13,35.900794982910156,36.27609075552709,35.870770633913715,36.110959699326195,9112400,-0.008742928872104774
2015-11-16,36.51628112792969,36.52378578380765,35.78069886758657,35.78069886758657,9734900,0.016998779813653272
2015-11-17,36.501277923583984,36.80151290824269,36.396195535789424,36.61386496910088,8056200,-0.0004109478528653978
2015-11-18,37.00416946411133,37.02668916167123,36.553815598833886,36.60635678767358,7826200,0.013683322934014664
2015-11-19,37.10174560546875,37.26687668523865,37.01918006558381,37.02668758554421,7421100,0.002633425352243567
2015-11-20,36.83903884887695,37.43951158468883,36.8090144962664,37.26687585209791,5487200,-0.00710589869856901
2015-11-23,37.16178894042969,37.22934229911407,36.84654184208906,36.84654184208906,5316600,0.008722933180203384
2015-11-24,37.25936508178711,37.356942787618785,36.90658612758923,37.07171718926136,9786000,0.0026222704700837656
2015-11-25,37.35695266723633,37.44702287775084,37.2293505776671,37.25937493559873,5599000,0.002615718492528868
2015-11-27,37.49955368041992,37.58211921021073,37.341930139880894,37.341930139880894,2712600,0.0038099877389691675
2015-11-30,37.094242095947266,37.582127868044246,37.086737438455415,37.50706984000482,10355200,-0.010867273051533347
2015-12-01,37.40948867797851,37.432005511666794,37.16929957437031,37.16929957437031,10807900,0.00846262221086687
2015-12-02,37.22183990478515,37.46202900286294,37.16929871853563,37.35694663036389,7832000,-0.005028696988031772
2015-12-03,37.02669525146485,37.49206137056114,36.8840809754898,37.35695461610083,12556000,-0.005256537445466713
2015-12-04,37.859840393066406,37.88986474514162,36.97414204980617,37.124260946902446,12783200,0.022251784282345907
2015-12-07,37.964942932128906,38.0850375318966,37.814823966599,38.00247195769111,9022000,0.002772249435237103
2015-12-08,37.86735153198242,37.949917076440755,37.64217459645612,37.72473727763437,6436400,-0.0025738758061691304
2015-12-09,37.507076263427734,38.06251263791552,37.356957318359434,37.657192345215314,18821800,-0.009559688154552574
2015-12-10,37.55211639404297,37.79230560210407,37.43952931336001,37.589648284218505,7842700,0.0012001231142118737
2015-12-11,37.1392822265625,37.40199107669642,37.034199831821134,37.17681124421577,11597900,-0.01105450906526823
2015-12-14,37.507076263427734,37.53709776181682,36.996673568163935,37.13928499117443,16609500,0.009854385951056296
2015-12-15,37.74726104736328,37.92740146990443,37.60464677763111,37.79980224254448,11557500,0.006383302493290453
2015-12-16,38.4753303527832,38.55789590020552,37.904881904752976,37.91238656211856,20860400,0.019104347829231264
2015-12-17,37.97993469238281,38.47532504529981,37.972430036052465,38.47532504529981,10235700,-0.012959279999144273
2015-12-18,37.30699157714844,37.94213301453159,37.30699157714844,37.94213301453159,14720600,-0.017877235024775073
2015-12-21,37.73043441772461,37.73799435767171,37.40530219692453,37.556524070845384,8155500,0.011286296932917255
2015-12-22,38.221900939941406,38.26726922047163,37.70773863141849,37.790912370204786,7185700,0.012941626596498735
2015-12-23,38.50165939331055,38.55459048869257,38.320192065379416,38.38824303444638,6464100,0.007292667129077404
2015-12-24,38.46384811401367,38.57726734006874,38.41848273108823,38.41848273108823,2312100,-0.000982551367837475
2015-12-28,38.41092300415039,38.41848582482747,38.25969831868949,38.29750665333294,4620900,-0.0013769177444097407
2015-12-29,38.74361801147461,38.78142346186657,38.49409684701995,38.66044428998972,4134000,0.008624173379713402
2015-12-30,38.60752868652344,38.76631336062967,38.562160400619405,38.720945074725634,6942900,-0.003518744612773015
2015-12-31,38.176536560058594,38.48654594100544,38.13116827832064,38.47898311852995,6801400,-0.011226200422678625
2016-01-04,37.69260787963867,37.69260787963867,37.31454760849136,37.67748800703923,17281200,-0.012757102956774598
2016-01-05,37.93456268310547,38.025299216462145,37.68504442730135,37.783340896252405,8630500,0.006398642900111638
2016-01-06,37.8060302734375,37.95725497140549,37.53382639396936,37.55650908913464,12429100,-0.003394019720074131
2016-01-07,37.35236358642578,37.7531066328463,37.21626163021286,37.38260622218411,16031500,-0.012072429268786513
2016-01-08,37.06503677368164,37.594321836465575,36.98942297364305,37.594321836465575,14691000,-0.007722071427822587
2016-01-11,37.4128532409668,37.548955202631575,37.04991563798461,37.29187403997273,15890200,0.009340194675672488
2016-01-12,37.617000579833984,37.768225279642245,37.31455118021748,37.63968327527529,13171500,0.005441776366456056
2016-01-13,36.92893981933594,37.692620554737275,36.89113435638235,37.66237791499757,19407900,-0.01846057068186168
2016-01-14,37.10283279418945,37.35991388018746,36.8608744643526,37.03478183364966,19025800,0.004697801728179699
2016-01-15,36.5206413269043,36.762599800278906,36.23331455813225,36.47527591587938,24210900,-0.01581570578673601
2016-01-19,36.95917892456055,37.09528087505348,36.7247804799624,36.89112794931408,14945200,0.011936414731907392
2016-01-20,36.497955322265625,36.71723107030699,35.83256813844491,36.55088355325874,28302800,-0.012557790830865069
2016-01-21,36.64160919189453,36.800393849948065,36.30135429294293,36.52819281515841,21001000,0.003928217382991294
2016-01-22,37.269168853759766,37.34477972711975,36.77012959022206,37.05745321648594,13754500,0.016981954731003116
2016-01-25,36.93648147583008,37.25405355307066,36.60378952838945,36.66428054667166,15869400,-0.008966692037543895
2016-01-26,37.276737213134766,37.51869552382128,37.012096212187195,37.04990165741248,10523400,0.00916974435256213
2016-01-27,37.23893737792969,37.707731314961975,37.01210178803478,37.32967103701345,17247400,-0.0010145473057802251
2016-01-28,37.617000579833984,37.75310252122429,37.254063030916925,37.36747939249468,15649200,0.010101173716143177
2016-01-29,38.38068389892578,38.43361499939076,37.70017702727827,37.87408443506724,20576300,0.020098218278802402
2016-02-01,38.50923538208008,38.66802006940624,38.184103183628125,38.29752246564519,18573100,0.003343783011686548
2016-02-02,38.01774597167969,38.22946171846415,37.92701229984145,38.22946171846415,14068600,-0.012845042610247073
2016-02-03,37.93456268310547,38.22945208995862,37.57918802275592,38.161401132126464,25209800,-0.0021904093056869614
2016-02-04,37.58675765991211,37.81359328311122,37.40529031510141,37.76822788909426,21240800,-0.0092108421987452
2016-02-05,37.52627182006836,37.768230217647904,37.32967881930271,37.65481095686991,20073300,-0.0016105289145314896
2016-02-08,37.4279670715332,37.5338234865998,36.96673307642505,37.27674238527908,21546900,-0.0026230619202850672
2016-02-09,37.677486419677734,37.88163641924994,37.10283321649636,37.13307872916292,24376300,0.006644531244114467
2016-02-10,37.63212203979492,38.03286502874402,37.586753766106455,37.81358936580649,14798700,-0.0012047436256178068
2016-02-11,37.32967376708984,37.503581161540225,36.95917628285202,37.18601188933637,26010400,-0.008069441523646304
2016-02-12,37.85895919799805,37.866522019443025,37.38260239995846,37.5565097963666,12464000,0.014079100868503886
2016-02-16,38.161407470703125,38.21433568176717,37.874080836090336,38.18409016562452,15217700,0.007957074709074675
2016-02-17,38.55459213256836,38.66800849626832,38.214337272725864,38.32775363642583,11040500,0.010250485078262496
2016-02-18,38.38068389892578,38.50166309062121,38.17653385649154,38.426052177450856,13101900,-0.004520904812882027
2016-02-19,38.44117736816406,38.516788286116416,38.06311700965906,38.27482988742294,9795000,0.0015749027879329361
2016-02-22,38.63021087646485,38.74363014753917,38.52435442846048,38.66045640000092,9152000,0.00490542318409672
2016-02-23,38.62264251708984,38.69825342507312,38.46385499533096,38.554591546156395,9986500,-0.00019593734255150713
2016-02-24,38.74361801147461,38.78898339819656,38.244578566936255,38.44116863959701,13271700,0.003127347558388715
2016-02-25,39.182167053222656,39.20484974694564,38.75117856625979,38.841912225522755,9512000,0.011255675418965478
2016-02-26,38.63021087646485,39.28803514932904,38.55459995199655,39.28803514932904,28143900,-0.014187085634802742
2016-02-29,38.50165939331055,38.909965207712354,38.49409945646807,38.60751869970341,13596800,-0.0033332940516288914
2016-03-01,38.87215423583984,38.940205195245206,38.660441421854635,38.72092956112008,13169700,0.009576823393475542
2016-03-02,38.985572814941406,38.985572814941406,38.67556353488581,38.917521856667214,16157700,0.0029134849841187813
2016-03-03,39.182167053222656,39.182167053222656,38.69068753717046,38.826789468250425,10743600,0.005030071308837472
2016-03-04,39.348514556884766,39.446808152743365,39.0158196651448,39.16704435372015,17384700,0.004236503467213246
2016-03-07,39.10655975341797,39.318272605989876,39.03850878160967,39.18217066237328,14095900,-0.006168003094153048
2016-03-08,39.219970703125,39.43168641084403,38.93264698125849,39.00069794367338,11554900,0.0028958522304245275
2016-03-09,39.514862060546875,39.56779315720471,39.33339472824175,39.340954665266445,11307500,0.0074907820586394185
2016-03-10,39.52998352050781,39.7492591838475,39.189731562519306,39.658525520675305,13004500,0.00038260458437852174
2016-03-11,39.65851593017578,39.80974058847333,39.51485120682641,39.72656688219116,12880500,0.0032462421546910775
2016-03-14,39.63582611083984,39.726562626721034,39.51484697403506,39.63582611083984,10645100,-0.0005722935425453363
2016-03-15,39.734130859375,39.78705906250807,39.45436708790438,39.52241804684272,6523700,0.0024771286908951977
2016-03-16,39.82485580444336,39.915592319440705,39.43167577693532,39.70387666881702,13743400,0.0022806973341129508
2016-03-17,40.06682205200195,40.195361138028545,39.771932667339414,39.809740995578274,13903400,0.006057376535294
2016-03-18,40.01439666748047,40.173997549196805,39.953594674903634,40.13599775343557,13037000,-0.0013093055487690749
2016-03-21,40.03717803955078,40.18157835847163,39.85477504268478,40.02957634428284,11421400,0.0005691673841193337
2016-03-22,39.80159759521485,40.014401696781974,39.74079849419491,39.907998196398935,9853200,-0.005901421362525511
2016-03-23,39.8092041015625,40.23480655768779,39.70280348753118,39.71800109022197,11304300,0.00019109231935042324
2016-03-24,39.76359939575195,39.801599197819336,39.63439948888304,39.67239929095042,9455500,-0.0011462386342911374
2016-03-28,39.97639846801758,40.05999976761272,39.809198768026185,39.809198768026185,7363500,0.005337335920147495
2016-03-29,40.27278518676758,40.287982780373184,39.90038036108387,39.953580636296174,10354700,0.0073866936186037825
2016-03-30,40.53880310058594,40.53880310058594,40.31080141392052,40.409600308649665,8932300,0.006583681383603673
2016-03-31,40.32599639892578,40.53879755748951,40.280394908148544,40.47039677092283,8297400,-0.005263283758670546
2016-04-01,40.75160217285156,40.865604459865835,40.105596944300245,40.15879723845395,14840300,0.01049882312235372
2016-04-04,40.766788482666016,40.85038974415357,40.553987380114116,40.8047882653792,12949000,0.0003725861089261638
2016-04-05,40.493186950683594,40.69079046703443,40.401986888858886,40.59958750601203,11748800,-0.006734005626659491
2016-04-06,40.812400817871094,40.81999961675604,40.38679560035526,40.38679560035526,11672400,0.00785224032227605
2016-04-07,40.3715934753418,40.6831964026291,40.24239360511942,40.53879603605146,11243400,-0.01085957098817327
2016-04-08,40.59199905395508,40.63760054608807,40.46279917504258,40.54639756182209,7040200,0.005444573695199234
2016-04-11,40.30320358276367,40.76680869968869,40.27280548103669,40.637608794551696,6694100,-0.0071400203887018385
2016-04-12,40.553985595703125,40.599584173273534,40.31078351800275,40.31078351800275,9361100,0.0062031049961093565
2016-04-13,40.24239730834961,40.69840064417741,40.05999423449939,40.65280205011373,14780000,-0.007712964883996174
2016-04-14,40.05999755859375,40.31840024345748,40.02959656056302,40.219598449456974,11811300,-0.0045428299802159145
2016-04-15,40.310791015625,40.32599151070818,40.006786912357434,40.05238839760697,12384200,0.00624093095258286
2016-04-18,40.53880310058594,40.53880310058594,40.21199961999263,40.24240061800102,8476800,0.00564041642896988
2016-04-19,40.515987396240234,40.55398717876475,40.33358438124596,40.45518542484295,5980100,-0.0005629699320285617
2016-04-20,40.05999755859375,40.44760303548872,39.96119866379199,40.44760303548872,20207300,-0.011318377449523995
2016-04-21,39.345584869384766,39.9611919293681,39.315183876477334,39.90798874218097,30667400,-0.017994502265993716
2016-04-22,39.48998260498047,39.48998260498047,39.17078089832127,39.21637948544512,22004200,0.0036632677787669
2016-04-25,39.76359939575195,39.76359939575195,39.26199447054496,39.26959327127881,8947300,0.006904870946424571
2016-04-26,39.6039924621582,39.88519443371335,39.53559166916386,39.86239513578144,10821800,-0.0040219728231923975
2016-04-27,39.79399871826172,39.91559981926669,39.45199471568558,39.748397218185254,12012100,0.004786182017785443
2016-04-28,39.83199691772461,40.067600309851464,39.63439622373347,39.64199502384132,11547000,0.0009544170102694248
2016-04-29,39.74838638305664,39.831987660808245,39.51278594488193,39.82438886246634,13198500,-0.0021012858185531086
2016-05-02,40.20439910888672,40.24239890518046,39.73319235740873,39.862395143845795,14096300,0.011407174067771907
2016-05-03,40.12839126586914,40.28799212853881,40.01439189219004,40.05999048198239,12837300,-0.0018923247989849818
2016-05-04,40.249996185302734,40.32599867421971,39.90039343388019,40.01439571765639,11003200,0.0030258136812568483
2016-05-05,40.25759506225586,40.47799501667161,40.1283922897517,40.15879328318778,10555900,0.00018877417291806944
2016-05-06,40.46280288696289,40.46280288696289,40.06759861648421,40.19679850724907,8435400,0.005084421583519888
2016-05-09,40.683204650878906,40.79720694705747,40.39440385917117,40.48560395659472,9845100,0.00543224029361104
2016-05-10,41.08600234985352,41.08600234985352,40.766797724464666,40.81239921357686,8567400,0.00985214292432197
2016-05-11,40.75920486450195,41.070807837506926,40.74400436591651,41.02520634175059,6462100,-0.007985787639989672
2016-05-12,40.9796028137207,41.06320410219534,40.766801642475095,40.850402930949734,11906400,0.005392750141793997
2016-05-13,40.46280288696289,40.941605551890106,40.39440209208776,40.88080645600038,10657700,-0.012691345719737316
2016-05-16,40.7212028503418,40.8124029376899,40.35639670255236,40.386797698067895,8139300,0.006365806506769388
2016-05-17,39.92317962646485,40.69838736377065,39.816779076104794,40.569187523818464,19898200,-0.019791813119769963
2016-05-18,39.45957946777344,39.82438554010971,39.30758032003088,39.702784482396915,20120200,-0.011680254872797747
2016-05-19,39.84718704223633,39.86238753769314,39.48238384886708,39.58118561973731,13237300,0.00977497073307287
2016-05-20,39.64198684692383,39.97638906746999,39.59638535808645,39.95358977265041,7050800,-0.005162983613927135
2016-05-23,39.67998504638672,39.78638561687448,39.60398546723778,39.710386037725534,8546700,0.0009580750821617819
2016-05-24,40.01439666748047,40.10559675714715,39.75599399742606,39.77119449557027,11258200,0.008392400485046716
2016-05-25,40.075191497802734,40.242394060404045,39.99919191436483,40.09039199432997,9767300,0.0015181709231337466
2016-05-26,40.234806060791016,40.32600907100519,40.120806646822174,40.120806646822174,7957000,0.003974966455097005
2016-05-27,40.280391693115234,40.348792474222414,40.15119182835619,40.280391693115234,7873000,0.0011323486364507394
2016-05-31,40.02198791503906,40.4019915993441,39.9307878425813,40.34119251743827,8766400,-0.006435791099775951
2016-06-01,40.432403564453125,40.432403564453125,40.05239977700375,40.05239977700375,10175800,0.010202530947791891
2016-06-02,40.44758987426758,40.44758987426758,40.21198656499037,40.34878811241613,6309800,0.0003755269838004053
2016-06-03,40.70600891113281,40.721209411339686,40.36400490447563,40.52360580784932,13362500,0.006368661752171156
2016-06-06,40.75160217285156,40.85800276115897,40.55400149445189,40.77440436977357,10778100,0.0011194353940224102
2016-06-07,40.70600891113281,40.865609814506506,40.63760810980138,40.7820085129682,5572800,-0.0011194353940223694
2016-06-08,40.94921112060547,40.96441162081403,40.61480591441499,40.69840721596261,6024500,0.005956825014294385
2016-06-09,41.10881423950195,41.131613541444054,40.8656120214558,40.873210822370126,5946800,0.0038900112318825744
2016-06-10,41.13920593261719,41.20760672216495,40.8580010760328,40.90360256879746,10563900,0.0007390255579370276
2016-06-13,40.79719161987305,41.2075962528915,40.79719161987305,41.13919548072175,9091800,-0.008348336254479045
2016-06-14,40.95680236816406,40.972002865569465,40.53879883671001,40.78200099679958,9530900,0.003904664305578608
2016-06-15,40.835208892822266,41.06321059796698,40.78200859159513,40.94921119499411,9347600,-0.002973238169413125
2016-06-16,41.04800033569336,41.0708025302243,40.645197322425695,40.70599930891047,12205700,0.005197449486788734
2016-06-17,40.8820915222168,41.050297130626234,40.61448678539631,40.98913225028856,10077500,-0.004050014750196936
2016-06-20,41.012062072753906,41.27201933452396,40.958541717387185,41.142042161959246,6497500,0.0031741132657881616
2016-06-21,41.11909484863281,41.226135538710345,41.05028255977725,41.06557450359404,6879100,0.0026063881353364437
2016-06-22,41.14204406738281,41.28731319344315,41.09616822495498,41.17262504569394,5408300,0.000557960165584545
2016-06-23,41.39435577392578,41.39435577392578,41.18791884866181,41.30260700157764,5642500,0.006113968939559285
2016-06-24,40.59919738769531,41.119112028125656,40.43099176871463,40.63742872153032,23775900,-0.019396239937499216
2016-06-27,40.51508712768555,40.60683589210417,40.25512986463223,40.53802358963004,19305900,-0.002073871221533744
2016-06-28,40.76739501953125,40.85914377958503,40.40039706267564,40.85914377958503,11868600,0.006208193833258739
2016-06-29,41.24143600463867,41.26437538342408,40.85150156497463,40.98147873931576,10821000,0.011560858969544474
2016-06-30,42.16658401489258,42.16658401489258,41.2873159348097,41.29496045073486,20984800,0.02218458015884556
2016-07-01,41.96778869628906,42.25832986423143,41.95249674885623,42.24303791679859,14933900,-0.004725671141409982
2016-07-05,42.20481491088867,42.47241673362799,41.914273705742325,41.914273705742325,19917100,0.005631923712765113
2016-07-06,42.24303436279297,42.31184666213102,41.983077111587086,42.19715852435411,19540000,0.0009051611104959293
2016-07-07,42.15894317626953,42.42654794176084,42.07483890473345,42.35008818734558,15618100,-0.0019926361158749263
2016-07-08,42.57945251464844,42.61768384200366,42.18951805873594,42.31949523849318,10227500,0.009924964634930837
2016-07-11,42.58710861206055,42.71708581826451,42.373024218546114,42.58710861206055,8213900,0.00017979116055513502
2016-07-12,42.35773086547851,42.57945683678542,42.34243891631233,42.51829195676178,15270800,-0.005400641298821684
2016-07-13,42.594749450683594,42.64826981527992,42.32714762770197,42.411251891107945,9398800,0.0055800419087006494
2016-07-14,42.58710861206055,42.83177399038443,42.51064885843347,42.57181666133513,15486400,-0.0001794006098789507
2016-07-15,42.58710861206055,42.78589813820818,42.50300434139145,42.61769251351137,10722200,0.0
2016-07-18,42.541229248046875,42.61768899536209,42.47241693378375,42.587105096436005,9656800,-0.0010778870963300028
2016-07-19,42.5106315612793,42.5106315612793,42.304197602085566,42.418882810899845,5295600,-0.0007195066115292216
2016-07-20,42.35773086547851,42.55652037135669,42.33479148340871,42.5030000075956,6073200,-0.00360324759096245
2016-07-21,42.23540496826172,42.31950632721373,42.07484093456423,42.29656985810332,6682400,-0.002892101853770524
2016-07-22,42.43418502807617,42.45712149206356,42.26597651445961,42.31949687485745,10602400,0.0046954384693239665
2016-07-25,42.38831329345703,42.42654462599747,42.19716829731955,42.39596072662159,4033400,-0.001081593680892466
2016-07-26,42.059547424316406,42.46477683564655,42.02896643884963,42.33479671000739,11737800,-0.007786284396802343
2016-07-27,41.43259048461914,42.0060255030904,41.31790523090969,42.0060255030904,21562400,-0.015018629059339539
2016-07-28,41.616085052490234,41.692541877417845,41.31025191949796,41.67724992910414,10873800,0.00441897153158736
2016-07-29,41.8225212097168,41.88368608520452,41.585500390179824,41.6696046460362,9262200,0.0049482269105158554
2016-08-01,41.86840057373047,41.952504842516454,41.66961105203377,41.79194373845666,14918200,0.001096400126367883
2016-08-02,41.80723571777344,41.967796821944354,41.63138266320892,41.88369255310017,11733500,-0.0014619516399715774
2016-08-03,41.57786178588867,41.87604752330844,41.46317361766202,41.87604752330844,13290800,-0.00550157083927819
2016-08-04,41.66959762573242,41.83780610910617,41.53962046431843,41.64666116586886,8943200,0.0022039321710146074
2016-08-05,41.73841857910156,41.95250002660595,41.654314319970275,41.83781478686044,12028500,0.0016502243337889932
2016-08-08,41.69253921508789,41.94485197119091,41.562562037682625,41.91426807651647,8057700,-0.001099816419499224
2016-08-09,41.8225212097168,41.975437773397395,41.69254110976399,41.69254110976399,7840900,0.003112782267577407
2016-08-10,41.97543716430664,42.05953850230179,41.89133290967067,41.937205836460606,7303600,0.003649638422984281
2016-08-11,41.97543716430664,42.1895186003685,41.96014521649639,42.1895186003685,8083000,0.0
2016-08-12,42.12070846557617,42.166584311372596,42.02131225800441,42.05189615520202,8783800,0.003454889512024671
2016-08-15,42.0136604309082,42.24303378669338,42.0136604309082,42.17422148829378,8568200,-0.002544693538146266
2016-08-16,41.830169677734375,41.96014978996835,41.82252516131644,41.95250235690928,6712100,-0.004376971945989964
2016-08-17,41.94485092163086,42.00601579280851,41.66195719457281,41.81487083083728,12552000,0.0027378403421769214
2016-08-18,42.090118408203125,42.13599424728531,42.01366159304003,42.01366159304003,6683700,0.0034573138404041235
2016-08-19,41.990726470947266,42.04424974695468,41.906625132400386,42.03660231467897,5846500,-0.0023642004000835122
2016-08-22,42.05189514160156,42.09777098629222,41.914270524170504,41.99072734868069,9938600,0.001455658576129857
2016-08-23,41.96778869628906,42.15128914884233,41.95249674885623,42.07482941167816,5687400,-0.002002065934173395
2016-08-24,41.89897537231445,42.03659997922264,41.73076978792498,41.95249572870756,7793500,-0.0016410157272978764
2016-08-25,41.73841857910156,41.92191904599173,41.654314319970275,41.92191904599173,7359700,-0.00383935899610724
2016-08-26,41.52433013916016,41.944848447362965,41.40964200208644,41.77663995742565,13499700,-0.005142489649640849
2016-08-29,41.769004821777344,41.769004821777344,41.562567878674386,41.6007962940695,8202800,0.005875029172425614
2016-08-30,41.52433013916016,41.7537034966671,41.46316235495005,41.69253571245699,7950900,-0.005875029172425627
2016-08-31,41.57786178588867,41.62373471986631,41.43258971724941,41.48611008465084,8154900,0.0012883331448372733
2016-09-01,41.59315872192383,41.631387143701446,41.37142979231536,41.40965821409298,16677600,0.0003678429364997653
2016-09-02,41.91427230834961,42.01366851775661,41.71548280617664,41.74606378729793,10966300,0.007690696868523231
2016-09-06,42.00601959228515,42.021311540622904,41.71548132379073,41.92191825138893,9273300,0.0021865348275318386
2016-09-07,41.63901901245117,42.00601699998593,41.55491476010432,41.92956017965646,13418500,-0.008775246948890168
2016-09-08,41.40965270996094,41.60079771008384,41.33319587656827,41.47846502667083,13344400,-0.005523673790689813
2016-09-09,40.28571319580078,41.12675282148028,40.28571319580078,41.05029308279625,24921600,-0.02751711607156632
2016-09-12,41.04264068603515,41.10380554859639,40.239832542177304,40.239832542177304,23542700,0.018614648165941456
2016-09-13,40.53802108764648,40.87443514751193,40.453916843520005,40.82856222645419,21780500,-0.012371216983968196
2016-09-14,40.41569519042969,40.70623637778593,40.301007035340376,40.56096432578734,19396200,-0.003022121675032751
2016-09-15,40.74446105957031,40.790333984092634,40.2857113978624,40.32394272381856,10119900,0.008101701194572831
2016-09-16,40.61214447021485,40.73523476772612,40.37365573485366,40.69676960001088,14475100,-0.0032527587688247614
2016-09-19,40.52752304077149,40.76601179790781,40.52752304077149,40.61984003865788,9579400,-0.0020858222055637533
2016-09-20,40.635223388671875,40.78908699576966,40.62753152893388,40.719848519310865,9705900,0.002653937079582653
2016-09-21,40.85832595825195,40.958337744260824,40.42750844019429,40.64291866657524,24882700,0.005475356730528701
2016-09-22,41.21989822387695,41.29682854834412,41.00448803290211,41.00448803290211,17316000,0.008810487998160529
2016-09-23,41.03527069091797,41.23529134095131,41.01988403557626,41.22759948063267,12930800,-0.00448914871740937
2016-09-26,40.68907165527344,40.94294702500512,40.65060649053638,40.92756037216951,12797200,-0.008472410951272226
2016-09-27,40.85832595825195,40.9737214639198,40.66599718076797,40.689075694960685,12608700,0.004151071670520952
2016-09-28,40.92756652832031,41.01988352451597,40.74292960122461,40.94295318347032,9757500,0.0016932158959405122
2016-09-29,40.52752304077149,40.927567277885096,40.49674972990787,40.904485827385166,15094000,-0.009822509706051736
2016-09-30,40.93524932861328,41.07372625961077,40.71984207359663,40.71984207359663,17343100,0.010010209096430588
2016-10-03,40.67368698120117,40.89678905611549,40.59675664798442,40.86601574894715,11454200,-0.006410161800305398
2016-10-04,40.32749557495117,40.6736879520985,40.250565239898066,40.642917578899755,13346600,-0.008547863209483841
2016-10-05,40.28902816772461,40.46597027627374,40.18901932465598,40.396731804693296,15203800,-0.0009543306597752789
2016-10-06,40.3659553527832,40.46596418078727,40.0736148574013,40.13515852581122,15413300,0.0019075624351439916
2016-10-07,40.25826644897461,40.46597897365573,39.973617707573034,40.38135676549528,11403000,-0.002671380025591094
2016-10-10,40.25826644897461,40.496752286462055,40.181333166958794,40.35058345268896,8661700,0.0
2016-10-11,40.0505485534668,40.25826400021801,39.90437679388013,40.22749068928351,19642600,-0.00517299025540909
2016-10-12,40.27365493774414,40.37366674885048,40.042860933787566,40.11979422490975,7145400,0.005555161416654166
2016-10-13,40.281341552734375,40.39673706392239,39.95053580486085,39.99669577015869,19180700,0.00019084142135060282
2016-10-14,40.28902816772461,40.48135692936984,40.22748449004422,40.29672296162466,10659100,0.00019080500785159394
2016-10-17,40.09670639038086,40.35827366916799,40.07362787406875,40.304421841303395,8465000,-0.004784981946153184
2016-10-18,40.21978759765625,40.45058444735178,40.212095738861535,40.28133420682942,7844900,0.003064907281492057
2016-10-19,39.98899459838867,40.21209665969453,39.92745092251004,40.142858190141126,9032000,-0.00575482210047527
2016-10-20,39.96591567993164,40.1043926176288,39.865903906105046,39.96591567993164,12176300,-0.0005772983552270007
2016-10-21,40.18132781982422,40.23517964271664,40.01207755661705,40.10439748275055,14028200,0.00537542276399109
2016-10-24,40.44289779663086,40.53521479427388,40.22749049056234,40.22749049056234,7609500,0.006488642651382329
2016-10-25,40.58905792236328,40.68906969362114,40.55828755287947,40.6121393678559,9414600,0.003607472704921276
2016-10-26,40.535213470458984,40.69677187943858,40.47366978560837,40.619838604994875,12417600,-0.0013274562319421875
2016-10-27,40.35056686401367,40.68137250392133,40.296715056094136,40.51981414545931,17905700,-0.0045656214584728
2016-10-28,40.51982498168945,40.658301934716455,40.25056587008373,40.31980434659723,12751000,0.004185916772662178
2016-10-31,40.61983108520508,40.71984285611492,40.519819314295226,40.55059261837577,8579100,0.0024650376647644004
2016-11-01,40.44289779663086,40.689078413481866,40.31211562786196,40.61983993157349,11342100,-0.004365349451933075
2016-11-02,40.34288024902344,40.57367711226444,40.31210987733479,40.34288024902344,9703300,-0.0024761189686854203
2016-11-03,40.06592559814453,40.47366159875569,40.012070849575295,40.46596680551562,15641600,-0.006888691933154182
2016-11-04,39.704345703125,40.06592467477773,39.67357240028143,40.00437806909059,11992400,-0.0090655921181379
2016-11-07,40.3736457824707,40.39672429047,40.01976163119869,40.042840139197985,11763000,0.016716594731638498
2016-11-08,40.54290771484375,40.66599801757825,40.0428517092137,40.081316878561175,13406800,0.004183623052037587
2016-11-09,39.98899459838867,40.11977967852463,39.44278163563618,39.71204072017504,34557200,-0.013756581823845027
2016-11-10,38.91965866088867,40.00439304728256,38.84272830967966,40.00439304728256,52820800,-0.02710479421293269
2016-11-11,38.88118362426758,39.01196577509499,38.6273082471969,38.81194515185776,20828100,-0.0009890648642746282
2016-11-14,38.81194686889648,38.91195865229163,38.66577512361799,38.881185344369406,20591800,-0.001782313912696912
2016-11-15,39.05043411254883,39.11198073066917,38.827334958623304,38.88887864203936,23028700,0.006125884835381963
2016-11-16,39.0581169128418,39.22736712599354,38.99657031362175,39.0581169128418,16034200,0.00019672110714865775
2016-11-17,38.9888916015625,39.06582194182201,38.81194947120215,39.027356771692254,15626700,-0.0017739393411870814
2016-11-18,38.85042190551758,39.01967220737986,38.79657007032593,38.98889889164037,14786100,-0.0035578382149323903
2016-11-21,39.111968994140625,39.12735564405356,38.72731155042748,38.85040181502755,18968700,0.006709595917026208
2016-11-22,39.31199264526367,39.38892590083955,39.204289022161056,39.22737046618564,11991800,0.005101096161916099
2016-11-23,39.096588134765625,39.28891688510773,39.04273631944614,39.15813474353293,14783600,-0.005494425488985693
2016-11-25,39.40432357788086,39.41201543823893,39.18122147633889,39.18122147633889,10823500,0.007840342559072795
2016-11-28,39.48893737792969,39.558172905387934,39.30430050059688,39.39661747191148,15116500,0.0021450205370356972
2016-11-29,39.54278945922851,39.58894647784934,39.404312533958795,39.49662950590407,7915400,0.001362796734641798
2016-11-30,38.911956787109375,39.45816977037829,38.90426199314557,39.342771338553455,16837600,-0.016081787219837707
2016-12-01,38.65806579589844,38.80423454042473,38.450350463338225,38.76576939025495,33621100,-0.006546134431782795
2016-12-02,38.90425109863281,38.9350243964624,38.73500089527329,38.75808233599708,21587200,0.006348086012022627
2016-12-05,38.95042037963867,39.011964055343256,38.8350219524747,38.91195521548532,21223400,0.0011860376658549942
2016-12-06,39.06581115722656,39.06581115722656,38.91195051918267,38.93502902794854,16546300,0.0029581244686824226
2016-12-07,39.62742233276367,39.658195643284955,39.042744106381406,39.050435966659514,11756500,0.014273672225989992
2016-12-08,39.46586227416992,39.6581910405496,39.396623800885074,39.47355706825939,17006400,-0.00408530974775953
2016-12-09,40.0351448059082,40.04283666300574,39.488931976183906,39.488931976183906,14415900,0.014321636493452894
2016-12-12,40.196720123291016,40.23518529723362,39.93515283189481,39.93515283189481,9935900,0.004027714822652699
2016-12-13,40.38134002685547,40.47365699230312,40.181316511231564,40.273633476679215,10452400,0.004582394420505888
2016-12-14,39.94282913208008,40.53520197107748,39.83512551311755,40.404419843681126,25363200,-0.010918637711206346
2016-12-15,40.112091064453125,40.24287616473762,39.819750488556345,39.942840793980615,16154500,0.004228651635122368
2016-12-16,40.341514587402344,40.36476819164856,40.15550349299083,40.24075685325017,15871100,0.005703265701174968
2016-12-19,40.41901779174805,40.48102049839899,40.27950800604248,40.3880149601262,7523200,0.001919334255359236
2016-12-20,40.341514587402344,40.4345201346081,40.15550349299083,40.4345201346081,15316900,-0.0019193342553593023
2016-12-21,40.333744049072266,40.52750722806674,40.3027412308512,40.3027412308512,6553100,-0.0001926374575164578
2016-12-22,40.2717399597168,40.35699623480422,40.20198509433541,40.28724136942284,6537200,-0.0015384586383294908
2016-12-23,40.34925842285156,40.38025829444176,40.24850070955424,40.24850070955424,6484300,0.0019230346579418606
2016-12-27,40.341514587402344,40.41902167390134,40.271759687849766,40.318263939749166,13378500,-0.00019193856209580838
2016-12-28,40.09348678588867,40.33375425299937,40.09348678588867,40.31050065515496,8643600,-0.006167180540934116
2016-12-29,40.27949523925781,40.32599651535902,40.09348126507753,40.116731903128134,10299400,0.004628639644169015
2016-12-30,40.07797622680664,40.364747867570806,39.9927199528817,40.28724082009743,8049900,-0.0050155743137557645
2017-01-03,40.22523880004883,40.27949225587639,39.99272061039745,40.10897970522314,21730000,0.0036676673099973385
2017-01-04,40.22523880004883,40.41900198703058,40.21748661687827,40.27949225587639,9144600,0.0
2017-01-05,40.35700607299805,40.411259541899256,40.070237315007056,40.21749630822571,12312500,0.003270382715169985
2017-01-06,40.3957633972168,40.41901699877335,40.132245246786525,40.27950721580481,9092400,0.0009599008789164512
2017-01-09,40.07023239135742,40.27174482871635,40.031480340702856,40.24074200555592,6903200,-0.008091188796903204
2017-01-10,39.86872482299805,40.09349090014125,39.80672212109899,40.031488198242194,10344300,-0.0050415467550302675
2017-01-11,39.94622039794922,40.00822308200136,39.798958479716,39.798958479716,12087500,0.0019418819141959025
2017-01-12,39.907474517822266,40.00048003656863,39.86871950813516,39.93072515836082,13257600,-0.000970421799729268
2017-01-13,39.93073272705078,40.00823684793129,39.82997500463197,39.90748208210517,6517700,0.0005826335707945953
2017-01-17,40.49652099609375,40.51977164098663,39.9229804504636,39.96173546740865,19030100,0.014069797895703121
2017-01-18,40.63602828979492,40.65152970430499,40.457766457817925,40.457766457817925,11652100,0.0034390003129915994
2017-01-19,40.48876190185547,40.58951664290489,40.39575343175943,40.58951664290489,17283400,-0.0036306177028277878
2017-01-20,40.75228118896485,40.8995401694046,40.543016559966,40.68252631263189,11015600,0.006487366515433397
2017-01-23,40.736778259277344,40.77553030988714,40.605017739293714,40.75227967083965,16203800,-0.0003804910740045125
2017-01-24,41.008052825927734,41.04680488339415,40.75228688137541,40.76778533908801,10242500,0.006637130663457175
2017-01-25,41.00030517578125,41.15531341161548,40.99255299003399,41.10105993775498,8816800,-0.00018894781844975842
2017-01-26,40.82203674316406,41.023552162330326,40.82203674316406,41.01579997727422,9985400,-0.0043574581344903865
2017-01-27,40.5972900390625,40.82980542260758,40.48878305718103,40.72129844072611,16358700,-0.005520735280243247
2017-01-30,40.56627655029297,40.62053002699142,40.45001741074329,40.4810202421689,9951700,-0.0007642219676189218
2017-01-31,40.76002502441406,40.76002502441406,40.49650696608401,40.56626183318878,12061300,0.004764727693733159
2017-02-01,40.442264556884766,40.69028127287777,40.43451237142672,40.56627291488127,18479800,-0.007826431770553373
2017-02-02,40.81428146362305,40.97704184656276,40.628267485554886,40.628267485554886,18747500,0.00915666550579453
2017-02-03,41.07779693603515,41.194056034528536,40.91503656341778,41.02354347849603,17954700,0.006435698961111875
2017-02-06,40.8530387878418,41.062303431464294,40.8530387878418,41.05455420314891,19067900,-0.005486547525529484
2017-02-07,41.186302185058594,41.26380923311612,40.93053631794768,40.93053631794768,8364400,0.008124522367675746
2017-02-08,41.35683059692383,41.434334718117086,41.170816566830226,41.23282222905899,8559200,0.004131867757560527
2017-02-09,41.5273323059082,41.59708422270886,41.24056062829872,41.310315501691306,8840900,0.004114222633547322
2017-02-10,41.55833435058594,41.61258781533589,41.403323184189446,41.55058512273255,9354200,0.000746267012448693
2017-02-13,41.55833435058594,41.67459346453133,41.44207819323263,41.620339999781365,14059100,0.0
2017-02-14,41.56608200073242,41.64358609717998,41.31031316059033,41.457575083069145,10483300,0.0001864109369783955
2017-02-15,41.94586944580078,41.9768722767974,41.57384434361943,41.659100650563786,12675900,0.00909546613928327
2017-02-16,42.00011444091797,42.01561585328617,41.70559647569841,41.8993596954128,11377300,0.0012923787453747696
2017-02-17,42.20938491821289,42.25588916175747,41.798607781642886,41.87611189762468,15581800,0.00497024468008706
2017-02-21,42.58914566040039,42.69765256331796,42.286875586103925,42.33337685501639,16500000,0.008956836361409074
2017-02-22,42.59690475463867,42.651158218666176,42.488397826583665,42.55040347495341,8099000,0.00018216818885088702
2017-02-23,42.69765853881836,42.86817109960411,42.5969008477548,42.62790366909616,9790300,0.0023624912808337573
2017-02-24,42.84492492675781,42.8604263401136,42.62016182457961,42.6511616946989,7762200,0.0034431163395063306
2017-02-27,42.65115737915039,42.77516571685694,42.55815186501848,42.77516571685694,12707400,-0.004532789670508565
2017-02-28,42.70542907714844,42.79843758758658,42.53491938786501,42.58142068649083,17735500,0.0012716465726832432
2017-03-01,42.906925201416016,42.999930713299385,42.66665775940941,42.72866340505959,16716100,0.004707182696253519
2017-03-02,42.899173736572266,42.99218220660674,42.77516539978493,42.86042168568722,9988500,-0.00018067398380245363
2017-03-03,42.73642349243164,42.806178383217905,42.550412421396715,42.76742632313502,10083200,-0.003800999709296328
2017-03-06,42.55039978027344,42.6124024666674,42.48064491021036,42.58915182884363,6686600,-0.004362315303097115
2017-03-07,42.49614715576172,42.58140048165418,42.43414151155791,42.441890738787464,7846500,-0.0012758338539406117
2017-03-08,42.40314102172851,42.47289589699856,42.34888755836204,42.38763960982495,10788000,-0.002190976467179554
2017-03-09,42.472896575927734,42.5426514523128,42.38764028739131,42.38764028739131,7025300,0.0016437046751675624
2017-03-10,42.66666030883789,42.72091377372762,42.55040415118509,42.6511588964991,6530200,0.0045516813695003185
2017-03-13,42.69765853881836,42.75191199786986,42.573650210044654,42.62790366909616,10658000,0.0007262573347135603
2017-03-14,42.57365798950195,42.73641839639758,42.55040734754324,42.64341287197041,7890800,-0.002908378614790488
2017-03-15,42.89141845703125,43.01542677632094,42.6279004089667,42.6279004089667,14102900,0.007436064997663642
2017-03-16,42.95342254638672,42.95342254638672,42.80616358633794,42.89916908970603,8727200,0.0014445620590129442
2017-03-17,42.836570739746094,43.13264099749487,42.836570739746094,42.984604382547815,16469400,-0.0027241377327835692
2017-03-20,42.92226028442383,42.976799131996046,42.84434849421903,42.87551142701438,6559200,0.001998384823380988
2017-03-21,42.88330078125,43.06250026135916,42.82876193826652,42.93783962423348,13135500,-0.0009080881324522841
2017-03-22,42.79759979248047,43.015755183562845,42.69631208713039,42.94563338326576,7094700,-0.0020004695743409437
2017-03-23,42.704105377197266,42.91447077970298,42.63398357636203,42.75864422538642,7474700,-0.0021869611222702654
2017-03-24,42.61839294433594,42.76642650958323,42.478149367935856,42.70409768237418,8343300,-0.0020091409271888088
2017-03-27,42.5794563293457,42.63399519239448,42.392463818789096,42.46258563872968,5739500,-0.0009140281834098923
2017-03-28,42.65736770629883,42.76644543128313,42.42362929959744,42.42362929959744,8810200,0.001828115947138394
2017-03-29,42.73527145385742,42.789810306058335,42.58723785104704,42.61840375863171,5558200,0.001824601509865257
2017-03-30,42.649566650390625,42.774227299769805,42.61060778259237,42.69631253631761,5399100,-0.0020074953388083544
2017-03-31,42.5249137878418,42.70411331837897,42.5249137878418,42.5950326295719,4762300,-0.0029270023345672773
2017-04-03,42.45478439331055,42.63398389185015,42.384662591956406,42.587235033565946,10666600,-0.0016504979884010664
2017-04-04,42.5794563293457,42.58724632171904,42.4080467756809,42.48595858799484,5284000,0.0029322782047732318
2017-04-05,42.50154113769531,42.77423842247171,42.447002275169055,42.5872459137066,7268100,-0.001831553831081863
2017-04-06,42.50154113769531,42.6729506897179,42.47037522421028,42.54049704347906,5061000,0.0
2017-04-07,42.61839294433594,42.73526060990682,42.52489821745048,42.54047819514491,7629900,0.002745582014491762
2017-04-10,42.74306106567383,42.81318286616937,42.55606860697096,42.63398336982395,5260600,0.002920948604312154
2017-04-11,42.758644104003906,42.79759999943638,42.610607540358465,42.750851141630825,6325100,0.00036450825095683803
2017-04-12,42.92226028442383,42.94563322705641,42.70410489413496,42.72747783676755,7377400,0.003819202900983351
2017-04-13,42.72747802734375,42.93005046606633,42.711895074804424,42.89109457079017,6719100,-0.004548352317612095
2017-04-17,43.03133773803711,43.03133773803711,42.78980643432707,42.797599396590385,10585800,0.0070864080750618124
2017-04-18,43.22611618041992,43.35077681578672,42.89888312713605,42.976794909686305,11085500,0.004516218937532014
2017-04-19,43.0625114440918,43.31183278308843,43.00017962327024,43.28066687267765,7254600,-0.0037920392728239406
2017-04-20,42.976810455322266,43.046932273839666,42.82877682607224,42.91448160116517,9738200,-0.0019921360424599638
2017-04-21,42.852142333984375,42.98459298366003,42.828769389252095,42.95343004806517,8435700,-0.0029050385670988397
2017-04-24,43.241703033447266,43.31182483292781,42.97679878787011,42.97679878787011,9831700,0.009049737678122723
2017-04-25,43.413116455078125,43.475445297939125,43.24949692676088,43.26507988051226,7292900,0.003956240315783355
2017-04-26,43.0625114440918,43.42870346105644,43.03913849735612,43.42870346105644,7930800,-0.008108803384347335
2017-04-27,43.00796127319336,43.14820486100433,42.937839479287874,43.124828948273155,5861400,-0.0012675700848439589
2017-04-28,42.99238967895508,43.00797263417758,42.76644128644599,42.883311964542365,7034800,-0.0003621286247334351
2017-05-01,42.82877349853515,43.054718920963225,42.78981462405064,43.054718920963225,8353900,-0.003812961106380431
2017-05-02,42.54049301147461,42.820980261965026,42.50153710938312,42.735275494076866,7672100,-0.006753755645990753
2017-05-03,42.5794563293457,42.64957814928629,42.44700268183787,42.5794563293457,10973800,0.0009154921001287061
2017-05-04,42.90667343139648,43.1326217634519,42.64956216937867,42.68851806093968,11587700,0.007655480510095306
2017-05-05,43.023563385009766,43.070309287002544,42.89110972769109,43.023563385009766,8539500,0.002720579624615585
2017-05-08,43.00796127319336,43.05470715436767,42.92225652818176,43.05470715436767,5323400,-0.000362706857734779
2017-05-09,42.852142333984375,43.07029774387113,42.78202052764298,42.99238594666715,7256900,-0.003629604524714809
2017-05-10,42.88330078125,42.93783962423348,42.82096897661515,42.87550781959863,5232300,0.0007268510549489002
2017-05-11,42.94564437866211,42.94564437866211,42.75865484475769,42.828776663008114,5058900,0.0014527408733826296
2017-05-12,42.82097625732422,42.93784692481369,42.79760331268414,42.90668101719722,5478800,-0.0029071498495884395
2017-05-15,42.96123504638672,43.00798392432641,42.79761843181618,42.79761843181618,7303700,0.003270116540966796
2017-05-16,42.92226028442383,43.155998627182505,42.891094379484194,43.09366978944752,4797100,-0.0009076194323087071
2017-05-17,42.85992813110352,43.0079646923084,42.74306044673279,42.852138141003174,14021700,-0.0014532658921857283
2017-05-18,42.89110565185547,42.99239338345694,42.75086201491345,42.87552269529024,7906600,0.0007271637611894705
2017-05-19,43.12483596801758,43.20275073623089,42.84435171888319,42.90668056130933,6277600,0.005434594728032604
2017-05-22,43.366363525390625,43.428695334548465,43.12483222312035,43.1326251853372,7101800,0.005585034930961673
2017-05-23,43.413116455078125,43.61568890955704,43.38974053837879,43.42869940882951,7518500,0.001077511278507013
2017-05-24,43.58451843261719,43.61568433685249,43.389735989362855,43.44427483570253,5136700,0.00394038756421833
2017-05-25,43.85722732543945,43.97409503925351,43.63127891772927,43.646861874000145,6036600,0.0062375190394430135
2017-05-26,44.02082443237305,44.028614420989534,43.880580860126734,43.88837382088691,4207600,0.003723279992083434
2017-05-30,44.005252838134766,44.044208735556786,43.8572192390733,43.92734104329072,4250900,-0.0003537950317348619
2017-05-31,44.129913330078125,44.25457398465456,44.044208572779745,44.044208572779745,9780100,0.0028288498336125514
2017-06-01,44.48831558227539,44.48831558227539,44.04421178222655,44.18445540036246,23243900,0.008088724198313711
2017-06-02,44.62077713012695,44.63636008736879,44.3948287083381,44.60519417288512,17247900,0.002973021975355165
2017-06-05,44.66752624511719,44.69089919503464,44.43378485736184,44.566238508566215,17359600,0.0010471499064228316
2017-06-06,44.55844497680664,44.66752567670547,44.47274317081817,44.62856679781188,14846500,-0.0024450576700964666
2017-06-07,44.542842864990234,44.60517466669941,44.44934813457037,44.464931084997666,10077700,-0.00035021069512644224
2017-06-08,44.20783615112305,44.52727932243438,44.08317547383435,44.51948635827228,10593400,-0.007549425169225528
2017-06-09,44.15328598022461,44.27794960611599,44.03641828916809,44.17666189615146,13410200,-0.0012347099383263772
2017-06-12,44.14550018310547,44.34807265013267,44.04421246351951,44.16887312910811,11442400,-0.00017635117033013283
2017-06-13,44.21562576293945,44.25458166698001,43.97409440245605,44.14550394680846,9520600,0.001587249908957602
2017-06-14,44.49611282348633,44.58960758718406,44.340286235893466,44.394825095729225,16040200,0.006323582418401839
2017-06-15,44.394813537597656,44.464935335151075,44.12211930941445,44.277945856438066,10361100,-0.00227918267672392
2017-06-16,43.92844772338867,44.02266339334902,43.53587893764804,44.00696028251193,26268000,-0.01056052826447845
2017-06-19,44.140438079833984,44.140438079833984,43.74001621526501,44.03051929193265,7883100,0.004814203426001214
2017-06-20,43.96769332885742,44.20323394410688,43.95984327287572,44.17968078110036,7231700,-0.003921203856123625
2017-06-21,43.84208679199219,44.06192437705739,43.79497745445144,43.96770869703837,12517800,-0.0028608800150200426
2017-06-22,43.55158996582031,43.80283379476349,43.53588685212853,43.77927762669446,7227600,-0.006648030083075542
2017-06-23,43.56727981567383,43.700751748825105,43.512317436954255,43.54372365477636,10146400,0.00036019406731280045
2017-06-26,43.74001693725586,43.881341951193875,43.66150437176247,43.70076065450916,6590500,0.003956996800884127
2017-06-27,43.36314010620117,43.77926198766507,43.35529004969086,43.65364011806871,10585500,-0.008653628541642712
2017-06-28,43.52017593383789,43.70860727422199,43.50447282296219,43.622244656998866,10734300,0.003614871204204273
2017-06-29,43.05694961547851,43.58299041275192,42.89992148365903,43.46522156018418,19058600,-0.010700996037920638
2017-06-30,43.13545608520508,43.3003372475884,43.1276060275021,43.221821695248224,11222600,0.001821656810672391
2017-07-03,43.09621047973633,43.34745431932356,43.08050736537928,43.16687299681166,5782600,-0.0009102365695060577
2017-07-05,43.06479263305664,43.1825644614308,43.01768629775658,43.08834879576868,15837000,-0.0007292823188474746
2017-07-06,42.8214111328125,43.049101785988725,42.81355807853048,42.915626818758206,7893700,-0.005667549409473423
2017-07-07,42.7978515625,42.94702963137191,42.68008271319643,42.86066401151184,9841500,-0.0005503334218365278
2017-07-10,42.4995002746582,42.83710969138304,42.44454088077856,42.83710969138304,9119200,-0.006995586572076063
2017-07-11,42.38173294067383,42.55446419412941,42.28751725472654,42.53876108062775,11256400,-0.002774875083454785
2017-07-12,42.61726760864258,42.76644566821899,42.58586438115585,42.64867383119153,8100800,0.005542071537504695
2017-07-13,42.625118255615234,42.719333922881376,42.58586197717619,42.672224591717274,10008200,0.00018419585316053303
2017-07-14,42.96271896362305,43.02552839742677,42.80569088652156,42.82139399373786,6341100,0.00788902885985663
2017-07-17,43.00983810424805,43.056947439932344,42.884216204152274,43.04124432803758,7902200,0.0010961438614819294
2017-07-18,43.00983810424805,43.08050061024331,42.87636614573607,42.97843487552087,5310800,0.0
2017-07-19,43.166873931884766,43.166873931884766,42.939183261369514,42.99414266527832,5592000,0.0036445113243444805
2017-07-20,43.17472076416016,43.30819272725534,43.056948918436504,43.13546148554397,9816700,0.00018176250565279744
2017-07-21,43.24538803100586,43.261088150104925,42.98629113992958,43.0255474278028,7738700,0.001635436094255602
2017-07-24,43.10405349731445,43.2532285563756,43.07264727591354,43.229675387855984,9302400,-0.0032735512217155487
2017-07-25,43.40241241455078,43.43381864231878,43.21398103806824,43.25323732524687,13799900,0.006897983801273027
2017-07-26,43.394561767578125,43.5044805682151,43.26108679890274,43.4102648812495,7594000,-0.0001808967897334587
2017-07-27,43.81853866577149,43.826388725400854,43.40241362390747,43.425969792921194,12859000,0.009722856683197821
2017-07-28,43.44951248168945,43.865634428072624,42.84495620398325,43.68505314954668,18412200,-0.008457353609557527
2017-07-31,43.433807373046875,43.53587608927891,43.331738656814835,43.339591709250655,7279300,-0.0003615218396324567
2017-08-01,43.3867073059082,43.59869484100171,43.363154133696455,43.48092598488038,19015300,-0.0010849986764865517
2017-08-02,43.35530471801758,43.42596723076401,43.15902029317333,43.30034531866619,17133700,-0.0007240456735968181
2017-08-03,43.316036224365234,43.57513304768393,43.26107683670285,43.347442444475746,17803400,-0.0009061471972702525
2017-08-04,43.198265075683594,43.43380572376106,43.13545263882995,43.29248073590222,17063700,-0.0027225838886691597
2017-08-07,43.52017593383789,43.551582155589294,43.206119706448185,43.206119706448185,16854000,0.007424310978377029
2017-08-08,43.35530471801758,43.535886029466766,43.33174855039368,43.41026411736895,9813200,-0.0037955798924376727
2017-08-09,43.425968170166016,43.45737140257282,43.27679008721724,43.32389942842149,7251800,0.00162854185964722
2017-08-10,43.24538803100586,43.449522524984296,43.229684916844015,43.31604755214,6662800,-0.004167014533395618
2017-08-11,43.27679443359375,43.45737576708548,43.166875621473835,43.166875621473835,4928400,0.0007259734572715875
2017-08-14,43.488765716552734,43.59083443033614,43.37099688839823,43.37099688839823,10657800,0.004886079322367735
2017-08-15,43.7086067199707,43.771419162677006,43.50447227129945,43.50447227129945,11059000,0.005042387472815942
2017-08-16,43.857784271240234,43.92059371816461,43.73216238232942,43.73216238232942,5682800,0.0034071906789143046
2017-08-17,43.45737075805664,43.91275206442253,43.45737075805664,43.70076452474144,6725600,-0.009171748477716332
2017-08-18,43.3395881652832,43.48876320368402,43.268925674448774,43.36314133054078,6810300,-0.0027139813774661064
2017-08-21,43.49663162231445,43.57514419761839,43.18257533097318,43.30819724849714,6829300,0.003617007479796044
2017-08-22,43.50447082519531,43.63009271137009,43.44166137963894,43.52017393534992,7129400,0.0001802092773895199
2017-08-23,43.378849029541016,43.50447091597793,43.331739698978915,43.45736158541583,5367100,-0.0028917376408568334
2017-08-24,42.78214263916016,43.45735835667852,42.74288336907756,43.339589531616134,11807100,-0.013851185296321745
2017-08-25,42.9234619140625,43.09619310729788,42.89990874955281,42.9470180736338,7359200,0.003297786736684842
2017-08-28,42.7978515625,42.93917657771422,42.672229659538736,42.88421718236007,6204700,-0.00293067001360459
2017-08-29,42.947021484375,42.98627776002933,42.70362778321924,42.74288405887356,6219500,0.00347939339261088
2017-08-30,42.93918228149414,43.01769785318847,42.86066970486263,42.868519764500654,6497100,-0.00018254859474283543
2017-08-31,42.954872131347656,43.033387678796345,42.90776579794033,42.97057524083739,10117300,0.0003653302928887879
2017-09-01,43.15901184082031,43.16686189844915,42.994130679994214,43.041240010953395,17904500,0.004741165592699705
2017-09-05,43.22182083129883,43.253227051607126,42.99413022665669,43.03338949957307,20215900,0.0014542346862052792
2017-09-06,43.40241241455078,43.44167169679215,43.190424869710874,43.300346666898875,17462000,0.004169545590621317
2017-09-07,43.46521759033203,43.528027040285686,43.32389258410852,43.43381136782409,16738100,0.0014459974727305165
2017-09-08,43.25322341918945,43.39454840364627,43.088345269010425,43.31603285946928,9158200,-0.004889262098868606
2017-09-11,43.52017593383789,43.58298538227854,43.323891540484865,43.33174159839164,9177800,0.006152884612766855
2017-09-12,43.61439514160156,43.622248195207455,43.49662629307479,43.52017946376766,7453400,0.0021626145242228207
2017-09-13,43.63795471191406,43.79497985553392,43.57514225841601,43.57514225841601,7972300,0.000540032925751945
2017-09-14,43.55158996582031,43.661508766600114,43.41026493765694,43.5672930795121,5817900,-0.001981080980733318
2017-09-15,43.62744140625,43.659041752760494,43.453625938061805,43.659041752760494,12497700,0.0017401308176080942
2017-09-18,43.69062805175781,43.76173407789829,43.56421767349264,43.6669270476647,8299400,0.0014472756195660975
2017-09-19,43.55632400512695,43.73803875913718,43.45361461760411,43.71433775196328,6207700,-0.003078712769848372
2017-09-20,43.13759231567383,43.49312253537933,42.924277197712435,43.437818169409795,11029200,-0.00966007681862259
2017-09-21,42.726768493652344,43.12180147300699,42.68726278462692,43.08229576398156,10398700,-0.00956920783113175
2017-09-22,42.600345611572266,42.79786205750246,42.56874527075839,42.79786205750246,11318200,-0.0029632544335861603
2017-09-25,42.90847396850586,42.94797665507571,42.63985148042431,42.67145182136312,9185400,0.00720696864108402
2017-09-26,43.01117706298828,43.074383767757894,42.8610656599528,42.95587270324565,17321400,0.0023906787833686324
2017-09-27,42.67935562133789,42.96377979651179,42.44233647998028,42.92427710859584,11657800,-0.00774468520179279
2017-09-28,42.67935562133789,42.797863685085744,42.584548567567225,42.624051255483174,7768200,0.0
2017-09-29,42.64775466918945,42.78206743230816,42.60825197904703,42.67935802684822,14502800,-0.0007407013664386356
2017-10-02,42.56874465942383,42.821565465474755,42.53714130520203,42.647750031116594,17850000,-0.00185433649652806
2017-10-03,42.61614608764648,42.69515447210855,42.50553736326129,42.639850109915955,20409200,0.0011129070589726816
2017-10-04,42.750450134277344,42.91636318709063,42.43442268846634,42.55293373411074,21389200,0.0031465271753282555
2017-10-05,42.940067291259766,43.05067901498335,42.829458581397496,42.89266528066811,19005000,0.004425634764960793
2017-10-06,42.51343536376953,42.797856477180055,42.458131007229035,42.72675345922347,7605500,-0.0099852073697234
2017-10-09,42.394927978515625,42.63194710048651,42.31592260914588,42.56874340776304,12580300,-0.002791420245075968
2017-10-10,42.766258239746094,42.876866958256514,42.52133678171477,42.56874180987419,10646500,0.008720700850751488
2017-10-11,42.85315704345703,42.97166506842964,42.74254533407732,42.74254533407732,10316300,0.002029886171540066
2017-10-12,43.03488540649414,43.074388094011894,42.78206458974631,42.821567277264066,8096300,0.004231756343465595
2017-10-13,43.11388397216797,43.22449268529299,43.08228062160042,43.20079167929802,8315600,0.001834003860686538
2017-10-16,43.12969207763672,43.15339308716525,43.05068670330037,43.066485367078165,4349600,0.00036659207258895454
2017-10-17,42.9716682434082,43.058575943125874,42.83735853574354,43.019073265216335,10375500,-0.0036706507555612717
2017-10-18,42.9163703918457,42.98747642839733,42.789959995071875,42.92427273694121,4668500,-0.0012876731168149954
2017-10-19,42.687255859375,42.758361904677635,42.54504376876972,42.718859215923274,8544500,-0.005352929299573229
2017-10-20,42.58454132080078,42.63194333268859,42.45022858810875,42.60824232674469,11702600,-0.002409110436248532
2017-10-23,42.55294418334961,42.76626230957496,42.49763981883139,42.55294418334961,7326400,-0.0007422615012594334
2017-10-24,42.40281677246094,42.57663215851382,42.34751242487337,42.521327810926245,10682300,-0.0035342527797764017
2017-10-25,42.2843132019043,42.46602793652749,42.031492439484104,42.39492190873048,12213400,-0.0027986223630123842
2017-10-26,42.31591796875,42.616140750521694,42.30801562436261,42.43442600980894,14583700,0.0007471556017903424
2017-10-27,41.952484130859375,42.26061226101877,41.86557944240856,42.20530489366101,10230400,-0.008625678954225757
2017-10-30,41.59695816040039,42.20530606575684,41.56535481070721,42.20530606575684,9299800,-0.008510604179112577
2017-10-31,41.94458770751953,42.03939474667536,41.731269609022846,41.80237564185507,10824900,0.008322363441023986
2017-11-01,42.07890701293945,42.189518766653954,41.94459726136502,42.0631083476995,7556300,0.0031971871744802833
2017-11-02,41.9761962890625,42.102606694975734,41.81818252820551,42.031500653283175,10661400,-0.002443891470308544
2017-11-03,41.98408889770508,42.118401627776855,41.93668688674202,41.99989057264654,5922400,0.00018800814333277236
2017-11-06,41.53375244140625,41.90508427441298,41.52585311072715,41.897181929872495,10731100,-0.010784302219132319
2017-11-07,41.99989318847656,41.99989318847656,41.42314557956822,41.55745530414373,9536300,0.01116066662971311
2017-11-08,42.4581413269043,42.4581413269043,42.07100772316458,42.12631209314709,12860400,0.010851605484038821
2017-11-09,42.45022964477539,42.59244171170152,42.23691154438619,42.268514895672325,10421300,-0.00018635811902319142
2017-11-10,42.88475799560547,42.92426368502883,42.3633148421432,42.38701885856941,7993600,0.010184148811632853
2017-11-13,43.12969207763672,43.303507517810885,42.8847705950151,42.90847461840548,7809300,0.005695199908036553
2017-11-14,43.27980041503906,43.311403768069745,42.95587358112868,43.01908028719003,8903200,0.0034743518118225377
2017-11-15,42.821563720703125,43.18499323786062,42.789960367769005,43.14549055362378,10724800,-0.010644222084634532
2017-11-16,43.414119720458984,43.54053013782679,43.15339653934046,43.208700908572496,11134200,0.013742926415629141
2017-11-17,43.26398849487305,43.41410287929525,43.17708381540761,43.295591840420975,7298900,-0.003464112884077811
2017-11-20,43.216583251953125,43.35879528240115,43.177080579908825,43.192879237638,6946900,-0.0010963213288370229
2017-11-21,43.35880661010742,43.54052136007363,43.24819789394203,43.29559990723492,10383900,0.003285540759793597
2017-11-22,43.30350112915039,43.39830816713928,43.16918839595984,43.35090314121414,10470400,-0.001276344697198831
2017-11-24,43.27189636230469,43.42200775202928,43.26399401797843,43.37460574151693,2331000,-0.0007301096885581302
2017-11-27,43.29560470581055,43.37461309315789,43.23240100979448,43.24820268726395,8108900,0.000547742369967512
2017-11-28,43.651123046875,43.651123046875,43.271891932293975,43.366698957473986,6985900,0.008177888498169267
2017-11-29,43.8802490234375,44.046162094547626,43.58002321819437,43.61952589981181,14739900,0.005235300086669498
2017-11-30,44.283180236816406,44.40169129295753,43.93555242672319,44.04616113839552,14098300,0.009140615835687062
2017-12-01,44.393795013427734,44.409596690662745,43.714340975492696,44.18837923709607,29328700,0.0024947813943983653
2017-12-04,44.812522888183594,44.85202556637376,44.30688137408264,44.701914183706656,22771300,0.00938792139201468
2017-12-05,44.74142837524414,44.978447519238635,44.62291729631592,44.81253441982868,22930400,-0.0015877474275981423
2017-12-06,45.025840759277344,45.025840759277344,44.733514311524445,44.733514311524445,16712200,0.0063366823666380565
2017-12-07,44.591312408447266,44.97054362858488,44.56761139902049,44.9468426191581,7557500,-0.00969751304929392
2017-12-08,44.70981216430664,44.70981216430664,44.401687064317954,44.59920346316825,8695500,0.002653938032238933
2017-12-11,44.7019157409668,44.72561674593433,44.45699430547768,44.66241004753923,6737800,-0.00017663059523327878
2017-12-12,44.70981216430664,44.88362755973044,44.5597007861704,44.725613837877994,6220100,0.0001766305952333592
2017-12-13,44.962646484375,45.065355886658054,44.67822230196776,44.74142901533025,11589000,0.005639077903565623
2017-12-14,44.76512908935547,45.02585225572804,44.75722975728141,45.02585225572804,9118200,-0.004402599146016004
2017-12-15,45.2729377746582,45.33661121257373,45.026195991614706,45.026195991614706,9090900,0.011279986062828727
2017-12-18,45.249046325683594,45.615179888624034,45.225169171935974,45.368438166942965,8799600,-0.0005278596081781931
2017-12-19,45.30475997924805,45.51170542469678,45.2968019403895,45.42415181595005,7889000,0.0012305095250610067
2017-12-20,45.22517776489258,45.38436590473121,44.954558838045266,45.34456962883686,13813800,-0.0017581418222081583
2017-12-21,45.19334030151367,45.38436667983475,45.14558598412936,45.31273216749701,5553100,-0.0007042244304709946
2017-12-22,45.26496887207031,45.336603375004835,45.209253484928006,45.25701083230464,4218600,0.001583681724358701
2017-12-26,45.36844253540039,45.463954195848174,45.201296370551546,45.233134602787786,8506300,0.0022833457701668227
2017-12-27,45.36048126220703,45.527627415141815,45.29680480227336,45.43211576150204,5992600,-0.00017549581501822512
2017-12-28,45.288856506347656,45.47987985472393,45.17742267748989,45.424164458425736,7291200,-0.0015802602098979122
2017-12-29,45.28089904785156,45.51967977053589,45.272941006142126,45.28886012582263,5085300,-0.00017571999544166967
2018-01-02,45.002315521240234,45.38436522941132,44.99435444442309,45.32864983673603,20146800,-0.006171344520824265
2018-01-03,44.98639678955078,45.14558492838547,44.94660051390741,45.07395041772292,17950400,-0.0003537939691929851
2018-01-04,45.113746643066406,45.32865017481444,44.9943547800082,45.10578556618988,15455100,0.0028268531762392843
2018-01-05,45.31273651123047,45.34457475004625,45.08191383420843,45.18538659222893,15555100,0.004401148478350416
2018-01-08,45.424163818359375,45.46396009568855,45.22517939545215,45.249056554597395,12891000,0.002456053992076386
2018-01-09,45.36048126220703,45.58334279945341,45.35252018658496,45.479870070191566,8357600,-0.0014029369513093458
2018-01-10,45.13761520385742,45.257007044175175,44.83516113790419,45.249045968815,9663500,-0.00492533031284381
2018-01-11,45.07394790649414,45.22517496001804,44.994352323380745,45.22517496001804,11500800,-0.0014115110245035147
2018-01-12,45.089866638183594,45.30476712010256,44.99435193926293,45.14558202775681,7308900,0.00035310688517871755
2018-01-16,45.29681015014648,45.45599828251413,45.153541134641706,45.17741829180547,13806700,0.004579079150040844
2018-01-17,45.814178466796875,45.98132466735897,45.40824850970427,45.44804479037216,12549700,0.011357002824895076
2018-01-18,45.67885971069336,45.885805193036305,45.59926716287597,45.80620960895784,12423300,-0.0029580142373064307
2018-01-19,46.18825912475586,46.23601647501786,45.79825139119654,45.84600570519748,9962800,0.01109003180633158
2018-01-22,46.538482666015625,46.538482666015625,46.140513778599754,46.16439094024098,7871600,0.007553920257681785
2018-01-23,46.38724899291992,46.514598905689155,46.17234544582281,46.323575554666014,10908900,-0.003254939270703034
2018-01-24,46.48275375366211,46.53846913880476,46.25988917683074,46.50663090836302,16603500,0.00205674150069088
2018-01-25,46.50663375854492,46.753375505198896,46.267853088119665,46.56234914710212,12144600,0.0005136071125240082
2018-01-26,46.72949981689453,46.745418934625405,46.355411177133334,46.41908461179558,6342700,0.0047806890798593946
2018-01-29,46.546424865722656,46.920516464175144,46.51458663686274,46.809085699426056,10760800,-0.003925454223716451
2018-01-30,46.23602294921875,46.62603377365042,46.11663107497642,46.22806490785795,10898100,-0.0066909869668891715
2018-01-31,46.02109909057617,46.39519063095725,45.838033857440365,46.275798809396434,13757000,-0.004659244569910208
2018-02-01,45.82212829589844,46.08478916650165,45.71069751549503,45.84600545276744,14094500,-0.0043328422056042705
2018-02-02,44.94659805297851,45.71865547422385,44.91475981970255,45.599266653830554,15569100,-0.019292049867248324
2018-02-05,43.31492614746094,45.02619333679936,43.291048989183125,44.755574410026334,39487500,
2018-02-06,43.79248809814453,43.88004172190917,42.375720109985224,42.60653971160167,38881700,0.010965007735294506
2018-02-07,43.60145950317383,44.41331619619021,43.55370519175344,43.69697419853639,17526900,-0.0043716734270759375
2018-02-08,42.66225814819336,43.79249122509084,42.64634206660973,43.70493759507455,32928400,-0.02177597937672521
2018-02-09,42.749813079833984,43.060228296607654,41.914079103229184,42.988593782255165,34912000,0.0020501777102361544
2018-02-12,43.18757247924805,43.394517953825336,42.893076419861394,42.99654915715004,21013600,0.010187956800789464
2018-02-13,43.38656234741211,43.49799617498907,43.02043173701469,43.028392814258,11994500,0.004596990059185276
2018-02-14,43.3626823425293,43.505951360893455,42.93287528743683,43.15573989170394,20370500,-0.0005505524704301222
2018-02-15,44.07903671264648,44.07903671264648,43.338814307374314,43.5218796390932,14788900,0.016385094083287123
2018-02-16,44.254127502441406,44.445153854440555,43.85615871901563,44.09494241807978,11591600,0.003964332550753332
2018-02-20,43.25124740600586,43.77656607748525,43.20349005904924,43.77656607748525,16069800,-0.02292256927591729
2018-02-21,42.73388671875,43.442273701179786,42.71796760311846,43.31492077612745,15207400,-0.012033869247981381
2018-02-22,42.845314025878906,43.16368718141024,42.76571845980078,42.82143383792528,10239200,0.0026040759700263717
2018-02-23,43.25921249389648,43.26717357115011,42.78165109156495,42.93287816050896,10321100,0.009613934893254133
2018-02-26,43.52983474731445,43.56167298623144,43.21146146692938,43.33085030847569,10100400,0.006236342928189697
2018-02-27,42.95675277709961,43.65717567138521,42.94879170087992,43.55370597061679,9832600,-0.013252699044306022
2018-02-28,42.511024475097656,43.23532752501698,42.511024475097656,43.21145037009176,13726400,-0.010430418512294018
2018-03-01,42.415523529052734,42.81349240501773,42.04143181404193,42.40756245122696,27808600,-0.002249025506013025
2018-03-02,42.7736930847168,42.84532759874985,42.16082069493658,42.25633236822686,25965400,0.008408849860949589
2018-03-05,43.14776611328125,43.19552345076436,42.5428550197964,42.5428550197964,18859700,0.008707379868157257
2018-03-06,43.17961120605469,43.21940747549015,42.8373578236404,43.16369209102836,20784300,0.0007377750884313633
2018-03-07,42.78960037231445,42.95674956154553,42.55878079565761,42.773684293588374,12592900,-0.009073329910164648
2018-03-08,43.17961120605469,43.195530321081016,42.74184616974315,42.81348066923127,10725100,0.009073329910164596
2018-03-09,43.458194732666016,43.466155809519385,43.1398214925387,43.299009630732954,11486800,0.0064310143528928995
2018-03-12,43.378604888916016,43.70493922626291,43.29901233298219,43.47411656328888,10915700,-0.0018330907261313977
2018-03-13,43.34676361083984,43.59350537494157,43.2751291010207,43.51390978833077,12406100,-0.0007343013943376386
2018-03-14,42.908992767333984,43.458188578254536,42.82143915191315,43.45023053878935,13519000,-0.010150617667564723
2018-03-15,42.60654067993164,43.04430880870411,42.48715185629825,42.85328244012512,9280100,-0.007073647005297353
2018-03-16,42.62175369262695,42.86988143303608,42.581733877287725,42.605745155828025,9629100,0.000356994422307187
2018-03-19,42.205535888671875,42.66977424081649,42.05345938709821,42.589731566317845,10714700,-0.009813378365266561
2018-03-20,42.085472106933594,42.43765067837885,41.94940110100815,42.26956565927876,9888200,-0.0028487940954257493
2018-03-21,41.56520462036133,42.021437121992,41.477159215956206,41.853352106299745,17028500,-0.01243921066744122
2018-03-22,41.22102355957031,41.77330413525269,41.18900649779639,41.44513688535764,15584100,-0.00831498309276558
2018-03-23,40.708770751953125,41.533190407438816,40.66875094356059,41.36510538020078,15936400,-0.012504839955452965
2018-03-26,41.293067932128906,41.333087739967425,40.884861006871006,41.01292622394365,12374700,0.014251072376204543
2018-03-27,41.26906204223633,41.70128029792335,41.08496845950896,41.365110204242775,17326800,-0.0005815230439557354
2018-03-28,41.837345123291016,42.04544995233632,41.38911534485769,41.40512387837126,32397500,0.013676248511703865
2018-03-29,42.1254997253418,42.38163019813013,42.00543723039648,42.00543723039648,13272800,0.006863886851070384
2018-04-02,41.09296417236328,42.07746606116183,40.90887062112279,41.99742644873223,28604800,-0.02481633269079848
2018-04-03,41.637245178222656,41.74129912476077,41.14899556752349,41.27706078891051,24860600,0.013158164666920522
2018-04-04,42.28558349609375,42.43766001540826,41.325092663272606,41.37311522025814,28012500,0.015451128771771004
2018-04-05,42.38963317871094,42.55771822992973,42.1335027044777,42.35761610610276,18235800,0.002457619574509942
2018-04-06,41.95740509033203,42.60573696614331,41.74930025858029,42.26156112441437,13113400,-0.01024889268602328
2018-04-09,41.93340301513672,42.35761856521702,41.813343565860016,42.085482592196655,14686700,-0.0005722218295970596
2018-04-10,42.02945327758789,42.24556396102419,41.805339851794585,42.173527066545425,13041900,0.002287923698426571
2018-04-11,41.94941329956055,42.16552398123913,41.86136786776745,41.90939348146816,9025200,-0.0019061939158169178
2018-04-12,41.8853759765625,42.25356313360131,41.86136164662279,42.12549790274799,9843700,-0.0015277031410369129
2018-04-13,42.093467712402344,42.173507311746185,41.88536292211935,42.0614506513388,8836700,0.004955823457346748
2018-04-16,42.549713134765625,42.78983505941225,42.14950890924927,42.20553725655629,7804700,0.010780545734021268
2018-04-17,42.645755767822266,42.74980970790142,42.41363966762105,42.66176430116641,8131300,0.002254642763967179
2018-04-18,42.32559967041016,42.709795359826,42.2455569934594,42.613747200801015,14496600,-0.0075356597713661265
2018-04-19,41.10096740722656,41.78131633433311,40.88485984040111,41.74929926764952,23643100,-0.02936043703671101
2018-04-20,40.412628173828125,41.14099981671104,40.292565672554005,41.00492877837929,19102700,-0.016889344429195104
2018-04-23,40.36460876464844,40.48467128437007,40.18051514017418,40.44464840891839,12344900,-0.0011889343249709286
2018-04-24,40.10847091674805,40.48466389343528,39.82832610631341,40.43663828365091,18771500,-0.0063658235495696784
2018-04-25,40.18050384521485,40.348588882922144,39.93237613242132,40.09245842927792,19012500,0.0017943421997150836
2018-04-26,40.42063903808594,40.580721387514,40.14049721657446,40.26856248545354,11009900,0.005958622788316155
2018-04-27,40.63673400878906,40.77280196843304,40.29255815951636,40.332577968040134,11096100,0.005331914285711895
2018-04-30,40.38060760498047,40.892868533226185,40.30857072111366,40.70877495297013,13892700,-0.006322776136088307
2018-05-01,40.028419494628906,40.25253590470996,39.74827779867194,40.228521578402585,10927100,-0.008759970744823957
2018-05-02,39.2440299987793,39.95639311556173,39.15598457026618,39.9163732989602,18818900,-0.019790358485181188
2018-05-03,39.20401382446289,39.428127260905896,39.027922951076775,39.340084877529414,16634400,-0.0010201956820569218
2018-05-04,39.77228927612305,39.9723913609254,39.1319632154186,39.171983021715974,13132400,0.014391285416853137
2018-05-07,39.524169921875,39.93237688591181,39.436124504276734,39.86034000363285,9665300,-0.006258038921693194
2018-05-08,39.36407852172851,39.4761351897423,39.187987727241016,39.43611538735384,8290800,-0.004058693736273749
2018-05-09,39.42011260986328,39.51616076027873,39.2120077750772,39.29204739153747,9228200,0.00142247059412118
2018-05-10,39.65223693847656,39.852339059013914,39.54818298086865,39.60421133035383,10242700,0.005871205212346761
2018-05-11,39.65223693847656,39.92437594454,39.53217444482774,39.72427382400265,10065200,0.0
2018-05-14,39.636226654052734,39.78030041874971,39.57219251271367,39.70826353640122,6708100,-0.00040384903215441787
2018-05-15,39.48414611816406,39.5881970072456,39.26803549317721,39.44412325725436,22686900,-0.003844287327122359
2018-05-16,39.76428985595703,39.86033800975251,39.548179219930375,39.60420756408739,12151300,0.007070042487918918
2018-05-17,39.900352478027344,39.99640367228044,39.764284532808475,39.884346998967175,19572900,0.0034158881628162134
2018-05-18,39.65223693847656,39.86834759505483,39.50015737274591,39.80431345089117,15664700,-0.0062377942914584395
2018-05-21,39.8203125,39.956380443956384,39.70025003495528,39.804303967773016,7928400,0.004229782819311928
2018-05-22,39.74828338623047,40.09245926296848,39.67624650381284,39.89235715106573,9383800,-0.0018104915046571115
2018-05-23,39.89234924316406,39.93236904694827,39.60420177061332,39.66023010657427,18136200,0.003617902302368793
2018-05-24,39.8603401184082,39.9643940716254,39.66023800631447,39.89235718913902,9843800,-0.0008027096447990243
2018-05-25,39.92437744140625,40.180507921031754,39.81232073823461,39.86834908982043,12913500,0.0016052532040658823
2018-05-29,39.836334228515625,40.01242508802945,39.6602433690018,39.78030587381874,14959300,-0.0022076846308556213
2018-05-30,40.39662170410156,40.46865859788933,39.8603463718334,39.98841162153206,17628100,0.013966744138505613
2018-05-31,39.74828338623047,40.36459825728886,39.596206880378105,40.3245784455715,18603000,-0.016179505369285863
2018-06-01,39.74828338623047,39.932376962783096,39.64422943311258,39.86034008036547,10944600,0.0
2018-06-04,40.076446533203125,40.12447213422714,39.828318841219115,39.828318841219115,11665200,0.008222138579149859
2018-06-05,39.89234924316406,40.13247111918458,39.76428403906544,40.10845984757712,8980900,-0.004604236276781113
2018-06-06,39.94038772583008,39.94038772583008,39.66024290232575,39.90837065114679,12071000,0.0012034784297262646
2018-06-07,40.18851089477539,40.3966188189955,39.78030389467623,39.8363322465856,16618500,0.006193120491471102
2018-06-08,40.68476486206055,40.70877613961074,40.20451793784424,40.20451793784424,17081500,0.012272538517608365
2018-06-11,41.02093505859375,41.10097468616214,40.71677897786495,40.71677897786495,13199600,0.00822885291504718
2018-06-12,41.10096740722656,41.12498173389703,40.82882844704705,41.04493906718803,11362200,0.0019491115419121086
2018-06-13,40.972896575927734,41.15699010414367,40.844831380068165,41.09295903287144,15696000,-0.003120870129231725
2018-06-14,41.044944763183594,41.076961834310346,40.86885697861836,41.02093348649651,9751300,0.0017568910522861266
2018-06-15,41.57246398925781,41.59666117881714,40.927179959701,41.00783930953674,17217800,0.012770344727142233
2018-06-18,40.96751022338867,41.45147248327237,40.78199125453469,41.43533999768198,21627300,-0.014658705777130623
2018-06-19,41.18529510498047,41.257889753318345,40.79005689137268,40.81425408183294,12639200,0.005301958731562586
2018-06-20,41.22562789916992,41.31435504017717,41.04817361715543,41.30628725810889,9562500,0.0009788216401272925
2018-06-21,41.30629348754883,41.44341811077373,41.19336913722113,41.2820962916094,13272700,0.0019547736853753224
2018-06-22,41.64507293701172,41.71766760757777,41.395023943515746,41.403091727444206,9938300,0.008168191740746384
2018-06-25,41.854774475097656,41.91930441604533,41.540198705370095,41.548263409510085,22124200,0.005022811069925342
2018-06-26,41.677337646484375,41.94351914879165,41.48375389658656,41.86285976582727,14047300,-0.00424835649379511
2018-06-27,41.58859634399414,41.975766760512194,41.41920678673996,41.62085823765293,19862400,-0.002131516019481023
2018-06-28,41.58859634399414,41.685388178884416,41.42727456787238,41.49180143214691,13177400,0.0
2018-06-29,41.56440734863281,41.790259127230605,41.37888833272027,41.61280481768044,13018300,-0.0005817948833945643
2018-07-02,41.322418212890625,41.564399357691215,41.056239876697134,41.378880377445526,13255500,-0.005839041889761221
2018-07-03,41.41920471191406,41.63698863722538,41.354677850871894,41.48373464991303,7736300,0.002339488633327147
2018-07-05,41.991920471191406,42.01611767290553,41.51602268340971,41.596682073762466,11699800,0.013732574842800284
2018-07-06,42.1209602355957,42.29034673271968,41.94350595653788,42.040297801043394,12335100,0.003068254577745533
2018-07-09,41.95964050292969,42.217754152251416,41.911243039822835,42.15322420144228,15117900,-0.003837268744438287
2018-07-10,42.45974349975586,42.4839406974956,41.97578108321304,42.06450824420275,15280300,0.011848199393660568
2018-07-11,42.32260513305664,42.45166193133817,42.17741585037032,42.41133225880459,11484600,-0.0032350716514610357
2018-07-12,42.266151428222656,42.51619729410745,42.12902682183907,42.44360263824729,11002300,-0.0013347805431982288
2018-07-13,42.54039764404297,42.588792030069165,42.27421621306929,42.29034870073049,14053500,0.006467594184439789
2018-07-16,42.338741302490234,42.53232497828304,42.217749197401936,42.508127788048206,10347400,-0.004751620326739466
2018-07-17,42.701717376708984,42.75011484083726,42.31454689455517,42.31454689455517,14759300,0.008536602086442278
2018-07-18,42.35487747192383,42.69365357407143,42.32261557211349,42.65332389159036,10474200,-0.00815555402491547
2018-07-19,42.37908172607422,42.56460074448962,41.9999759058144,42.080635278357505,15092800,0.0005712999849836653
2018-07-20,42.637184143066406,42.66138133304331,42.225813451716895,42.29840809860463,17895700,0.006071854775488955
2018-07-23,42.37099838256836,42.66137694021914,42.24194158771875,42.55651733285487,13337200,-0.006262611964626964
2018-07-24,42.451663970947266,42.53232331988975,42.2016150660945,42.2742097109255,15987700,0.001901982570655099
2018-07-25,42.77431106567383,42.80657604102861,42.4194055676434,42.50813271139036,15258400,0.007571603281999321
2018-07-26,43.00016403198242,43.36313424563543,42.887236615047776,42.94370186199384,15129400,0.005266216739116545
2018-07-27,43.056617736816406,43.266333887405914,42.90336066815783,42.97595531200745,13414400,0.001312010785711435
2018-07-30,43.00822830200195,43.11308793532912,42.75011464839466,42.94370142707886,12143900,-0.0011244879213879475
2018-07-31,43.20988464355469,43.363138681062594,42.895308785168154,43.14535776137792,17898400,0.004677827022295813
2018-08-01,42.84689712524414,43.153408175703575,42.77430248373945,43.08081353419889,14917600,-0.008436050328009486
2018-08-02,43.28246307373047,43.33892522831521,42.750103418391035,42.774300605511165,15902900,0.010114313183081404
2018-08-03,43.79063415527344,44.00035033112985,43.35506623969789,43.3873312135088,20418500,0.011672419320437352
2018-08-06,43.83095932006836,43.96808082920721,43.73416748556112,43.81482683482433,13412100,0.0009204390388827652
2018-08-07,43.56478500366211,43.84709892584348,43.4115309843916,43.7906367567987,13766100,-0.006091260883796987
2018-08-08,43.23407745361328,43.572853550785034,43.21794804242379,43.54058857449106,12591800,-0.0076201263687703516
2018-08-09,43.10502243041992,43.314741708155275,43.048560258019855,43.24214704693267,8047000,-0.00298949420323413
2018-08-10,42.94370651245117,43.12115774722146,42.85497935658712,42.97596841525442,13459200,-0.0037494128950750502
2018-08-13,42.94370651245117,43.10502525734092,42.75011971084251,43.01630117843469,8696600,0.0
2018-08-14,43.242130279541016,43.28245994748048,42.975948932619,43.00014919494782,8882500,0.006925150833137573
2018-08-15,43.41959381103515,43.45185570612317,42.87110159409678,43.113082730520865,15592600,0.004095551557830934
2018-08-16,44.04068756103515,44.16974440144935,43.79870636987826,43.86323632856425,15526100,0.014203114402213234
2018-08-17,44.37945556640625,44.42785302656142,43.91162268244462,44.00034982091715,13037600,0.007662725958534177
2018-08-20,44.35526657104492,44.61338025232054,44.306869101946575,44.435925942584376,10189600,-0.0005451979873903746
2018-08-21,44.04068756103515,44.40366088624939,43.87130103492111,44.339134004521185,13806200,-0.0071175279711439025
2018-08-22,43.76643371582031,44.08907729875715,43.70997155034995,44.00035015960165,13573900,-0.006246753863523552
2018-08-23,43.661582946777344,43.766439509699254,43.53252611190928,43.637382674831194,10714300,-0.0023985633739293756
2018-08-24,43.6051139831543,43.72610301621265,43.476057168384415,43.63737587912888,9570500,-0.0012941700211234076
2018-08-27,43.62931060791016,43.814829584423336,43.4599241176534,43.67770806667943,10631600,0.0005547494693713424
2018-08-28,43.484127044677734,43.750308487585805,43.41960016809724,43.62125165746728,12621500,-0.0033332101582466325
2018-08-29,43.532508850097656,43.613168186047474,43.43571395461016,43.548641332678905,8681000,0.0011120128905939615
2018-08-30,43.39539337158203,43.61317731658794,43.3066662372881,43.467988019917335,11092500,-0.003154696909207863
2018-08-31,43.37925338745117,43.53251043908891,43.20180222649309,43.39538587062128,10472900,-0.00037199769563570154
2018-09-04,43.32280731201172,43.508326321879586,43.20181825877147,43.32280731201172,9571100,-0.0013020701690110807
2018-09-05,43.822898864746094,43.822898864746094,43.14534980359017,43.19374418705737,14723800,0.011477261802444095
2018-09-06,43.943878173828125,43.96807536020592,43.66156740956537,43.806756681745235,12333800,0.0027568378328541483
2018-09-07,43.85515975952149,43.887424732400675,43.548651748040704,43.80676537715987,9247300,-0.002020943431507328
2018-09-10,44.0084228515625,44.26653651592706,43.96002538563505,43.96002538563505,8361600,0.003488663742829366
2018-09-11,43.84709548950195,44.00034949676178,43.75030364686192,43.95195511392036,8121600,-0.0036725648299648335
2018-09-12,44.35526657104492,44.45205843228383,43.82290671879424,43.847103914864526,15220000,0.011522972685200777
2018-09-13,44.29072570800781,44.38751754541687,44.04067679466429,44.37138505968919,9746500,-0.00145614872781035
2018-09-14,44.16974258422851,44.25846973529247,43.94389389203493,44.25040502926741,8925200,-0.0027353054205307334
2018-09-17,44.33104705810547,44.34717954080334,44.040668523456795,44.13746341964399,10279600,0.003645270356266572
2018-09-18,44.14552688598633,44.30684863148987,43.9680726582368,44.29071614924388,15638500,-0.004193662474511012
2018-09-19,44.06488037109375,44.290729034328905,44.0003504233367,44.10521004996328,7791600,-0.0018285039117251396
2018-09-20,44.621437072753906,44.62950485465671,44.18586915871996,44.18586915871996,11817800,0.012551293685683236
2018-09-21,44.69291687011719,44.76602427296056,44.60356303345413,44.69291687011719,10307900,0.0016006343766449124
2018-09-24,44.01058197021485,44.63605572570823,43.978089102703144,44.53858022186353,10648700,-0.0153849254560303
2018-09-25,43.75065612792969,44.238036867273934,43.726288020569825,44.14056133914332,8348300,-0.005923494425011899
2018-09-26,43.79938888549805,44.1324361861478,43.742527907019046,43.880621068104425,10369900,0.001113254998187772
2018-09-27,43.74251556396485,44.02682347482613,43.53131814616479,43.653164836346775,8892800,-0.0012993395538373096
2018-09-28,43.80751419067383,43.86437516985058,43.653177689864215,43.69379223232033,9249700,0.0014848341875654588
2018-10-01,43.77501678466797,43.937478036361775,43.72628057824328,43.872492296207994,8725500,-0.0007420979306111113
2018-10-02,44.026817321777344,44.124292801086035,43.64503397134134,43.75063421482803,9592400,0.005735671241521458
2018-10-03,43.55569076538086,44.17304284829929,43.498829797045,44.124303547429825,15192700,-0.010758566087175523
2018-10-04,43.45011138916016,43.51509405157501,43.12518878101096,43.43386494888353,19964000,-0.002426951431488631
2018-10-05,43.40947723388672,43.580063242584906,43.34449459617969,43.360741030279065,13903100,-0.0009356286135328814
2018-10-08,44.01058197021485,44.06744293901512,43.36886178096561,43.36886178096561,14908300,0.01375231761438282
2018-10-09,43.91311264038086,44.12431011151963,43.80751235546606,44.02683459397026,13477200,-0.00221713544211455
2018-10-10,43.385108947753906,44.09993655163695,43.31200154396257,43.76689240074095,26121600,-0.012096698456753964
2018-10-11,42.312862396240234,43.49070233820561,42.17476927817756,43.26325539645942,44523200,-0.02502515503526797
2018-10-12,42.54844284057617,42.694657665698045,42.17478101043648,42.49158186399442,26263000,0.0055521429667109235
2018-10-15,42.80837631225586,43.11705237463603,42.42659284296172,42.42659284296172,15892000,0.00609053331109654
2018-10-16,43.28763961791992,43.35262226462165,42.759641282023,42.913980877985026,15468600,0.01113334341710837
2018-10-17,43.4907112121582,43.588186722115736,43.09268130690484,43.24702088791908,15837800,0.0046802448532548635
2018-10-18,43.43385314941406,43.929358597818734,43.295759993923696,43.53945033448757,19370300,-0.001308216412030167
2018-10-19,44.424861907958984,44.554830298982246,43.92935954753279,43.92935954753279,28312300,0.022560102077018657
2018-10-22,44.09181213378906,44.56294942832177,43.969968525634044,44.506088458111336,16645700,-0.007525166290743933
2018-10-23,44.286766052246094,44.40048799217199,43.58006321221341,43.83187519385205,30466600,0.0044117983944309295
2018-10-24,44.47359085083008,45.09906455518685,44.18928603007251,44.31925439080314,36761900,0.004209651267715917
2018-10-25,44.57919692993164,44.74165817671894,43.98621601304495,44.36799637950098,30018200,0.0023717646856100385
2018-10-26,43.726280212402344,44.39236854995248,43.531326092262745,44.27052183752891,39310600,-0.019318014457513202
2018-10-29,44.22991180419922,44.53858790140284,43.82376018634375,44.02683599527148,31687500,0.011451998647028998
2018-10-30,45.107200622558594,45.14781826593986,44.41674406675288,44.53046603136171,33148100,0.019640594949710155
2018-10-31,44.68479919433594,45.09907557574822,44.3273868896608,45.09907557574822,30135100,-0.009408511782726265
2018-11-01,45.0015983581543,45.13968841428769,44.55482912080324,44.78227612309763,22589800,0.007064627191093199
2018-11-02,44.76603698730469,45.058466681733385,44.37613176096352,45.00160569656017,28704100,-0.005248259256002922
2018-11-05,45.326515197753906,45.448361909857816,44.7741488072799,44.839134546719485,19972200,0.012442436753549358
2018-11-06,45.60269546508789,45.618941898904694,45.164051048105534,45.318390620019926,15626500,0.0060746401426639675
2018-11-07,45.86262893676758,45.8788753694253,45.38337001878052,45.789521539152936,15067100,0.0056837752043903105
2018-11-08,45.88700485229492,45.960112257425024,45.62706500173972,45.63518976824891,12890200,0.0005313572402241925
2018-11-09,46.15506362915039,46.301278440542085,45.87075877293907,45.87075877293907,18510900,0.0058247177438385846
2018-11-12,45.911373138427734,46.28503183339433,45.8220192986117,46.02509508048796,15950700,-0.005293808870750355
2018-11-13,45.8057746887207,46.10632599023556,45.586452463715595,45.93574307035069,23146500,-0.002302699088870058
2018-11-14,45.49708938598633,45.88699755042891,45.27777030418615,45.88699755042891,17577600,-0.00676181370666661
2018-11-15,45.423980712890625,45.423980712890625,44.99346112925433,45.34275165515582,25604700,-0.0016081792432178826
2018-11-16,45.5377082824707,45.71641283923456,45.23715393489994,45.39961515815899,15212800,0.0025005610624835874
2018-11-19,45.46460723876953,45.80577306645649,45.277777890461365,45.55396107898008,16727200,-0.0016065758108637933
2018-11-20,44.70916366577149,45.55395963908962,44.58731696048294,45.3265126624637,33023200,-0.016755676062737618
2018-11-21,44.35176467895508,44.79040926139478,44.254289137976784,44.684808951098205,16604400,-0.008025986523796826
2018-11-23,44.506080627441406,44.70103160566476,44.20552629642135,44.31112655052812,8700800,0.0034733253567654923
2018-11-26,44.562950134277344,44.79039401872219,44.3436279176953,44.57107180214015,13125400,0.0012769761628150128
2018-11-27,44.96097946166992,44.977225897000125,44.46547712820698,44.48984523185693,15954400,0.00889219121418073
2018-11-28,45.33464813232422,45.34276980187211,44.74978876675822,44.887878839910655,21973700,0.008276609038649126
2018-11-29,45.40774917602539,45.54583922978467,45.20467338024476,45.26153435516808,13285000,0.0016111776122976508
2018-11-30,45.700172424316406,45.813897464654815,45.28589919421468,45.39962113586258,16551900,0.006419293675433113
2018-12-03,45.74079895019531,45.8626425833479,45.26966155900354,45.8626425833479,20855900,0.000888584798288659
2018-12-04,44.969112396240234,45.99261321841158,44.9447442881644,45.82203026449823,27634900,-0.01701479275092896
2018-12-06,45.01783752441406,45.034083958693515,44.0674443592451,44.82288651044168,32514000,0.0010829377588345334
2018-12-07,44.44922637939453,45.13968277112527,44.25427227304175,44.977221532279685,23139500,-0.012711243139837158
2018-12-10,44.44922637939453,44.70103835584931,43.766891655195394,44.70103835584931,44469000,0.0
2018-12-11,44.81476593017578,45.13968844873527,44.57107559060155,44.757904954231485,25677400,0.00819012425123326
2018-12-12,44.75790786743164,45.22904524013919,44.733539761495386,45.090952076221434,18735200,-0.0012695405411093177
2018-12-13,45.03409194946289,45.18030678523152,44.75790871508781,44.814769695809936,16987800,0.0061516605836102
2018-12-14,44.27052688598633,44.80664690414421,44.16492659642298,44.74978592484648,20262700,-0.017100653492215234
2018-12-17,43.24702453613281,44.27052522375341,42.98708465650051,44.16492493815505,27324100,-0.02339071416303323
2018-12-18,42.73527908325195,43.45010688791206,42.49158870173117,43.36075302499313,27349700,-0.011903647007572196
2018-12-19,42.32099914550781,43.279517252410415,42.12604809589196,42.93835136623715,46289600,-0.009741390581545996
2018-12-20,41.5655517578125,42.150411032304056,41.16752493943183,42.134164597047,43415000,-0.018011655097323605
2018-12-21,41.134368896484375,42.48693507887765,41.134368896484375,41.57702726094536,38484500,-0.010427743220718185
2018-12-24,39.94575500488281,41.16716363537769,39.91296479789253,41.027806819192115,23086800,-0.029321589385216364
2018-12-26,41.06060028076172,41.06060028076172,39.61786545634282,40.02773369506991,26670600,0.02752662221709476
2018-12-27,41.45406723022461,41.486857434922015,40.19987160748614,40.806474759157986,35926900,0.009536969452896896
2018-12-28,41.45406723022461,41.9295158171989,41.29011933378361,41.75736880606053,24436600,0.0
2018-12-31,41.62621307373047,41.659003279971365,41.24093909506159,41.56063578829486,14959600,0.004144090251933935
2019-01-02,41.38028335571289,41.511441023756134,40.945824166640655,41.183548417170755,20459000,-0.005925570845519206
2019-01-03,41.14256286621094,41.73277398988216,41.07698558971733,41.30651074801359,22074800,-0.005761341445206067
2019-01-04,42.01968765258789,42.01968765258789,41.322912944096714,41.41308445092302,19003300,0.02109508358807006
2019-01-07,41.962303161621094,42.241013649228854,41.58522518634179,41.913120981308346,15143300,-0.0013665906068967713
2019-01-08,42.34757995605469,42.45414655773187,42.00329218808445,42.20822627674655,28273800,0.009139604091622946
2019-01-09,41.954105377197266,42.38036864158028,41.85573789373839,42.33938245072624,15684500,-0.00933498386520113
2019-01-10,42.20002365112305,42.27380004198524,41.757365305949875,41.872131012771106,32431700,0.0058444897896866264
2019-01-11,42.322994232177734,42.34758532528035,42.09346589738312,42.2902040233433,11732400,0.002909755730377608
2019-01-14,42.11806106567383,42.30660008014649,42.05248064652864,42.216428567345105,7811500,-0.004853884597636539
2019-01-15,42.53611373901367,42.57709992632312,42.08525942451844,42.109850511494976,11447700,0.00987679751785526
2019-01-16,42.30659103393555,42.51972109649185,42.15083913529265,42.51972109649185,13484700,-0.00541055982634552
2019-01-17,42.4869384765625,42.57710685249304,42.191832876655546,42.24101505860927,10196400,0.004253808412391684
2019-01-18,42.99517059326172,43.12632827933062,42.68366991620586,42.732855221123906,11957600,0.011891098869905933
2019-01-22,42.60169982910156,42.96238270345189,42.25740893022738,42.88041031788693,20877700,-0.009193643030667074
2019-01-23,43.10992431640625,43.232885989903544,42.7246473246903,42.92958136248895,23804700,0.011859078594133808
2019-01-24,42.57710647583008,42.888607175981264,42.290199993484336,42.88041118807687,17727200,-0.012436531015029033
2019-01-25,42.40496063232422,42.88040921206892,42.34757933849931,42.70826220354819,12920300,-0.004051350710157117
2019-01-28,42.585304260253906,42.60169936259658,42.17543608282518,42.31478976216885,10996700,0.004243871902976563
2019-01-29,42.68367004394531,42.77384153970865,42.49513106509739,42.667274942256896,11500400,0.0023071891770364873
2019-01-30,42.970577239990234,43.068947851801305,42.62628947978938,42.72465696455449,13934600,0.006699218734939305
2019-01-31,43.765716552734375,43.880479123907904,42.880403055791746,42.9787705272197,17886500,0.018335152530331286
2019-02-01,43.626365661621094,43.89687700696128,43.44602268003049,43.89687700696128,14423400,-0.0031890991880808173
2019-02-04,43.90507507324219,43.90507507324219,43.53619313199329,43.6181655069172,13367500,0.00636823411538639
2019-02-05,43.91328811645508,44.02805073674222,43.79032637926349,43.937879213074645,11296100,0.0001870461470362486
2019-02-06,43.92147064208984,43.99524390408081,43.79030983753962,43.79030983753962,19006100,0.0001863163461499287
2019-02-07,43.8886833190918,43.92147352237968,43.58537862924777,43.732931416997324,14519000,-0.0007467775204279733
2019-02-08,44.0936279296875,44.0936279296875,43.6345743551619,43.79852228371009,11100100,0.004658776937468885
2019-02-11,44.20838928222656,44.249375481434406,44.011651148163736,44.13461287283382,6876200,0.0025992932160857156
2019-02-12,44.55266571044922,44.683823390589154,44.23296906054849,44.29854946414134,11694100,0.007757414661720395
2019-02-13,44.6346549987793,44.77400870887993,44.53628749005845,44.6346549987793,10809600,0.001838586713323753
2019-02-14,44.13460540771485,44.33134350850054,43.896881114653894,44.16739561235347,11388500,-0.011266397356678972
2019-02-15,44.55266571044922,44.634641214940274,44.13460158220498,44.34773163979021,12635400,0.00942781064335521
2019-02-19,44.78220748901367,44.954351409743815,44.560878250769186,44.65924575875117,19831700,0.005138917770796176
2019-02-20,44.70022201538086,44.86416991024186,44.5608683373289,44.74121133438061,14478600,-0.0018324378769774856
2019-02-21,44.83139419555664,44.929764840494656,44.49530230963595,44.626460042506295,11711800,0.0029301889004326493
2019-02-22,44.61824417114258,44.61824417114258,44.29854753516303,44.41331010940742,24758700,-0.004765819778510066
2019-02-25,44.37233352661133,44.83958303833737,44.31495222706928,44.708425335520346,15162600,-0.005526681067177133
2019-02-26,44.39691925048828,44.5854582300504,44.29855176703107,44.39691925048828,15114400,0.0005539243316001134
2019-02-27,44.33134841918945,44.39692570868482,44.15100540074605,44.298558210918586,10811600,-0.0014780147287381308
2019-02-28,44.54447937011719,44.71662327625942,44.3313492663763,44.43791275472353,8469400,0.004796160323588515
2019-03-01,44.46250915527344,44.69203437471854,44.142809293415006,44.675639269465805,10812200,-0.0018418831908746287
2019-03-04,44.388729095458984,44.626450284461406,44.044438167552805,44.5444778919842,10113600,-0.0016607551729110979
2019-03-05,44.35593795776367,44.50349076276638,44.273962439958694,44.38052904958204,10132400,-0.0007389996554491066
2019-03-06,44.29036712646485,44.47071017760971,44.10182808528927,44.347748437820584,12001100,-0.0014793813051852851
2019-03-07,44.00344467163086,44.2903511247528,43.91327317863659,44.21657473294347,14336100,-0.006499288205481598
2019-03-08,44.028045654296875,44.24117889055268,43.81491554508759,44.044440759166285,11909300,0.0005589132528677652
2019-03-11,44.60185241699219,44.63464261982068,44.101812768518094,44.101812768518094,10519200,0.012948560078388413
2019-03-12,44.61824417114258,44.77399293232488,44.51167758346752,44.61004505752763,10841800,0.0003674453393721746
2019-03-13,44.87236785888672,45.044511736847056,44.61824847210295,44.65103867563233,11135300,0.00567935261684822
2019-03-14,44.83139419555664,44.96255192842698,44.75761777537664,44.88877550824698,8449600,-0.0009135328383380949
2019-03-15,45.085243225097656,45.20887545905576,44.89567128435261,44.98633680909552,21846900,0.00564633445462266
2019-03-18,45.151180267333984,45.24184579304,45.03578892340934,45.09348459537166,8103700,0.0014614287982593818
2019-03-19,45.11820602416992,45.34898867348435,44.95335992715486,45.25008227294642,13359400,-0.0007305742508144319
2019-03-20,44.92863464355469,45.18414627203497,44.780276602702635,45.09348075405235,19832700,-0.00421051220178444
2019-03-21,45.45613479614258,45.522071342187104,44.84620523829888,44.84620523829888,12699200,0.01167245643273038
2019-03-22,45.39845657348633,45.69517586090094,45.332516857941734,45.39021253695391,21007300,-0.0012696822369747036
2019-03-25,45.48912048339844,45.60451498945051,45.20888297134386,45.31603344058853,12538000,0.00199507881980668
2019-03-26,45.87651062011719,46.04135677804347,45.612758025106714,45.64572788552776,12808700,0.008480047770950476
2019-03-27,45.71990203857422,46.00838041604529,45.489116192418855,45.87650413717587,12740400,-0.0034195385955058753
2019-03-28,45.94243621826172,46.06606844056769,45.81055996129522,45.8270417422603,11920900,0.004855530005626849
2019-03-29,46.24739837646485,46.29685000654357,45.90122124502421,46.02485660857684,13888800,0.0066159847650083745
2019-04-01,46.090797424316406,46.34630906532985,46.016619972340905,46.338068174280856,13799400,-0.0033919030132995185
2019-04-02,45.7116584777832,45.950685218274835,45.7116584777832,45.950685218274835,13964800,-0.008259933754834085
2019-04-03,45.48912048339844,45.728147243952385,45.373729121525166,45.629240811515125,18616500,-0.004880187177946265
2019-04-04,45.662200927734375,45.73638152227958,45.48086988680651,45.522080629514264,10671300,0.003797655364133394
2019-04-05,45.81880187988281,45.83528680539577,45.60450413657048,45.72813636165058,9045200,0.0034236857994629365
2019-04-08,46.00838088989258,46.01662492600723,45.73638743750119,45.79408311358963,6136900,0.004129044878346205
2019-04-09,45.950679779052734,45.975405596115216,45.752863810018425,45.90122500074962,12062300,-0.0012549305743807374
2019-04-10,46.08255386352539,46.14024953006037,45.950677605134274,45.99188834634812,7060800,0.0028657946593332283
2019-04-11,46.173221588134766,46.26388710964654,46.00837547122047,46.15673666202552,6444900,0.0019655735016383545
2019-04-12,46.321590423583984,46.35456028124363,46.06607874298977,46.20619906595392,7635700,0.0032081575058459082
2019-04-15,46.59358596801758,46.6347998640206,46.29686352419723,46.30510756106936,6505000,0.00585472324213591
2019-04-16,46.601829528808594,46.75843164181224,46.42049844962,46.67601013900586,9345100,0.00017690914877242138
2019-04-17,46.83261489868164,46.9067955130711,46.61831709276706,46.84909982901029,12720200,0.004940059110556595
2019-04-18,46.87380599975586,47.10459178341711,46.667749173309026,47.02216716633179,10622200,0.0008791522145946725
2019-04-22,46.89030456542969,47.14581623646624,46.77491321211595,46.865578745199194,12432100,0.00035191643678262593
2019-04-23,46.7419319152832,46.92326293706769,46.65126640439096,46.865567274532225,20408400,-0.003169266908797161
2019-04-24,46.840858459472656,47.013945509894455,46.733707985515814,46.766677845837755,8221900,0.002114204559241801
2019-04-25,46.544132232666016,46.62655373261192,46.37928608859554,46.58534298263897,9992100,-0.006354923274400831
2019-04-26,46.9644775390625,46.97272157391881,46.56884875876726,46.593574574980074,8405700,0.008990576136482614
2019-04-29,47.02218246459961,47.04691142985939,46.87382124975562,46.9397609648768,7210800,0.0012279387901568911
2019-04-30,47.566162109375,47.615616884873575,46.99744633994231,47.04690111544088,15965900,0.011502170686773531
2019-05-01,46.9809684753418,47.656834787838754,46.9809684753418,47.62386493255148,11992700,-0.012379034738381686
2019-05-02,46.9644775390625,47.15404946644284,46.72545083507848,46.93975172284969,13925900,-0.00035107473854876153
2019-05-03,47.31889724731445,47.42604769498099,47.11284038712859,47.18702098256263,13801300,0.007518215771881983
2019-05-06,47.244728088378906,47.327149594733704,46.91503577460187,46.97273460206494,10100300,-0.0015686618164490677
2019-05-07,46.77491760253906,47.121091694973146,46.52764994448916,47.03042929755864,20115500,-0.009993962277606922
2019-05-08,46.76667022705078,47.03042277830036,46.535884386573585,46.741941263748465,11940200,-0.0001763360169741305
2019-05-09,46.66777038574219,46.79964668884429,46.3133522316217,46.568863944460375,23531600,-0.0021169897865524778
2019-05-10,47.23648452758789,47.30242110011197,46.35456125384944,46.55237411560043,14029600,0.0121127864932794
2019-05-13,46.7913932800293,46.90678462135715,46.61830626803752,46.75018253586624,13081800,-0.009467289539579062
2019-05-14,47.013938903808594,47.33538713633243,46.849092769540896,46.92327337275243,16497800,0.004744848424352165
2019-05-15,47.38483810424805,47.48374451917292,46.857329888232805,46.94799541198821,9681800,0.007858176150314254
2019-05-16,47.75574493408203,48.02774154514793,47.500236396124166,47.63211268338011,12859800,0.007797066132459902
2019-05-17,47.59912872314453,47.871125253624975,47.48373739900535,47.49197828893911,15458700,-0.003284915511152288
2019-05-20,47.48374938964844,47.755742844635165,47.4507795332323,47.49199028166319,9496800,-0.0024269225420540546
2019-05-21,47.38483810424805,47.6733164578532,47.31065750700983,47.65683153133602,8124100,-0.002085228079253505
2019-05-22,47.59912872314453,47.706279157349954,47.302406378685056,47.40131277877896,11102000,0.0045121506213075474
2019-05-23,47.5826530456543,47.59913797290303,47.318900498031354,47.41780691734537,17398000,-0.00034619393225498486
2019-05-24,47.40956115722656,47.70628352887595,47.269440862090775,47.66507278707533,9530800,-0.0036443424643371474
2019-05-28,46.634796142578125,47.53320115086122,46.60182628607822,47.417809797290126,14043000,-0.01647695970795995
2019-05-29,46.29685974121094,46.46170587921673,46.05783614249004,46.4534649871968,11455100,-0.007272826201565323
2019-05-30,46.49467849731445,46.593584928321285,46.280380706103195,46.38752802961945,9770200,0.004263730498365187
2019-05-31,45.83528518676758,46.19794410271152,45.76110459666791,46.13200754716623,13450800,-0.014283651701606682
2019-06-03,46.41225051879883,46.50291290046579,45.892986326162095,45.90122721752152,17060600,0.012509230761940422
2019-06-04,46.83261489868164,46.84085893593545,46.55237737145244,46.70073860023137,16546800,0.009016415559540874
2019-06-05,47.368350982666016,47.45901650221995,46.86557175181463,47.0469027909225,15069700,0.011374445155592714
2019-06-06,47.86288833618164,47.96179475098181,47.38483804449899,47.46725953280276,20769600,0.010386125447691375
2019-06-07,48.32445526123047,48.514027193456606,48.02773288237978,48.02773288237978,18860800,0.009597322280403433
2019-06-10,48.3409423828125,48.44808969012551,48.192581186648646,48.39039401874827,15341800,0.0003411173417526782
2019-06-11,48.4975471496582,48.62118253468484,48.37391176463156,48.48106222204275,18109700,0.0032343524588709887
2019-06-12,48.57171630859375,48.851953723677,48.49753572389001,48.58820123232543,10921200,0.0015281701071402204
2019-06-13,48.67887496948242,48.827236163969,48.39863750702757,48.687115860652455,11564400,0.0022037645807408924
2019-06-14,48.70360565185547,48.835481932996,48.60469922704472,48.65415086736082,9726100,0.0005079082550970166
2019-06-17,48.5634880065918,48.76954490372264,48.34094932456777,48.72009326068562,8796600,-0.0028810924006525745
2019-06-18,48.29972076416016,48.868439639830925,48.23378421207208,48.835469791698,18120600,-0.005446193611504327
2019-06-19,48.4975471496582,48.59645357117245,48.02773771724248,48.266764451398814,13457200,0.004087443069178855
2019-06-20,48.9261474609375,48.98384313741957,48.596455186029765,48.70360564700156,13566200,0.008798744044764236
2019-06-21,48.767520904541016,49.0083662618807,48.69277491967216,48.867181161652006,15416200,-0.0032474304313509722
2019-06-24,48.89210510253906,49.08312195316896,48.80905539988017,48.84227654820096,17796300,0.002551397556490561
2019-06-25,48.86717987060547,48.966840125083486,48.725991605964445,48.900401011478934,11861700,-0.0005099307442877902
2019-06-26,48.16954803466797,48.64293816707455,48.152937465513446,48.64293816707455,11672600,-0.014378964972142734
2019-06-27,48.26090621948242,48.30243105970752,47.98683657134082,48.235991948975816,11524900,0.001894799995591036
2019-06-28,48.2276725769043,48.55157068208776,48.12801235257279,48.49343528721592,12409300,-0.0006888617141403707
2019-07-01,48.51836013793945,48.63463412119543,48.23598996874409,48.47683529941908,12628100,0.006009309687404347
2019-07-02,48.94191360473633,48.94191360473633,48.50174468682297,48.534962651240555,11913500,0.008691872433810054
2019-07-03,49.548194885253906,49.598026594017064,48.96683762225259,49.008362462150785,11995800,0.012311671659178004
2019-07-05,49.33226776123047,49.36548573491962,48.89209555231774,49.257521776180575,11008200,-0.00436744451776601
2019-07-08,49.3986930847168,49.49004961517591,49.25750802356477,49.33225398774571,9257100,0.0013455826407363064
2019-07-09,49.10802459716797,49.382091067852265,48.92531150461702,49.29904139022481,12499500,-0.005901512871443496
2019-07-10,49.423622131347656,49.54819983162096,49.24091218392734,49.282437027970936,16804800,0.006406035500874781
2019-07-11,49.548194885253906,49.5897197251521,49.28243210813483,49.52328061494343,12575300,0.0025173392475984235
2019-07-12,49.68938827514648,49.80565910612804,49.53158943183506,49.53158943183506,8732000,0.002845564768287282
2019-07-15,49.80565643310547,49.88870611702294,49.63955389712815,49.77243529228153,7212600,0.002337165860363174
2019-07-16,49.8222541809082,50.02157463826856,49.64784482054095,49.81394731376895,13579000,0.000333194741393151
2019-07-17,49.764129638671875,49.8970142052138,49.64785881109013,49.82226822060519,9049900,-0.0011673191978099707
2019-07-18,50.09633255004883,50.24582451279448,49.64785666181188,49.822266063776674,9444300,0.006653366699326487
2019-07-19,49.78074645996094,50.29566471553671,49.74752848229704,50.22091872154299,7460400,-0.006319510812521348
2019-07-22,49.49006271362305,49.87209633470825,49.440231001599685,49.87209633470825,7135100,-0.0058563958441502145
2019-07-23,49.847190856933594,50.02990399844489,49.68939515990119,49.93854742768925,10058100,0.007190246742067867
2019-07-24,49.51497268676758,49.81395659666571,49.456837278525406,49.77243175765589,7975900,-0.006687040545142165
2019-07-25,49.58141326904297,49.664462944224034,49.29903993802849,49.4153107505388,9469200,0.0013409286643515882
2019-07-26,50.13786315917969,50.15447373118926,49.523287835538824,49.66447294540619,14727900,0.011160443312406461
2019-07-29,50.22922134399414,50.3371884814733,50.104646802111525,50.137864779061225,6121300,0.001820481495460966
2019-07-30,50.378700256347656,50.67768414831312,50.262429446837075,50.42853196105588,14123800,0.0029715159595027052
2019-07-31,49.357177734375,50.29565431644797,48.87548072420123,50.22090833790867,16826700,-0.020485271007472952
2019-08-01,49.182769775390625,50.07971831813763,49.14954863762242,49.49836107976235,30148200,-0.003539846438125631
2019-08-02,49.19106674194336,49.49005060464483,49.00004997813779,49.10801707703368,24368700,0.00016868238275818362
2019-08-05,47.912078857421875,49.083096806569216,47.646316143299174,48.87546948815202,26364800,-0.026344395885468507
2019-08-06,48.34395980834961,48.56819776546452,47.895483894119785,48.07819700765249,20126400,0.008973646849788679
2019-08-07,48.90870666503906,49.09141977899456,47.62972120363561,48.1363325336813,17550800,0.011614143350531436
2019-08-08,49.539886474609375,49.58971501049296,48.642934811002,48.87547642683714,24011300,0.012822701426613117
2019-08-09,49.26581954956055,49.639549429840265,48.917007106727525,49.514971747033,10590200,-0.005547607298520132
2019-08-12,48.933616638183594,49.29073596509599,48.76751727806433,49.13294030572581,11774000,-0.0067659080654207445
2019-08-13,49.49006271362305,49.71430066551456,48.81734885794852,48.90040171132079,13199500,0.011307279056668819
2019-08-14,48.70938873291016,49.44854176129175,48.67616758894763,49.04989753816941,17281300,-0.01590009752996442
2019-08-15,49.44023513793945,49.614644560541706,49.00006606673881,49.24091460945499,14431100,0.014892770533502136
2019-08-16,50.004974365234375,50.20429803176538,49.656161908982874,49.656161908982874,18294300,0.01135791861989089
2019-08-19,50.50328063964844,50.60294088626202,50.295653277787245,50.40361722489274,13180800,0.009915809548354686
2019-08-20,49.95516204833984,50.53651633089522,49.91363402689169,50.47838090263968,8959300,-0.010912453266639683
2019-08-21,50.08803176879883,50.328877128913,49.96345406986814,50.287352285316935,8735900,0.002656248636472865
2019-08-22,50.35379409790039,50.46175805661032,49.99667474366304,50.12955614281118,7127600,0.0052918780997488
2019-08-23,49.51497268676758,50.420228117007085,49.23259934610181,50.21260075381584,25296100,-0.016798868444439532
2019-08-26,50.12956237792969,50.17108722630164,49.647865266015096,49.84718897360044,13629800,0.01233579913543915
2019-08-27,49.98836135864258,50.470058347859165,49.83056570776579,50.3371769660308,13389300,-0.0028206959880377
2019-08-28,50.470069885253906,50.470069885253906,49.880408816603655,49.97176221337851,12435500,0.009590279535015662
2019-08-29,50.49497985839844,50.77735323129666,50.18769221287883,50.769049529803695,9657600,0.0004934375551382729
2019-08-30,50.42853546142578,50.78565478293507,50.27073663630083,50.66107709658824,8567000,-0.0013167279471399964
2019-09-03,50.719215393066406,50.72752226230497,50.12124753358388,50.21260408635398,15551600,0.005747645981500755
2019-09-04,51.17599868774414,51.17599868774414,50.727525928859265,50.92684645099864,12200500,0.008965805876106273
2019-09-05,50.860389709472656,51.42513310527455,50.78564374753481,51.30886231295823,15719800,-0.006186224144963869
2019-09-06,51.0265007019043,51.10955354979879,50.86870504311806,50.9932827308887,13904200,0.0032606970128790593
2019-09-09,50.91022491455078,51.05141315812144,50.769039839122016,51.00158145424793,27082400,-0.002281333583749252
2019-09-10,50.594627380371094,50.68598391450815,50.32056094610163,50.68598391450815,31985000,-0.00621839338741104
2019-09-11,50.7773323059082,50.818857132545595,50.31224917854352,50.57801187079225,17422200,0.003604648147943292
2019-09-12,50.984981536865234,51.23413377199597,50.885321276441445,51.076338095646435,18296200,0.004081069136847191
2019-09-13,50.69428634643555,51.04309871737502,50.58631925479843,50.75242174159212,17830400,-0.0057179007774007815
2019-09-16,50.20430374145508,50.50328769118366,50.09633661113253,50.45345597684804,16741200,-0.00971245398555424
2019-09-17,50.478363037109375,50.75243267457971,50.179379130102504,50.179379130102504,11681500,0.005444034833253378
2019-09-18,50.561405181884766,50.61954057726125,50.12953998184415,50.52818405077208,10968900,0.0016437520579655118
2019-09-19,50.55310821533203,50.64446475971243,50.453447970617994,50.51989024585539,10664100,-0.00016411030014582632
2019-09-20,50.392704010009766,50.776997740546626,50.392704010009766,50.66003905619933,13951100,-0.003178028623302465
2019-09-23,50.59321212768555,50.802067853331216,50.392709228836104,50.434479736588145,8767800,0.003971016728436745
2019-09-24,50.80207061767578,51.13623788476095,50.61827654930327,50.79371460353941,17305900,0.004119694323613291
2019-09-25,50.835479736328125,51.08610914373816,50.68510336663622,51.01927378525941,17626600,0.0006574168649136613
2019-09-26,51.119529724121094,51.26990611172192,50.86890347374827,50.89396514271985,15527300,0.005572079767919778
2019-09-27,51.0610466003418,51.261549497961454,50.76029384735503,51.24484065758603,14293900,-0.0011447015131263519
2019-09-30,51.31167221069336,51.537236772701306,51.09446366221464,51.09446366221464,11078800,0.004896345705663698
2019-10-01,51.178001403808594,51.478754133922,50.96914569532819,51.336733781860225,16827400,-0.00260847513634343
2019-10-02,50.15043258666992,50.97750260909615,49.95828571389894,50.927376090896445,18668200,-0.020282639406684688
2019-10-03,50.50131607055664,50.67675411862335,49.94993707171447,50.40106621264503,20998100,0.006972256518266039
2019-10-04,51.29497528076172,51.30332810882604,50.5347404514706,50.58486379362842,11938600,0.015593402891255033
2019-10-07,50.877254486083984,51.24483940469992,50.827127966183255,51.17800404483228,9378900,-0.008176842632400151
2019-10-08,50.392704010009766,50.86889476021525,50.38435118407859,50.72687441118929,14924100,-0.009569554111513527
2019-10-09,50.77700424194336,50.90231895515203,50.53473401629775,50.64333670173402,8504600,0.007597176802484163
2019-10-10,50.877254486083984,51.027630858900814,50.5263752205496,50.66839876682565,8648000,0.001972377309029474
2019-10-11,50.827125549316406,51.13623110679264,50.726875701167266,51.069398936988286,18172100,-0.0009857774229499532
2019-10-14,50.57649993896485,50.94408484448776,50.55143508646458,50.89395832637249,7569500,-0.004943139251148197
2019-10-15,50.35929107666016,50.73523201668171,50.284102888655845,50.70181433603859,12217700,-0.004303908364126088
2019-10-16,50.409423828125,50.46790318303567,50.23398576339297,50.40107100037454,10397700,0.000995006349903719
2019-10-17,50.643333435058594,50.785356979993104,50.50131307700942,50.57650126270761,13209800,0.004629463480852398
2019-10-18,50.74358367919922,50.9357305460931,50.551433625420174,50.551433625420174,9301200,0.001977578166211181
2019-10-21,50.910667419433594,50.93573227205876,50.685102867118744,50.75193822493882,9924100,0.00328729765636017
2019-10-22,50.927371978759766,51.31166569327189,50.90231031512615,51.2782512040554,12492500,0.000328061293691488
2019-10-23,51.16129684448242,51.19471133652033,50.88560577369416,50.902314613155745,7499400,0.004582786274423391
2019-10-24,51.33673858642578,51.4202796028824,51.06104749572504,51.26155039686063,9089300,0.0034233224576692674
2019-10-25,51.035980224609375,51.29496244620644,50.99420972096731,51.28660643334694,7518600,-0.005875769064402143
2019-10-28,50.93572616577149,51.21977002868446,50.81876749049288,51.03597600359815,11154200,-0.001966311924913545
2019-10-29,50.93572616577149,51.1779963416122,50.75193214068518,50.84382915322833,10072400,0.0
2019-10-30,51.169647216796875,51.2615442359858,50.8354768173617,50.97750035253144,7216400,0.004581961801382354
2019-10-31,51.094459533691406,51.37015059394214,50.76864514385701,51.186356553774985,12628100,-0.0014704611235070897
2019-11-01,51.08610153198242,51.2782483786513,50.97749568407921,51.18635136787818,10232000,-0.00016359279378496796
2019-11-04,50.59321212768555,51.16965278318882,50.434479736588145,51.14459111591469,17081600,-0.009695054918738793
2019-11-05,50.76029586791992,50.86890174124063,50.36764925756678,50.526378467123536,17192200,0.0032970519698104425
2019-11-06,50.969146728515625,51.094461430898185,50.701811671192424,50.84383521301834,8284500,0.004106011960529654
2019-11-07,50.79371643066406,51.03598985916355,50.70181939317214,51.02763703161235,9437800,-0.003447828926808174
2019-11-08,50.76029586791992,50.91902826436224,50.59321383128569,50.768651881882974,7574200,-0.0006581830337215396
2019-11-11,50.68510055541992,50.86889459415719,50.60155954884033,50.78535358757759,5632200,-0.0014824788294556474
2019-11-12,50.85218811035156,50.85218811035156,50.618270731588225,50.76029108672732,7085100,0.0032911594931834603
2019-11-13,51.23648834228515,51.33673819865296,50.86054739729904,50.927379572582424,9500900,0.007528788902920474
2019-11-14,51.219783782958984,51.47876286579642,51.01092803905228,51.4620540238576,8442100,-0.0003260817347279435
2019-11-15,51.23648834228515,51.34509102548133,51.052694283206286,51.294967690740165,7221400,0.0003260817347279773
2019-11-18,51.50383377075195,51.78787774329859,51.18637211040309,51.18637211040309,8615500,0.005204305892458534
2019-11-19,51.43698501586914,51.66254956953334,51.32837915220446,51.57900855864376,8560900,-0.001298780504519915
2019-11-20,51.553951263427734,51.67926598501791,51.328386676696866,51.43699255628263,11935900,0.0022713901256167747
2019-11-21,51.29497528076172,51.587372066302166,51.17801337965959,51.46205733713572,7611100,-0.005036057034537061
2019-11-22,51.211421966552734,51.37015435354513,51.01092225977391,51.33673667345354,5517100,-0.001630207186220746
2019-11-25,51.269901275634766,51.403568809017656,51.01927504890252,51.31167178227591,10396500,0.001141267766249081
2019-11-26,51.687618255615234,51.73774478108832,51.2448451013697,51.33674213796082,7354800,0.008114400460991154
2019-11-27,51.81292724609375,51.87140659256918,51.63748920666745,51.77950956614054,5483300,0.00242141818862398
2019-11-29,51.79621887207031,51.91317756607332,51.69596901819421,51.82963655232414,3008500,-0.00032252701222377925
2019-12-02,51.91316986083984,51.938231523867735,51.45368797964735,51.6959613452,17920100,0.0022553606722106084
2019-12-03,51.82963943481445,51.8714099440121,51.478760146405975,51.81293059375828,20537000,-0.0016103370372042571
2019-12-04,52.17216873168945,52.205586417659326,51.7126867037044,51.77116606070872,17369100,0.006587011156919802
2019-12-05,52.15544891357422,52.19721941880378,51.84634335061312,52.18886659251198,13445200,-0.0003205252575636786
2019-12-06,52.35595703125,52.55645995022825,52.23064549541365,52.26406317972432,10746700,0.0038370618378065365
2019-12-09,52.39772415161133,52.53139168518645,52.31417995132352,52.322535964794994,6643000,0.0007974349369496721
2019-12-10,52.23063278198242,52.45619731584625,52.18050626771768,52.39771797597988,7194300,-0.00319400049042959
2019-12-11,52.30583190917969,52.43114344074564,52.155455521792,52.34760241970167,6201700,0.0014387159617590135
2019-12-12,52.26406478881836,52.6483586095653,52.155458904907825,52.31418812994177,11843600,-0.0007988364510497452
2019-12-13,52.44784927368164,52.5313934768188,52.038493832408754,52.13039086241689,10158300,0.003510291550430971
2019-12-16,52.63164520263672,52.75695991834962,52.53139534219776,52.5982275201952,10004600,0.0034982299316589586
2019-12-17,52.5481071472168,52.66506585547318,52.481271778564135,52.56481280249418,8005500,-0.0015884820247122498
2019-12-18,52.46455383300781,52.81543308377988,52.38101282357339,52.63999186495123,5464100,-0.0015913001548662664
2019-12-19,52.74860382080078,52.86556252227536,52.53139525904592,52.53974808620028,9068100,0.005399527668354817
2019-12-20,53.14699172973633,53.36598272368416,52.87746682410077,52.9111582405528,15270600,0.007524199403691904
2019-12-23,52.91958999633789,53.24807331955206,52.90274428578963,53.24807331955206,6006500,-0.00428791195339074
2019-12-24,52.98697280883789,53.054355655079085,52.90274746402734,52.97855155955322,1700100,0.0012724956755776797
2019-12-26,53.0374870300293,53.138558042735,52.89430015012246,53.04590827567579,8638600,0.0009528787053540367
2019-12-27,53.27333068847656,53.29017639599222,53.096455579047486,53.14698948860426,10314100,0.004436877646277565
2019-12-30,52.99538040161133,53.2649085041298,52.91957953860972,53.18067996803337,6238600,-0.005231096111763542
2019-12-31,53.045928955078125,53.07962037677746,52.776404007465054,52.8858995214925,4985400,0.0009533748234943865
2020-01-02,52.624786376953125,53.146990467596865,52.48160267991784,53.146990467596865,14460700,-0.00797088969402194
2020-01-03,52.54056930541992,52.76798157731355,52.296311323053715,52.43107379384356,26388900,-0.0016016127932873226
2020-01-06,52.650054931640625,52.717437764991466,52.37210877654425,52.46475856590649,22541700,0.002081662059734226
2020-01-07,52.24577713012695,52.540572260491224,52.203664458072325,52.49003512623111,15607600,-0.0077082148127139314
2020-01-08,52.43948745727539,52.658478448751325,52.18680826271801,52.28788251093319,11451400,0.0037008178562812784
2020-01-09,52.810089111328125,52.81851035925009,52.47318136062171,52.599522570384224,6854500,0.007042369153371813
2020-01-10,52.77640151977539,52.93643094581781,52.70902189254357,52.86062685706284,7410800,-0.0006381042213724357
2020-01-13,53.12171936035156,53.1301438201012,52.76796916262633,52.79323611589528,9625700,0.00652172222984944
2020-01-14,53.13857650756836,53.16384346627727,52.98696832933353,53.0543511698782,7512300,0.0003172802639127838
2020-01-15,53.517601013183594,53.62709331788913,53.07119769318617,53.09646786680285,12454300,0.0071074383121755725
2020-01-16,53.66078186035156,53.70289453013096,53.52601938926305,53.58497776955235,8048600,0.0026718248308219067
2020-01-17,53.7534294128418,53.871346168487264,53.58497552778087,53.65235836700149,14902700,0.0017250524742892226
2020-01-21,53.938724517822266,53.96399147393146,53.49232127762104,53.67762085706269,11300300,0.0034412031159345366
2020-01-22,53.980838775634766,54.10717999341045,53.93872932036371,53.95557181727588,8046500,0.0007804749883165103
2020-01-23,53.930301666259766,54.07348537247119,53.601818375077855,53.80396366895389,14563100,-0.0009366431095573433
2020-01-24,53.55971145629883,54.03980617914505,53.391257562158664,53.97242333629268,11935100,-0.006895369486672663
2020-01-27,53.39125061035156,53.64392981216631,53.07118857445801,53.10487999149741,8748400,-0.003150247216293201
2020-01-28,53.4586296081543,53.61865900812192,53.374401071600175,53.42493819353265,7899500,0.001261190121992373
2020-01-29,53.18911361694336,53.54286389069095,53.18911361694336,53.50075122186253,8300800,-0.005054332268478115
2020-01-30,53.82080841064453,53.86292107565635,53.18068433569948,53.21437575290509,13824800,0.011806421674927469
2020-01-31,53.214385986328125,54.081919261766565,53.06277779273817,53.84608572195596,15280000,-0.011331392752867146
2020-02-03,53.214385986328125,53.61025218214536,53.17227331321781,53.40810685302841,21797600,0.0
2020-02-04,53.5344352722168,53.89660995766511,53.424939777944225,53.63550630608905,14290900,0.005996323726789777
2020-02-05,53.963993072509766,53.98926002936744,53.643931029353965,53.71131386496169,20911400,0.007991932407971903
2020-02-06,54.056640625,54.34300802549513,53.91345692475244,54.02294920859223,9628500,0.0017153681113837506
2020-02-07,54.124027252197266,54.23351954371304,53.896614994987466,54.056644414657825,14849000,0.0012458165998647864
2020-02-10,54.351444244384766,54.4525185154743,54.13245320334844,54.1493021281877,7394100,0.004192972332546907
2020-02-11,54.149288177490234,54.4356555661596,54.10717230222457,54.4356555661596,8375700,-0.00372635827069685
2020-02-12,54.124027252197266,54.23351954371304,54.01452853470041,54.216677047318726,8479000,-0.00046661406184992797
2020-02-13,54.4440803527832,54.53673013813878,53.93029751616786,54.006104806904425,7950900,0.005895912432859511
2020-02-14,54.57042694091797,54.587269437199794,54.39355181304421,54.50304410382863,5421200,0.0023179785487872115
2020-02-18,54.3766975402832,54.6125310209096,54.26720526027249,54.4946142805964,6902300,-0.0035563968438335034
2020-02-19,54.317745208740234,54.52831175784868,54.2924782510042,54.3851280466904,4971300,-0.001084735076283748
2020-02-20,54.3598518371582,54.40196128422439,53.85449027751381,54.22508618419436,13397700,0.0007748907165682047
2020-02-21,54.452510833740234,54.57042758705225,54.19140394342268,54.20825286588502,10027800,0.0017030972713833338
2020-02-24,53.19753646850586,54.12403127560254,53.13857808777134,53.71131939747016,19892700,-0.023316872672429354
2020-02-25,52.23734664916992,53.49232140476118,52.0604715300045,53.231220956371374,25721400,-0.018214396169124052
2020-02-26,51.94255447387695,52.87747046027398,51.91728751629558,52.397378988284785,26066400,-0.005659305852831728
2020-02-27,49.828468322753906,51.942555073552874,49.820047074459744,51.479309305599934,39092300,
2020-02-28,48.843021392822266,48.85144264163075,47.20060155796239,48.69141321034346,50978800,-0.01997496335762153
2020-03-02,51.454044342041016,51.49615701112524,48.94409135133056,48.94409135133056,27103100,
2020-03-03,50.75495910644531,52.38895756848631,50.3843631401735,51.52984567063796,35237500,-0.01367973689066919
2020-03-04,53.24806213378906,53.27332908780827,51.40349737862481,51.47088020666282,26214300,
2020-03-05,52.24577713012695,52.94485969559935,51.71515167885493,52.077326441908426,16556300,-0.019002344970877872
2020-03-06,51.83305740356445,52.127849258136905,50.48542969397124,50.86445008770028,24800200,-0.007930947569621958
2020-03-09,49.57579040527344,50.95710649706581,48.851440939335816,48.96935769649019,19126300,-0.04452550162805486
2020-03-10,50.999210357666016,51.08343889322269,48.75878271970003,50.620189980136225,28174800,0.02830753151638701
2020-03-11,48.4976921081543,49.99692500162517,47.89968063012637,49.735821308035774,17759800,
2020-03-12,43.94102478027344,47.764913983520536,43.72203698862501,45.389723628532266,26713800,
2020-03-13,47.68067932128906,47.697525027041166,44.4379532562798,46.130909734983426,24835800,
2020-03-16,44.446380615234375,46.80472495355529,42.77026973293709,43.25036113272781,27436800,
2020-03-17,48.19446563720703,48.38818644808446,45.204418513125205,45.30549275505349,32318100,
2020-03-18,46.95634460449219,48.00917744315793,44.89279159810916,46.1140783335596,35524900,-0.026025861789047956
2020-03-19,45.38972473144531,46.695236691010166,44.96859163397339,46.45940318458286,26807900,-0.0339325799400964
2020-03-20,42.45021438598633,45.53290830407172,42.07961523117356,45.51606259585384,26903700,-0.06695378886786109
2020-03-23,41.1939811706543,42.862746012661496,40.37230296494775,42.36296286146752,31822200,-0.030039805469641575
2020-03-24,43.29476165771485,43.54041848354811,42.18507281892374,42.98980880238958,28041800,0.04973949221549485
2020-03-25,43.17617416381836,44.56540111261536,42.422264653658395,43.20158582731853,25526400,-0.0027428306890744875
2020-03-26,45.539554595947266,45.84450749701744,43.52348282801308,43.70137094317344,25754100,0.05329246096686597
2020-03-27,45.32777404785156,46.58146980298956,44.47221476653603,44.54845297824859,26004700,-0.004661321835229397
2020-03-30,47.098201751708984,47.233736019703,45.76827073720779,45.76827073720779,15892600,0.03831486267356744
2020-03-31,46.140987396240234,47.15749268031438,46.03086480562199,46.92878125337174,15203200,-0.02053316840244794
2020-04-01,45.36166763305664,46.06475386520498,44.77717671208615,44.88729931391253,11979800,-0.01703422938094244
2020-04-02,46.52218246459961,46.78478153476265,44.62470262459617,44.73482523226351,14748100,0.025261817953389488
2020-04-03,46.88642501831055,47.030431982696435,46.14098822741358,46.3358185180838,15374100,0.007798947222010156
2020-04-06,48.63143539428711,48.97027267725347,47.369269908198824,48.055413952079384,14835200,0.03654195230551783
2020-04-07,48.072357177734375,49.77500664450778,48.06388769960359,49.38534602265403,22985400,-0.011562823560075392
2020-04-08,48.783905029296875,49.05497352522233,47.8859886169242,48.42812560877511,13877400,0.014693126423019648
2020-04-09,49.24134063720703,49.99525019005965,48.80085346704096,48.91944554527956,20376000,0.009333084049141814
2020-04-13,48.87709426879883,49.334523650158914,48.402722699455936,49.08039406180867,10679500,-0.0074246606568916865
2020-04-14,50.95246505737305,51.01176109916988,49.520880881841826,49.715711195087394,17745300,0.041584273512883047
2020-04-15,50.1477165222168,50.588203603488594,49.77499494423774,50.27477805266237,12553400,-0.015920159975395583
2020-04-16,50.47808837890625,50.66444919504458,49.76653271802269,50.41031963434991,14486100,0.00656636822079819
2020-04-17,51.24893951416016,51.41835814230346,50.41031908211616,51.09646307197034,12083100,0.015155576762503302
2020-04-20,50.24090194702149,51.09646130402492,50.19854486790755,50.7406851054863,9263900,-0.01986545063185404
2020-04-21,49.17356872558594,49.81735886802684,48.99568061967131,49.52934816880676,13021900,-0.021473216647272756
2020-04-22,49.647926330566406,49.92746424277814,49.24979314957777,49.766518367952635,15086800,0.009600365751385022
2020-04-23,49.20744705200195,49.85123388395619,49.122739363799695,49.529342083674656,21074200,-0.008911648980423292
2020-04-24,49.732643127441406,49.89359226317898,49.32604039694182,49.49545900916446,9638300,0.010616545981061496
2020-04-27,49.876651763916016,50.105366413435085,49.68182148426451,50.037597673699935,11024000,0.00289147186444796
2020-04-28,50.15618896484375,50.52043785683525,49.944416503518056,50.45267234953452,13608800,0.005588923128197505
2020-04-29,49.94441986083984,50.41031866079637,49.47005158367314,50.41031866079637,16038500,-0.0042311315070054705
2020-04-30,49.35145950317383,49.82583104268482,49.06344878836211,49.80041937800464,16397100,-0.011943444381761857
2020-05-01,48.80931854248047,49.49546251647715,48.60601877852022,49.08038704868846,13023600,-0.011046091605459761
2020-05-04,48.783905029296875,48.89402761557639,48.3010640689677,48.716136289619826,11314200,-0.0005208048843540215
2020-05-05,48.82626724243164,49.35146213935706,48.766971200749346,48.97874370144095,9705200,0.0008679877272726736
2020-05-06,48.292598724365234,49.04651152696625,48.25024487130474,48.910977258337546,10700100,-0.010990117815652746
2020-05-07,48.15707015991211,48.73309167766146,48.055420254248176,48.66532615101625,11203600,-0.0028103497963658537
2020-05-08,49.232852935791016,49.33450602737638,48.61447783657195,48.6398894937729,13405000,0.022093179654736613
2020-05-11,49.16508483886719,49.54627583367219,48.96178189784098,49.012608440945186,8807200,-0.0013774294293400918
2020-05-12,48.75001907348633,49.59710890354305,48.75001907348633,49.32604041643621,20587300,-0.00847812513062598
2020-05-13,48.309532165527344,48.97873390945792,48.0215214929111,48.7076654212769,12186800,-0.00907669418431206
2020-05-14,48.190940856933594,48.31800562648245,47.42856193381443,48.07234879543004,11793500,-0.0024578401448201847
2020-05-15,48.61448669433594,48.758493651291815,48.01305366746414,48.18247228625108,20847900,0.008750512254112462
2020-05-18,49.38533782958984,49.639464139448116,49.02956164206653,49.38533782958984,15213600,0.01573200844974184
2020-05-19,48.47895812988281,49.47852454339724,48.47895812988281,49.453112878586595,15313100,-0.018523724259612115
2020-05-20,49.05497360229492,49.08038526401806,48.589074826153016,48.88555498422749,8519600,0.011811728680660593
2020-05-21,48.51284408569336,48.987215643107206,48.41119419174463,48.97874293363289,13913900,-0.011112990098322974
2020-05-22,48.68225860595703,48.724612455565186,48.41965956815992,48.5297821622544,7216300,0.003486074650729214
2020-05-26,48.94485092163086,49.45310677485484,48.85167052030357,49.36839585028849,10487200,0.005379508831306618
2020-05-27,49.681827545166016,49.72418139697173,49.054979551709465,49.334520790132345,10937800,0.014945050410228075
2020-05-28,50.1223030090332,50.40184420020295,49.85123452562744,50.063006980250144,10184300,0.008826855588612648
2020-05-29,50.173133850097656,50.33407976606727,49.52087424633953,49.96983408586147,12890900,0.0010136222944607878
2020-06-01,50.520450592041016,50.70681143903073,50.17314379717336,50.198555464893,9101400,0.0068985153573134055
2020-06-02,50.655967712402344,50.681382602904776,50.26630719286942,50.60514439417955,9837900,0.002678829784115059
2020-06-03,50.72374725341797,50.96093140603955,50.70680506660332,50.87622370335805,10155300,0.001337142270272607
2020-06-04,50.47808837890625,50.884691152069486,50.20701986346409,50.62209211400107,8973800,-0.0048548399439744035
2020-06-05,51.18116760253906,51.44376662147746,50.70679935076824,50.85080307537256,11502200,0.013832295484795556
2020-06-08,51.73177719116211,51.75718885276925,51.01175210690152,51.18964020093418,13094200,0.010700594440763716
2020-06-09,51.308231353759766,51.613184213203,50.99480901772812,51.53694599834219,13735400,-0.008221044016710973
2020-06-10,51.16422271728515,51.57082541368827,51.06256961964114,51.42681847438807,9877800,-0.0028106818087841024
2020-06-11,49.224395751953125,50.927045068778064,49.16509971608405,50.613622703271304,14738500,-0.0386511635124638
2020-06-12,49.232852935791016,49.91052405607281,48.80930808169104,49.902054580802755,17837500,0.00017179403185458927
2020-06-15,49.800418853759766,49.86818436932412,48.44507299716387,48.77544079148712,11366700,0.011462251458557487
2020-06-16,50.57973861694336,50.84233765684237,49.92747898730386,50.783041620638016,10840300,0.01552767879953007
2020-06-17,50.50349807739258,50.88468917221133,50.35102163946508,50.672916700799966,8388400,-0.001508470771238453
2020-06-18,50.766090393066406,50.816916942785895,50.20701127171624,50.27477677328451,6022600,0.005186017010036681
2020-06-19,50.50349807739258,51.392941811042014,50.427259858428826,51.23199589607031,10777200,-0.00518601701003673
2020-06-22,50.35922622680664,50.55557473757079,50.179948667785254,50.453129487680776,9039600,-0.002860758520530864
2020-06-23,50.28239059448242,50.87143608784449,50.23116797292275,50.69216179724369,7951000,-0.0015269159951792454
2020-06-24,49.43723678588867,50.02628229755214,49.2579624897179,50.02628229755214,14343200,-0.016951006891430268
2020-06-25,49.787254333496094,49.847012437537884,49.10430224689533,49.41163150000878,12128900,0.0070550928602761175
2020-06-26,48.771358489990234,49.90676561118747,48.72867459940184,49.77017520736136,14476500,-0.02061578982708312
2020-06-29,49.69334411621094,49.78725063174379,49.044540496322774,49.087224387954386,9654200,0.018727778563689693
2020-06-30,50.060428619384766,50.24824163984552,49.625047738810856,49.70188004203825,7379800,0.007359845148794191
2020-07-01,50.10311126708984,50.41897920395996,50.07750158550597,50.15433388682952,7261600,0.0008522592220079307
2020-07-02,50.35922622680664,50.85436524165269,50.25678097691663,50.52142632094078,6857200,0.005098736918924691
2020-07-06,50.60679626464844,50.862906143725944,50.32507995686453,50.74338668042265,10091300,0.004904036583701059
2020-07-07,51.06779098510742,51.34951055413079,50.299467848291386,50.33361626694376,8161000,0.009068104270900287
2020-07-08,50.93973159790039,51.21291566670592,50.72630888480732,51.178767251033705,9328000,-0.0025107845233099686
2020-07-09,50.53849792480469,51.00802723126763,50.24824291155216,50.87143682835892,7672500,-0.007907819556238054
2020-07-10,51.46903610229492,51.57147812026847,50.58973207358842,50.59827080808715,14142800,0.018245005123744794
2020-07-13,51.39219284057617,52.07514490938478,51.195844324329464,51.71659629447489,10906200,-0.001494115456402182
2020-07-14,52.1434440612793,52.271495748048295,51.14462397030421,51.247065971033905,14270100,0.014512189770108706
2020-07-15,52.18612289428711,52.80931682784306,52.02391954758026,52.40808108376467,14952700,0.0008181541749651233
2020-07-16,52.2971076965332,52.39955295826731,52.05807526563221,52.16051727079369,7770200,0.0021244527635832992
2020-07-17,52.57882308959961,52.66419087766613,52.35686488668325,52.53613919556635,6321700,0.005372368445932311
2020-07-20,52.04953384399414,52.493453491088914,51.88733049306067,52.46784055029443,6818600,-0.010117596724283438
2020-07-21,52.501991271972656,53.065427145604104,52.35686537957887,52.41662348310248,7847300,0.008655258774479917
2020-07-22,52.92029571533203,52.99712801990399,52.126362986945814,52.664185862377465,7022700,0.0079358293321321
2020-07-23,53.10810470581055,53.32152740910338,52.92883041662186,53.09956923057052,9468000,0.0035426203951374907
2020-07-24,53.039817810058594,53.637402105808185,52.78371118518661,53.19348243629627,6809200,-0.0012866366774557472
2020-07-27,53.30446243286133,53.313001166152034,52.877616952358224,52.98859768912935,6801900,0.0049771396921569535
2020-07-28,53.50080108642578,53.76544640784818,53.261768703574575,53.28737838557378,6699300,0.0036765767576918307
2020-07-29,53.57764434814453,53.748383195064655,53.34715064986089,53.48374107608247,7486400,0.0014352706485104463
2020-07-30,53.57764434814453,53.76545740541393,53.20202149017837,53.44959265538392,10901300,0.0
2020-07-31,53.52642822265625,53.53496370006266,52.86054700490688,53.3642248427789,10277200,-0.0009563806149055268
2020-08-03,53.381290435791016,53.57763895016651,53.116648343471674,53.552029265509105,8614400,-0.0027151991989578833
2020-08-04,54.04717254638672,54.06424675533179,53.210555847512786,53.30445911185209,7417400,0.012396912699117532
2020-08-05,53.93619537353515,54.243524641669445,53.78253073946801,54.13254390449371,7143600,-0.002055450094979859
2020-08-06,53.92765045166016,54.03009570033038,53.714227735122186,53.80813425145045,11983700,-0.0001584390363144898
2020-08-07,54.21791076660156,54.2691333959346,53.782529815274586,53.8422879212102,9175700,0.005367969034717076
2020-08-10,54.4996223449707,54.61060306395236,54.15814471267579,54.27766416357945,4345600,0.005182461390013536
2020-08-11,54.12401580810547,54.8923390832099,53.970351153084586,54.755745384015306,8633500,-0.006915769721745698
2020-08-12,54.82403945922851,55.06307190757669,54.34597130595929,54.34597130595929,8021600,0.012850771553596539
2020-08-13,54.78133773803711,54.943541076212746,54.62767638821746,54.70450869141328,5857100,-0.0007791902996698829
2020-08-14,54.77281188964844,54.95208619909821,54.56792138186748,54.72158600613081,3776300,-0.00015564628879615478
2020-08-17,55.08012771606445,55.25940851617092,54.79841470120559,54.90085342910192,5172900,0.005595055156823734
2020-08-18,55.30208969116211,55.45575429765866,54.91793143149274,55.16550254824518,4927300,0.004021703485956933
2020-08-19,54.8667106628418,55.30209484064706,54.77281065698636,55.225265786816806,5871600,-0.007903894632343367
2020-08-20,54.75572967529297,54.82402650529678,54.45693918545657,54.55084569842575,10178600,-0.0020247866243953846
2020-08-21,54.8923225402832,54.96915158806661,54.52523196918755,54.68743205323926,5713900,0.002491479472516027
2020-08-24,55.361854553222656,55.361854553222656,54.8154928884956,54.9862349794383,6978500,0.008517316328828862
2020-08-25,55.24234390258789,55.53260222981321,55.00331146437025,55.48991507449771,4517100,-0.00216105172885483
2020-08-26,55.310638427734375,55.38746748830776,54.87525421171632,55.131364106584634,5375300,0.001235507760974477
2020-08-27,55.6521110534668,55.91675314444799,55.40453991445601,55.41307864701351,8711200,0.006154744817854278
2020-08-28,56.14725112915039,56.181399548857605,55.38746670181381,55.91675743755804,6868200,0.00885771266249646
2020-08-31,55.98504638671875,56.14724321603745,55.76308494647652,55.94235923981456,7661200,-0.0028930978703380944
2020-09-01,56.04479217529297,56.07040185255312,55.60086939230797,55.97649536050409,9723000,0.0010666050224696795
2020-09-02,57.06068801879883,57.29118817437563,56.21553597901921,56.300903753507626,11174600,0.01796417223498238
2020-09-03,56.07895278930664,57.71803762216046,55.669178324521106,57.19728569404376,26304400,-0.017354834487988257
2020-09-04,55.950897216796875,56.471649138908575,55.25940973566078,56.24114896976715,15604800,-0.0022860983617064693
2020-09-08,54.77281188964844,55.925293315051086,54.54231169668105,55.814309328383544,16316600,-0.021280533237276734
2020-09-09,55.566741943359375,56.104571421249815,54.986238338130015,55.08867708580805,12848500,0.014390918358752098
2020-09-10,54.883792877197266,55.720406374861746,54.76427666324519,55.566741740759774,11060600,-0.012366762573928011
2020-09-11,55.19111633300781,55.455758419867585,54.79841931235817,55.05452266679342,10212500,0.005583911111907443
2020-09-14,55.54967498779297,55.80578490171108,55.30210380784432,55.464307187535496,6397000,0.006475660928488715
2020-09-15,55.47283554077149,55.88260351058502,55.395999975716165,55.68625825804983,5672900,-0.0013842140467669843
2020-09-16,55.22526931762695,55.85699879326202,55.174043431987066,55.71187289576323,7270700,-0.004472825188807796
2020-09-17,54.8752555847168,55.1655139070396,54.48255851239976,54.76427810117459,10108700,-0.006358097063391787
2020-09-18,54.37157440185547,55.037455544694865,53.995951563346104,54.96061997381679,9988900,-0.00922104104655983
2020-09-21,53.9567756652832,54.16287960477345,53.33845729488636,53.99971371301342,11326200,-0.007658212528492685
2020-09-22,54.2745361328125,54.540754067810475,53.939614681709266,53.99113904282425,7148600,0.005871893729430408
2020-09-23,53.45869827270508,54.58369374501984,53.39858433592131,54.44628999294782,7015900,-0.015145808261392623
2020-09-24,53.85372543334961,54.13712247148674,53.09800655024397,53.45869011591302,9141700,0.007362222029522383
2020-09-25,54.13712692260742,54.19724085516146,53.45869451125341,53.57892237636149,7432100,0.005248632336414278
2020-09-28,54.74686050415039,55.05601976997511,54.55792911370997,54.58369456983797,6077600,0.011199809438853842
2020-09-29,54.38617706298828,54.90144032380618,54.28312179005356,54.77262287061974,8150400,-0.006610001195855153
2020-09-30,55.04742431640625,55.390935303089904,54.58368874313594,54.60945092054997,8284100,0.012085050531241759
2020-10-01,55.35658264160156,55.485400078486734,54.884257499628454,55.36517221790778,9262900,0.005600505666287163
2020-10-02,55.04742431640625,55.296469617953726,54.626626797480505,54.806968591305825,7463000,-0.005600505666287152
2020-10-05,55.41669845581055,55.48540196474185,55.090366616277706,55.17624272647822,4501200,0.00668589050846387
2020-10-06,55.05601501464844,55.76020960333106,54.892845818465446,55.54551605127018,6552800,-0.006529842735354915
2020-10-07,55.64856719970703,55.88043333593816,55.26211490341947,55.37375973546837,8073100,0.010705208983090372
2020-10-08,56.01783752441406,56.06936187388827,55.66573699786984,55.8976031224302,6659000,0.0066138364836920765
2020-10-09,56.455810546875,56.70485583554933,56.172420058042015,56.24111701028611,7894700,0.007788050689100383
2020-10-12,57.108489990234375,57.40905967979741,56.66193024458756,56.69627545031376,8685600,0.01149457402620138
2020-10-13,57.065547943115234,57.2373067292422,56.79933001452813,56.93673704342971,7505700,-0.0007522209062808773
2020-10-14,56.77356719970703,57.28883044847036,56.54169447901054,57.056964279701546,6566200,-0.005129719838516595
2020-10-15,56.807918548583984,56.96249817729564,56.309827905854455,56.36135226478247,6650000,0.0006048758685977078
2020-10-16,56.825077056884766,57.28881582800099,56.80790445881054,56.97965664725684,6701200,0.0003019986992292947
2020-10-19,56.086544036865234,57.06554615537172,55.9319644101575,56.825090414254696,7733900,-0.013081798758082746
2020-10-20,56.02643203735352,56.74780583755631,55.91479373995699,56.636160988232,7660200,-0.001072346973151277
2020-10-21,56.07796478271485,56.395707082588416,55.94055774887806,55.96631992974046,7013900,0.0009193707018261783
2020-10-22,56.05220031738281,56.24113172732844,55.785982358965896,56.08655207845734,7779700,-0.00045954566752761945
2020-10-23,56.15523910522461,56.37852221065621,55.98348690223203,56.24970478244849,5094100,0.0018365772774893777
2020-10-26,55.433868408203125,55.83748671434649,54.94436417822359,55.72584844480805,9352300,-0.012929232289162677
2020-10-27,55.28788757324219,55.76880564088446,55.26212539231864,55.468229391635035,5331400,-0.002636896755355823
2020-10-28,53.67338943481445,54.78120897898031,53.613275500724555,54.49781191030191,10980600,-0.02963651586962146
2020-10-29,53.656211853027344,54.188650942041285,53.0035448996519,53.53598398866583,8942700,-0.00032009029620279247
2020-10-30,53.467281341552734,53.70774035011444,52.80602807690811,53.4501087400503,10093200,-0.0035273440350438003
2020-11-02,54.31747055053711,54.566515865774825,53.89666973251602,54.23159443712729,10935100,0.015776013343160363
2020-11-03,55.210601806640625,55.71727551040143,54.798390526248824,54.8670907683321,20578800,0.016309080101601266
2020-11-04,55.23636245727539,56.17242984692863,55.167658941131904,55.51975954742134,25605800,0.00046648002095086097
2020-11-05,55.63998031616211,56.16383309395508,55.48540070055227,55.88043604001585,13919500,0.007280536706815283
2020-11-06,55.89761734008789,56.181014438131434,55.65716157881267,55.72586509687077,12703600,0.004619742356787996
2020-11-09,55.768802642822266,57.77833126996537,55.69150955227879,57.22871626671626,15142600,-0.0023071350263403154
2020-11-10,56.86802673339844,57.02260634647697,55.71726593560782,55.76020726499012,15134300,0.019518642254695927
2020-11-11,57.35753631591797,57.60658164929125,56.807921287758994,57.19436710220804,10382100,0.008570981243299419
2020-11-12,57.20295333862305,57.35753296575951,56.722041855055174,57.20295333862305,8945500,-0.0026987152652867825
2020-11-13,57.993019104003906,58.07031218690863,57.245889763511265,57.41764197807976,6167300,0.013717114179759092
2020-11-16,58.52546691894531,58.55122909834425,58.07890063627155,58.52546691894531,12955900,0.009139348429387616
2020-11-17,58.113250732421875,58.45676173575776,57.94149850671764,58.08748855375898,8147900,-0.00706828591806685
2020-11-18,57.31460189819336,58.40524906053943,57.30601887154059,58.19913848615559,7607700,-0.013838281852437134
2020-11-19,57.46916961669922,57.55504572889169,57.02260990214195,57.16001037126443,8830200,0.00269319974232225
2020-11-20,57.108489990234375,57.63234282858473,57.05696562971723,57.38329749953884,4663400,-0.006295831474846034
2020-11-23,57.12565612792969,57.29741489676116,56.77356211769758,57.21153878830897,5825300,0.0003005430233928422
2020-11-24,57.512115478515625,57.70962989692215,57.34035668867527,57.46917414307356,6064900,0.006742294606026907
2020-11-25,57.477760314941406,57.709626477577736,57.400467226110955,57.48634989190646,5245400,-0.0005975337282410176
2020-11-27,57.46916961669922,57.62374923941662,57.29741739231428,57.62374923941662,3228600,-0.00014947242633254847
2020-11-30,57.4605827331543,57.520696662844905,56.87661603676253,57.323175721331786,11581900,-0.00014942838360532904
2020-12-01,57.96725845336914,58.027372385243694,57.60657486212181,57.71821314933822,12126200,0.008779146681968513
2020-12-02,57.48634719848633,58.04454518843867,57.29741582567228,57.7697377057802,11392100,-0.008330862142680404
2020-12-03,57.63233184814453,57.73538710147197,57.33176221584774,57.34034523968008,10951400,0.0025362474469244286
2020-12-04,58.07890319824219,58.08749277572994,57.61516429282194,57.68386780886817,11055800,0.007718758979884834
2020-12-07,57.85563659667969,58.061740628506136,57.580829036934745,57.96727491560046,9466300,-0.0038516024295736765
2020-12-08,58.173362731933594,58.29359059631361,57.52928207907184,57.64950994345186,7090900,0.005476681368442404
2020-12-09,57.941497802734375,58.285008801896645,57.78691818070772,58.25924007161941,10420100,-0.0039937220148230385
2020-12-10,57.68385314941406,58.070305415017394,57.537863128862824,57.924308842539915,5723400,-0.0044565500146536655
2020-12-11,57.812686920166016,57.97585613746968,57.443413700745396,57.4605928562132,5000800,0.0022309555612642622
2020-12-14,57.58939743041992,58.319360763193274,57.572224828768405,58.096077630159286,6663200,-0.0038697701111983576
2020-12-15,57.726802825927734,58.01019988465349,57.658099317401394,57.838441113337645,6121300,0.0023831076679907523
2020-12-16,57.83843231201172,58.11323975237219,57.63232836972291,57.76972881394005,10505500,0.001931887572750901
2020-12-17,58.20771408081055,58.2764175890997,58.02737228549688,58.044544886605586,4673300,0.006364416687347663
2020-12-18,58.33653259277344,58.46535003520077,57.88997288454295,58.29359126132189,6980500,0.0022106379010568117
2020-12-21,57.70783996582031,57.820412906470814,57.101667813423845,57.69052359294368,8255600,-0.010835489290845263
2020-12-22,57.300838470458984,57.68186475909896,57.20558189829899,57.68186475909896,9107900,-0.00707778230226594
2020-12-23,57.49134826660156,57.716500751938334,57.36145234787724,57.47403189393606,4302600,0.0033192149477171097
2020-12-24,57.777122497558594,57.81176185238704,57.39609620122715,57.53465362054091,1954900,0.00495842123287735
2020-12-28,58.23609161376953,58.409281808569624,57.93300546947815,57.993622698336424,6315400,0.007912400569982317
2020-12-29,58.06290054321289,58.54783836676484,57.91568161239262,58.38330305943872,4993600,-0.0029783783224975164
2020-12-30,58.00228500366211,58.201453069797545,57.933006282057384,58.13217434819282,7359900,-0.0010445086487584818
2020-12-31,58.40926742553711,58.495869108394295,57.777117424076806,58.06288712123159,6062200,0.006992159652633293
2021-01-04,57.777122497558594,58.40061767090772,57.08434861455259,58.38329469010281,12992600,-0.010881673251359626
2021-01-05,57.777122497558594,57.89835693606744,57.240222407889874,57.69052741387819,10871900,0.0
2021-01-06,57.82040786743164,58.10617754584846,57.5692841453106,57.6645340980025,14206600,0.0007488978658872097
2021-01-07,57.64722442626953,58.00227284498011,57.41341704834342,57.863715430815645,13963500,-0.0029996903475487356
2021-01-08,57.933006286621094,57.984962024437465,57.370128235407755,57.69053736776797,17960800,0.004945178617195938
2021-01-11,57.439395904541016,57.99361235721523,57.344139332351894,57.61258606845873,9648700,-0.008556871219624911
2021-01-12,57.248878479003906,57.5692875257504,57.00640962493879,57.43939160913529,11089500,-0.003322355346370207
2021-01-13,57.335472106933594,57.55196309356607,57.16228196033984,57.188259821650846,8337500,0.0015114392841914421
2021-01-14,57.03239822387695,57.41342455587208,56.963119507735655,57.387440082232594,11549000,-0.005299995385485027
2021-01-15,56.83321762084961,57.084347985502376,56.59941023681086,56.82456273732392,13260300,-0.0034985241981685287
2021-01-19,56.58208465576172,57.13630769465667,56.53879041977905,57.023728146183494,8130800,-0.004428562468822789
2021-01-20,56.686012268066406,56.82456970283757,56.18375147719411,56.564777816032695,10700600,0.0018350734989256321
2021-01-21,56.49549102783203,56.64270993294058,56.40023445673052,56.59940908906491,8461200,-0.0033666529360216082
2021-01-22,56.34828186035156,56.69466881025942,56.21838592828842,56.452199927358386,8329300,-0.0026090806292773
2021-01-25,56.91115951538086,57.10167266712239,56.149106908414694,56.17509138010978,17486100,0.009939697431500064
2021-01-26,57.42207717895508,57.53465673994667,56.72064837429804,56.980440246205994,9304200,0.008937402267780545
2021-01-27,56.45219802856445,57.872378529314894,56.31364061054913,57.1016710602533,17826800,-0.017034621764568672
2021-01-28,56.6686897277832,57.30083978651156,56.40023637881151,56.56477166300886,19925900,0.003827621367286985
2021-01-29,55.499637603759766,56.46951980226707,55.47365973709312,56.45220342674996,19374700,-0.020845357754326548
2021-02-01,55.55159759521485,55.85468370481487,55.36974262606399,55.73344926097486,13283300,0.0009357841928318727
2021-02-02,55.92395782470703,56.37425620673419,55.60354875985425,55.76808403731664,13278400,0.0066805967096517345
2021-02-03,56.01055908203125,56.14045502031193,55.63819424924364,55.79406805382408,9542000,0.0015473560255870938
2021-02-04,56.41755294799805,56.43486932010178,55.94127013038704,56.06250455545518,7292400,0.007240104569422332
2021-02-05,56.945796966552734,57.11898713137261,56.73796084063132,56.76394531145746,8889300,0.00931955243545686
2021-02-08,57.162296295166016,57.29219224107617,56.789931440507445,57.127656935804495,9412200,0.0037946403661856688
2021-02-09,57.11032485961914,57.3181609826966,56.95445107070165,57.17094207715476,12345400,-0.0009096043935112088
2021-02-10,57.04970932006836,57.50867581694461,56.919819997801056,57.37877988789591,6957200,-0.0010619398580732403
2021-02-11,56.798583984375,57.127654581356104,56.711988892931224,57.110331598998165,7478500,-0.004411585552836536
2021-02-12,56.88517379760742,56.954445892220264,56.599404109444926,56.746616394820535,7131800,0.0015233456681363299
2021-02-16,56.78126907348633,57.03239946989863,56.58209441192411,56.989098619668795,9246600,-0.0018282397238449499
2021-02-17,56.98909378051758,57.101673338842744,56.49549452100868,56.56477323278085,8871000,0.0036534108352634887
2021-02-18,56.95445251464844,57.10167142392266,56.43487540734454,56.47817625244544,7464900,-0.0006080426327382657
2021-02-19,56.2357177734375,57.006425389901786,56.18375542835296,56.99776389792393,10246100,-0.012699767115735134
2021-02-22,56.28765106201172,56.43486333300825,55.97590354297203,56.088476466655266,8649600,0.0009230667869115994
2021-02-23,56.36559295654297,56.84187579391334,56.166424938574224,56.469511013818575,12743400,0.0013837490015838404
2021-02-24,56.33097457885742,56.51282627038771,56.05386629555661,56.218395003065375,9103700,-0.0006143643862719054
2021-02-25,55.71612930297851,56.56477706269418,55.59489485255943,56.24436795413971,17558500,-0.010974874422728369
2021-02-26,54.81552505493164,55.82870473615872,54.798205377098014,55.82870473615872,17718400,-0.016296221821273677
2021-03-01,55.36974334716797,55.82004507543165,55.18789167903962,55.205211357441016,11263900,0.010059837838377638
2021-03-02,55.27447891235352,55.69879938565875,55.248497748301006,55.30911495877318,12942700,-0.001721996077326047
2021-03-03,55.01469802856445,55.44768007708995,54.98006197525948,55.12727428613053,13450900,-0.004710913100107857
2021-03-04,54.81552505493164,55.79406538049147,54.54707830698738,55.12727264915536,25968700,-0.0036269286609437886
2021-03-05,56.02786636352539,56.19240163242763,54.84149994984739,55.04932945329494,21719300,0.021875722847822583
2021-03-08,56.27034759521485,56.86785830474071,55.94993851417817,56.045195089438224,18947000,0.0043185300993062205
2021-03-09,56.218379974365234,56.72930215789491,56.17508573945039,56.46084883158711,17259600,-0.0009239614611971807
2021-03-10,56.95445251464844,57.20558288131461,56.0798335832864,56.261685240503695,15827600,0.01300812047158227
2021-03-11,56.81589889526367,57.18826368167621,56.75528167918633,57.01506691661163,12386500,-0.002435673023159288
2021-03-12,57.28352737426758,57.3614609731523,56.98044125619056,57.02373549775478,10518200,0.008196905323557784
2021-03-15,57.534645080566406,57.58660080170648,57.18825819047825,57.49134424176273,8383700,0.004374187488388075
2021-03-16,57.60392379760742,57.78578205607221,57.46537298970707,57.46537298970707,13550200,0.0012033973685203364
2021-03-17,57.51732635498047,57.86371327067936,57.318158338030706,57.62990590148162,12254200,-0.0015044565420513896
2021-03-18,57.28352737426758,57.603929867613914,57.00641912248546,57.37012246417789,14497600,-0.004073128314857146
2021-03-19,57.48268127441406,57.638555040606235,57.20557309082577,57.34413048601004,20807100,0.0034706051963167115
2021-03-22,58.08953475952149,58.12436141615256,57.34077824821726,57.3843132296325,14499400,0.010501815805174487
2021-03-23,58.33332443237305,58.60322276309981,57.92411945191205,58.08083611160974,13216300,0.004188009654996939
2021-03-24,58.10694122314453,58.48131945596655,57.96764124762049,58.1940045381602,15831000,-0.0038884056677670076
2021-03-25,58.67287063598633,58.74252395438115,57.89799573573561,58.1853106922347,14764000,0.009692323256264911
2021-03-26,59.70893478393555,59.74376143883129,58.57709174859204,58.74251669872053,15098600,0.017504220316865257
2021-03-29,60.30967712402344,60.361920428321355,59.508683978178695,59.534802309075,11857300,0.010010903269721122
2021-03-30,59.665409088134766,60.25744902846856,59.55222742399237,60.19650403354476,14042700,-0.010740133627230064
2021-03-31,59.47386169433594,59.8830666218034,59.34327003025552,59.63928665884554,18241100,-0.0032155234388165947
2021-04-01,59.18654251098633,59.49126740866811,58.794747663248685,59.23877916701618,21191800,-0.004842723177799381
2021-04-05,59.94401550292969,60.2661571277487,59.33456555598154,59.43903889402623,20093000,0.012716858086779222
2021-04-06,60.19651412963867,60.42288413839625,59.79601743261057,59.839552425931885,19302100,0.004203394129428895
2021-04-07,60.04848861694336,60.37933188709672,59.97012697986425,60.30097689252308,20763900,-0.0024620663493516537
2021-04-08,60.109432220458984,60.23132219310361,59.95271559241514,60.02236890321358,10244700,0.0010143918655842955
2021-04-09,60.00496292114258,60.25745123579196,59.63929293820478,60.118151231937496,7020400,-0.0017394971774302012
2021-04-12,60.32709884643555,60.33580717163512,60.00495723911014,60.08331888089454,10117800,0.005354129067655783
2021-04-13,60.00496292114258,60.23133290022591,59.92660791444441,60.06590791829888,11982600,-0.005354129067655934
2021-04-14,59.95272445678711,60.03978778690535,59.70023614968981,59.97013446580824,12087500,-0.0008709482284868695
2021-04-15,60.43157958984375,60.52734459823343,60.092021327800914,60.092021327800914,7714900,0.007955483273282254
2021-04-16,60.77983093261719,60.90172091300803,60.44898764905715,60.68405928480927,7810000,0.005746196657689577
2021-04-19,60.54475784301758,60.91042777540935,60.35321455200124,60.78853779794542,10867400,-0.0038751152777316404
2021-04-20,60.87560272216797,61.06714601822978,60.0310745399895,60.11814450547632,13168800,0.005449591755407256
2021-04-21,61.18033599853515,61.35446931069701,60.945264330249984,60.945264330249984,10794900,0.0049933483406686355
2021-04-22,60.72760772705078,61.11069440318933,60.59700939268471,61.07586773785789,10762900,-0.007427413488109315
2021-04-23,60.57086563110352,60.76240888877697,60.32708571861164,60.60569228181728,9133800,-0.0025844048791351017
2021-04-26,59.89178085327149,60.536057482126274,59.80471752112999,60.536057482126274,8750100,-0.011274731070289479
2021-04-27,59.848236083984375,59.978834382104054,59.587046130250386,59.85694440852712,10078900,-0.0007273219483428761
2021-04-28,59.89178085327149,60.23133249837782,59.822127530555704,60.092025852946264,7925300,0.0007273219483429164
2021-04-29,60.52734375,60.62311539955349,59.86565717081979,59.86565717081979,9202600,0.010555944505240224
2021-04-30,60.579586029052734,60.60570436166782,60.28356276023503,60.52734272131681,10784800,0.0008627463744395854
2021-05-03,61.07584762573242,61.30221755459007,60.64923274029323,60.7101777239274,12671500,0.008158523370927998
2021-05-04,60.76242446899414,61.18033109970666,60.570881162206675,60.94525945024414,11147300,-0.005144916169818718
2021-05-05,60.718875885009766,60.8320641641284,60.509922616451384,60.74499421326649,8726200,-0.0007169594945545733
2021-05-06,61.50248718261719,61.519903837787865,60.83209209371534,60.83209209371534,10192000,0.012822996165211662
2021-05-07,61.50248718261719,61.69403053444849,61.25870715028924,61.40671550670154,9841800,0.0
2021-05-10,61.972618103027344,62.37311469571552,61.71142149616279,61.76366480303909,10558400,0.007615028003826576
2021-05-11,61.43281173706055,62.12933155803842,61.15420513717045,61.99873326129191,14385700,-0.00874855846463593
2021-05-12,60.614410400390625,61.363166905474145,60.60570207567881,61.29351359279068,13223100,-0.013411425335271478
2021-05-13,61.46764373779297,61.746250361911635,60.53605221566127,60.6057055323174,18490900,0.013978258086711982
2021-05-14,61.737548828125,62.10321877769291,61.667895511300856,61.70272216971293,9672600,0.00438139848627473
2021-05-17,61.65047073364258,62.04226560724981,61.51987908494519,61.77236070076349,10705800,-0.0014114516019962952
2021-05-18,61.45895004272461,61.963926744931136,61.42413001861361,61.72014672110935,11168900,-0.0031113921942879886
2021-05-19,61.25867462158203,61.34573792368123,60.82335146858187,61.16290299652166,13709500,-0.0032640070975508955
2021-05-20,61.824607849121094,62.0422694671651,61.23256798234118,61.267394638328874,11336300,0.00919600459822853
2021-05-21,61.83329772949219,62.23380087565633,61.720116101013545,61.98131264981553,7779600,0.0001405471060622918
2021-05-24,62.01614761352539,62.23380921920707,61.78977768371503,61.911667651496366,6535900,0.002952778938669641
2021-05-25,62.03357696533203,62.08581364138476,61.659198621104125,62.0596953033584,8271800,0.00028100589470080565
2021-05-26,61.90298080444336,62.12935081279219,61.78979912152262,62.06840580775682,10622500,-0.0021074687174601806
2021-05-27,61.519893646240234,62.20769863386148,61.45894200574797,62.00745363012566,12693900,-0.0062077372630958685
2021-05-28,61.65047073364258,61.9116673160474,61.60694239824512,61.6156440798216,8476400,0.0021202687347337593
2021-06-01,61.441532135009766,62.04228043258991,61.23257880465839,61.88556377419973,8893800,-0.0033948395416510614
2021-06-02,61.66790390014648,61.7810855735027,61.3805889110421,61.52859724754795,6411300,0.0036775738328188876
2021-06-03,62.05096435546875,62.10320765498301,61.48504952451936,61.48504952451936,9410000,0.006192453662203372
2021-06-04,62.26865005493164,62.416665044599,62.068405030540305,62.233830031782325,6078200,0.0035020366331532586
2021-06-07,62.16415786743164,62.35570114926,61.88555126909183,62.277339514646,7306900,-0.001679496168358085
2021-06-08,61.64176559448242,62.25992371949502,61.63305727088939,62.18156209216699,8545200,-0.008438939891554876
2021-06-09,61.34577178955078,61.83333186446665,61.328361776521426,61.52860681764423,8273800,-0.004813404393874429
2021-06-10,61.72882843017578,61.88554504112704,61.43280521282135,61.45892354089579,8213000,0.006224807991863497
2021-06-11,61.7636604309082,61.87684207653459,61.46763718791625,61.85072374619813,6232300,0.0005641153073739823
2021-06-14,61.72882843017578,61.74623843472388,61.35445022859802,61.71141178312308,10449400,-0.0005641153073740656
2021-06-15,61.580833435058594,61.92038505832825,61.5198884422283,61.781078421855554,5151600,-0.002400380699106317
2021-06-16,60.76242446899414,61.66789769221278,60.74500781791921,61.59824437292532,10507100,-0.013379097271060871
2021-06-17,60.9800910949707,61.110689418684494,60.60571277632806,60.77113776253264,9239700,0.0035758560911201597
2021-06-18,59.90048599243164,60.640534240022205,59.883069341426065,60.56217259550932,16882500,-0.01786281692427735
2021-06-21,60.58749771118164,60.648838561447555,60.21945260958616,60.25450547911686,14278400,0.011403944909743679
2021-06-22,60.67512130737305,60.92924957530701,60.499863660491336,60.59625737197148,8351000,0.0014451875136993527
2021-06-23,60.29831314086914,60.63131203974827,60.29831314086914,60.622547151448586,7072900,-0.006229622012887817
2021-06-24,60.59626388549805,60.66636962604671,60.2632649607176,60.3158476089548,6343700,0.004929110224982048
2021-06-25,61.06071472167969,61.1308204760116,60.526170044791094,60.63132867628896,9241300,0.0076354533535118955
2021-06-28,61.11328125,61.27978071939386,60.97307644865649,61.10452304630156,7570600,0.000860519149693058
2021-06-29,60.84163284301758,61.2534957492555,60.74523911238096,61.14833712883773,13155400,-0.0044549062785706785
2021-06-30,61.3148307800293,61.39369472360964,60.94678567201829,60.973073653211735,8815100,0.007747446019116098
2021-07-01,61.13080978393555,61.490090012154496,61.03441606000207,61.341120324494234,11633100,-0.003005760495717766
2021-07-02,61.27977752685547,61.46380007971073,61.19214869487458,61.27101263796198,20733300,0.0024339041210663876
2021-07-06,61.02566146850586,61.16587297630578,60.736480247908034,61.13957830435379,7595700,-0.004155439465375094
2021-07-07,61.34989547729492,61.58649403929915,60.999373393954926,61.00813828459291,7880500,0.005299011919955825
2021-07-08,61.12204360961914,61.39369499736455,60.88544509217174,61.06070275801045,9212900,-0.0037208871233455963
2021-07-09,61.472564697265625,61.58648150977282,61.235959497745135,61.35864119910713,6286900,0.005718392475121758
2021-07-12,61.37617492675781,61.46380376399137,61.1395697120103,61.36741003733894,7384200,-0.0015692434547231854
2021-07-13,61.35865020751953,61.73546025578194,61.235968488145936,61.35865020751953,12057600,-0.0002855704456857568
2021-07-14,61.901954650878906,61.98958348813379,61.34988695908654,61.43751579634143,7616100,0.008815597855352969
2021-07-15,62.15607833862305,62.16484322739254,61.63029866852479,61.80555633000713,8662500,0.004096857528040733
2021-07-16,62.252471923828125,62.48907043488396,62.17360129637536,62.2612368125787,8634300,0.0015496298974837916
2021-07-19,62.06844711303711,62.45401529055177,61.51637279793158,62.04215913339417,20734400,-0.002960482380971939
2021-07-20,62.08597183227539,62.69062212252201,61.919479061620684,62.05968385194313,20404900,0.00028230520513950846
2021-07-21,61.92824935913086,62.42774113994732,61.9107262640375,62.375165169014785,9366300,-0.002543620508487676
2021-07-22,61.82310104370117,61.98959385663787,61.42876118161849,61.770518384031774,9632100,-0.0016993485790857787
2021-07-23,62.56795120239258,62.64681515697519,61.75299024344417,61.840619088197826,9732400,0.011976087473098935
2021-07-26,62.673099517822266,62.7694932471731,62.31381926941161,62.47155385510827,5952200,0.0016791353878053117
2021-07-27,62.80454635620117,63.07620445159804,62.45402431048556,62.65557665960892,14720700,0.002095144287205637
2021-07-28,62.252471923828125,62.73443383469038,62.12102533517434,62.65556989288884,9114100,-0.008829220884704092
2021-07-29,62.55918502807617,62.73444271398599,62.418980216478744,62.4803210751124,8811100,0.004914824931244965
2021-07-30,62.66434097290039,62.98856834654214,62.56794724407395,62.65557608328384,10403700,0.0016794922312142
2021-08-02,62.40144729614258,62.72568135297605,62.33134155104585,62.66434049742938,12049800,-0.004204092383751378
2021-08-03,62.68185806274414,62.79578155989197,62.26999520368931,62.418971570294055,8647700,0.004483591723859837
2021-08-04,61.86689758300781,62.62051756646217,61.823086510177525,62.46278299584029,8886500,-0.013086796517720186
2021-08-05,62.16485595703125,62.29629588723264,62.01587956004866,62.19114394307152,7063000,0.004804559134034529
2021-08-06,62.16485595703125,62.41898429817495,62.050932436653234,62.30506077779693,13492100,0.0
2021-08-09,62.39268493652344,62.49784355843255,62.22619214223247,62.36639695245918,9054900,0.0036582166271977353
2021-08-10,62.83958435058594,62.86587232780122,62.41019845621881,62.51535036507994,11291700,0.007137159035081302
2021-08-11,63.04990768432617,63.304035991871785,62.9447557540671,62.99733171919664,14992700,0.0033413992864364172
2021-08-12,63.014862060546875,63.128778881228385,62.90093855421359,63.08496111946146,6432100,-0.0005559939506179915
2021-08-13,63.54063034057617,63.601971184621696,62.99732094642259,63.0937146564442,8808500,0.008308944873236346
2021-08-16,63.90869903564453,63.92622213228661,63.42673030732435,63.54065383528351,7903100,0.0057759380946926665
2021-08-17,63.9437370300293,64.18910043982198,63.64579097124425,63.79476734346253,15666000,0.0005481005499798402
2021-08-18,63.14630889892578,63.91745880241359,63.10249781800648,63.821065064477615,10669200,-0.012549190462673167
2021-08-19,63.65453338623047,63.78597993382508,62.83080792791006,62.8658607863119,13035600,0.008016148783040808
2021-08-20,63.75969696044922,64.01382518955037,63.409175034597645,63.64577349029891,10454500,0.001650735523227987
2021-08-23,63.55815887451172,63.88239289832338,63.53187089419072,63.76846940273085,8794500,-0.0031659071376895728
2021-08-24,63.076202392578125,63.540641246588386,62.988566869770985,63.52311146776627,8494200,-0.007611817268960967
2021-08-25,62.971046447753906,63.1200161458024,62.75197100274659,63.03238730492987,8007400,-0.0016685166901682328
2021-08-26,62.68185806274414,62.92722146329138,62.471547531653826,62.883410390708654,13078000,-0.004602979879097447
2021-08-27,62.90093994140625,63.01486345025196,62.53289480279377,62.7432053554792,9126200,0.0034890463406181986
2021-08-30,63.18135070800781,63.242691559072185,62.85712336051814,62.91846421158251,5645800,0.00444806685366088
2021-08-31,63.32155990600586,63.39165895780228,63.076196510590655,63.233931077022014,8037000,0.0022166961175858054
2021-09-01,63.65453338623047,63.7158742170214,63.26020042909575,63.37411720466488,8399100,0.005244676140823627
2021-09-02,63.8999137878418,64.00507239115292,63.67208017581074,63.78599698182627,6623300,0.0038474660781284303
2021-09-03,63.821075439453125,63.917469193059205,63.523129286765176,63.70715190210762,6010700,-0.0012345403661324819
2021-09-07,63.08497619628906,63.71591467687228,63.04116510970341,63.71591467687228,9206300,-0.011600825791347073
2021-09-08,63.62826156616211,63.69836730076244,62.97103534699832,63.00608821429849,10662900,0.008575089841309537
2021-09-09,63.260215759277344,63.584443078180094,63.19887491362135,63.56691998755728,7741500,-0.005801107347033839
2021-09-10,62.98856735229492,63.409195133775555,62.86588564220719,63.38290715099272,10269900,-0.004303389221062415
2021-09-13,63.14630889892578,63.68961845041469,62.99733918962564,63.23394443206941,13798000,0.0025011580230969487
2021-09-14,62.857139587402344,63.34786652260093,62.75198095029419,63.30404875239259,9145500,-0.004589871509961808
2021-09-15,63.08497619628906,63.19013483827072,62.70816608625483,62.85714250047553,8824700,0.003618120213651473
2021-09-16,62.87464904785156,63.19888309437541,62.348869347647934,63.00609564431537,9789900,-0.0033395993916308956
2021-09-17,62.53289413452149,62.93599214188239,62.52412924493811,62.70815181227775,13150000,-0.00545032221622097
2021-09-20,61.90860366821289,62.46411215393429,61.43245065445723,62.10259268055636,17880700,-0.010033561387836874
2021-09-21,61.83806228637695,62.57874701023457,61.72343547090925,62.08496167920988,11140400,-0.0011400935763830474
2021-09-22,62.0144157409668,62.40238702613055,61.89096941468921,62.24366935987076,10025900,0.0028478004894816797
2021-09-23,62.24369812011719,62.52586897035431,62.04089623066343,62.102619422321965,8440500,0.0036904252325542742
2021-09-24,62.2701301574707,62.54347464304657,62.15549661656175,62.15549661656175,6717300,0.00042456389167678865
2021-09-27,61.98795700073242,62.464103219059616,61.93504663300313,62.17312646948621,8467100,-0.004541734839670479
2021-09-28,61.256099700927734,61.890970375826136,61.03565886810581,61.82042769476624,14982900,-0.011876692833708104
2021-09-29,61.81161880493164,62.129054196956766,61.24729071406952,61.37955658196691,13329500,0.00902792192461288
2021-09-30,60.70059585571289,62.014428308861376,60.674144027195545,61.961517924505095,16259900,-0.018137838923811187
2021-10-01,60.85929870605469,61.150282203396245,60.28615795515277,60.88575725543843,15889200,0.0026111069128843772
2021-10-04,60.66531753540039,61.27372963586178,60.2420681927437,60.84166750390396,20351600,-0.0031924616000509683
2021-10-05,60.973934173583984,61.24727864667981,60.68295066700575,60.81521650884314,16186100,0.005074304487249814
2021-10-06,61.564701080322266,61.626424229941335,60.585943473992245,60.65648613850511,14909900,0.009642207660962594
2021-10-07,61.83806228637695,62.384757993811846,61.7939781545758,61.873333628210226,8396800,0.004430397597818369
2021-10-08,61.76752853393555,62.0232339985395,61.65289498705705,61.88215535349321,7285700,-0.0011412713555941866
2021-10-11,61.7498779296875,62.08495226262172,61.69697428862191,61.86451145508902,8218300,-0.0002857994654119702
2021-10-12,61.776336669921875,62.25248967480577,61.64407755244328,61.802788493417594,12401200,0.0004283906978738029
2021-10-13,61.890968322753906,62.05849877556335,61.353092170325425,61.83805795005398,9548300,0.0018538721397660968
2021-10-14,62.58756256103515,62.684550335779335,62.07613822784507,62.12022235685239,9975100,0.01119231573611162
2021-10-15,62.43765640258789,62.82563440287083,62.26130643554293,62.79918258054609,11575200,-0.002398015880730433
2021-10-18,62.06730270385742,62.35828613500532,61.741047942208105,62.16429718090672,10043300,-0.005949237584243798
2021-10-19,62.093772888183594,62.1025924052475,61.6617107345379,61.96150704150663,10203100,0.0004263845911608387
2021-10-20,62.455299377441406,62.66692069671548,62.102592693771,62.1554963417594,8829700,0.005805382537854891
2021-10-21,62.37593460083008,62.59637542810064,62.30539864886682,62.54347178229816,7976400,-0.0012715533568873154
2021-10-22,62.86090087890625,62.95789537147362,62.446471088358315,62.49937472891524,9575700,0.007744825239839449
2021-10-25,62.81682586669922,62.95791124685291,62.375944144700696,62.81682586669922,6844600,-0.0007013973781235904
2021-10-26,63.03727722167969,63.19599493711416,62.78156497307291,62.82565584354116,8805500,0.003503287934803729
2021-10-27,62.66691970825195,63.407604405008826,62.640467884674976,63.36351354750031,10334900,-0.005892541285066913
2021-10-28,62.88735580444336,62.91380762602796,62.57874000708991,62.68454729342833,8614800,0.003511410850636805
2021-10-29,62.82564163208008,63.07253430528043,62.6669239525483,62.72864712084839,8105300,-0.000981826518806276
2021-11-01,62.92262268066406,63.06370129488508,62.70218187999674,62.95789401604915,7033700,0.0015424637205465343
2021-11-02,63.34588241577149,63.48696779554241,62.77274156058534,62.95791107604379,9942700,0.0067041471677807395
2021-11-03,63.93666458129883,63.93666458129883,63.310613388641706,63.35469752125883,10471100,0.009283070177854916
2021-11-04,63.99839401245117,64.05129766769777,63.53987324257604,63.707410453952114,11701700,0.0009650120400353551
2021-11-05,64.36873626708984,64.47455031018663,64.12184356051905,64.24528991380446,9929100,0.005770064055106042
2021-11-08,63.8572998046875,64.4392668412675,63.55750349662176,64.39517598310704,12813600,-0.007977150197716954
2021-11-09,64.0777359008789,64.13945906134549,63.663306083180416,63.87493411391152,13527600,0.0034460664058504004
2021-11-10,64.271728515625,64.43926570088533,64.02483585986472,64.13946267080476,11350400,0.0030228838639969305
2021-11-11,64.22763061523438,64.35108365689734,64.07773248029163,64.31581232032501,6319100,-0.0006863520942054329
2021-11-12,64.22763061523438,64.52743361243944,64.12182333283695,64.35989644555073,7469800,0.0
2021-11-15,64.53627014160156,64.6068061060215,64.21883475608713,64.3422811029737,6381300,0.004793892009073628
2021-11-16,64.13064575195312,64.70378649707035,64.10418720283643,64.49216519537599,6562200,-0.006305051000645703
2021-11-17,63.98957824707031,64.19238681627913,63.874951411539456,64.06894046191611,10444900,-0.0022021123205407268
2021-11-18,63.76030349731445,63.910208374432834,63.45168768087116,63.82202666060311,11269500,-0.003589435744138829
2021-11-19,63.531036376953125,63.9190075806116,63.495765044380754,63.901375277984826,11924000,-0.003602246130888433
2021-11-22,64.03366088867188,64.47454259114252,63.53986880732654,63.610411494278864,13425400,0.007880348145953842
2021-11-23,64.45689392089844,64.56270793551012,63.936656818860776,64.04246410615256,13405700,0.006587792597061149
2021-11-24,64.26290130615234,64.46570980757575,63.97192455516331,64.36871531480622,9556400,-0.003014186920942121
2021-11-26,63.45168685913086,64.12182885710055,63.22242651531909,63.830845350799486,11715600,-0.012703722706031819
2021-11-29,63.61039352416992,63.85728613143431,63.20478327976143,63.52221855404964,13646600,0.002498097734497442
2021-11-30,61.97914505004883,63.266518699939894,61.8468792055605,63.21361505307269,23715100,-0.025978918886345584
2021-12-01,61.6793327331543,62.922622065883786,61.65288091370376,62.402378283185854,22897400,-0.004849047307272741
2021-12-02,62.33185195922851,62.72864276685632,61.89097029416637,61.89097029416637,18704000,0.01052365155192159
2021-12-03,63.10779571533203,63.204790211297215,62.49056412948058,62.67573360523602,22867600,0.012371744781338458
2021-12-06,64.21882629394531,64.45689943804946,63.54868426535071,63.55750378248656,18524400,0.017452104836696892
2021-12-07,64.3598861694336,64.67732142058125,64.20116854385977,64.3246148384929,13169300,0.002194141306555504
2021-12-08,64.1571044921875,64.53626300924172,63.610408782593794,64.25409900078188,14489800,-0.003155720414659139
2021-12-09,64.33345794677734,64.56271831831174,63.874943931029534,64.14828843691836,8613900,0.002745004177401461
2021-12-10,65.41801452636719,65.46209865035675,64.59797447418408,64.71260126934023,10890000,0.016717834775426373
2021-12-13,66.27333068847656,66.4761324735411,65.30338570835963,65.40038020637132,16518100,0.012989892200712626
2021-12-14,66.31741333007812,66.42322734208054,65.8853512205445,66.14106337072718,16048300,0.0006649429951105702
2021-12-15,66.98756408691406,67.06691956085334,66.29978973682461,66.32624156147104,21277000,0.010054484317416642
2021-12-16,67.46369934082031,67.70177242724411,66.9258232902982,66.93464280529724,14499000,0.0070826741553889705
2021-12-17,66.30859375,67.56070267853583,66.27332914001958,67.2256283378444,23809700,-0.01727015772815965
2021-12-20,66.32814025878906,66.36365339448831,65.72443049877793,65.80433674746075,14116700,0.0002947374884738938
2021-12-21,66.23937225341797,66.37254484194486,65.84873446665621,66.32815172128949,11872100,-0.0013392122542838167
2021-12-22,66.65663146972656,66.6832646280559,65.95526228215587,66.21272743506951,7650200,0.006279505413831449
2021-12-23,66.80755615234375,67.03838814325334,66.70989672439885,66.81643612945818,8089000,0.0022616516031560567
2021-12-27,67.51779174804688,67.51779174804688,66.85193584036766,66.85193584036766,7343200,0.010574954401030314
2021-12-28,67.89955139160156,67.97057087601901,67.437887488986,67.437887488986,7285200,0.005638283044925641
2021-12-29,68.2103042602539,68.37898320892407,67.8551796327059,67.97059225794747,7891600,0.004566214652204367
2021-12-30,67.99720001220703,68.44998391248201,67.95281368374799,68.37895765882391,6802800,-0.003129114259405204
2021-12-31,68.45887756347656,68.56541696524694,67.91731412465981,67.95282725858327,11289000,0.006766709421696125
2022-01-03,68.44998931884766,68.48550244848163,67.49115513904098,68.05935843974771,22320300,-0.0001298417676486884
2022-01-04,68.91166687011719,69.12473891665681,68.40561652618668,68.43224968532435,23066000,0.006722098474166811
2022-01-05,68.84951782226562,69.4088344621145,68.79624473268147,68.82287789075457,29748500,-0.0009022723230292789
2022-01-06,68.66305541992188,69.23125867177744,68.56540278862023,68.80510792624484,25023900,-0.002711934075945583
2022-01-07,68.73410034179688,69.00044547677568,68.3701025489932,68.5565414341031,12650300,0.0010341542779813162
2022-01-10,68.1925277709961,68.76960430417621,67.97057577926815,68.6275585516577,18578300,-0.007910446672717801
2022-01-11,68.11264038085938,68.17478667862358,67.36687803425048,68.12152035866525,19571600,-0.0011721844500413036
2022-01-12,68.13925170898438,68.19251801187616,67.81964034476114,68.06822545617115,11155200,0.00039061958047273686
2022-01-13,68.2635498046875,68.40560232184237,67.98833151949599,68.21028349747284,14287300,0.0018225157948241473
2022-01-14,68.38785552978516,68.47663498337162,67.78414576258379,68.0948772368555,21391700,0.0018193118333466598
2022-01-18,67.4023666381836,67.89954361276774,67.18929466246809,67.88178366362047,16683800,-0.014515127502403094
2022-01-19,67.82853698730469,68.29907417430445,67.50892554454298,67.52667872539065,18518500,0.0063028752827941495
2022-01-20,67.38462829589844,68.34346255784106,67.32248200707461,67.76638600536981,15677800,-0.006566080830128148
2022-01-21,67.43789672851562,68.2990715960346,67.33135732713757,67.72199502541942,25270600,0.0007902008270405583
2022-01-24,67.21593475341797,67.6154523692539,65.79544347957581,67.17154842283843,35518900,-0.00329678218128173
2022-01-25,66.47017669677734,66.8608075479485,65.67114827073296,66.62998238198622,28638500,-0.011156967382810341
2022-01-26,65.96414184570312,66.86082311321124,65.57350413015473,66.26599333612653,33222000,-0.0076420873291335725
2022-01-27,66.40803527832031,67.45564889727056,66.15057016811491,66.48793474005463,23816500,0.00670677337414381
2022-01-28,67.1893081665039,67.22482129850009,65.48471847131111,66.06179501273375,25111500,0.011696067816899669
2022-01-31,67.44676208496094,67.50890836226733,66.62998050509512,66.78090621091975,15453000,0.00382444662530516
2022-02-01,67.38462829589844,67.59770031851764,66.69213914230792,67.44677458472226,15620900,-0.0009216517501635642
2022-02-02,68.1925277709961,68.29906716546292,67.39350601952526,67.4556523062716,13630400,0.011918070291134873
2022-02-03,68.2103042602539,68.54766893103313,67.78415335250853,67.8818127944202,14414700,0.0002606469249023443
2022-02-04,67.37574005126953,68.06822911988036,66.99398238864605,67.74861773845434,17939500,-0.0123106290644656
2022-02-07,67.50004577636719,67.82853719728865,67.10940806212955,67.64209831734013,10949400,0.0018432628144504156
2022-02-08,67.75749969482422,67.94393854386728,67.3935019724364,67.65984028245354,11472900,0.003806874189307912
2022-02-09,67.77525329589844,68.2369172069759,67.65984070484751,68.08599148634696,14899300,0.000261982447548777
2022-02-10,67.04725646972656,67.71311246267584,66.8075512925773,67.40238102065366,19828500,-0.010799441470433388
2022-02-11,66.80755615234375,67.49116537452016,66.61223729645394,67.24258020281965,18498300,-0.003581501014568478
2022-02-14,66.62113189697266,67.05615604293679,65.73332364691723,66.80757081667157,23550800,-0.002794367229479237
2022-02-15,66.73651123046875,67.4467601854847,66.42577985268778,67.02060945778793,12300400,0.0017303749463369802
2022-02-16,66.8608169555664,67.10052890382647,66.21272092184445,66.70101124787215,13507700,0.001860901900622829
2022-02-17,67.37574005126953,67.56217889486194,66.49681213906631,66.69213095809738,12873300,0.007671913416214101
2022-02-18,67.50004577636719,67.75751092680218,67.10053485839721,67.32248687358896,16470100,0.0018432628144504156
2022-02-22,66.97622680664062,67.60656957142356,66.55007605555996,67.55329649414074,21545800,-0.007790543402026824
2022-02-23,66.43467712402344,67.2337057130897,66.34589767489115,67.19819257874923,15134300,-0.008118566641415552
2022-02-24,65.28942108154297,65.6978120735115,64.09088127002492,65.55575949885832,30125500,-0.01738914772186729
2022-02-25,67.39350891113281,67.49116156012076,65.64452605752417,65.6711592139243,21141600,0.031718688042614795
2022-02-28,66.49683380126953,66.77205216859474,65.77770457207703,66.39029438160873,20975100,-0.013394371806626013
2022-03-01,66.106201171875,66.86083682614475,65.75107651885412,66.31927325431177,18750300,-0.005891777054374757
2022-03-02,66.80755615234375,67.10940763985496,66.03516070589893,66.12394693016734,18935000,0.010553632735550435
2022-03-03,67.3490982055664,67.74860899406531,67.04724004054228,67.10051311286169,19576500,0.008073322895856484
2022-03-04,67.35798645019531,67.5000321891376,66.32812605575819,66.58559115436748,22078900,0.00013196402645821055
2022-03-07,66.1328125,67.2869655478838,66.0529130355069,66.99398729786816,20057300,-0.018356446473207902
2022-03-08,64.34832000732422,66.37252094925849,64.30392690264942,66.20383527961837,29710400,-0.027354204058568157
2022-03-09,64.78333282470703,65.36928241954165,64.50811458875711,65.35152924479206,18254000,0.006737534189881428
2022-03-10,64.17076110839844,64.57027877216302,63.567051397911115,64.3216868426609,21892400,-0.00950068827340681
2022-03-11,63.42501449584961,64.75672668079535,63.33622826476914,64.4016020767888,14276500,-0.011689338469167065
2022-03-14,63.76239776611328,64.4016208853229,63.416153038781474,63.82454408195642,18438900,0.005305305856973704
2022-03-15,65.19174194335938,65.27164141239423,64.1885213382202,64.33944707313327,17078100,0.022169163707122266
2022-03-16,65.26277923583984,65.60014389560523,64.33057796563945,65.35155869646877,18783200,0.0010890737838702288
2022-03-17,65.71556091308594,65.83098031571926,65.06746471104593,65.21839048155506,14484600,0.006913868054358759
2022-03-18,65.86648559570312,65.92863189222716,65.28052899410075,65.77769936629308,20278600,0.002294002150106164
2022-03-21,65.9511947631836,66.53980912235193,65.58554595558952,66.03146345041608,17659100,0.0012852476073086283
2022-03-22,66.44170379638672,66.57548039976191,65.87985022720372,66.44170379638672,11667300,0.007409933356054063
2022-03-23,65.90660858154297,66.69142094062717,65.84418040302674,66.52197011144263,14027800,-0.00808621010583956
2022-03-24,66.370361328125,66.39711529037069,65.95119777517904,66.17415653277487,9458800,0.0070118728450372664
2022-03-25,66.92330169677734,67.05707831256753,66.46846392475527,66.53089210490252,12508400,0.008296621577580416
2022-03-28,67.19975280761719,67.19975280761719,66.55763064395119,66.95004014489369,11602600,0.004122356195330899
2022-03-29,67.79728698730469,67.92215013475865,67.19083897523862,67.72594536553721,16595100,0.008852610144961219
2022-03-30,67.84188079833984,67.85080105253465,67.24435304633452,67.52973994312515,13367500,0.0006575359222538827
2022-03-31,67.68135833740234,68.09160162533834,67.56542223564689,67.76162702643391,12388500,-0.0023689300378282123
2022-04-01,68.3591537475586,68.43941563113475,67.54758063587414,67.80621360099904,12644000,0.009964693726014473
2022-04-04,68.14512634277344,68.24322194838656,67.3692273211406,68.24322194838656,9618400,-0.0031358369133855013
2022-04-05,68.20753479003906,68.91207835937347,67.83295896832284,67.83295896832284,12717200,0.0009153976329480387
2022-04-06,69.07260131835938,69.16179024011174,67.91322018133238,68.20752729313254,23849600,0.01260310491065201
2022-04-07,69.91096496582031,70.06257532589079,69.10831187697217,69.30451672137538,18311500,0.012064358951440432
2022-04-08,70.20524597167969,70.41928444725566,69.78608247072977,70.09822333181148,13879400,0.004200533779685922
2022-04-11,69.91987609863281,70.5619984859112,69.78609946725612,70.33011944513576,18229900,-0.00407307788001857
2022-04-12,69.93769836425781,70.41929007591804,69.68798565543274,69.92878491334335,19804800,0.00025486307466608286
2022-04-13,70.3301010131836,70.42820339687191,69.87526330737055,69.88418356156775,11715500,0.005595064217716336
2022-04-14,70.312255859375,70.80276774540926,70.26766819965545,70.44603244685342,12195600,-0.0002537664228782153
2022-04-18,69.73259735107422,70.41038721268642,69.536392515916,70.15176098906444,11426700,-0.00827823094242451
2022-04-19,70.7938461303711,70.89194850569135,69.69689310329518,69.75932126902991,12814100,0.015104188631373843
2022-04-20,71.85514831542969,72.01567889348874,71.1416775675758,71.18627204087716,21659600,0.014880185758019884
2022-04-21,71.79271697998047,72.54185510855689,71.7392090576996,71.99784202232556,18501800,-0.0008692275273523734
2022-04-22,70.66900634765625,72.05135337512434,70.60657816730254,71.96217123235638,19747900,-0.015775941941034877
2022-04-25,70.98114013671875,71.19518542290693,69.7236564001263,70.89195800288734,30868200,0.004407115728647817
2022-04-26,69.88420104980469,71.21303348298991,69.86636053694575,70.87413858445252,26864500,-0.015574608362145137
2022-04-27,70.142822265625,70.87412667422055,69.84851509036851,70.0357996189424,29441700,0.0036938799920946423
2022-04-28,71.1773452758789,71.25761395964814,69.87526706366391,70.24092265964245,22128500,0.014641101951344862
2022-04-29,69.2420654296875,70.9276329519556,69.1528832949323,70.82061711191365,27802900,-0.02756602358886969
2022-05-02,68.3323974609375,69.82176021933937,67.32461959592575,69.72365782886637,55145100,-0.01322456518722933
2022-05-03,68.13618469238281,68.77830688050805,67.6902672622025,68.21644656381847,47646900,-0.002875576204641319
2022-05-04,69.6701431274414,69.7682455083663,67.95781499030873,68.16294000610446,37161600,0.02226344492423104
2022-05-05,68.35023498535156,69.4561084984642,67.84188929911613,69.29557792364454,32186100,-0.019126862266961926
2022-05-06,68.42157745361328,68.76939253470182,67.75270125087982,68.10051633196838,34046900,0.0010432335941140422
2022-05-09,68.39483642578125,69.0012845697556,67.5743429574664,67.89540413981528,33323800,-0.0003909038018803252
2022-05-10,67.92215728759766,68.96560261107578,67.64568380905203,68.74264385969185,32510900,-0.00693502724420248
2022-05-11,67.6278305053711,68.76937789298991,67.57431579371705,68.00239946615368,30110100,-0.004342711490886034
2022-05-12,67.60997772216797,68.10048946565838,66.88759388553473,67.76159477280186,29049700,-0.00026402059514001324
2022-05-13,68.62670135498047,68.6802160824546,67.53866835736983,67.9489116458121,15405300,0.01492611998283265
2022-05-16,68.9388427734375,69.25098363793684,68.28780028105842,68.58210744079803,14613700,0.004538083371478249
2022-05-17,68.4661636352539,68.87641368504065,67.77053348814147,68.69804261901153,20637000,-0.006880113252004781
2022-05-18,64.06050109863281,67.74377670556102,63.85537608228952,67.71702274781194,40188900,
2022-05-19,62.91897201538086,63.721618200177915,62.49980840980426,63.703784491162,38772000,-0.01798022638930376
2022-05-20,63.05274200439453,63.29354130377819,62.05389099706134,63.275700790554566,26185000,0.0021238107353888543
2022-05-23,64.35482025146484,64.58669246466681,63.56108079988098,63.74837214739542,17710900,0.02044028719022942
2022-05-24,65.40717315673828,65.5052755473556,64.09618147188675,64.20319731317049,23272400,0.016220095724858677
2022-05-25,65.42500305175781,65.6122875477799,64.87206301291185,65.28230621431639,16647300,0.0002725613170493112
2022-05-26,66.12064361572266,66.45953845218135,65.62121821374967,65.72823405465199,16580500,0.01057651189919813
2022-05-27,66.88762664794922,66.88762664794922,66.10281427811132,66.21875038146973,16921300,0.011532990122285394
2022-05-31,66.41495513916016,66.851952394526,65.71932491106234,66.53089124245605,19212200,-0.007091737961054875
2022-06-01,65.54987335205078,66.55764446565232,65.11287610153556,66.50413654228834,17552000,-0.013110980995532828
2022-06-02,66.50414276123047,66.50414276123047,64.62237016646884,65.7014898149072,17618500,0.014452964756544166
2022-06-03,65.83525085449219,66.4862933135416,65.66580004922723,66.22766038072253,9750300,-0.010108820730215627
2022-06-06,65.86201477050781,66.49521681728879,65.63905601583164,66.290098573317,10924200,0.00040644604513317837
2022-06-07,66.20982360839844,66.29900574098438,65.00584780808683,65.00584780808683,9070200,0.005266976612239197
2022-06-08,65.39825439453125,65.98686188626851,65.3536599281777,65.83525158732289,7896600,-0.012333277918120373
2022-06-09,64.41724395751953,65.96903492618553,64.39940344749019,65.33583290336297,9442200,-0.015114206308187631
2022-06-10,64.1407470703125,64.64909255399832,63.293506865555635,63.623481334868416,17720500,-0.004301518891714621
2022-06-13,62.75843048095703,63.62350470280038,62.499797518243085,63.18650746436143,22813000,-0.02178692241007862
2022-06-14,62.01820755004883,63.02597866409569,61.57229004405552,62.74059173242642,19864600,-0.01186490718730894
2022-06-15,62.08063888549805,62.95463343135697,61.38500862944174,62.45520797658044,20069400,0.0010061550531574367
2022-06-16,61.60797500610352,62.08064655622945,60.84099621769308,61.23340586873908,19017100,-0.007642840603203919
2022-06-17,61.385009765625,62.05388607100738,61.1085362659037,61.714984388283526,24825300,-0.003625661823558491
2022-06-21,63.02302169799805,63.1937449385401,61.81899234223814,62.115502634687765,16147200,0.026334418697348955
2022-06-22,62.97810745239258,63.40940584831118,62.465944463320426,62.70855195329196,15207200,-0.0007129181747915138
2022-06-23,64.20011138916016,64.26300835762578,63.346508694947424,63.40940566341305,16570700,0.019217780484577177
2022-06-24,65.45805358886719,65.48500845151572,64.53256674324106,64.76618697828664,13437000,0.01940458854401388
2022-06-27,65.27833557128906,65.62876241912609,65.0896447190117,65.52093613700181,10936500,-0.0027493207046095816
2022-06-28,64.40677642822266,65.88036841457595,64.35286669990046,65.46704450184323,11004000,-0.01344136195209069
2022-06-29,64.81108856201172,65.08065081207029,64.50559107684795,64.65833981942984,9230600,0.006257856887668989
2022-06-30,64.85602569580078,65.14355559802328,64.09227503570226,64.47864398449379,12670700,0.0006931153800297324
2022-07-01,65.79051208496094,65.83543457040682,64.76618618532811,64.87400563460214,11664100,0.014305810813681444
2022-07-05,65.36819458007812,65.57485992977031,64.31691392075233,65.35022695870475,12828700,-0.006439815931740097
2022-07-06,65.556884765625,66.01513794126407,65.35022627335435,65.61079448443401,11768100,0.0028824166787825714
2022-07-07,65.61976623535156,65.72759250277505,65.23339734614979,65.5029595870822,8476300,0.0009587296834194238
2022-07-08,65.50297546386719,66.02412559985294,65.29631011502656,65.64673700002457,10732500,-0.0017813965885085513
2022-07-11,65.41313934326172,65.8624053913466,65.18850631921927,65.4221197284392,7172500,-0.0013724228654154208
2022-07-12,65.22441101074219,66.08700745153662,64.99079771097749,65.50296049161956,11032200,-0.0028893448063751284
2022-07-13,65.26933288574219,65.85337977898702,64.68528599249736,64.84702194977666,13851600,0.0006884908875036254
2022-07-14,65.32327270507812,65.42211177205685,64.41576033409899,64.43372795752467,10801700,0.0008260777424464631
2022-07-15,65.5389175415039,65.96122862207747,65.27834247359141,65.75456327330059,9300100,0.00329575763960943
2022-07-18,64.90095520019531,65.76354490915186,64.78414167834725,65.65571862481218,8473600,-0.0097817855039941
2022-07-19,65.5838394165039,65.70963333016107,65.26036739417002,65.44007788171892,8729100,0.010466973610157726
2022-07-20,65.14353942871094,65.7185990904201,64.80209989683735,65.65570215414728,10232000,-0.006736181152060982
2022-07-21,65.34124755859375,65.49399635198074,64.82908459733642,65.01777549303596,11944800,0.003030365236371139
2022-07-22,65.77253723144531,65.96123497710846,65.38616821148887,65.48500727626295,9369800,0.006578884579086494
2022-07-25,66.09597778320312,66.2487333547505,65.71859618226597,65.85337728410113,8157500,0.004905510619099235
2022-07-26,65.9432601928711,66.04209925718659,65.27834845995717,65.4939942115297,9764200,-0.0023132162949717674
2022-07-27,66.39253234863281,66.58122325571364,65.31429663524084,65.81747238745636,10995600,0.006789907298582429
2022-07-28,67.45278930664062,67.58757046238748,66.32063719572314,66.43745072982243,9372000,0.01584334996368913
2022-07-29,66.93163299560547,67.03945928132214,66.50034156324621,66.68004518418695,13198900,-0.007756240117750983
2022-08-01,67.76725769042969,67.98291022950738,66.81481630288764,66.84177115645919,13150400,0.012407458005957234
2022-08-02,67.22816467285156,67.84815395305384,67.12932560339162,67.72236002015123,10632700,-0.007986876501068055
2022-08-03,67.6684341430664,67.80321529702142,66.96758036880547,67.2461230597927,12808400,0.00652753349385949
2022-08-04,67.21917724609375,67.70438535247627,66.94962175716248,67.51569445364781,11983600,-0.006661227870303374
2022-08-05,67.0664291381836,67.11135848109397,66.43745946896973,66.88672547705256,7125700,-0.002274974629107305
2022-08-08,67.03046417236328,67.53364659136571,66.86872819040765,67.32698128182406,6966100,-0.0005364026830862795
2022-08-09,66.93163299560547,67.22815013988604,66.80583908989621,67.12931109179252,8086200,-0.0014755098162516495
2022-08-10,67.42583465576172,67.63249315399439,67.19221444209255,67.56959619515126,11262300,0.007356552599508545
2022-08-11,67.26410675048828,67.92901851775915,67.11135795420061,67.7133727550439,8959500,-0.0024014856834953476
2022-08-12,67.84813690185547,67.84813690185547,67.21018015810404,67.47074834273553,11094400,0.008645164539564496
2022-08-15,68.52204132080078,68.59391865935356,67.70437404056982,67.81220033128004,10207200,0.009883537787280613
2022-08-16,69.29478454589844,69.54637238813761,68.71972466213617,68.77363438397184,12312600,0.011214179668266289
2022-08-17,69.09709167480469,69.36664708169349,68.92636845176462,69.00723987250842,9667600,-0.0028570030404132256
2022-08-18,69.33072662353516,69.42955882845098,68.90841552194435,68.98928010467218,5777700,0.0033755523051032708
2022-08-19,69.10610961914062,69.43856212088849,68.98030881372213,69.11509000468355,6456500,-0.0032450496211668357
2022-08-22,68.40522003173828,68.91738285781436,68.288413371494,68.89941523902803,7113700,-0.010194005959278466
2022-08-23,68.10871887207031,68.20755792674787,67.81220170803769,68.15364135267109,10183400,-0.004343902582903402
2022-08-24,68.27944946289062,68.42321788331432,67.99191947729882,68.22553973285954,8061900,0.0025035995729399117
2022-08-25,68.59391021728516,68.59391021728516,67.98291521088639,68.30638033269913,6105000,0.0045949234884720925
2022-08-26,66.89568328857422,68.71072118771686,66.81481872492826,68.62984976881796,11212500,-0.02506931823065999
2022-08-29,66.78787231445312,67.16525403635299,66.32961916342968,66.50034240415982,13214300,-0.0016129283367371605
2022-08-30,66.09597778320312,66.91364477381858,65.92526145244676,66.91364477381858,10316700,-0.0104136173560298
2022-08-31,65.69166564941406,66.41947427137772,65.69166564941406,66.30266759601756,10397800,-0.0061358317325318264
2022-09-01,66.06005096435547,66.2038193342691,65.21543578449909,65.46702357659474,15968200,0.005592128655598183
2022-09-02,65.19745635986328,66.82380335856182,64.99079791287156,66.56322834932004,15846700,-0.013143736162146933
2022-09-06,64.82906341552734,65.75454996810909,64.7392116167311,65.23339993773688,21871800,-0.0056664429792658046
2022-09-07,65.99716186523438,66.07803329674196,64.98182333916681,65.03573305666919,19632300,0.017857726753121337
2022-09-08,65.82644653320312,66.07803435926508,65.0537085787248,65.67369090573341,14843900,-0.0025900584810401145
2022-09-09,66.47339630126953,66.91367503480753,65.75456800323407,65.99716861204959,18139000,0.009780131419335612
2022-09-12,66.73395538330078,66.95858833873235,66.43744509212397,66.52729690324584,8680000,0.003912087599446686
2022-09-13,64.505615234375,66.26673718994493,64.32590471528296,66.17688535802658,12940800,-0.033961621687955156
2022-09-14,64.47865295410156,64.7841505185372,64.10126433504253,64.7032859356882,12291500,-0.00041807083987564097
2022-09-15,63.93952941894531,64.50560201374229,63.76880617461199,64.44270505876484,11234700,-0.00839642319393186
2022-09-16,64.09228515625,64.16416935696996,63.705916146448544,63.714903385352216,13452600,0.002386216430572183
2022-09-19,64.51823425292969,64.5634558505226,63.848997387606325,63.848997387606325,9370400,0.006623885138509984
2022-09-20,64.16554260253906,64.31024622818025,63.668139414056945,64.09319768956712,9169900,-0.005481538421188121
2022-09-21,63.92135238647461,65.18748128419554,63.88517648655717,64.55441338541138,14189700,-0.0038128883040557293
2022-09-22,63.83091354370117,64.26501052572209,63.713340148691536,63.975610237759106,10428400,-0.0014158474172326495
2022-09-23,62.74565887451172,63.47820876243483,62.09451338502616,63.47820876243483,15909500,-0.017148216966416673
2022-09-26,62.790870666503906,63.33349527291384,62.49242471803227,62.60999809764934,11638000,0.0007202970181228431
2022-09-27,61.70563507080078,63.44203695443788,61.58806166523777,63.09836933798938,17159300,-0.017434434454356273
2022-09-28,62.44721984863281,62.7547046440219,61.443361063937566,61.98598575570187,14259200,0.011946460644482577
2022-09-29,61.41625213623047,62.42915007172143,61.036408510571654,62.30253782978506,13508200,-0.016647224643696976
2022-09-30,60.34906768798828,61.66945700524862,60.3038460874588,61.56997500396176,13427400,-0.01752899389417444
2022-10-03,61.38911056518555,61.54285990480388,60.44855762213151,60.78317960855481,12703300,0.017086968059311886
2022-10-04,62.32060241699219,62.646171684832275,61.75084067361689,61.759886372676725,13366400,0.015059600961434393
2022-10-05,61.9588508605957,62.29346583023742,61.3076985198866,61.99502675728474,10596100,-0.005821599122507119
2022-10-06,61.05448532104492,62.049298512664656,60.91882740858586,61.94077080272779,10607000,-0.014703801414555307
2022-10-07,60.141056060791016,61.009256944363614,59.90591616528782,60.936905145770744,13741600,-0.015073930044173083
2022-10-10,60.35810470581055,60.61132910166379,59.85165591410406,60.249583907500465,11799000,0.003602496123231948
2022-10-11,60.85551071166992,61.407181066437424,60.294794657686616,60.39427664951989,10783400,0.008207143993407745
2022-10-12,61.18109893798828,61.877466118162594,61.17205323699042,61.45240786929008,10963200,0.005335923371964364
2022-10-13,62.1939811706543,62.42912103912015,60.31288292246695,60.59323748496892,18475600,0.01641992838335035
2022-10-14,61.07257080078125,62.63714586981423,60.97308879004138,62.564794062031034,11611200,-0.01819538700063257
2022-10-17,61.732765197753906,62.04025001226079,61.588061591034624,61.714673796990134,9105200,0.010751988124192388
2022-10-18,62.53764724731445,62.96270538032316,62.166849505805985,62.655213728847066,11000700,0.012953900914377073
2022-10-19,62.248260498046875,62.96271904047356,61.99503608297874,62.628097120649066,8985300,-0.004638140207950489
2022-10-20,61.38006591796875,62.42009388783689,61.32579860921538,62.27539716414116,10023200,-0.014045468024524223
2022-10-21,62.32060241699219,62.47434480177576,61.1449099336957,61.34387391393173,9613300,0.015206944903818756
2022-10-24,63.44203567504883,63.568647878603585,62.62809515230566,62.76375305607079,11076000,0.017834596978915485
2022-10-25,64.27407836914062,64.35547589371724,63.2250045512884,63.586749860986025,10619600,0.013029749173188424
2022-10-26,64.69911193847656,65.16034600163793,64.21979337669077,64.41875736079359,9483700,0.006591061398366882
2022-10-27,64.75337982177734,65.17843803699348,64.6538978182226,64.76242552205896,9988200,0.0008384216594340103
2022-10-28,66.17324829101562,66.29082169001356,64.84381330126638,64.87095040092946,9545400,0.021690379668361973
2022-10-31,65.78437042236328,66.19134414653709,65.61254351201453,65.98333443420188,9201000,-0.005893998364314427
2022-11-01,65.57636260986328,66.2636839985476,65.3412227138148,65.94715350377886,9535200,-0.0031669735933033054
2022-11-02,64.43685150146484,66.0918628170449,64.40067559895596,65.44071037158075,16291600,-0.017529607214099213
2022-11-03,64.21980285644531,64.5092031760835,63.74952302462832,63.89422663437136,10624500,-0.0033740788926453396
2022-11-04,64.97947692871094,65.34122905778939,64.12936736020171,64.98852262939609,11938600,0.011759861640009932
2022-11-07,65.55826568603516,65.67583907407582,64.98851084346136,65.11512303069998,7133600,0.008867819201334136
2022-11-08,65.74819946289062,66.15517321765896,65.0699167714584,65.75724516406726,9091700,0.0028929864056407763
2022-11-09,65.03373718261719,65.99237435587776,64.9794698842374,65.58540066734183,9465200,-0.010926117265064192
2022-11-10,66.5621337890625,66.73396759595556,65.45879294451323,66.4264758836126,19286100,0.02322968530502056
2022-11-11,66.4897689819336,66.81534513139725,65.44974134320694,66.74300024250803,14289300,-0.001087768198082266
2022-11-14,65.96524810791016,67.02336734175961,65.92907220677245,66.42647532275882,14803000,-0.007920026395958691
2022-11-15,66.51692962646484,67.01433282546229,65.97429791868758,66.79728428226066,15064200,0.008328436576693264
2022-11-16,66.84248352050781,67.1770984751537,66.5711677574225,66.6073436524903,9748600,0.0048823631277134395
2022-11-17,66.82441711425781,66.8605930228548,66.25466207851562,66.25466207851562,7827000,-0.00027031982149984963
2022-11-18,67.53887176513672,67.62026237974958,67.08668328435778,67.36703793448915,9070800,0.010634770709494095
2022-11-21,68.18096160888672,68.28044360188385,67.52980925466808,67.66546714510478,8054900,0.009462060457002125
2022-11-22,68.6783676147461,68.7416737066542,68.42514324711365,68.68740641369973,6307100,0.007268897177761376
2022-11-23,68.91351318359375,69.0491710910112,68.64220426860663,68.73264057360234,6286400,0.00341801851118126
2022-11-25,68.95872497558594,69.01298537089444,68.82306708746788,69.00394657157422,2978000,0.0006558505790064282
2022-11-28,68.69645690917969,69.07629348715015,68.59697491497118,68.70550260861147,8698300,-0.003810512327391755
2022-11-29,68.4341812133789,68.66027538170633,68.08147486277585,68.51557870189693,7755100,-0.0038251993747900515
2022-11-30,69.808837890625,69.82692238822868,68.02721473334125,68.38896678403306,11704200,0.019888193948049606
2022-12-01,69.49231719970703,69.76363302775522,69.2029168697181,69.68224241924963,10215700,-0.004544416526012214
2022-12-02,69.808837890625,69.89927417833633,68.90446121381875,68.98585180280502,6087200,0.004544416526012137
2022-12-05,68.93157958984375,69.13958232592711,68.73261565108903,69.0581917508976,8632900,-0.012646206607829502
2022-12-06,68.50653076171875,69.26620383051657,68.17190891959807,69.00394067570272,8136300,-0.006185332178610633
2022-12-07,68.79593658447266,68.94064017111548,68.50653631103377,68.63314849942286,7298700,0.004215601612127593
2022-12-08,69.16673278808594,69.17577158716188,68.59697105335752,68.6874073430432,7803400,0.005375325051600597
2022-12-09,68.6331558227539,69.13056583010506,68.62411012266183,68.83211982569436,9761700,-0.007744267973264464
2022-12-12,69.3566665649414,69.36570536603716,68.54272597619239,68.7597744999094,6996800,0.01048653241043427
2022-12-13,69.25718688964844,70.1977397239378,68.82308292772704,70.0439904020989,11349000,-0.0014353499292161388
2022-12-14,69.21195983886719,69.88119678183078,68.80499301270572,69.36570224876392,13820200,-0.0006532437508006462
2022-12-15,68.03626251220703,68.76880543486598,67.52980686581556,68.63314754922814,11281000,-0.017132842456330552
2022-12-16,67.70166015625,67.91870869590635,67.11381374899238,67.68356875303357,14561500,-0.00493013340887955
2022-12-19,67.6588134765625,68.25998560098844,67.25803206027854,67.68613821870476,8093900,-0.0006330752245261012
2022-12-20,67.60418701171875,67.86833785791156,67.23073021041382,67.54042694190161,7368900,-0.0008077074679162453
2022-12-21,68.2782211303711,68.54237196922146,67.88655015543107,67.93209603946003,7953100,0.00992092584066518
2022-12-22,68.1233901977539,68.15982552257513,67.36737284370076,68.03230536036467,6888300,-0.002270222435179937
2022-12-23,68.47860717773438,68.52415305862174,67.93209135371475,68.15980685950008,4874700,0.005200769936957934
2022-12-27,68.80653381347656,68.94316453809095,68.42397334401814,68.56970768743345,4839700,0.004777316132781302
2022-12-28,67.95030975341797,69.09799791961183,67.95030975341797,69.0069131015102,5028900,-0.012522009513278186
2022-12-29,68.24179077148438,68.48772744418872,68.11427062612906,68.22357658614507,5574800,0.004280445958188193
2022-12-30,67.90477752685547,68.1598178224641,67.4129111213273,68.10516136674308,6249900,-0.00495075178447512
2023-01-03,67.64971923828125,67.96852650507446,66.96657272256847,67.94119480701234,14433300,-0.0037631889116693964
2023-01-04,67.91387939453125,68.33287514784952,67.48577307393984,67.84101570432605,12197300,0.0038972186229875878
2023-01-05,67.23072814941406,67.85011464407556,67.09410439637021,67.78635457621303,9848200,-0.010110015877084686
2023-01-06,69.02510070800781,69.29836200642248,68.0413683729032,68.09602480218022,9982400,0.026339809678966094
2023-01-09,68.3510971069336,69.4532394831736,68.3510971069336,68.97959421915606,11081800,-0.009812602473270041
2023-01-10,68.260009765625,68.54237480015344,68.03229423472749,68.4330688435651,8427900,-0.001333527805933473
2023-01-11,68.29643249511719,68.68810341403562,67.69526026868763,68.48771267189244,9848300,0.0005334458009143814
2023-01-12,67.75902557373047,68.4512826594604,67.59507013103985,68.4421720933871,9841300,-0.007899862657160254
2023-01-13,68.07783508300781,68.09605621761413,67.53131918337233,67.57686507056141,9274200,0.004694014468784049
2023-01-17,68.1233901977539,68.69723092770094,68.02319479182746,68.18715027885914,9006800,0.0006689384232914375
2023-01-18,66.26522064208984,68.00497066404004,66.1650252508086,67.9594247773389,16069900,-0.027655438559653966
2023-01-19,65.63670349121094,66.30163570755855,65.61848931169057,66.00104962553876,12421500,-0.009530140094860395
2023-01-20,66.14681243896484,66.17413719182217,65.21772914585533,65.6822707924101,12349600,0.0077416586112346655
2023-01-23,66.35629272460938,66.69331415323478,66.08303830485187,66.27431848347972,12000200,0.0031618951104666376
2023-01-24,66.62956237792969,66.81173201375101,65.94641581961051,66.33808679101988,13465600,0.004109760962767264
2023-01-25,66.79351043701172,66.79351043701172,65.90086264190516,66.2287735095504,11606800,0.0024575680673317524
2023-01-26,66.55669403076172,66.7752989911238,66.33808907039963,66.72064948836488,8081500,-0.003551800406366457
2023-01-27,66.36540985107422,66.66599599691675,66.04660952184396,66.51114416615407,10341700,-0.002878141500116053
2023-01-30,66.4473876953125,66.9483646321544,66.22878273620256,66.22878273620256,10463100,0.0012344872807992337
2023-01-31,67.1669692993164,67.17607986612657,66.37452371998992,66.57490754452935,8002700,0.010771126354394188
2023-02-01,67.70437622070312,68.00496235783292,66.82083894149929,67.11231451253632,15447600,0.007969220792892617
2023-02-02,67.12142944335938,67.55863935368262,66.82084328668324,67.2489495796475,12238800,-0.008647460434278487
2023-02-03,66.8572769165039,67.34003269874142,66.36541056781114,67.32181851515696,12874800,-0.003943206742403592
2023-02-06,66.93924713134766,67.0667672567297,66.70242801239564,66.74796694327458,7208900,0.0012252967808035566
2023-02-07,66.65689086914062,66.78441101123718,65.99195845735724,66.4565000888956,9268200,-0.004227018637723981
2023-02-08,66.14681243896484,66.41096329879689,66.0283959108141,66.29254677064614,8933500,-0.007681727628566527
2023-02-09,65.8553237915039,66.72975045649638,65.77334259983175,66.49292439639673,8341500,-0.004416430363504093
2023-02-10,66.46560668945312,66.52025619013983,65.7187000663216,65.85533076736449,8197200,0.009224349059045076
2023-02-13,67.22162628173828,67.24895103305826,66.62956452227537,66.66599984047747,7440500,0.011310394193225826
2023-02-14,66.611328125,67.20338974879621,66.38361265041107,67.1760650037375,9344700,-0.009120360375674144
2023-02-15,66.7388687133789,66.75708984855899,66.20146336412422,66.47472479721004,9006000,0.0019128674766546161
2023-02-16,66.25611114501953,66.65689271661775,65.86444014077402,66.146812134094,8355100,-0.007259818215415255
2023-02-17,67.11234283447266,67.13966759495649,66.0648496701773,66.0648496701773,11116000,0.012840269613418772
2023-02-21,66.8572769165039,67.21251256567211,66.5020412673357,66.83905578359341,8974700,-0.0038078219022638026
2023-02-22,66.757080078125,67.41290186208465,66.59312463213509,66.94836027355892,8851000,-0.001499791780079834
2023-02-23,66.67510986328125,67.00302080927501,66.26522465545257,66.8208511500905,12700000,-0.0012286424316551776
2023-02-24,66.2287826538086,66.33808860789075,65.82800110483367,66.18324371826913,11340600,-0.006716566067715726
2023-02-27,66.15589904785156,66.72974650762185,66.01016475363966,66.54756995320074,10162300,-0.0011010883190387037
2023-02-28,65.60941314697266,66.00108423060054,65.5820883887032,65.88267462832351,9757300,-0.00829488467322743
2023-03-01,65.12663269042969,65.48186831279509,64.60744163087061,65.40899768530333,10475000,-0.007385608888140998
2023-03-02,66.019287109375,66.1468072455817,65.07198970517801,65.13574977328135,9876000,0.013613358403944288
2023-03-03,66.07394409179688,66.13770416711924,65.46366809237898,66.01929458418543,12384300,0.000827551647334781
2023-03-06,66.24699401855469,66.34718244169807,65.86442671034453,65.89175145750411,8356000,0.0026156106189696147
2023-03-07,65.59117889404297,66.47471620423794,65.4818729450729,66.25610430629777,10059400,-0.009948871702309734
2023-03-08,65.70047760009766,65.77334823241875,65.29970302098361,65.52741853499255,11170800,0.0016649760422345334
2023-03-09,65.0902099609375,66.06483220676091,64.89892973878452,65.95553319371741,15612700,-0.00933204159101576
2023-03-10,64.77140808105469,65.472768879269,64.53458197610205,65.21772858900924,19026300,-0.004909880611898013
2023-03-13,65.09931945800781,66.11037700799605,64.67121313242204,64.70764845261303,29831400,0.005049822696731313
2023-03-14,65.6913833618164,65.72781868317882,65.06288622963687,65.29060177615676,19139200,0.009053670257533415
2023-03-15,66.11947631835938,66.20145752077973,65.11752940102751,65.26327067229644,21438000,0.006495587128082342
2023-03-16,66.16503143310547,66.2287915108487,65.70048975278921,66.07394660051904,15712500,0.0006887445449395275
2023-03-17,65.68225860595703,66.18323547981433,65.390783047347,66.07392953933852,13283900,-0.007323244711244423
2023-03-20,66.59293365478516,66.65700024214667,65.90650294045427,65.93395905179003,14130900,0.013769618052551879
2023-03-21,66.53800964355469,66.84004081190179,66.07124181909153,66.69360590110956,12499700,-0.0008251126745711686
2023-03-22,65.92481231689453,66.94073045030005,65.91565795114504,66.65700795668171,11942200,-0.009258472646384137
2023-03-23,65.66853332519531,66.3366622418824,65.42142135930128,66.09869765724585,12160300,-0.0038950193788771883
2023-03-24,66.78511810302734,66.84918467569838,65.76920032014907,65.84242125541103,12352500,0.016860406896123822
2023-03-27,67.1420669555664,67.44409810131052,67.00477943634333,67.01393379968708,10865500,0.005330503998661783
2023-03-28,67.26104736328125,67.62714509575635,67.16952467584585,67.24274561888755,11593400,0.001770501217895689
2023-03-29,67.63629150390625,67.70951243833568,67.46239353031952,67.63629150390625,9483400,0.005563417509097261
2023-03-30,67.82850646972656,68.00240448241107,67.61799798159615,67.81019774063651,10737800,0.0028378604286142337
2023-03-31,68.37763214111328,68.40508824498934,68.05729929133847,68.17627806904557,10338700,0.008063199678220263
2023-04-03,68.73457336425781,68.88101522411479,68.16712861414253,68.42339488616004,9607700,0.005206568272594971
2023-04-04,68.5973129272461,69.00002121798478,68.45087799235426,68.70714436546618,7272900,-0.0019989601311712524
2023-04-05,68.91764831542969,69.2196725307609,68.78951513735353,68.78951513735353,12409900,0.004658925322901173
2023-04-06,68.97256469726562,69.09154351758434,68.56070902615589,68.85358587694691,8616800,0.0007965233143030805
2023-04-10,68.97256469726562,68.99086644549354,68.3135900373021,68.73460007389326,9423400,0.0
2023-04-11,69.17391967773438,69.3661194587582,69.04578649038515,69.10069871846768,12944300,0.0029150958704300123
2023-04-12,68.86272430419922,69.39356570932746,68.77120160949221,69.16475548119294,10386400,-0.004508888245565231
2023-04-13,69.24713134765625,69.28373483964431,68.56984803939781,68.89018096479893,12919000,0.005566699556869539
2023-04-14,68.80782318115234,69.36612078646075,68.61562339644972,69.06408956075585,8789700,-0.006364272123551389
2023-04-17,69.24713134765625,69.25627872928624,68.86272485444084,68.94510016824917,9683400,0.0063642721235514866
2023-04-18,69.45763397216797,69.52170055828428,69.01832223386586,69.23797810301691,7233100,0.003035263938288925
2023-04-19,69.41185760498047,69.61321169440225,69.20135613529989,69.5399977386668,6283600,-0.0006592717856980007
2023-04-20,69.57661437988281,69.79627723681945,69.12814826675562,69.16475874291172,7329500,0.0023707988111531706
2023-04-21,70.07999420166016,70.44609195177081,69.93355929125617,70.04338372837572,10431000,0.007208853298675731
2023-04-24,70.36370849609375,70.40947332808514,70.07998608939944,70.07998608939944,8723100,0.004040262039849413
2023-04-25,70.2721939086914,70.81218966090726,70.18982558089941,70.34541485521792,12179700,-0.0013014400839952472
2023-04-26,69.72306060791016,70.21729159256246,69.6864501294839,69.94271649573292,8778800,-0.007845067592410042
2023-04-27,70.50100708007812,70.57422802966902,69.71389932881118,69.75966416798902,11287800,0.011095876287289927
2023-04-28,70.87625122070312,71.00438437667734,70.51015349674826,70.68405148674182,9757600,0.005308421259716617
2023-05-01,70.9311752319336,71.2240520632593,70.73897546600746,70.757277213019,10860800,0.0007746281749952073
2023-05-02,70.73897552490234,70.90371917908111,70.02508868437249,70.86710870229311,19136000,-0.0027133425626023437
2023-05-03,70.16236877441406,70.82133633840307,70.14406004659747,70.52845953794116,11656600,-0.008184591454977862
2023-05-04,69.98846435546875,70.34540770508745,69.7596541578807,70.23557629646129,11682600,-0.0024816764098218977
2023-05-05,70.63829040527344,70.69320262282714,70.01592633630801,70.09829466263858,10479400,0.009241920944682696
2023-05-08,70.42778015136719,70.51930982195223,70.18982255949982,70.39117666241336,8069200,-0.002984564741015213
2023-05-09,70.20813751220703,70.43694776624866,70.0800043285625,70.43694776624866,6939500,-0.0031235664599883217
2023-05-10,70.0982894897461,70.52845378279598,69.61321298319474,70.22642962580477,12259100,-0.001565830550348507
2023-05-11,70.30879974365234,70.35456457789574,69.69559006809746,70.07998953790201,11790600,0.0029985724052546034
2023-05-12,70.58338928222656,70.61084539531905,70.23559322909571,70.38203514256865,7012000,0.003897872382212653
2023-05-15,70.40949249267578,70.78473768275698,70.09830691244599,70.69321497659583,8652200,-0.002466746910049682
2023-05-16,69.81458282470703,70.30881380590539,69.7139057554221,70.30881380590539,11310700,-0.008485179681026805
2023-05-17,69.77796173095703,70.00677194766126,69.34779740631569,69.99762456656134,10891300,-0.0005246855368486948
2023-05-18,69.43933868408203,69.61322972957952,69.01832865291391,69.52170702414902,10765300,-0.00486467865216269
2023-05-19,69.48509979248047,69.66815219463035,69.1739211829284,69.5857768679791,10457600,0.0006587913624889386
2023-05-22,68.43255615234375,69.42101795876992,68.39595266268378,69.30203916054096,14575700,-0.015263659578903556
2023-05-23,67.9291763305664,68.30442144432357,67.83765364302077,68.24950922834287,13700400,-0.007383040669586598
2023-05-24,67.48987579345703,68.00241555038575,67.43496356271784,67.95665070294619,11901800,-0.006488039477976123
2023-05-25,66.97734069824219,67.21530532775787,66.47395532479268,66.89496537225268,17725000,-0.007623234728795647
2023-05-26,67.2061538696289,67.31598531478828,66.68446672490887,66.91327699860601,15531000,0.0034104551219895944
2023-05-30,66.43732452392578,66.97732021234637,66.21766869303022,66.81257659349146,22766900,-0.011505803898864861
2023-05-31,66.51054382324219,66.87664152087089,66.18105659364964,66.51969818593443,22328600,0.001101473948088544
2023-06-01,66.45563507080078,66.56546648062468,66.11699346089362,66.49224554074209,13836100,-0.0008259055952319395
2023-06-02,67.37088012695312,67.41664496295401,66.4647936325512,66.4830953773114,14719800,0.013678295734278296
2023-06-05,67.12377166748047,67.75529019270064,67.00479285112458,67.27021357936589,9629600,-0.00367462548483269
2023-06-06,66.78511810302734,67.31595940957743,66.40071866700117,67.18782626423537,10796900,-0.0050579806466789275
2023-06-07,66.56548309326172,66.7485285059174,66.15362044068408,66.35497458424628,13595100,-0.0032941015098862177
2023-06-08,67.0230941772461,67.04139592284258,66.48309841524183,66.63868769238069,8881300,0.006851077887807579
2023-06-09,66.91327667236328,67.12377821280649,66.65701028430962,66.79429784440562,8756200,-0.001639846276188409
2023-06-12,66.89495086669922,67.05969450021999,66.55631621865854,66.99562791955823,11357600,-0.000273911494318148
2023-06-13,67.16952514648438,67.27020219818878,66.71190472336744,66.80342741144413,8401800,0.0040961583838271766
2023-06-14,67.58139038085938,67.81020062507854,67.2793661653683,67.48072029751869,13849900,0.006113005100399471
2023-06-15,68.2586669921875,68.42341063106966,67.69121512876367,67.81934829425715,16251200,0.009971759973546684
2023-06-16,68.34103393554688,68.68882993432544,68.27696735409825,68.46916709844413,12672900,0.001205960961589946
2023-06-20,67.82117462158203,68.46638546800622,67.80273600752946,68.25439063229719,9731800,-0.007635919620222477
2023-06-21,68.06082153320312,68.28204271206775,67.5262212649576,67.78430560802873,13633500,0.003527283479358719
2023-06-22,68.4571762084961,68.55856750385415,68.18987955593958,68.41109373114269,17247600,0.0058066452117773995
2023-06-23,68.00553131103516,68.56778959638842,67.96866110829224,68.56778959638842,9706900,-0.006619340254385106
2023-06-26,68.09770202636719,68.12535995211047,67.52623147523525,68.00553003737222,8955400,0.0013544238026124227
2023-06-27,68.30047607421875,68.36499716166809,67.89491796693913,67.91334954952275,8965400,0.0029732684124912276
2023-06-28,67.83961486816406,68.03317814681415,67.47091989499984,67.98709567033843,12800400,-0.006770422486131919
2023-06-29,67.77509307861328,67.88570367910708,67.28657523290768,67.50778940162365,10018000,-0.0009515456751856522
2023-06-30,68.3650131225586,68.46640443111768,67.87649519892271,67.93179699185575,14266200,0.008666420978431217
2023-07-03,68.89961242675781,68.89961242675781,68.07926977783704,68.26361375402996,12817100,0.007789363138364241
2023-07-05,68.77978515625,68.84430624702728,68.5309130687723,68.61387277535536,17579200,-0.0017406714855986898
2023-07-06,68.60465240478516,68.64152260355412,68.25439606488696,68.46639091746934,14881300,-0.0025495296183322158
2023-07-07,67.7105712890625,68.43874191220297,67.66448881353506,68.43874191220297,16405400,-0.013118034989677925
2023-07-10,67.69213104248047,68.35578048913548,67.60917134551326,67.81195390224347,11953600,-0.00027237634668300377
2023-07-11,67.79354095458984,67.89493226082338,67.38797572965568,67.74745144002092,9812500,0.0014969838441594133
2023-07-12,67.9502182006836,68.13456215140928,67.80273741428628,67.91334800408427,12680900,0.0023084275350023623
2023-07-13,68.2359619140625,68.35579182597,67.79353356442935,68.07004952488211,10581500,0.004196374881159074
2023-07-14,68.46638488769531,68.58621478120901,68.05160749454834,68.25439005378313,12475600,0.003371166585635279
2023-07-17,68.26361083984375,68.49404431638362,68.0147457793802,68.20830905580111,9496300,-0.00296605284642614
2023-07-18,68.18987274169922,68.77056253068076,67.97787086378912,68.19908501688622,10124100,-0.001080780107430003
2023-07-19,68.88118743896484,68.95492081714049,68.3650115980998,68.41110111269809,14718700,0.010087038912841469
2023-07-20,69.47107696533203,69.56324893612842,68.79820821720419,68.9456889962949,16106300,0.00852740796792025
2023-07-21,69.71072387695312,69.90428712862209,69.49872904371743,69.58168170917382,13836800,0.003443656383194099
2023-07-24,69.97804260253906,70.07943390368685,69.62778621911086,69.69230731690743,10692500,0.0038273521721744965
2023-07-25,69.95960998535156,69.97804157061925,69.60013429831845,69.89508888850644,8576600,-0.0002634404244065203
2023-07-26,70.04254913330078,70.24533169342284,69.66464193402213,69.77524548880088,10506500,0.0011848268365850436
2023-07-27,69.42499542236328,70.33750999271415,69.42499542236328,70.17159761335294,10008500,-0.008855934891568685
2023-07-28,70.1439437866211,70.42046675140763,69.84898923924197,70.03334022652338,9672400,0.010302503229067861
2023-07-31,69.82135009765625,70.26378550930656,69.5540463953239,70.05178359632838,10057100,-0.004609632162903225
2023-08-01,69.44342803955078,70.02412489209566,69.38812625636422,69.7291703279815,9376700,-0.005427402259992163
2023-08-02,69.69229888916016,70.12551493580872,69.16691086141583,69.16691086141583,11509700,0.0035773862043529865
2023-08-03,69.49873352050781,69.83055826824945,69.4618633227286,69.65542658686603,8774900,-0.002781292588751341
2023-08-04,68.80743408203125,69.75681883303454,68.74291299309718,69.59090645687961,10022800,-0.009996737058371046
2023-08-07,69.36970520019531,69.4434385782099,68.91805046139078,68.93648908009887,8875600,0.00813845509551002
2023-08-08,68.87195587158203,69.39734389603875,68.68760487827271,69.32360349871502,11413600,-0.007201179090786644
2023-08-09,68.97335052490234,69.33282618905442,68.798218830782,68.90882943216407,11912200,0.0014711370921193009
2023-08-10,68.8350830078125,69.61855536029701,68.74291103086216,69.19455864050857,10357700,-0.002006663307058172
2023-08-11,68.9457015991211,69.12082626596472,68.69682949698095,68.86274188765042,7472500,0.0016057190469892187
2023-08-14,68.60465240478516,69.22221241155489,68.48482953298952,69.03786844998139,11483800,-0.004958909712655949
2023-08-15,67.86727142333984,68.52170171498285,67.83962052869289,68.41109813639503,13257500,-0.010806444822450637
2023-08-16,67.7105712890625,68.33735062086242,67.62761861375017,68.14378734619545,14814900,-0.0023115901672272187
2023-08-17,67.05615234375,67.90414598461278,66.95476103535633,67.72902129651959,11798000,-0.009711953685716456
2023-08-18,67.30501556396484,67.44327707448296,66.88101875537582,66.94553985598127,12334500,0.0037043962727718945
2023-08-21,66.85336303710938,67.25892823010015,66.56762775965062,67.129886038198,12005400,-0.006733149846933491
2023-08-22,66.47545623779297,66.71510200599919,66.3832772152668,66.64136863315916,11496100,-0.005668809089984988
2023-08-23,66.91787719726562,66.91787719726562,66.59527175094713,66.7058823463726,10796800,0.006633353711757693
2023-08-24,66.3832778930664,67.28658028423256,66.36484630773623,66.68745179305552,13797500,-0.008020968310378742
2023-08-25,66.75196838378906,66.91788076964879,66.33719093527561,66.65979639881627,13088500,0.005538599935497399
2023-08-28,67.05615234375,67.17597523900037,66.82571883054123,66.97319965448575,6914800,0.0045465773272702625
2023-08-29,67.29579162597656,67.33266182454406,66.7150947888776,67.09300904999098,9502800,0.0035673400664193427
2023-08-30,67.4063949584961,67.61839684146514,67.22205099856143,67.37874406773302,9679300,0.0016421909722502917
2023-08-31,67.06537628173828,67.39720112624116,67.0561569715373,67.15754828692836,7731300,-0.005071985066783707
2023-09-01,66.49388122558594,67.32344312010996,66.27266706447,67.28657292121207,8346400,-0.008557977257289642
2023-09-05,65.92239379882812,66.62291340822597,65.92239379882812,66.37404839334889,8634200,-0.008631733145448166
2023-09-06,65.84867858886719,65.99615237069376,65.63667667666817,65.84867858886719,9050100,-0.0011188376373498185
2023-09-07,66.00535583496094,66.24500858420643,65.73805219777762,65.96848564028697,10149000,0.0023765267482268723
2023-09-08,66.08832550048828,66.09754480959616,65.83024110364697,66.03302371038583,8323000,0.001256224758061648
2023-09-11,66.65980529785156,66.71510708976366,66.18050669264397,66.18050669264397,8450700,0.008610039544375248
2023-09-12,66.08832550048828,66.71510490664822,66.03302371038583,66.69667332070486,13300200,-0.008610039544375277
2023-09-13,66.29110717773438,66.45701957798781,66.06067367917528,66.19893518476519,7863700,0.0030636456396782503
2023-09-14,66.96397399902344,67.0100564779345,66.44779819640618,66.4754561224793,9356000,0.010099015124234192
2023-09-15,66.41091918945312,67.06534930501644,66.3556103827682,66.82569656210285,10891600,-0.008293284683573578
2023-09-18,66.3877182006836,66.65683336439044,66.10932125066175,66.62899508537396,6841200,-0.0003494160702480936
2023-09-19,66.22998046875,66.35061540252511,65.89590687375545,66.2763752525418,7733500,-0.002378834920237232
2023-09-20,66.2949447631836,66.740371543087,66.10006966198448,66.41557970775513,10841700,0.0009804087725165766
2023-09-21,65.44119262695312,66.3134967075847,65.43191791795998,66.23925655605638,11869900,-0.012961729501087028
2023-09-22,65.08855438232422,65.62678479365812,65.05143431120501,65.45974801358655,12243000,-0.005403199050557498
2023-09-25,64.85655212402344,65.02358888574793,64.55959866761644,64.8843904043227,9137600,-0.003570777092717586
2023-09-26,64.3740005493164,64.76375060392094,64.30904220688231,64.57815028273188,11541000,-0.007468107308784568
2023-09-27,63.84507369995117,64.4853755556405,63.51100008831729,64.28121867298304,14182700,-0.008250408182442388
2023-09-28,64.0399398803711,64.20697666293994,63.77082467068073,63.93786145324958,12094400,0.0030475241121859387
2023-09-29,63.85432434082031,64.3461527836951,63.51097614934142,64.24408146077052,11797500,-0.002902642600961145
2023-10-02,63.4182014465332,63.78939516480158,63.00061293843834,63.70588029515513,12642500,-0.006853397441610464
2023-10-03,62.96348190307617,63.55738891699422,62.917087121322304,63.23259712499686,15396200,-0.0071960033069923485
2023-10-04,63.4645881652832,63.510990023963394,62.759320976936024,63.121232818866766,15125900,0.007927177660243846
2023-10-05,62.211814880371094,63.41818530783125,62.18397659757325,63.3439522470135,15757300,-0.019937152104150025
2023-10-06,61.86845779418945,62.08189642283481,60.48576884143954,61.94269793284256,28723400,-0.005534448872533984
2023-10-09,61.92414855957031,61.95198684478437,61.200317744354194,61.636469759188095,15662900,0.0008997430586233692
2023-10-10,62.555171966552734,62.86140016580174,62.23965489953931,62.43452996449038,18809600,0.010138693073038474
2023-10-11,62.1282958984375,62.94492332552628,61.8499059773271,62.83356310912422,18293200,-0.0068473831105728255
2023-10-12,61.450870513916016,62.34173095405391,61.23743188141606,62.31389267153857,15185000,-0.010963533573922057
2023-10-13,61.98910140991211,62.0818980456896,61.45087101050141,61.56222414146259,15641000,0.008720583755455896
2023-10-16,62.629417419433594,62.82429252293685,62.09119397734744,62.35102744868512,16172800,0.010276508670803743
2023-10-17,62.89852523803711,63.01916724969126,62.37885835685081,62.37885835685081,13192200,0.004287622742361899
2023-10-18,63.13050842285156,63.61306221811202,63.02843000769758,63.158346703361026,16617700,0.0036814286371926823
2023-10-19,62.66653823852539,63.33468550410494,62.647981738895375,63.08413381947821,18237000,-0.007376521158081278
2023-10-20,62.42524337768555,63.08411574463575,62.42524337768555,62.80571877043344,14730500,-0.003857889894834988
2023-10-23,62.30461502075195,62.759323518528,62.12829644654231,62.3510168813113,13777300,-0.0019342344502114443
2023-10-24,62.83357238769531,62.94493262054183,62.37886382678441,62.397420325626726,12055600,0.008454022361963682
2023-10-25,63.04700469970703,63.325394633824864,62.564450819347854,62.73148761179062,11351100,0.0033910317456952053
2023-10-26,62.63868713378906,63.306834262671565,62.62013063795554,63.074839125139015,13662200,-0.006497461985625639
2023-10-27,61.78495407104492,62.777893094514745,61.59935369099928,62.52733435143577,17587700,-0.013723219363020095
2023-10-30,62.75004959106445,62.861402729904455,62.01694408067119,62.01694408067119,12224000,0.015499495118955785
2023-10-31,62.97275161743164,63.03770996337644,62.490197836188514,62.80571485929806,8586400,0.003542750513919542
2023-11-01,62.90779876708984,63.149075678789266,62.55516872685939,63.01915897555019,18709400,-0.0010319760424914253
2023-11-02,63.72442626953125,63.817222913788,62.889242311360235,63.13051925037189,21175900,0.012897804218489269
2023-11-03,63.79865646362305,64.3461615352722,63.79865646362305,64.09560992687474,17201100,0.0011641845677613106
2023-11-06,63.90074157714844,64.17913857559182,63.77082486585613,63.81721964564351,14663200,0.0015988350272293918
2023-11-07,64.05850219726562,64.32761743141059,63.845070615656766,63.91930368582093,12567700,0.0024657960675248457
2023-11-08,63.80793762207031,64.27192784632635,63.63161907127575,64.17913121746093,10481700,-0.00391916590888144
2023-11-09,63.5481071472168,63.93785725430509,63.399626870271184,63.88217361048584,10336900,-0.0040803848113992415
2023-11-10,63.9935417175293,64.05850007672912,63.35323283403817,63.69658820691156,9266200,0.006984955664662748
2023-11-13,64.19769287109375,64.38328614374147,63.88217581167719,63.93785945741513,8540800,0.0031851058586125926
2023-11-14,64.85655212402344,65.06999073953261,64.4946403202752,64.52247860057446,13606200,0.010210667261795524
2023-11-15,65.37621307373047,65.50612975682944,65.16278155717997,65.32981830401125,10618900,0.007980537109397987
2023-11-16,64.56888580322266,64.9771924146507,64.4389690977779,64.69880250866741,16536300,-0.012425826986142545
2023-11-17,64.48536682128906,64.69880546422971,64.25337168240696,64.65240360448136,10761100,-0.001294323773062471
2023-11-20,64.43897247314453,64.55032560939884,64.16985726064692,64.21625204077628,11651300,-0.000719714375130072
2023-11-21,64.63385009765625,64.68024487962042,64.15129622170417,64.4296932332096,11681400,0.003019656170989369
2023-11-22,65.09783935546875,65.13495942840431,64.77304756719504,64.77304756719504,8862100,0.007153090168895924
2023-11-24,65.33911895751953,65.39479552923127,65.10712380214689,65.10712380214689,4500800,0.003699563074241083
2023-11-27,65.15352630615234,65.39480327871243,65.11640622730225,65.27416125246683,11746800,-0.0028444940499178996
2023-11-28,65.4504623413086,65.61749911146646,65.12567058820422,65.13495237541554,8562300,0.004547128305364075
2023-11-29,64.92151641845703,65.51542338567546,64.8380015699089,65.51542338567546,9873800,-0.008114455732341274
2023-11-30,65.57111358642578,65.60822658064879,64.55961103555858,64.98648126842531,11803600,0.00995615666389529
2023-12-01,65.8402099609375,65.86805532152091,65.32982496243821,65.52470000694838,13490300,0.004095488020019575
2023-12-04,65.92373657226562,66.14644991327279,65.47830281032184,65.47830281032184,11386300,0.0012678221124058212
2023-12-05,65.4040756225586,65.97941906181454,65.32055368722558,65.8216640594334,11565900,-0.007913992524077373
2023-12-06,65.23703002929688,65.3947850103919,64.9679148427605,65.25558652357252,11008700,-0.0025573219618220235
2023-12-07,65.51541900634766,65.7288576271416,65.19062726159952,65.42262237640948,8460000,0.004258266667569275
2023-12-08,65.06072998046875,65.45048019048383,64.96793332283627,65.39480361189058,8191300,-0.006964378520952107
2023-12-11,65.68246459960938,65.71030288433926,65.32055273826099,65.42263116889053,16192800,0.009510847700756197
2023-12-12,65.89591217041016,65.89591217041016,65.52471847058771,65.82167201445948,8764500,0.003244419991706801
2023-12-13,67.09297943115234,67.11153592223556,65.71956545337288,65.88660219283352,14052700,0.0180030012694471
2023-12-14,66.10932159423828,67.25074059934566,66.06292682227922,67.1486621891357,16056700,-0.014769650535283582
2023-12-15,66.10932159423828,66.29492192186028,65.84948821549607,66.01652497039157,17434600,0.0
2023-12-18,66.7975082397461,67.0406071285921,66.25519754874746,66.395451297606,11816000,0.01035601852605177
2023-12-19,66.92840576171875,67.00320870770283,66.64789828107924,66.67594760242288,8283200,0.0019576992949557645
2023-12-20,65.62873840332031,66.63854969371064,65.62873840332031,66.4889509273425,16705400,-0.01960979190650631
2023-12-21,66.08690643310547,66.15235724326705,65.56329995181288,65.98405414090824,10971900,0.006956954555658607
2023-12-22,66.59180450439453,66.71335395029936,66.18974755735293,66.25519835647123,7831800,0.00761087449405338
2023-12-26,66.87230682373047,67.04060990260439,66.45155269334684,66.45155269334684,6915800,0.004203418125731603
2023-12-27,67.18086242675781,67.18086242675781,66.79750978021248,66.89100990374045,7566700,0.004603489043405686
2023-12-28,67.20890808105469,67.29306318115677,66.99385852204162,67.08735864046477,6466000,0.0004173778197260307
2023-12-29,67.34917449951172,67.38657598063969,67.0499697840911,67.11542059266426,10412700,0.0020848464332078043
2024-01-02,68.10652160644531,68.21872602796957,67.10605536539298,67.10605536539298,12912000,0.011182327809422734
2024-01-03,67.57357025146484,68.3402827124886,67.47072510450052,68.22808541267207,13979700,-0.007856039728584657
2024-01-04,67.48007202148438,67.93823478729503,67.33981825916688,67.52682565345776,10865000,-0.0013846090093439184
2024-01-05,67.3304672241211,67.76992564443862,66.9377552979978,67.51746746810205,12802800,-0.0022194831296506053
2024-01-08,67.82601165771484,67.85406097572735,67.30240536521283,67.33979970016236,9409000,0.007332932290361199
2024-01-09,68.00366973876953,68.00366973876953,67.33045754346804,67.57355639897057,7838600,0.002615896327465273
2024-01-10,67.8634262084961,68.25613100357545,67.65772165861583,67.94757417875506,11113300,-0.002064423017267537
2024-01-11,67.85406494140625,67.89146641214239,67.39590940869044,67.78861415101828,9507800,-0.00013795225693271794
2024-01-12,68.0691146850586,68.23741771943683,67.83536086695551,68.08781185172266,7712800,0.0031642862340205058
2024-01-16,67.69511413574219,68.11586819831085,67.42395882272639,68.07846672752234,11566900,-0.005509573451598862
2024-01-17,67.64836883544922,67.88212270643115,67.39591779357363,67.53617154288318,9641400,-0.0006907654676163096
2024-01-18,67.564208984375,67.61095547018947,67.04994770521049,67.48005389614774,10548800,-0.001244852561787701
2024-01-19,67.36786651611328,67.63901472101662,67.02190822899944,67.62031755066536,11309600,-0.00291024363348149
2024-01-22,67.04060363769531,67.321111120806,66.90970204787077,67.07800511101685,15078600,-0.004869686036376967
2024-01-23,67.76992797851562,67.87277312272583,67.37721603886686,67.39592034407038,13859600,0.010820096137915495
2024-01-24,66.93773651123047,67.75120232480437,66.91903934552074,67.71380085978488,12290500,-0.012355674897346486
2024-01-25,67.58291625976562,67.58291625976562,66.93775331006799,67.21826080131092,12160900,0.009592351543433587
2024-01-26,67.91016387939453,68.01301614097102,67.71381150736701,67.71381150736701,7432800,0.004830479248279262
2024-01-29,68.3028793334961,68.33092865473999,67.85406879278908,68.0971747995721,9321900,0.005766210532563224
2024-01-30,68.68623352050781,68.72363499422394,67.95692261704743,68.20002862940146,11058900,0.00559687087152329
2024-01-31,68.18133544921875,68.86389997209255,68.09718746983036,68.66754755325012,17220600,-0.007377940083095323
2024-02-01,69.57449340820312,69.57449340820312,67.99431523413135,68.20936476298562,20588700,0.02022717252349284
2024-02-02,69.35009002685547,69.63994964970202,69.01348391449268,69.36879432954302,23158000,-0.0032305812400857644
2024-02-05,68.91999053955078,69.41554760519737,68.9012933686367,69.36880111111114,14564700,-0.006221170519594226
2024-02-06,69.07894897460938,69.11635045410826,68.69559629355076,68.91999803694124,11224200,0.0023037641582166145
2024-02-07,69.01349639892578,69.4062083567909,68.94804559488203,69.36880687825123,7544100,-0.0009479530963179637
2024-02-08,68.99478912353516,69.26594445304039,68.6955844726331,68.90128900767856,16287600,-0.00027110365778951667
2024-02-09,68.3589859008789,68.81714151271376,68.2561336219932,68.81714151271376,20698800,-0.009257958345160642
2024-02-12,68.84518432617188,68.85453647798674,68.06912693197857,68.43378238313976,13422900,0.007087254849456621
2024-02-13,68.10652160644531,68.99479055957512,67.69511966139315,68.79843817210896,21640600,-0.010787304584696917
2024-02-14,67.97561645507812,68.0878208707265,67.65771464447643,68.0504193988437,15191300,-0.0019239143889142158
2024-02-15,68.41507720947266,68.5085773256272,68.17197833419117,68.24677414695384,14235700,0.006444168049704998
2024-02-16,68.51792907714844,68.83583803053908,68.05977351714589,68.34962601561259,15568300,0.0015022219960962979
2024-02-20,69.23789978027344,69.63060457339827,68.89194148141468,69.00414590813693,15388700,0.010452948011932157
2024-02-21,69.49034881591797,69.6025532393988,69.16309483110118,69.36879937401513,13776600,0.0036394795848247196
2024-02-22,69.70540618896484,69.78020200507784,68.90129231353423,69.1817926745623,11744900,0.003090001475335941
2024-02-23,69.92044830322266,70.2757587097136,69.62124366984149,69.74279309997719,12548300,0.0030802645407907773
2024-02-26,69.63994598388672,69.95784777682773,69.53709372532322,69.93915060872573,11806000,-0.0040198037342079485
2024-02-27,69.64929962158203,69.68670109601618,69.45294723100413,69.57450380631558,8294300,0.0001343052389826021
2024-02-28,69.72410583496094,69.78955663488468,69.4249011590807,69.60255638756034,6768700,0.0010734647735310718
2024-02-29,69.61190795898438,70.04202140880089,69.48100634681512,69.93916912301036,14083400,-0.001610465193760507
2024-03-01,69.62125396728516,69.69605692009459,69.13504904122827,69.42490156636205,15512500,0.00013424974604493752
2024-03-04,69.67735290527344,69.73345868691528,69.33140173089292,69.35009890237204,15912700,0.000805448701614787
2024-03-05,69.84565734863281,70.33186941982335,69.70541072579168,69.97655895235279,15708400,0.0024125701515136893
2024-03-06,70.4347152709961,70.55626471089975,70.10746129156183,70.1729120874487,11816200,0.008398343597948303
2024-03-07,70.8367691040039,70.90221989703184,70.55626162896911,70.7245646872697,9174900,0.0056919472499794115
2024-03-08,70.27577209472656,70.49082167620288,70.02331390165128,70.35992007001664,13301600,-0.007951100023108696
2024-03-11,70.65911102294922,70.7619632840424,70.22900481001464,70.434709332201,9316500,0.005439957306413454
2024-03-12,71.02376556396484,71.2388222345634,70.72456093548057,70.8180610443317,10454900,0.005147486484967776
2024-03-13,71.2014389038086,71.24818540334293,70.90223419909798,71.01443150486267,9739500,0.002498480250871684
2024-03-14,70.64976501464844,71.32297727902801,70.41601115249452,71.15467421293312,14086100,-0.007778244460728135
2024-03-15,70.62171936035156,70.69652231219018,70.20096524006307,70.31316253421888,14248300,-0.0003970462232967841
2024-03-18,71.07571411132812,71.282933089019,70.53883184463848,70.53883184463848,10229000,0.0064079679264284605
2024-03-19,71.33943939208984,71.37711622030977,71.13222042994033,71.16989725816026,10245900,0.0037036168656084684
2024-03-20,71.55608367919922,71.58433950554053,71.17932256036698,71.44305318771336,10986100,0.003032207705933799
2024-03-21,71.59376525878906,71.8386538940719,71.29235778095386,71.59376525878906,8936100,0.0005264634331050539
2024-03-22,71.2452392578125,71.70676775228331,71.2264044398443,71.59374447223603,10942300,-0.004879993301764432
2024-03-25,71.04745483398438,71.41479493618807,70.89674751712111,71.24525279777711,11003700,-0.0027799677624674533
2024-03-26,71.08513641357422,71.29235539504873,71.02862475903422,71.1322270636506,7964400,0.0005302313866499489
2024-03-27,71.82923889160156,71.82923889160156,71.44305674936301,71.44305674936301,9848100,0.010413356955988228
2024-03-28,71.92341613769531,72.15889091363431,71.8292276645437,72.04586043418044,9172700,0.0013102681066752963
2024-04-01,71.348876953125,72.01762464045002,71.348876953125,71.91401513533131,13205200,-0.00802028434025766
2024-04-02,70.98152160644531,71.45247118866105,70.86849111971021,71.34886170568396,16269200,-0.00516201972485621
2024-04-03,70.19973754882812,70.95325969013346,70.08671425791613,70.95325969013346,16094700,-0.011075011699802491
2024-04-04,69.89833068847656,70.63301082975835,69.80414221659014,70.51056653491797,18289500,-0.0043028048732933364
2024-04-05,70.01136016845703,70.2279929320959,69.69111074526435,69.84181804703024,11148900,0.001615749472079865
2024-04-08,69.90776824951172,70.16207790245157,69.84183558496275,69.88892623899974,10040700,-0.0014807401824824598
2024-04-09,70.24684143066406,70.26567625206583,69.7193730118502,70.11497612249067,12629600,0.004838568541561687
2024-04-10,69.99252319335938,70.1055536778078,69.48389679252172,69.70053675785117,15018400,-0.003626920540795787
2024-04-11,69.82299041748047,70.35045889614472,69.6063576092379,70.33161688648467,10551900,-0.0024250936764725448
2024-04-12,69.11656951904297,69.71938450899204,69.04122303489048,69.54042852474315,14605900,-0.01016883868142367
2024-04-15,68.83399963378906,69.7193800514765,68.73039014031696,69.5404240786692,12119600,-0.004096688867372057
2024-04-16,68.86225128173828,69.06947025610391,68.69270913781374,68.97528177306152,12737600,0.00041034738648000493
2024-04-17,69.11656951904297,69.36146535437275,68.78690619424607,69.267276859591,12731500,0.003686341480892054
2024-04-18,69.43680572509766,69.59692685417005,69.20133094018406,69.34261724835625,11964200,0.004622576328145001
2024-04-19,70.114990234375,70.152667070882,69.2861142034645,69.4085657186427,15843100,0.009719543107079922
2024-04-22,70.78372192382812,70.97209887768773,69.94543226274864,70.25625351800497,12181600,0.009492446036258413
2024-04-23,70.98152160644531,71.0474542605107,70.66127215375603,70.8967469448639,12821100,0.002790526169145846
2024-04-24,71.51841735839844,71.60318484987901,70.16208000573567,70.49174333836297,15011000,0.007535417858779107
2024-04-25,71.348876953125,72.02704564622132,71.08514628050351,71.66911928813056,14352600,-0.0023733981339227896
2024-04-26,71.19815063476562,71.58433272115153,71.04745051318768,71.09454834337326,13488200,-0.0021147599789795328
2024-04-29,71.42420196533203,71.45245778518533,71.00034310917562,71.21698303824921,9244000,0.0031699311606401535
2024-04-30,71.1134033203125,71.36771299148485,70.94386114415694,71.348878165744,12517400,-0.004360942320531824
2024-05-01,70.6612777709961,71.17932522706388,70.36929130636929,70.90617358533004,24867400,-0.006378107551367893
2024-05-02,71.25467681884766,71.5089864441725,70.62360607153133,70.89675051920143,22820400,0.008362731418837723
2024-05-03,71.4713134765625,71.61259980321127,70.87791952798297,71.28293649844487,18088200,0.0030357025182893935
2024-05-06,71.50897216796875,71.71619110300047,71.04744365838309,71.63142364018891,12508400,0.0005267676184488848
2024-05-07,72.29076385498047,72.32844068544783,71.81039324917236,71.81039324917236,14641800,0.010873446799576622
2024-05-08,72.07412719726562,72.42263250555627,71.97993870981763,72.2813461813238,12686000,-0.0030012396885087584
2024-05-09,72.6957778930664,72.6957778930664,72.09296300193378,72.14005364854457,12851900,0.008588173299110876
2024-05-10,73.11021423339844,73.19498170712407,72.62042265369412,72.68635530640968,10774900,0.005684779485246775
2024-05-13,72.90298461914062,73.46812258642778,72.780533149047,73.25148265280615,11755400,-0.0028385071353257394
2024-05-14,72.76171112060547,73.09137439396018,72.40379202183755,72.96893008846283,10117600,-0.0019397087552681283
2024-05-15,72.8088150024414,72.92183831348385,72.5733401896083,72.5733401896083,18143000,0.0006471623718680276
2024-05-16,73.84488677978516,74.04268471747554,73.30800461001998,73.46812572346656,17360400,0.01412973559194217
2024-05-17,73.66593933105469,73.82606047856154,73.47756235588439,73.76012781863984,11265700,-0.0024262291959302497
2024-05-20,73.15731048583984,73.64710210308232,73.07254300561753,73.64710210308232,9226400,-0.006928478705173847
2024-05-21,73.59058380126953,73.61884681433757,73.20440885612233,73.35510899521465,6595200,0.0059050193057535024
2024-05-22,73.29859924316406,73.54349505992916,72.9595149387573,73.09138025867982,9395100,-0.003975581273279169
2024-05-23,72.43204498291016,73.1949809833778,72.39436815514236,73.07253668272253,10751300,-0.011892687064270182
2024-05-24,72.62041473388672,72.90298732106254,72.58273790985533,72.68634737941183,6943200,0.0025972652547385077
2024-05-28,72.0552978515625,72.58275917026342,71.79156719221204,72.38496117575058,8840700,-0.0078122270331969865
2024-05-29,71.53723907470703,71.92342118367817,71.50898324939116,71.66910438359464,10402400,-0.00721570961463416
2024-05-30,71.72563171386719,71.92342970062121,71.55608955577499,71.74446653760134,7404400,0.0026300289351543446
2024-05-31,72.84647369384766,72.88415052056952,71.33002273848207,71.6596859896485,11873900,0.015505957171645277
2024-06-03,72.81822204589844,73.16672732346986,72.39437029668268,72.61100308010573,12223400,-0.00038789973315072387
2024-06-04,73.44929504394531,73.57173934004895,72.70519389196203,72.82763818806566,9097500,0.008629078095505347
2024-06-05,73.2891845703125,73.4587267371633,72.70521158480983,73.35511723596994,9095100,-0.0021822570002653545
2024-06-06,73.51522827148438,73.77895887200846,73.09136936111075,73.24207666776445,9759400,0.003079524319958125
2024-06-07,73.14789581298828,73.70361289538555,73.07254215181287,73.49639392021346,7490500,-0.005009210445867324
2024-06-10,73.09136962890625,73.2797537629136,72.62042007306779,73.2609117564529,10033800,-0.000773064425978359
2024-06-11,73.0537109375,73.0537109375,72.45089593126909,72.9877782707598,8583700,-0.0005153603815304525
2024-06-12,72.25308990478516,73.23266597762422,72.07412674946121,73.19498914565493,14172800,-0.011019843945907356
2024-06-13,72.34727478027344,72.41320743639831,71.9234230174879,72.22483047207598,8723500,0.001302692272080795
2024-06-14,72.47913360595703,72.47913360595703,71.95167240416353,72.14004935162694,7246400,0.0018209229046998248
2024-06-17,73.1667251586914,73.29859046281794,72.05528389096763,72.20599120203802,8762000,0.009442035179130722
2024-06-18,73.26092529296875,73.35511378431578,72.9500968040144,73.05370630033251,6567100,0.001286644250346227
2024-06-20,73.10079956054688,73.47756068845861,72.91242258965141,73.12905538756911,9316300,-0.0021880829358685147
2024-06-21,73.15731048583984,73.62826009450798,73.1007988323583,73.25149897034932,11594000,0.0007727561649358847
2024-06-24,73.9374008178711,74.03230040604635,73.17818963172012,73.33002752472562,9722600,0.010606739544072047
2024-06-25,73.46289825439453,73.76658129160145,73.17819223934909,73.66218956877644,10705700,-0.006438307188574797
2024-06-26,73.31105041503906,73.49136470061724,72.79858395105987,72.95042908425717,8405200,-0.002069139583802565
2024-06-27,72.99787139892578,73.3584999510168,72.69418838896044,73.29206951884858,4592300,-0.00428107172888625
2024-06-28,72.67521667480469,73.07379929691615,72.48541025448404,72.9883918380528,8396900,-0.0044298539424803465
2024-07-01,72.1627426147461,73.33002120542157,72.10580431482256,73.05481459554194,9275300,-0.007076545419290307
2024-07-02,72.66572570800781,72.67521783926959,72.02039834932683,72.24815881698638,8233400,0.006945942622105009
2024-07-03,72.54235076904297,72.79858036823484,72.35254436188778,72.54235076904297,5600600,-0.0016992852139620272
2024-07-05,73.43441772460938,73.48187113790252,72.43796120882232,72.54235292576777,7202900,0.012222192197270247
2024-07-08,73.3205337524414,73.57676333351351,73.1212424693023,73.491355886614,4486800,-0.0015520293370958975
2024-07-09,73.1307373046875,73.48187375056824,73.10226815184912,73.32054372423435,5635700,-0.0025919413691775483
2024-07-10,73.45339965820312,73.48186880912704,73.08328621544403,73.2635932514202,7249100,0.004402425546676389
2024-07-11,73.1781997680664,73.48188283651685,72.96941630093632,73.34902194659324,11414600,-0.0037536276537602758
2024-07-12,73.50083923339844,73.8899369021039,73.25410178728484,73.56726965971724,10028200,0.004399265060357732
2024-07-15,73.07380676269531,73.64321160108281,73.01686845096917,73.45341240174542,8481200,-0.005826842371282932
2024-07-16,73.77606201171875,73.78555414245024,72.99787382034582,73.10226553726926,7987300,0.009564334080737912
2024-07-17,74.7250747680664,74.8674277721396,73.87096398400173,73.88994824607792,18297900,0.012781392741298194
2024-07-18,74.35496520996094,75.11417644467413,74.34547307842391,74.44986480420636,14877200,-0.004965256496346016
2024-07-19,74.10821533203125,74.63966605561585,73.99433872298589,74.54476646795324,11816500,-0.00332405791430861
2024-07-22,74.15567016601562,74.33598445428942,73.80453372052837,74.27903890830189,9408200,0.0006401401857973665
2024-07-23,73.88994598388672,74.3644511560204,73.82351554940297,74.23159028705291,6937900,-0.0035897647548357066
2024-07-24,73.8235092163086,73.95637007387835,73.33951195494808,73.62421792995396,10620400,-0.0008995358204564363
2024-07-25,73.73809814453125,74.85793059924279,73.73809814453125,74.07974243514657,15686200,-0.0011576328401853445
2024-07-26,74.48783111572266,74.57324582456897,73.8519958269657,74.03231013646038,10271900,0.010116170209911271
2024-07-29,74.51629638671875,74.67763366382205,73.96587583550617,74.34547421830794,9115000,0.00038207359513446956
2024-07-30,74.01331329345703,74.13668926966989,73.30155554899528,73.62422282481252,11818400,-0.006772858517083146
2024-07-31,73.88046264648438,74.34547574321701,73.55780256640975,74.01332353126513,10474100,-0.0017965689476974814
2024-08-01,74.5637435913086,74.72507361459311,73.79504751770344,74.02280797648007,16535000,0.00920596078203587
2024-08-02,75.21857452392578,75.68358764326892,73.8330200578596,75.13315981362776,24086900,0.008743823876059589
2024-08-05,73.73809814453125,75.30396660312246,73.49136067715557,75.08569828656904,29057400,-0.019878600998360516
2024-08-06,74.25056457519531,75.05722189005665,74.01331199786115,74.09872669069595,15801400,0.006925780254736978
2024-08-07,74.32649230957031,75.35142525266266,74.27903889465185,74.56374490341348,14182300,0.0010220654867798308
2024-08-08,75.00028991699219,75.12366590145591,74.04178739637833,74.11770996522142,13889800,0.009024532241720076
2024-08-09,75.11418151855469,75.24704240754787,74.52579240988817,74.84845974056833,10319800,0.0015173969881282653
2024-08-12,74.73455047607422,75.13313300759044,74.5447513392683,75.07619471462326,9735300,-0.005066867762183245
2024-08-13,75.0761947631836,75.09517178072727,74.35494501018323,74.73455052441358,7513900,0.004561019689603088
2024-08-14,75.41786193847656,75.64562242013344,74.8959032926221,75.01927928548324,7264000,0.004540614690026515
2024-08-15,76.19603729248047,76.6895194590673,75.96827684946916,76.48073603615113,7745200,0.010265314610344764
2024-08-16,76.40482330322266,76.47125373636653,75.99674857380339,76.12011730953509,6976700,0.002736369116198447
2024-08-19,76.66105651855469,76.84137080574729,76.46176520972975,76.49023436236551,7330000,0.0033480153118110477
2024-08-20,77.04066467285156,77.04066467285156,76.51870605594803,76.642082041966,6931200,0.004939553353056354
2024-08-21,77.5626220703125,78.09406556980453,77.34434649566418,77.68599081401611,7960700,0.006752241709454605
2024-08-22,77.44874572753906,77.77140581484024,77.11659350814803,77.77140581484024,7632600,-0.0014692646723524487
2024-08-23,77.66700744628906,77.68599170884654,77.18301735669452,77.58159998590463,6505100,0.0028141804856023443
2024-08-26,78.2174301147461,78.37876013409236,77.7429249469929,77.75241707765277,7270700,0.007061961599138981
2024-08-27,78.4072494506836,78.54959523217434,78.11305127472663,78.33132687363822,5674600,0.002423876357153217
2024-08-28,78.07508087158203,78.53060904029965,77.78088997034489,78.426217319143,6666800,-0.004245451576937014
2024-08-29,77.68599700927734,77.98018793561789,77.52466696840513,77.98018793561789,6343700,-0.004995916526333579
2024-08-30,78.30284118652344,78.3692716173199,77.62904474833832,77.83782093057435,8884800,0.007908865784061553
2024-09-03,78.853271484375,79.11900048106578,78.22692837882667,78.3218279717431,15503700,0.007004914275904471
2024-09-04,79.223388671875,79.28032697701033,78.63499963743662,78.71092220453342,19276700,0.00468276421667874
2024-09-05,78.91971588134766,79.36574473005764,78.52112597257157,79.2423759728028,12775800,-0.003840485674449023
2024-09-06,78.75836181640625,79.2518512210425,78.66346223562971,78.91020693794783,12616500,-0.002046627199152529
2024-09-09,79.36573028564453,79.51757541189998,78.63499552656904,78.76785639185549,10061000,0.007682212725703369
2024-09-10,79.34676361083984,79.71687710387783,79.13798015520301,79.25186401474357,14002500,-0.0002390067023626622
2024-09-11,78.60652923583984,79.11899569503852,77.89477147145963,79.0620501504335,14556400,-0.009372894744453145
2024-09-12,79.09051513671875,79.17592982894013,78.35978038954217,78.6255021157882,8659100,0.0061381926644835366
2024-09-13,79.65042877197266,79.71685919835636,78.97663237854566,79.14745450929992,5953700,0.007054461734870729
2024-09-16,79.96363067626953,80.21986033806195,79.59351714236055,79.85923893692332,7794600,0.003924495215087003
2024-09-17,79.20441436767578,79.9161722328494,79.10951476706106,79.68841174329897,8404900,-0.009539880525081873
2024-09-18,78.90071868896484,79.58400728876583,78.57805865037786,79.14746340342059,12935600,-0.00384169756352332
2024-09-19,78.43570709228516,79.11899570463292,78.31233111260468,79.10950357380187,14934200,-0.005911065391952901
2024-09-20,78.81532287597656,78.8722611875789,78.22693377470944,78.3597946620318,12719100,0.004828159423908751
2024-09-23,79.27230072021484,79.52989923779361,78.59492361808435,78.65217177690766,11985900,0.0057813395719854745
2024-09-24,79.08148193359375,79.45356215935917,78.89067417432666,79.16735052045854,8985100,-0.002410032470125689
2024-09-25,78.88113403320312,79.43448674251684,78.76664500680556,79.35816072491846,6100900,-0.0025366509233118203
2024-09-26,79.06241607666016,79.42495378586712,78.7380341020219,78.7380341020219,8565600,0.002295530560580812
2024-09-27,79.20552062988281,79.66346952565878,79.0719537183754,79.16736489418135,6432600,0.0018083838735699156
2024-09-30,79.18643951416016,79.64438839115311,78.88114268911501,79.4917363392053,8468900,-0.00024093540855995291
2024-10-01,78.9193115234375,79.32001227108174,78.6807981338134,79.21506579733907,15725800,-0.003379108516295551
2024-10-02,78.25144958496094,78.71894094943325,78.09880483977442,78.70939837821874,10788300,-0.008498603092912014
2024-10-03,77.46914672851562,78.05111998669112,77.3355798114443,77.93663821711631,11507900,-0.010047603931151389
2024-10-04,77.72673034667969,77.82213422929452,77.23061851092312,77.34510753737072,12463000,0.0033194677531606233
2024-10-07,76.95394897460938,77.75535031839904,76.85853781371569,77.75535031839904,9270800,-0.009992040441607163
2024-10-08,77.3355712890625,77.43098245832861,76.77268324041378,76.98257616663882,8218300,0.004946843985675616
2024-10-09,77.80307006835938,77.91755183612185,77.27833770327821,77.40236204463788,9276300,0.006026869776498881
2024-10-10,77.45960998535156,77.94617205464935,77.26879490820944,77.78398469821676,9122600,-0.004424252410556364
2024-10-11,77.88892364501953,77.96524966850147,77.38327647743954,77.72673630425807,8741500,0.005527116897220435
2024-10-14,78.20376586914062,78.24192888226574,77.72673912335239,77.85076345687115,6263000,0.004034047360800087
2024-10-15,78.69986724853516,79.36770903250947,78.30870911806251,78.30870911806251,11287700,0.006323665331920631
2024-10-16,78.64262390136719,78.74757036014157,78.25145850432635,78.43273098381844,7720300,-0.0007276273468813339
2024-10-17,78.28962707519531,78.8525224194056,78.07973414273894,78.74757595317743,7716400,-0.004498723739949369
2024-10-18,78.46136474609375,78.4899851890107,77.88893405120125,78.11790487338801,8314200,0.0021912172627247075
2024-10-21,77.80307006835938,78.60447155810047,77.72674403728377,78.43274162760581,8704600,-0.008425443355278603
2024-10-22,78.2419204711914,78.33732435432296,77.6122417405937,77.68856775863883,8912400,0.005624679886325157
2024-10-23,78.08927917480469,78.20376821761818,77.69812101651401,77.85076579474796,6926500,-0.001952794390874002
2024-10-24,77.98432922363281,78.23238516589547,77.75535842707903,78.07019782162197,6211500,-0.0013448778184521359
2024-10-25,77.3355712890625,78.10835954278652,77.26878783788638,77.98432793428067,6546900,-0.0083538774534979
2024-10-28,77.47868347167969,77.81260073922937,77.44052045840965,77.64087081893946,5714200,0.0018488248850637638
2024-10-29,76.71543884277344,77.31648987578659,76.66773326032877,77.11613953144887,9459900,-0.009899869736616848
2024-10-30,76.5914077758789,76.83946370439696,76.3719795643379,76.61049292053029,8504800,-0.0016180763832977702
2024-10-31,76.43877410888672,76.88717316938468,76.2861220449164,76.40061109289414,10905300,-0.0019948184825621562
2024-11-01,76.46739196777344,76.74406836523406,76.37198807044066,76.68682020375375,7916100,0.00037431923061247954
2024-11-04,76.67728424072266,76.90625504809525,76.46739130110997,76.5818730653709,6958900,0.0027410995872225946
2024-11-05,77.1638412475586,77.1638412475586,76.34335468940448,76.48646416421745,5304800,0.00632546892277137
2024-11-06,75.90449523925781,77.478684993017,75.71368744801153,77.36419595095883,18487700,-0.01645506122389297
2024-11-07,76.18115997314453,76.62002364892868,76.00943007576382,76.06667822745709,17598100,0.0036382792142528983
2024-11-08,77.10660552978516,77.29741332307272,76.1811724467539,76.19071502007351,11530300,0.012074764058759836
2024-11-11,76.8394775390625,77.70766252691426,76.7822366525023,77.00166490355056,9273800,-0.0034704131927205256
2024-11-12,76.92533111572266,77.2306279446921,76.79176420797668,77.12568147734162,13518000,0.0011166870538557856
2024-11-13,77.15430450439453,77.2306232478576,76.70589822186724,76.93486900995667,6781600,0.002972145622050578
2024-11-14,76.9634780883789,77.41188430471897,76.90623721951815,76.9634780883789,7572200,-0.002476372425352382
2024-11-15,76.2861099243164,76.95395167980098,76.2479469143873,76.89670352548238,11359100,-0.008840122627081011
2024-11-18,76.82038116455078,76.96349063888871,76.37198215393892,76.45784347123154,8747600,0.006979108528161718
2024-11-19,76.92533111572266,77.17338706390113,76.45784693861177,77.02074228884169,8020800,0.0013652409022212294
2024-11-20,76.5341567993164,76.5341567993164,75.87585769387002,76.22886003483457,7687200,-0.005098090303258856
2024-11-21,77.36419677734375,77.45006537951727,76.41014325322003,76.62003619314338,8185800,0.010786964346859064
2024-11-22,78.0797348022461,78.14652553481953,77.69811922602987,77.79352312008393,7703800,0.009206445972215595
2024-11-25,78.5090560913086,78.8334307573108,78.27054273847762,78.5949174044798,8243100,0.005483436743472281
2024-11-26,78.83343505859375,78.90976108258812,78.36595089961628,78.46135479018409,6973600,0.004123227291983973
2024-11-27,78.9956283569336,79.41540692417507,78.85251888405234,79.18643613487517,7067800,0.0020553040349556057
2024-11-29,79.39633178710938,79.47265781244971,78.87159946145756,78.97654592658793,4982600,0.005059654349228422
2024-12-02,79.3009262084961,79.39633009871751,78.72848830946707,79.32000407500028,10750100,-0.001202359653998028
2024-12-03,78.89068603515625,79.29138675717017,78.7475765547654,79.23414587655405,11053200,-0.005186635210086731
2024-12-04,78.67124938964844,78.78573842807452,78.28009124634754,78.68079196256322,10100900,-0.002785403553093072
2024-12-05,78.98609161376953,79.13873639161835,78.54722786903447,78.75712080757096,12639000,0.00399401183161958
2024-12-06,78.59492492675781,79.46311710800474,78.59492492675781,79.00516822404526,7180600,-0.004964652456849678
2024-12-09,78.47090148925781,79.07195258240631,78.26100855166132,78.70941486764461,11614000,-0.0015792545852485532
2024-12-10,78.84297180175781,79.03377956878535,78.09881131996076,78.41365068652097,8497200,0.004730301256912071
2024-12-11,78.2419204711914,79.29137774333788,78.20375746216884,78.96699580607095,9046100,-0.007652604335336223
2024-12-12,78.47090148925781,78.82390390965652,78.34687715288291,78.73803530843493,5410800,0.002922303078424105
2024-12-13,78.27055358886719,78.72849521362969,77.87938814215045,78.31825189873571,8154300,-0.002556413801327578
2024-12-16,77.86030578613281,78.69033494159223,77.84122064020475,78.29916951742213,6495000,-0.005255191043313839
2024-12-17,77.72673034667969,78.12743102097176,77.593163455249,77.69810990978021,8535900,-0.0017170514406752043
2024-12-18,76.54371643066406,77.68857773292866,76.52463128427763,77.43098648751686,17223000,-0.015337183894781281
2024-12-19,75.9999008178711,76.85854309410836,75.9999008178711,76.47692753971407,15778400,-0.007129998965860556
2024-12-20,76.26704406738281,76.70590783239392,75.70414868086029,75.9617472187294,11035400,0.003508884003785589
2024-12-23,75.86521911621094,76.1632248442844,75.13464193519279,75.99019186265771,11469000,-0.005282586049757309
2024-12-24,76.3650894165039,76.41314964789683,75.692180170276,75.79792294705352,3932600,0.006567313719726882
2024-12-26,76.60541534423828,76.6534755773681,76.1536066151479,76.22089680879448,4253700,0.003142123716427812
2024-12-27,76.23049926757812,76.63424036313991,75.95172355852455,76.24972189085636,6601700,-0.004906135179500647
2024-12-30,75.33650207519531,75.95172873918156,75.09617893038566,75.90366117658749,7249300,-0.011796862803523968
2024-12-31,75.56720733642578,75.80753047199919,75.13462862602569,75.49030217286308,6125500,0.0030576510262472433
2025-01-02,75.33650207519531,76.07669413421365,75.08656395105079,75.73062821896134,9321800,-0.0030576510262472745
2025-01-03,75.29804992675781,75.65372348931855,75.02888917646955,75.4806905306932,6991300,-0.0005105355811355166
2025-01-06,74.50979614257812,75.40379860989057,74.42327598944159,75.38456864960202,9275700,-0.01052362849558536
2025-01-07,74.25023651123047,75.1346312549864,74.14449374115183,74.70204519537006,11112800,-0.0034896455737318103
2025-01-08,74.38481903076172,74.46172419923366,73.70230216225444,74.17334081858468,9277400,0.001810912719340893
2025-01-10,73.38507080078125,74.33675571948942,73.28894301121645,73.913784644508,13943200,-0.013531355885353634
2025-01-13,73.51004028320312,73.69268820917046,73.11590682907992,73.44275010006989,9490900,0.001701479533919283
2025-01-14,73.52926635742188,73.68307668841909,73.18320044675838,73.59655654371309,7763700,0.00026150931703325874
2025-01-15,73.27934265136719,74.16373013781536,73.1639848919727,73.93302195310736,11426800,-0.003404758742369653
2025-01-16,73.82727813720703,73.90417597497597,72.87559313724773,73.13514625872058,11223400,0.007449535811511581
2025-01-17,74.25023651123047,74.4040468437377,73.8753329933445,73.9618531388999,10524800,0.005712677245918304
2025-01-21,74.59630584716797,74.8846965668079,74.31753010727087,74.39443527705228,8849500,0.004650023494452107
2025-01-22,74.23102569580078,74.93276528078086,74.16373549814404,74.93276528078086,8357500,-0.004908787667807587
2025-01-23,74.50017547607422,74.529013080225,73.82727359895475,74.1252719539533,7562500,0.003619281925468744
2025-01-24,74.88469696044922,74.91353456574866,74.4328882532093,74.47134083830214,6685300,0.005148075937550963
2025-01-27,76.91302490234375,77.05722026276469,75.63450395220181,75.64411893198472,17519900,0.026725680008343848
2025-01-28,75.7114028930664,76.99953138292841,75.55759256551747,76.67269543800704,11664900,-0.015746454943434473
2025-01-29,75.89405059814453,76.23050888765262,75.75947021597361,75.82676040705907,10195100,0.002409514819414141
2025-01-30,76.64385986328125,76.80727784006635,76.11514601594091,76.26894901347974,8192000,0.009831199366801652
2025-01-31,75.92289733886719,76.49005648660157,75.87482977234555,75.97095757130788,10269000,-0.009451179330016398
2025-02-03,76.22090148925781,76.37470451243121,75.2019335417293,75.37496652660033,13340800,0.003917406214190729
2025-02-04,75.57683563232422,76.03825202684368,75.2692222579508,75.96134684972998,9307500,-0.008485893585697919
2025-02-05,76.04784393310547,76.0670665545107,75.16345666688238,75.56719772310434,8847800,0.0062128384004748695
2025-02-06,76.39392852783203,77.06683045324164,76.15360536388847,77.04760782712175,9846300,0.004540555829696204
2025-02-07,76.278564453125,76.59579276344391,76.05747126768841,76.41314482706387,8104000,-0.0015112623683719794
2025-02-10,76.74959564208984,76.75921062137914,75.99978860729232,76.48043489463231,7949600,0.006156156831217331
2025-02-11,77.48979949951172,77.5090221251183,76.58618208030694,76.86495782312716,9157100,0.009598190389118863
2025-02-12,77.43212890625,77.52825670817693,76.77844958543324,76.82650981935612,10564000,-0.0007445117230217385
2025-02-13,78.26844787597656,78.3357380698957,77.42251296183876,77.63399852389348,10132300,0.010742760625259388
2025-02-14,77.48979949951172,78.27805916283481,77.4705695398244,78.22999159769725,10470300,-0.009998248902237678
2025-02-18,77.7685775756836,77.78780020186693,76.80728491673591,77.23986367962999,10432400,0.003591154062357615
2025-02-19,78.39342498779297,78.42226259621148,77.75896826625977,77.9512238784375,6450800,0.008002596489948683
2025-02-20,78.08580780029297,78.08580780029297,77.31677072091833,77.44173612933223,14264000,-0.003931736861119692
2025-02-21,78.99903106689453,79.06632125970977,77.8454828088959,78.08580597381902,18203300,0.011627265389027018
2025-02-24,79.23934936523438,79.60463791321374,78.6433453125602,78.681797896676,14114200,0.0030374234423668134
2025-02-25,80.36406707763672,80.63322785624649,79.48929454715496,79.48929454715496,18198000,0.014094138530109053
2025-02-26,78.82600402832031,80.13336273063848,78.6818086516961,80.05645755189471,19969500,-0.01932420660317752
2025-02-27,78.8163833618164,79.23935448031347,78.46070977042659,78.4799323966851,16613700,-0.0001220568487337391
2025-02-28,79.86418914794922,79.91224937640554,78.96057177763831,79.48928562922029,15163900,0.01320667047057124
2025-03-03,80.28717041015625,80.57556118012937,79.4796879887626,79.4796879887626,18918900,0.0052822810482907505
2025-03-04,78.92213439941406,80.88317251661849,78.87407416169854,80.13336533470421,21845600,-0.017148111564964832
2025-03-05,79.24895477294922,79.54695309625328,78.64333581387373,78.7683085306758,13772700,0.004132497795297576
2025-03-06,79.39315032958984,79.59502822453572,78.768316022469,78.95095662473003,13729400,0.0018178729569583985
2025-03-07,79.6527099609375,80.20064648079295,78.86445027738965,78.88367290348943,19631100,0.00326396249870696
2025-03-10,79.47966766357422,81.08502444848756,79.17205434350652,79.77766600467979,27412700,-0.002174822850658267
2025-03-11,78.3165054321289,79.38354075221889,78.25883022587976,79.31625056690152,27913700,-0.014742858163238153
2025-03-12,76.61502075195312,77.84548149623912,76.53812291437593,77.55709076956191,22000500,-0.0219652272370271
2025-03-13,76.25935363769531,77.01877577056761,76.11515826212285,76.7111623919177,18077400,-0.004653072267898304
2025-03-14,76.432373046875,76.49966323231362,75.82675404384726,76.08630714059633,10251300,0.0022662587815039793
2025-03-17,77.5474624633789,77.77817793870551,76.4996571824023,76.56694736251933,12470000,0.014483830385800521
2025-03-18,76.6630859375,77.58592596650124,76.61501837318593,77.48979817195372,9461100,-0.011469853788372826
2025-03-19,76.6630859375,76.73999110677026,76.07669685645537,76.49005297368223,12042700,0.0
2025-03-20,76.2881851196289,76.82650665551569,76.1728273616185,76.54773090755121,10954500,-0.004902235412341059
2025-03-21,76.25935363769531,76.45160924907097,75.93251029745896,76.23051602939711,11926200,-0.00037799996659083153
2025-03-24,76.73094177246094,76.80825431304504,76.30573017217804,76.37337680195671,9586600,0.006164961341214608
2025-03-25,76.03514099121094,76.69228281731112,75.79354484004071,76.59564583142893,12703200,-0.00910942507934034
2025-03-26,77.2141342163086,77.38808374643867,76.19942739506152,76.19942739506152,11491900,0.015386911091803178
2025-03-27,78.09353637695312,78.2481614503956,77.37841384460492,77.4363945606812,9253000,0.011324766586229093
2025-03-28,77.70698547363281,78.37378580185046,77.41706715845712,78.19983628733085,12493200,-0.00496213609418229
2025-03-31,78.92463684082031,79.16623301631414,77.82295887040287,77.82295887040287,14299100,0.015548276645371393
2025-04-01,79.04060363769531,79.2532094463609,78.5864016597152,79.10825027018619,11201000,0.0014682574135544634
2025-04-02,78.80867004394531,79.30152089997715,78.45110507423918,79.07925656245605,9219000,-0.002938673777224124
2025-04-03,79.26285552978516,80.0359660992822,78.61537966726546,79.00193495201398,20746100,0.005746597739040804
2025-04-04,75.8225326538086,79.28219119195862,75.8225326538086,78.83765517347614,35619500,
2025-04-07,74.94312286376953,76.71160094111364,73.59984896383864,74.02505314125186,45133500,-0.011666049017970732
2025-04-08,73.7834701538086,76.31540071463048,73.06834754232841,76.06413862894767,26842500,-0.015594739155038484
2025-04-09,76.64395141601562,77.25277836238466,73.2809375252083,73.41623076375063,39358900,0.03803596561261659
2025-04-10,76.6826171875,77.45572782324605,75.34900908241397,76.63430238084678,25968000,0.0005043584116722239
2025-04-11,77.64900207519531,78.14186029158057,76.25741324794498,76.97253579617984,19009500,0.012523649049668984
2025-04-14,78.97294616699219,79.29185483622368,77.62967223978808,77.9775712656899,12388100,0.01690664229698813
2025-04-15,78.30613708496094,79.18555054400643,78.25782228234243,79.08890619291175,8920200,-0.008479361190475694
2025-04-16,77.46538543701172,78.75067122485775,77.13681087148551,78.63470980296621,13657300,-0.010794781979819024
2025-04-17,79.11790466308594,79.49479404251319,77.68765230487641,77.80362110351899,13663600,0.021108006875346835
2025-04-21,78.36412048339844,79.27252432973859,77.50403881426199,79.18555325828683,13804400,-0.009573028230445077
2025-04-22,79.47547149658203,79.92967346143648,78.52841866907806,78.66371193015006,11258800,0.014082263710862528
2025-04-23,79.0212631225586,79.92966697858968,78.40277758698441,79.61075830067291,17717300,-0.005731469717656654
2025-04-24,78.32548522949219,78.5960717739256,77.96792022553068,78.48976886390814,12480700,-0.008843937804672566
2025-04-25,78.1225357055664,78.7023724246273,77.3107760955694,78.47043478783088,14378000,-0.0025944673068404355
2025-04-28,77.86160278320312,78.4897542143581,77.44605713240175,78.19017736363931,12088900,-0.0033456371690442585
2025-04-29,78.50907897949219,78.56706706623304,77.10782432756,77.53303588999084,10065700,0.008281346469175443
2025-04-30,79.07925415039062,79.38849692967464,77.95824446740515,78.94396089526195,10565800,0.0072362927841560926
2025-05-01,78.39312744140625,78.80867314631452,78.11287500107929,78.5574110665507,13203000,-0.008714303346774371
2025-05-02,78.81832885742188,79.10824719851415,78.48009570810068,78.8376606790572,14859700,0.005409306202350958
2025-05-05,78.75068664550781,78.93430209669582,78.27716020989308,78.8376651018869,10236300,-0.0008585725544244311
2025-05-06,78.61538696289062,78.88597347544679,78.24816346341149,78.59606251467783,10506300,-0.0017195538130087464
2025-05-07,78.74102020263672,79.09857778482917,78.43177742653359,78.69269802361805,10474900,0.0015967988682984993
2025-05-08,78.64437103271484,79.19520992434933,78.34479418533103,78.82798645423598,11018500,-0.0012281849199899124
2025-05-09,78.190185546875,78.60572386823684,78.10320709447781,78.3061469861649,9231500,-0.0057919219518153585
2025-05-12,78.30613708496094,78.49941841422145,77.6296708648712,78.2481563726472,18914800,0.001481843884300192
2025-05-13,77.25279235839844,78.16118892848284,76.97253992123595,78.04522748753966,13148500,-0.013542916884699413
2025-05-14,76.83724212646484,77.22379744364686,76.6922829609054,77.11749454709856,10352000,-0.00539361602096114
2025-05-15,78.4124526977539,78.46077488114307,76.59565214544394,76.90489494951649,13370000,0.020293304035995774
2025-05-16,79.31118774414062,79.31118774414062,78.37379345617546,78.48976226815756,11973300,0.011396449778698959
2025-05-19,79.5431137084961,79.60110179782697,78.86664744071385,79.09857767924927,13601400,0.0029199855090368144
2025-05-20,79.82337951660156,80.05530979404402,79.50447077703657,79.50447077703657,12719300,0.0035172524834535296
2025-05-21,78.89563751220703,79.56244524011875,78.77001016948381,79.43681052446621,10989100,-0.011690502975392276
2025-05-22,78.56707763671875,78.99228188342795,78.24816892198933,78.82799825690553,11871600,-0.0041731828644308725
2025-05-23,78.85698699951172,79.02127062266293,78.04522742187292,78.5284197532093,10693100,0.003683168659109996
2025-05-27,79.57209777832031,79.6204199534557,78.97294409504255,79.14689360342967,14433600,0.009027580212715023
2025-05-28,79.03092193603516,79.8040324725453,78.94395087146523,79.54310453297852,9963800,-0.006824308181833533
2025-05-29,79.34984588623047,79.39816806892844,78.66371365491287,79.0599275359025,13321300,0.004027311972774449
2025-05-30,80.04563903808594,80.39353808761713,79.21454768342022,79.21454768342022,17778900,0.008730455215536186
2025-06-02,80.09395599365234,80.1036219044346,79.30152088688898,79.81370356440401,15827900,0.0006034354841847328
2025-06-03,80.01664733886719,80.14227468184282,79.45614250479865,79.95865924963053,13265600,-0.000965690706099047
2025-06-04,79.45614624023438,80.05529999805599,79.38849961038582,80.03597554935483,10804100,-0.0070294549191218395
2025-06-05,78.69269561767578,79.39815959596102,78.48008983318081,79.29185670371352,16474500,-0.009654911716694678
2025-06-06,78.9439697265625,79.19522444394913,78.6927076362456,79.05993117368547,10948900,0.003188018741146234
2025-06-09,78.83765411376953,79.07925025358404,78.46076472549325,78.81832229374409,13027300,-0.0013476300508936355
2025-06-10,79.01161193847656,79.19522001045264,78.71202768000954,78.84732094269923,12364900,0.002204101412473921
2025-06-11,78.74102020263672,78.96328453109213,78.4800922326229,78.96328453109213,11204000,-0.0034305861974945093
2025-06-12,79.20487976074219,79.22421158129694,78.36412251691249,78.71202155760552,10709900,0.00587366803199769
2025-06-13,78.23849487304688,79.39816079519076,78.05487944313168,78.96328330953834,15635100,-0.012276121829213314
2025-06-16,78.48975372314453,79.09857333067772,78.24815758751453,78.4317730099306,12728200,0.003206302215472287
2025-06-17,77.82295227050781,78.39312303024272,77.79396191157595,78.26748831096528,15059900,-0.008531686443291777
2025-06-18,77.726318359375,78.12253223534118,77.6779961772897,78.03556115510342,11117700,-0.0012424863604082335
2025-06-20,78.29647064208984,78.50907641636421,77.90025682242933,78.00655970956652,16771500,0.007308609521578443
2025-06-23,79.20333099365234,79.27144166803427,78.29842779200293,78.35680624904265,17771400,0.011515828769437991
2025-06-24,79.13521575927734,79.28116931697313,78.78493019020996,79.19359421295313,12580900,-0.0008603746841647504
2025-06-25,78.07463073730469,78.96980913827515,77.96759861787895,78.96980913827515,12880400,-0.013492807683942986
2025-06-26,78.00651550292969,78.4638331821931,77.81191570999074,78.15246905938703,13783200,-0.000872818278697214
2025-06-27,78.37626647949219,78.61951993545149,78.00651647538997,78.08435936293847,15135300,0.004728802760673174
2025-06-30,78.78492736816406,78.93088092063186,78.22057759115847,78.33734191783392,12080000,0.00520054346379284
2025-07-01,79.7676773071289,80.25418422369872,78.87249893877558,78.87249893877558,23302100,0.012396674611493061
2025-07-02,80.00120544433594,80.04985168608222,79.33955568382875,79.70929829983007,16429100,0.0029233264887766246
2025-07-03,79.9622802734375,80.1082338388942,79.57307324005522,80.04984795860749,10898400,-0.0004866757121736212
2025-07-07,79.8941650390625,79.94281869927319,79.47576880117195,79.8844328223191,14365100,-0.0008522050939422996
2025-07-08,79.15467834472656,79.69957117027089,79.08656766947188,79.58280683118849,15712800,-0.00929892990378699
2025-07-09,78.63898468017578,79.34928810778213,78.20113138578621,79.26171299479996,22179000,-0.006536327133632158
2025-07-10,78.92115020751953,79.22278211112747,78.39572186273054,78.6778967566083,16687900,0.003581690624874126
2025-07-11,78.6292495727539,78.82385680361402,78.23031774062757,78.6097925614213,16936700,-0.0037054932157857654
2025-07-14,78.69734954833984,78.74600320531684,78.11354278214485,78.64870331486864,13694000,0.0008657147643128325
2025-07-15,77.90921783447266,78.66816744154741,77.89948561749551,78.52221388091615,17681600,-0.01006520199908579
2025-07-16,78.1816635131836,78.24977418761671,77.52974599739419,77.94814226134243,15633600,0.0034908631821421107
2025-07-17,78.92115020751953,78.96980386710425,78.29842196706728,78.4832969652818,17079000,0.009414117268416525
2025-07-18,78.70709228515625,79.29089912938828,78.60979238170204,78.96007797294261,12755000,-0.002715986051266543
2025-07-21,78.69734954833984,79.12547797451889,78.6097818739882,78.77519243010072,13430900,-0.00012379240020626687
2025-07-22,79.41738891601562,79.55361025394225,78.24976790356516,78.30815377946668,20413700,0.009107871310839986
2025-07-23,79.44658660888672,79.65091863755246,79.19360091570235,79.44658660888672,13808900,0.00036758104665807477
2025-07-24,79.1644058227539,79.60225907696237,79.0962951515769,79.51469139552324,11462600,-0.0035581529314966643
2025-07-25,79.30062866210938,79.3200856727388,78.85304318256733,79.11575365535046,9284900,0.0017192798821981294
2025-07-28,78.48329162597656,79.0087125115144,78.37625952097663,78.88222339810798,12113200,-0.010360299648046837
2025-07-29,78.9990005493164,79.232521805649,78.20112945196537,78.61952572396085,18872900,0.006549444507940167
2025-07-30,78.29843139648438,79.29090232938194,78.08436714614191,79.03792405489276,16485500,-0.008907631566947257
2025-07-31,77.62704467773438,78.38599430189467,77.50055554820986,77.74380901356928,18339700,-0.008611689184926162
2025-08-01,77.99678802490234,78.48329491400925,77.88975591541833,78.05516647607325,28529200,0.0047517663131437515
2025-08-04,78.37626647949219,78.51248782094889,77.89948436088737,77.89948436088737,14441900,0.004853511376708478
2025-08-05,78.29843139648438,78.7265598971693,78.18166705352292,78.3373528441382,15062900,-0.0009935885049259564
2025-08-06,79.41738891601562,79.68009937530094,78.32761078909641,78.52221057941841,16043200,0.014189778709694458
2025-08-07,80.0206527709961,80.13741709936723,79.29089242156536,79.55361030452387,15984100,0.007567412738602882
2025-08-08,80.25418853759766,80.5558204665625,80.05958130640516,80.08877053520733,14135200,0.0029141932691424104
2025-08-11,80.18607330322266,80.40013011010302,79.69956638816417,80.29309799490964,12970500,-0.0008491040551286008
2025-08-12,80.4001235961914,80.4682342618411,80.04011325925978,80.29309148966962,16449500,0.0026658632419198896
2025-08-13,80.4001235961914,80.5655415757742,79.71901693969444,79.97200259361009,17683900,0.0
2025-08-14,79.68009948730469,80.17633860388133,79.62172103482725,80.12768494447937,12826500,-0.008995851588586816
2025-08-15,79.80659484863281,80.04984831764945,79.44658446553252,79.81632706597537,12217700,0.0015862813933128258
2025-08-18,79.69956970214844,80.06931230050483,79.65091603921697,79.84551584392945,11892100,-0.0013419564422117581
2025-08-19,80.51689147949219,80.64338060029081,79.83578479287476,79.85524180241835,13215600,0.010202807643919358
2025-08-20,80.97421264648438,81.63586235212365,80.40986283977603,80.48770572832333,24835800,0.005663747139058333
2025-08-21,80.24445343017578,80.45851766502463,79.96227852273925,80.41959622018788,18125200,-0.009053098108679297
2025-08-22,80.24445343017578,81.01313526281186,80.04012141241276,80.48770689277556,16491500,0.0
2025-08-25,78.87249755859375,80.01092936531069,78.7946620951695,79.87470060142908,20490600,-0.01724504980246846
2025-08-26,78.35680389404297,78.81412158979417,78.21085033232353,78.76546792805219,17724000,-0.00655978890718441
2025-08-27,78.59032440185547,78.61952105273083,78.18166037167774,78.26923547729093,11764700,0.002975787867835093
2025-08-28,78.09410095214844,78.6876400498027,77.86057226147621,78.63898638336917,14505000,-0.006334070634574238
2025-08-29,78.60005187988281,78.6584303311009,78.11354499038266,78.2692307583056,15675800,0.006457837474120795
2025-09-02,78.47357177734375,79.00872496317706,78.16220762922953,78.73628226151547,16662400,-0.0016104566372177978
2025-09-03,78.41519165039062,78.4541130996995,77.75354928266194,78.08437046652628,14723100,-0.0007442232110471287
2025-09-04,78.46383666992188,78.86277591373776,78.26923686833294,78.57086878784777,12717400,0.0006201596428937046
2025-09-05,78.68762969970703,79.08656150266135,78.24976902992057,78.44437624654998,20657300,0.00284812081280847
2025-09-08,78.39572143554688,78.6097856589433,77.88002531018613,78.60005344237815,18019800,-0.0037166077507945487
2025-09-09,78.55140686035156,78.66816376459417,78.15246764150633,78.24004274319441,13459600,0.001983922580288464
2025-09-10,77.78273010253906,78.36653693202601,77.39352307504556,78.22058336877762,19041800,-0.00983384649418107
2025-09-11,78.41519165039062,78.63898812803981,77.87030620708116,77.98707055500779,16717500,0.008098251208984946
2025-09-12,78.1524658203125,78.4638299302139,77.94813381914338,78.27895493812977,10261000,-0.003356070863127715
2025-09-15,77.25730895996094,78.30816580549791,77.21838751121801,78.12329077984586,14871900,-0.01152008310232585
2025-09-16,77.60758209228516,77.78272487170366,77.2086428744684,77.38378565388692,16171000,0.004523604120302873
2025-09-17,78.07463073730469,78.56113767160109,77.72434515073074,77.72434515073074,14408700,0.006000043777593433
2025-09-18,77.39352416992188,77.86056667071598,77.38379195263255,77.55893474630702,21046100,-0.008762063528395276
2025-09-19,77.23783111572266,77.59784888646686,77.16972044812304,77.57839187722668,13348900,-0.0020137326808581037
2025-09-22,76.37669372558594,77.00369523843582,76.32771367034782,76.94491618237103,11993700,-0.011211783673650928
2025-09-23,76.7587661743164,76.78815569991193,76.15136271348376,76.44526544388592,9703700,0.004990003514333303
2025-09-24,76.9253158569336,77.22902507780493,76.61181510997898,76.73917969353539,10634100,0.0021674300372121293
2025-09-25,76.19054412841797,77.32698895318383,76.19054412841797,77.2584109016512,12046100,-0.00959766504762371
2025-09-26,76.37669372558594,76.42568125527168,75.91623785455138,76.11218049884674,11547800,0.002440231496078374
2025-09-29,76.52365112304688,76.54324165083703,76.00441618045772,76.50405312080889,11490300,0.0019222643723699254
2025-09-30,76.77836608886719,76.94491172102603,76.36689029692855,76.42567682403245,12306100,0.0033230508619146166
2025-10-01,76.66080474853516,76.89592844661186,76.2199468803354,76.68039527568838,10125300,-0.0015323513897299746
2025-10-02,76.35710144042969,76.611815660478,76.17095780124654,76.32771191307393,8422100,-0.003969518528374341
2025-10-03,76.44526672363281,76.75876745931151,76.22973356639486,76.32770861928275,8426600,0.0011539780966267838
2025-10-06,75.88684844970703,76.33750532064647,75.80847139186166,76.27872626448627,10740000,-0.007331622418052606
2025-10-07,76.59223175048828,76.70979734451524,75.59295036182742,75.98482072635444,12084200,0.009252263744506882
2025-10-08,76.21013641357422,76.54322764619803,76.08277932012038,76.53343612131837,9503000,-0.005001180778971318
2025-10-09,76.45507049560547,76.57263608174028,76.1121802124384,76.45507049560547,9315600,0.0032087768673505425
2025-10-10,76.51383972167969,77.17023067576514,76.51383972167969,76.70978234006488,20763500,0.0007683813512463501
2025-10-13,76.25911712646484,76.54322831382902,75.86724684335918,76.15135803072336,12692100,-0.0033346586530996597
2025-10-14,77.48373413085938,77.52292265592227,76.21014070132632,76.33749780194556,12884100,0.015931054937090756
2025-10-15,77.62090301513672,78.10094939971069,77.35638232148047,77.47394790471074,9111200,0.0017687275191923008
2025-10-16,77.08206939697266,78.13033821257095,76.88613423449435,77.81683746793728,13600000,-0.006966069089940678
2025-10-17,78.11074829101562,78.15972834479085,77.41516126760196,77.45434979529057,13983900,0.013256978962925707
2025-10-20,78.04217529296875,78.3850655894027,77.91481070111622,78.27729899988805,13002500,-0.0008782800972401728
2025-10-21,77.67967987060547,78.22830429458836,77.46414671134157,78.17932424213113,17471400,-0.004655686599061443
2025-10-22,78.12053680419922,78.62018116989985,77.3857687558824,77.79724454351961,13294700,0.005659274674027511
2025-10-23,77.73845672607422,78.23810108347756,77.40536547077,78.20871155794447,10809500,-0.004902904026971749
2025-10-24,77.48373413085938,78.27728868310092,77.45434460567392,78.25769068334603,12735500,-0.003282041342931677
2025-10-27,77.6111068725586,77.71887345920958,77.26821658523623,77.68948393093162,13984700,0.0016425145995991614
2025-10-28,76.83715057373047,77.39557403679015,76.81756004627562,77.30740545157175,8927500,-0.010022292126015448
2025-10-29,75.02471923828125,76.31791072601825,74.93654318429267,76.30811172569791,19894100,-0.02387060554481845
2025-10-30,74.94634246826172,75.3872003165314,74.91695294163671,75.0541090488516,17364800,-0.0010452253423187112
2025-10-31,74.7308120727539,74.93654624119016,74.27035620672861,74.64264348961589,14658200,-0.0028799390947405914
2025-11-03,74.14300537109375,74.63285080629537,73.92747218369334,74.57407174589459,16185500,-0.007896751306852015
2025-11-04,74.44669342041016,74.6524275683217,74.01563459954889,74.45649242015264,18147000,0.004087611384040297
2025-11-05,74.39772033691406,74.66223355915498,73.9764530019026,74.35853180872142,15782900,-0.0006580439806513719
2025-11-06,74.06461334228516,74.38791305806066,73.63355452903114,74.16258091464077,15452200,-0.004487435235012321
2025-11-07,75.1520767211914,75.2892328285744,74.3389316028156,74.58385429092056,16959500,0.014575884662628491
2025-11-10,74.87776184082031,75.05410646895601,74.38791648204861,74.92674936647629,16805900,-0.0036568083880397025
2025-11-11,75.85746002197266,75.96522660946134,75.05411385352379,75.11289291053662,19801200,0.012999111482190337
2025-11-12,75.74968719482422,76.15136398318556,75.73009666891623,75.91623282560701,10978200,-0.0014217383188157421
2025-11-13,75.74968719482422,76.21014303535664,75.55375203795587,75.75948619500177,15370800,0.0
2025-11-14,75.69091033935547,76.03380061104998,75.23045448545969,75.77907892017092,13138200,-0.0007762364831765815
2025-11-17,75.21085357666016,76.02399867127379,75.16187352513886,75.71049793863862,13887100,-0.006362528438350276
2025-11-18,75.53414916992188,75.80846136163878,75.08349235860886,75.41659107315557,16840000,0.004289310863274671
2025-11-19,74.95614624023438,75.50477070401871,74.68183400834221,75.37741358905384,15122100,-0.007681635155532902
2025-11-20,75.49496459960938,75.80846533148095,75.142275341948,75.19126286779702,21590200,0.007162734260020397
2025-11-21,76.31791687011719,76.80776228330863,75.64192780808968,75.78888292693668,22216000,0.010841772102843199
2025-11-24,75.43618774414062,76.34730044054776,75.3382201640377,76.21994333385865,17869400,-0.011620628654685286
2025-11-25,76.47465515136719,76.50404467703261,75.63212053487257,75.63212053487257,18586300,0.013672277293826295
2025-11-26,77.30740356445312,77.5033387320096,76.47466041621927,76.47466041621927,13275100,0.010830347309583122
2025-11-28,77.758056640625,77.77764716664709,77.19963321840596,77.19963321840596,8914300,0.005812440040883752
2025-12-01,77.67967987060547,77.91480355596282,77.4347571849778,77.6502903442417,16939900,-0.0010084652340046775
2025-12-02,77.17023468017578,77.44455436014965,76.58242174341152,77.44455436014965,20551000,-0.006579881299065314
2025-12-03,77.2290267944336,77.93440535937232,77.14085073659248,77.32699437857563,16832900,0.0007615595636637191
2025-12-04,76.85673522949219,77.30739954544882,76.42567638838801,77.09186638767316,14269500,-0.004832273722053872
2025-12-05,76.86653900146484,77.38577392773206,76.64121430394583,76.80775994549425,13343200,0.00012755091296348127
2025-12-08,76.229736328125,76.72938071305578,76.10237921898269,76.71958171252255,14602000,-0.008319031204733013
2025-12-09,76.40608215332031,76.63141432240313,76.07299087448638,76.39629062708227,14040200,0.0023106752453282064
2025-12-10,76.63141632080078,76.78816296361984,76.34730508909055,76.60202679242519,13945300,0.0029448250601135885
2025-12-11,77.19963073730469,77.46414393956114,76.80775295943295,76.81755195935264,13753800,0.007387546423169357
2025-12-12,77.80703735351562,77.84622588033969,77.1996338738607,77.32699098020349,14506900,0.007837207685204056
2025-12-15,78.02257537841797,78.28709608236107,77.70907461872636,78.01277637748919,14499400,0.002766331232884349
2025-12-16,77.66987609863281,78.34586506125844,77.49353147683685,78.16952043946247,13055300,-0.004530725539669221
2025-12-17,78.0323715209961,78.25769621297037,77.73846129948038,77.7776498273123,14268400,0.00465627289059422
2025-12-18,77.58171844482422,78.19892097075986,77.53273091403425,77.71887456169881,12117100,-0.005791947709819215
2025-12-19,77.18003845214844,77.55232573219318,77.16044792530542,77.51313720405966,13142000,-0.005190958059706363
2025-12-22,76.91043853759766,77.2264544303659,76.76231197412285,76.99932201009574,10983600,-0.0034992453124350832
2025-12-23,76.5450439453125,76.85118219962183,76.41665755396009,76.84130458465334,7638500,-0.004762231716111905
2025-12-24,77.14745330810547,77.21658154668927,76.58454978409081,76.58454978409081,4697100,0.007839191353382648
2025-12-26,77.25608825683594,77.43384766967233,76.99932298620264,77.06845122817161,8761300,0.0014071564104682003
2025-12-29,77.30545043945312,77.50296505628074,77.196819283801,77.196819283801,9242300,0.0006387382619481057
2025-12-30,77.17707824707031,77.35483765034361,77.06844708204703,77.1276977050005,5610900,-0.0016619642754767113
2025-12-31,76.71292114257812,77.1474457622683,76.70304352820003,77.01905937858956,5872000,-0.006032341462805252
2026-01-02,76.7228012084961,76.99931414462088,76.33765711397764,76.7425489034711,15968600,0.00012878442881792684
2026-01-05,76.38703155517578,76.60429387604898,75.80438036229997,76.59441626116951,23429400,-0.0043860042889091585
2026-01-06,76.50553894042969,76.72280125735537,76.17964546504118,76.37715255256683,17108100,0.0015502049393530696
2026-01-07,75.66613006591797,76.7228089118695,75.64637483454699,76.59442251119773,18977200,-0.01103250551317921
2026-01-08,77.46347045898438,77.74986103335759,75.557497524607,75.6562510764291,26260100,0.02347583917485488
2026-01-09,78.26338195800781,78.35225789197823,77.39434017673022,77.45359079937718,18234000,0.01027335391343773
2026-01-12,79.18180084228516,79.27067677239575,78.27325617389617,78.53989149864049,26411200,0.01166665483374954
2026-01-13,80.1002197265625,80.17922557291666,79.21142279110863,79.21142279110863,26284200,0.011532112153302208
2026-01-14,81.20628356933594,81.32478481116328,80.040973640087,80.07059895054384,32494200,0.013714030808831976
2026-01-15,81.34453582763672,81.4827922922157,80.83100535827568,81.07789297851134,29123700,0.0017010346936416826
2026-01-16,81.08777618408203,81.25565796915905,80.70263207271108,81.12727911017299,23754200,-0.0031614381920379163
2026-01-20,81.33466339111328,81.5321704861106,80.43598877972622,80.92976405163223,19889000,0.0030400651267294787
2026-01-21,81.41366577148438,81.54204462431743,80.64337758566128,81.14702291675337,23029100,0.0009708534272879669
2026-01-22,81.24578094482422,81.54204912545441,81.02852615136325,81.31490918238289,15777300,-0.002064250059424481
2026-01-23,81.87782287597656,81.9074481881135,81.28528649558548,81.35441473537604,20185600,0.007749278206921161
2026-01-26,81.74943542480469,82.29259125503123,81.61117894700392,82.0160782994297,13188000,-0.0015692676006722717
2026-01-27,82.12471008300781,82.20370840347873,81.42354253892918,81.72968834300117,13532200,0.004580042971939464
2026-01-28,81.295166015625,82.36172248401977,80.92976957707867,81.96670073264245,16303200,-0.010152390423224111
2026-01-29,81.1075210571289,81.81855863319441,80.98901981739299,81.33466099064358,18799300,-0.0023108612964670944
2026-01-30,82.47035217285156,82.47035217285156,81.00877397932925,81.15690807523693,18174800,0.016663166263658494
2026-02-02,83.44802856445312,83.60604028239538,82.25309320156512,82.71724320500373,26041700,0.011785164525215625
2026-02-03,84.80096435546875,85.26510676270124,83.01349282268232,83.07275097622815,33052500,0.016082889173531317
2026-02-04,85.90702056884766,86.26253937098284,85.146609957533,85.24536350603438,33748100,0.012958640356810944
2026-02-05,85.837890625,86.54892821513495,85.39349589837198,86.48967759409459,38772900,-0.0008050305199794061
2026-02-06,86.84519958496094,86.99332614301274,85.62063145270471,85.76876554516943,29568600,0.011666693991391017
2026-02-09,86.34154510498047,87.1217109455717,85.79838928734961,86.81557268531401,21853900,-0.005816333123600178
2026-02-10,86.06503295898438,86.73656764231647,85.73913946536449,86.24279236146678,20908100,-0.0032076778762367016
2026-02-11,87.29946899414062,87.60560724965629,85.65026140529875,85.90701912019003,25588300,0.014241172607755518
2026-02-12,88.0993881225586,88.93880462568252,87.38835048504694,87.38835048504694,35282800,0.009121207371900253
2026-02-13,88.3956527709961,88.87955043595626,87.51673337499355,87.94138041734186,25649700,0.003357203978079203
2026-02-17,87.10195922851562,89.01780978862107,86.55881092338961,88.51415687690418,29819300,-0.014743414017413506
2026-02-18,86.9439468383789,87.41796685864045,86.52917743704695,86.83531568073306,20422200,-0.0018157558212197728
2026-02-19,86.57855987548828,87.59573579481689,86.28229921414551,86.90445338393722,18447200,-0.004211413376306161
2026-02-20,86.79582214355469,86.85507276889221,86.09466211754571,86.57855980476621,17909400,0.002506280100472791
2026-02-23,87.86237335205078,88.05988044764062,86.58843224258189,86.58843224258189,22070900,0.012213162546277887
2026-02-24,88.62278747558594,88.66229040315443,87.65499212060365,87.85249922403304,20364000,0.008617368458611326
2026-02-25,87.9018783569336,88.34627309972706,87.22046605253155,88.22776431892277,15215600,-0.00816784581491185
2026-02-26,87.75374603271484,88.52403428743123,87.48710315413574,88.14876777560899,15925900,-0.0016866224449050475
2026-02-27,88.8894271850586,88.93880019194977,87.8524960929778,87.87225132326449,17314200,0.012858654878982169
2026-03-02,87.60560607910156,88.67216245327073,87.58585838376327,88.32652127675644,27606700,-0.014548213913837288
2026-03-03,86.6476821899414,87.40810032431023,86.07490860342403,87.25008862153807,36852400,-0.010994725533865456
2026-03-04,86.07491302490234,86.8649489761075,85.84777307410286,86.71681488075245,22736400,-0.006632267930633165
2026-03-05,84.3467025756836,85.36387851486708,84.00105382908363,85.26511742474518,33738500,-0.020282282706441238
2026-03-06,84.71208953857422,84.78121777942299,83.56653475673565,83.86279541705328,25859700,0.00432260904336638
2026-03-09,84.89972686767578,85.08736389397022,83.74429446603918,84.2084369223039,20729100,0.002212551101964534
2026-03-10,84.65283966064453,85.41325031669328,84.0998137289727,84.62321434779257,18864900,-0.0029122222868659692
2026-03-11,83.53689575195312,84.54420151225553,83.16162926278098,84.4849508914422,18432200,-0.013270254363027565
2026-03-12,83.20113372802734,83.91217132859784,82.64810783176708,82.87524023869707,17861800,-0.004027425282828212
2026-03-13,83.6850357055664,84.0504321398294,83.50727629625105,83.6554103930827,13103600,0.005799202358662963
2026-03-16,83.92205047607422,84.39607052883463,83.76403876887882,84.14918288715148,12882500,0.002828220857413331
2026-03-17,83.6455307006836,84.61333357946354,83.58628007718727,84.33682062393011,12224900,-0.0033004000469689034
2026-03-18,81.6111831665039,82.98387793450674,81.57168023731658,82.96413023711975,19412700,-0.024621696253344805
2026-03-19,80.94952392578125,81.9666998387561,80.81126744446892,81.59143332296739,18581300,-0.008140502172317711
2026-03-20,80.27798461914062,81.28528285879435,80.05084467889813,81.08777576377604,20895800,-0.008330379798899027
2026-03-23,80.62060546875,81.26612796659394,80.42198665871584,81.21646947567443,21027400,0.004258848598828935
2026-03-24,80.55108642578125,81.46474505555096,80.07439068421952,80.2432250036858,14830000,-0.0008626706894109506
2026-03-25,80.94833374023438,81.0675019961382,79.9552245313186,80.86888318508385,17648200,0.004919498970442408
2026-03-26,80.58087921142578,81.66337217036688,80.51136187107704,80.91854027656385,14148400,-0.004549705356044206
2026-03-27,81.21646881103516,81.75274868592506,80.43191163722338,80.7099809997244,25942100,0.00785665373128514
2026-03-30,81.31578063964844,82.04075370791685,81.06750333332424,81.34558028093791,15855700,0.001222057054012168
2026-03-31,81.41510009765625,81.70309511414041,80.5908175971745,81.43495894896394,19522700,0.0012206591630309557
2026-04-01,80.89867401123047,81.30585241753025,80.36239413740293,81.15688452310785,29643400,-0.006363327226548888
2026-04-02,81.32571411132812,81.41509788183579,80.60074861758265,81.14695414713489,20709800,0.0052648198146100405
2026-04-06,82.09041595458984,82.12020802041985,81.04764818960487,81.29592550728486,9796700,0.009359020125020236
2026-04-07,80.70005798339844,81.97123658286196,80.54115687005444,81.89178602618996,13331200,-0.017081979621682376
2026-04-08,82.20957946777344,82.22944589506051,80.41205421621589,80.69012358365883,12645900,0.01853254002823441
2026-04-09,82.87496185302734,83.06365503049135,81.49454063546524,81.67330059916218,11716200,0.008061154401188451
2026-04-10,81.80240631103516,82.83524077284227,81.5739878646419,82.80544113275653,12097000,-0.013026328029275077
2026-04-13,80.9880599975586,81.70309227209756,80.51136423771057,81.57399080103262,9981200,-0.010004923812003044
2026-04-14,80.90860748291016,81.18667684574783,80.15384237176372,80.50142907531081,11577400,-0.0009815213897053764
2026-04-15,80.50143432617188,80.75964485571565,79.90557028453594,80.67026865904033,10893700,-0.00504521299743625
2026-04-16,80.86888122558594,81.23633435163708,80.31274250665169,80.431910759668,13279000,0.004554090796938964
2026-04-17,81.89178466796875,81.971235223323,80.59081402553608,80.7596407730474,12251700,0.012569583744154384
2026-04-20,81.822265625,82.37840434727272,81.51440420043072,81.98116673240467,9430800,-0.0008492740485355293
2026-04-21,81.27605438232422,81.8818516086033,81.17674497635528,81.77260898899087,8710400,-0.006697963347420257
2026-04-22,81.54419708251953,81.94144227819751,81.28598656880555,81.52433065548358,9138500,0.0032937296214506995
2026-04-23,82.9047622680664,83.08352223343167,81.79247719725785,81.79247719725785,12354400,0.01654733767816401
2026-04-24,82.65648651123047,83.28214261334472,82.37840955569072,83.18283320334882,10852700,-0.002999203554870999
2026-04-27,81.77261352539062,82.76572279381746,81.70309617967364,82.5273786909053,11125800,-0.010750913298849826
2026-04-28,82.50751495361328,83.07358690002343,82.05068562640702,83.02392840881367,10170400,0.008946989965752874
2026-04-29,82.34861755371094,82.66641221203562,81.9017214199745,82.18972401295974,12096900,-0.0019277105035981675
2026-04-30,83.72903442382812,83.858143469297,82.60682375285154,82.71606637125355,15360200,0.016624135092815538
2026-05-01,83.59000396728516,84.47387059589396,83.16296668562298,84.13621708690737,13320000,-0.0016618609559018534
2026-05-04,82.96434783935547,83.7687639090674,82.56710262310455,82.96434783935547,12599100,-0.007512971760353283
2026-05-05,83.48075866699219,83.87800387063439,82.69620147342494,82.90476107737418,10891500,0.006205198764763086
2026-05-06,83.65951538085938,83.92765910305383,83.26227019264427,83.75882478370771,11529800,0.0021390030983434254
2026-05-07,83.40131378173828,83.71910842202502,82.57703132896205,83.3516552911096,10116900,-0.0030911112557942327
2026-05-08,83.59993743896484,84.21566790508908,83.58007858765478,83.94752416305823,10323400,0.0023787097333709613
2026-05-11,82.79551696777344,83.70917561594177,82.25923708902543,83.50062359256565,11062700,-0.009668854728487629
2026-05-12,83.85814666748047,84.4341442684144,82.63661896822673,83.13317358832916,16105000,0.01275272415801804
2026-05-13,84.13621520996094,84.672495103584,83.56021003790407,83.61979416714371,10463200,0.003310453914302425
2026-05-14,84.39442443847656,84.67249380643108,84.20573126301227,84.36462479749113,6627600,0.0030642431678185628
2026-05-15,84.0567626953125,85.00021341146918,83.92766122602619,84.94062928361734,12229600,-0.0040090212619809966
2026-05-18,85.3080825805664,85.34780785815067,84.096488133123,84.16600547469,11634800,0.01477688776096857
2026-05-19,85.49677276611328,86.10257002234412,84.57318842579865,85.22863659905781,12233000,0.0022094250414884968
2026-05-20,84.93069458007812,85.47690766521089,84.22558796452061,84.9902862837065,14035000,-0.006643063780913327
2026-05-21,84.07662963867188,84.1858646814636,82.86503518609932,83.97731265587977,13185200,-0.010106925431374649
2026-05-22,84.21566772460938,84.53346238264547,83.85814778721598,84.13621716589478,7889900,0.001652340834960439
2026-05-26,83.05371856689453,84.30503826380979,82.95440916357595,84.2057288604912,9475800,-0.013893371332639976
2026-05-27,83.99717712402344,84.57318227276619,83.32186257162687,83.44103082528272,12224200,0.011295582517448046
2026-05-28,83.84821319580078,84.36462666531797,83.78862906615477,84.27525047084896,6414300,-0.0017750141013729748
2026-05-29,82.33869171142578,83.52048656894077,82.27910000407297,83.39138509385054,13011100,-0.018167051153419475
2026-06-01,81.46475219726562,82.07054945804789,81.11716546816656,81.94144798061751,20246700,-0.0106706890378144
2026-06-02,81.26612854003906,81.72295786779875,80.9185418316156,81.35550473213854,15723400,-0.0024411317011482254
2026-06-03,81.59385681152344,82.1499955478192,81.08736898992721,81.22640367400115,14750300,0.0040246683450709825
2026-06-04,81.47467803955078,83.03385914913785,81.2760516574501,82.76571542750736,12184700,-0.0014617018948629014
2026-06-05,82.86503601074219,83.80848674208012,81.87192678751401,82.02088710954058,17021500,0.0169209390779133
2026-06-08,82.4975814819336,82.91468553023164,82.35854679916758,82.39827207664672,9544500,-0.004444234606179726
2026-06-09,83.5204849243164,84.00710632665215,82.46779156262052,82.60682624900217,12440600,0.012322952663207775
2026-06-10,84.90090942382812,85.03001847817514,83.81842395572664,84.17594389929579,13134100,0.016392874762161738
2026-06-11,84.68241882324219,85.36766660127145,84.61290148176255,85.0895972353529,18013600,-0.002576794826946555
2026-06-12,85.22863006591797,85.26835534258892,84.53345666623078,84.87111015270118,9363000,0.0064294008872946475
2026-06-15,84.89098358154297,85.17897860172404,84.54338927620682,84.88105036735045,10980200,-0.0039695238014814446
2026-06-16,85.00021362304688,85.75497874394411,84.50365901818695,85.19884001108403,9364100,0.001285882474808945
2026-06-17,83.10337829589844,84.80159412147584,82.78558365444809,84.60297531187759,18015200,-0.022568415284152307
2026-06-18,82.72599792480469,83.31192870554734,82.55716360541183,83.26227021569855,10446700,-0.004551437521690796
2026-06-22,82.18000030517578,83.13999938964844,82.1500015258789,82.66000366210938,11243600,-0.0066219497248634325
2026-06-23,83.72000122070312,83.83999633789062,83.02999877929688,83.62000274658203,14963300,0.018565944989813548
2026-06-24,84.44000244140625,84.80999755859375,83.81999969482422,84.04000091552734,11294900,0.008563339734449473
2026-06-25,83.94000244140625,84.98999786376953,83.69999694824219,83.94999694824219,12076100,-0.005938964902451363
2026-06-26,84.70999908447266,85.22000122070312,84.44999694824219,84.6500015258789,11372100,0.009131360645096296
2026-06-29,84.37000274658203,85.08000183105469,84.05000305175781,84.91000366210938,10163800,-0.004021726904128626
2026-06-30,83.06999969482422,84.08999633789062,82.94999694824219,83.98999786376953,12752500,-0.015528298554285459
2026-07-01,83.30000305175781,83.33000183105469,82.7699966430664,83.0999984741211,12210100,0.0027649636312825996
2026-07-02,84.98999786376953,85.13999938964844,83.75,83.75,16704700,0.020084991566909922
2026-07-06,84.0999984741211,85.0999984741211,83.31999969482422,84.80000305175781,13176600,-0.010527028540177619
2026-07-07,84.86000061035156,85.95999908447266,84.44999694824219,85.5199966430664,13234800,0.008996298131354991
