Date,Close,High,Low,Open,Volume
1998-12-22,5.696742534637451,5.69674253463745,5.675373888374996,5.683921138206887,3800
1998-12-23,5.756571292877197,5.782213033506126,5.735202654003873,5.735202654003873,1400
1998-12-24,5.889052391052246,5.889052391052246,5.7993068313036025,5.824948568855354,3000
1998-12-28,5.837770938873291,5.880507182935321,5.829223690060886,5.880507182935321,5000
1998-12-29,5.9446120262146,5.944612026214599,5.944612026214599,5.944612026214599,200
1998-12-30,5.927517890930176,5.940338243153568,5.927517890930177,5.940338243153568,1600
1998-12-31,5.99589729309082,6.017264899602615,5.978802790535131,5.978802790535131,6600
1999-01-04,5.923243522644043,6.085641252702104,5.923243522644043,6.000168763197861,26000
1999-01-05,6.068545341491699,6.098461227533718,5.978799770095854,5.978799770095854,8800
1999-01-06,6.175386905670166,6.175386905670167,6.077093036699191,6.107008924947813,25800
1999-01-07,6.128377914428711,6.39761679636875,6.107010312281475,6.145472413492668,172400
1999-01-08,6.337785243988037,6.337785243988037,6.1839347719698345,6.1839347719698345,50400
1999-01-11,6.350606441497803,6.350606441497803,6.290775694404284,6.342059191913014,28400
1999-01-12,6.1882100105285645,6.324966032860687,6.175389655117752,6.29505117465836,10200
1999-01-13,6.05145263671875,6.119830632613877,6.004443286223558,6.004443286223558,11000
1999-01-14,5.948885917663574,6.077094665889081,5.897602418373371,6.068547416007381,254600
1999-01-15,6.038631439208984,6.038631439208984,5.987347949463538,6.017262796799081,31600
1999-01-19,5.927517890930176,6.01726348659009,5.884781644576553,6.01726348659009,53400
1999-01-20,5.906147003173828,5.970251870042726,5.9018739018438975,5.927515639918458,81800
1999-01-21,5.880509376525879,5.914698384528936,5.8505945162060655,5.906151132528172,119800
1999-01-22,5.76511812210083,5.842043338414789,5.756570875843724,5.820674701089511,14000
1999-01-25,5.880509376525879,5.880509376525879,5.803584108519,5.824952760203772,58600
1999-01-26,5.863414287567139,5.863414287567139,5.795036278382682,5.859141183675919,3600
1999-01-27,5.816402435302734,5.970252890034788,5.816402435302735,5.970252890034788,30200
1999-01-28,5.74375057220459,5.850591692328505,5.74375057220459,5.850591692328505,13600
1999-01-29,5.773666858673096,5.773666858673095,5.730930616356363,5.730930616356363,800
1999-02-01,5.820677280426025,5.880508030738774,5.820677280426025,5.820677280426025,5800
1999-02-02,5.824951648712158,5.846319252953935,5.795035750735041,5.79930989760271,5600
1999-02-03,5.8292236328125,5.850592276316322,5.812129135355572,5.8292236328125,2200
1999-02-04,6.000166416168213,6.021535051868376,5.842042894119754,5.842042894119754,13600
1999-02-05,6.081368923187256,6.1369255267466505,6.030085422963747,6.030085422963747,88800
1999-02-08,6.05145263671875,6.11555752955314,6.025810888258078,6.098463030579358,44600
1999-02-09,5.936065196990967,6.051452541566959,5.936065196990967,6.051452541566959,28400
1999-02-10,5.948885917663574,5.978801813932257,5.923244168018472,5.978801813932257,9800
1999-02-11,5.889052391052246,5.970251748315278,5.889052391052246,5.914694128603998,20200
1999-02-12,5.859139442443848,5.914696036712977,5.859139442443848,5.897601539497043,5000
1999-02-16,5.803580284118652,5.970252109984253,5.803580284118652,5.970252109984253,12600
1999-02-17,5.74375057220459,5.85913894020381,5.74375057220459,5.777939563705808,10200
1999-02-18,5.786488056182861,5.795035305896573,5.7223842050127445,5.756573203867592,62000
1999-02-19,5.833497047424316,5.842044295081081,5.79503391128628,5.807855304454023,16200
1999-02-22,5.931792259216309,5.9488867614042515,5.812130743900706,5.812130743900706,20000
1999-02-23,5.880509376525879,5.948887392531994,5.8463203685228216,5.944614288214473,10600
1999-02-24,5.863414287567139,5.965981301343823,5.863414287567139,5.965981301343823,5600
1999-02-25,5.863414287567139,5.863414287567139,5.812130780678796,5.82922528297491,13600
1999-02-26,5.863414287567139,5.863414287567139,5.863414287567139,5.863414287567139,1400
1999-03-01,5.795034408569336,5.824950299617748,5.795034408569336,5.8206761537399965,4200
1999-03-02,5.74375057220459,5.863412042458853,5.74375057220459,5.8078554529519835,95400
1999-03-03,5.705290794372559,5.816405061855654,5.705290794372559,5.816405061855654,7800
1999-03-04,5.722383499145508,5.777940093748898,5.701014855814371,5.701014855814371,5800
1999-03-05,5.91469669342041,5.91469669342041,5.790762096527117,5.790762096527117,8400
1999-03-08,5.953156471252441,5.9531564712524405,5.863409879978516,5.863409879978516,13400
1999-03-09,5.901876449584961,5.923244052188633,5.880507803615844,5.923244052188633,11200
1999-03-10,5.983071804046631,6.008713540349688,5.893326248668393,5.90614659513746,53600
1999-03-11,6.047177791595459,6.077092634499042,6.000167411277536,6.012988803497011,27800
1999-03-12,6.021536827087402,6.1155565564833605,6.021536827087402,6.09846206022955,15800
1999-03-15,6.034358024597168,6.059999772577042,5.991621777964043,6.021537672289928,13400
1999-03-16,6.0087127685546875,6.042901745900659,6.004439668068834,6.025807257227673,15000
1999-03-17,5.9916205406188965,6.038630923889794,5.9830732930573856,6.038630923889794,7000
1999-03-18,6.119835376739502,6.119835376739502,6.021542453125821,6.055731477576879,22600
1999-03-19,6.127547264099121,6.209018670733854,6.12754726409912,6.209018670733854,10600
1999-03-22,6.144699573516846,6.166139032808588,6.101819608059206,6.101819608059206,49800
1999-03-23,5.990335941314697,6.114687405793096,5.956031944648256,6.114687405793096,33400
1999-03-24,5.994622707366943,6.037502698120641,5.9517427166132455,5.964607237276742,152000
1999-03-25,6.016062259674072,6.071805715261059,5.99462174430435,5.99462174430435,7600
1999-03-26,5.968893051147461,6.011773029963176,5.93458906809489,5.956029580939989,8400
1999-03-29,6.067516326904297,6.097531782706926,6.016060362493268,6.0332123506302775,10600
1999-03-30,6.054652690887451,6.063228686200323,5.9946207236973486,6.063228686200323,33000
1999-03-31,5.968893051147461,6.05036553433456,5.960317055384318,6.020349025726318,21200
1999-04-01,6.037497043609619,6.084665512699717,5.977465112778274,5.977465112778274,24600
1999-04-05,6.110395908355713,6.153275875969177,6.054651427021105,6.054651427021105,23800
1999-04-06,6.003195285797119,6.110395725052014,6.003195285797119,6.076091751990315,105600
1999-04-07,6.067516326904297,6.088955788638421,6.020347836090382,6.037499824227392,90400
1999-04-08,6.153277397155762,6.153277397155762,6.050365449442003,6.058941445084816,24000
1999-04-09,6.123262882232666,6.161855398625318,6.063230893191169,6.063230893191169,50200
1999-04-12,6.3033552169799805,6.316219730655819,6.123259353637696,6.123259353637696,32400
1999-04-13,6.380539894104004,6.393404409263151,6.316220458931248,6.350524436856538,136000
1999-04-14,6.6892781257629395,6.8393586071501025,6.380542212266189,6.423422200251848,601400
1999-04-15,6.946556568145752,7.0966370174379945,6.7750366528828945,6.7750366528828945,2011000
1999-04-16,7.023738861083984,7.105211324912186,6.963706905006344,6.989434886182476,341600
1999-04-19,7.096642017364502,7.3667855507954085,7.02374547858142,7.02374547858142,1728400
1999-04-20,7.01087760925293,7.118077041256253,6.985149619947184,7.113789566475911,281600
1999-04-21,7.040894031524658,7.092350017138724,6.97657457294443,7.058046026729347,166400
1999-04-22,6.929403305053711,7.0580432178950545,6.860795351538328,7.049467223705632,173800
1999-04-23,7.032319068908691,7.049471066637738,6.895103087076327,6.895103087076327,254800
1999-04-26,6.963708877563477,7.066620831419094,6.942269410614155,7.066620831419094,76200
1999-04-27,7.100921154022217,7.13522512094986,6.912249335920177,6.94655330284782,169000
1999-04-28,7.478268623352051,7.5125726078628405,7.135228778244159,7.135228778244159,276400
1999-04-29,7.53400993347168,7.628345850956462,7.495417443790863,7.495417443790863,1467200
1999-04-30,7.443962574005127,7.581178473986789,7.345339169330427,7.529722511493666,1055400
1999-05-03,7.615484237670898,7.641212224960328,7.443964322408041,7.46969230969747,362000
1999-05-04,7.568314075469971,7.688377973179275,7.51685811930884,7.662649995098709,831400
1999-05-05,7.658366680145264,7.692670674233261,7.49971123092569,7.585471216145681,587800
1999-05-06,7.722684383392334,7.75269984386388,7.598331926618802,7.658363894436333,279200
1999-05-07,7.739834308624268,7.76984976108542,7.6197704050313355,7.722682322396706,64200
1999-05-10,7.696954727172852,7.817018636757587,7.671226746547551,7.739834694881686,169200
1999-05-11,7.684091567993164,7.74412353336811,7.598331617457526,7.7226840691713985,305600
1999-05-12,7.4911298751831055,7.662649722962065,7.422521936071522,7.662649722962065,334600
1999-05-13,7.4611124992370605,7.521144438886094,7.418232542344893,7.43967304422795,253800
1999-05-14,7.439676284790039,7.542588226157457,7.422524294562137,7.452539754023765,73600
1999-05-17,7.4310994148254395,7.482555379451325,7.358202941501628,7.439675408929753,47200
1999-05-18,7.251004219055176,7.405372127418421,7.190972254691692,7.401083606526697,106200
1999-05-19,7.323897838592529,7.3624903295631565,7.229561917954921,7.251002423355073,110800
1999-05-20,7.238141059875488,7.383933000654971,7.229565063359048,7.353917536284717,73000
1999-05-21,7.233850955963135,7.298170383022712,7.186682468828476,7.2038344556275895,20600
1999-05-24,7.203834056854248,7.3796424352502585,7.169530085154942,7.242426548453035,70000
1999-05-25,7.135230541229248,7.311039028723371,7.135230541229248,7.2681590374900225,246800
1999-05-26,7.066620349884033,7.105212853387377,6.998012385322052,7.0194528976849,92800
1999-05-27,6.903679847717285,7.049471844501377,6.860799848663141,7.019456368600964,70200
1999-05-28,6.766460418701172,6.929404332459502,6.766460418701172,6.8736608854004535,98800
1999-06-01,7.05804443359375,7.109500407593218,6.822205076200089,6.83506854626272,431800
1999-06-02,7.049468040466309,7.075196026015456,6.963708088635818,7.075196026015456,23400
1999-06-03,7.0709075927734375,7.105211568852692,7.002299640614928,7.032315096247141,115200
1999-06-04,7.203834056854248,7.229562035628727,7.032314198357718,7.070906689956505,11000
1999-06-07,7.225277423858643,7.289596872828678,7.203836909618929,7.238140894902829,27800
1999-06-08,7.135230541229248,7.246718518435955,7.109502546489239,7.1909750532699945,89400
1999-06-09,7.066620349884033,7.246716256859233,7.066620349884032,7.148092831238615,180600
1999-06-10,7.18668794631958,7.186687946319581,7.075199947152332,7.075199947152332,119800
1999-06-11,7.1223626136779785,7.268154492707594,7.1223626136779785,7.220986008408006,6800
1999-06-14,7.293883800506592,7.36677922986789,7.220987324270971,7.220987324270971,445800
1999-06-15,7.358203887939453,7.413948380224687,7.311036437736023,7.341051897524676,125400
1999-06-16,7.388216495513916,7.3925039674177135,7.272440097877287,7.3925039674177135,201400
1999-06-17,7.4139485359191895,7.413948535919189,7.298172074750904,7.349628047075822,71400
1999-06-18,7.432770252227783,7.44137299557527,7.381153792142869,7.402661175581367,17200
1999-06-21,7.2521138191223145,7.454278845674241,7.2521138191223145,7.454278845674241,132800
1999-06-22,7.157482624053955,7.277921033593324,7.140277136976902,7.277921033593324,112200
1999-06-23,7.191894054412842,7.209099542581294,7.0972638694863575,7.157483078075939,15400
1999-06-24,7.028439521789551,7.16608338023341,7.028439521789551,7.16608338023341,203800
1999-06-25,7.071457862854004,7.153184482446033,7.037046875686831,7.037046875686831,76000
1999-06-28,7.204800128936768,7.23490921415165,7.140279010399369,7.140279010399369,170600
1999-06-29,7.161782741546631,7.161782741546632,7.11016629313959,7.140275362974032,13800
1999-06-30,7.157482624053955,7.2478119562782775,7.1144689063613225,7.157482624053955,54200
1999-07-01,7.2263054847717285,7.290826594527053,7.148880783149175,7.196196403655042,27400
1999-07-02,7.372549057006836,7.3811517980301815,7.260713423703349,7.260713423703349,109200
1999-07-06,7.338138103485107,7.398357290735278,7.303727139342152,7.398357290735278,30400
1999-07-07,7.295126438140869,7.338140155346889,7.277920951258462,7.338140155346889,77400
1999-07-08,7.24351167678833,7.36395011321949,7.226306185869593,7.269319913166435,171800
1999-07-09,7.359649658203125,7.428471625549783,7.234909317317367,7.234909317317367,63400
1999-07-12,7.312333106994629,7.359648728639175,7.295127617331112,7.329538596658145,20200
1999-07-13,7.308034420013428,7.342445409512867,7.269321531756528,7.269321531756528,23600
1999-07-14,7.269321441650391,7.38115715613732,7.265020593086302,7.3123351779915176,36400
1999-07-15,7.157482624053955,7.295126520670377,7.157482624053955,7.256414699816804,139400
1999-07-16,7.222007751464844,7.24781599646685,7.187596758128835,7.222007751464844,21000
1999-07-19,7.153180122375488,7.239207537857218,7.080056294146344,7.239207537857218,19800
1999-07-20,7.140279769897461,7.191896250161779,7.105868783054581,7.114471529765301,27200
1999-07-21,7.123073101043701,7.226306044537089,7.123073101043701,7.222005196961434,16600
1999-07-22,7.157482624053955,7.222003725662699,7.1316743934383755,7.135976290277434,436400
1999-07-23,7.157482624053955,7.230606469201225,7.118770803200382,7.230606469201225,29000
1999-07-26,7.067154884338379,7.148880429156615,7.06715488433838,7.088661219765404,35800
1999-07-27,7.166087627410889,7.166087627410889,7.0929648093440045,7.15318403310376,461800
1999-07-28,7.204800128936768,7.213402874732429,7.157484501990693,7.161786399958458,25400
1999-07-29,7.071457862854004,7.1402798371883485,7.015540533777342,7.123074343604762,27000
1999-07-30,7.075753211975098,7.092958689633227,7.0241367790007105,7.037040362174799,17200
1999-08-02,7.097265243530273,7.123073480779474,7.0284432775324035,7.0284432775324035,13600
1999-08-03,7.092963218688965,7.183291509001778,7.092963218688965,7.118771451655439,44000
1999-08-04,7.265017986297607,7.2865243216813775,7.178990544483188,7.178990544483188,246000
1999-08-05,7.316635608673096,7.3209364563742545,7.1703889344564535,7.2736218809623185,19600
1999-08-06,7.209099769592285,7.299429110390913,7.174688792171797,7.299429110390913,35800
1999-08-09,7.140279769897461,7.2349099837153785,7.14027976989746,7.14888251660818,15000
1999-08-10,7.114467620849609,7.127372258895459,7.084358548974966,7.1101667749272615,28400
1999-08-11,7.295126438140869,7.342442052137281,7.101565235783573,7.1488797996404045,69800
1999-08-12,7.359649658203125,7.4155669816023435,7.303731284664025,7.303731284664025,269400
1999-08-13,7.355349540710449,7.372555036712111,7.286527556703802,7.286527556703802,23200
1999-08-16,7.2478132247924805,7.3295387776423135,7.2478132247924805,7.3295387776423135,85800
1999-08-17,7.338138103485107,7.338138103485107,7.247809847679494,7.2994262938939265,18600
1999-08-18,7.213399887084961,7.329536382155026,7.213399887084962,7.247810856015267,60000
1999-08-19,7.273618221282959,7.286521808033909,7.148877948614142,7.191891654682819,31200
1999-08-20,7.338138103485107,7.398357290735278,7.325234517001142,7.325234517001142,3200
1999-08-23,7.346742630004883,7.381153602510761,7.3037289143725355,7.320934400625474,78600
1999-08-24,7.316635608673096,7.363950184085032,7.277922728663477,7.3209364563742545,41600
1999-08-25,7.140279769897461,7.363951184376176,7.11017068147993,7.363951184376176,51000
1999-08-26,7.058549404144287,7.127371331057874,7.045644767778358,7.127371331057874,36000
1999-08-27,7.06285285949707,7.10156573276146,7.002633651194415,7.10156573276146,82600
1999-08-30,6.92520809173584,7.0628519792734465,6.90370175937785,7.0628519792734465,14800
1999-08-31,6.757454872131348,7.0327426367474795,6.757454872131348,6.847783144826274,13400
1999-09-01,6.847784996032715,6.864990485972496,6.75745669891875,6.75745669891875,65600
1999-09-02,6.778964519500732,6.852088392814076,6.757458177440335,6.852088392814076,152600
1999-09-03,6.933810710906982,6.942413453724485,6.899399739636973,6.912304378932978,6200
1999-09-07,6.83057975769043,6.89940171998454,6.800470674256659,6.821977012403666,313800
1999-09-08,6.83057975769043,6.864990738837485,6.774662438396368,6.800470674256659,52600
1999-09-09,6.8348798751831055,6.886496333459606,6.8176743890909375,6.821975235544214,612400
1999-09-10,6.976827621459961,6.976827621459961,6.821978179799937,6.821978179799937,45400
1999-09-13,7.028439521789551,7.028439521789551,6.895097558991713,6.916603886803915,17600
1999-09-14,6.916607856750488,6.9639234853181105,6.882196872388545,6.903704262684711,60200
1999-09-15,6.852084159851074,6.929508833690412,6.813371297861732,6.929508833690412,11600
1999-09-16,6.64132022857666,6.744553185497541,6.641320228576659,6.744553185497541,41600
1999-09-17,6.778528213500977,6.782842472081372,6.6965467663297,6.731065048630368,39800
1999-09-20,6.683603286743164,6.7871581390613445,6.64476969041663,6.7871581390613445,27600
1999-09-21,6.60162353515625,6.679289694393383,6.575734815410539,6.644771401399101,42800
1999-09-22,6.554158687591553,6.653398212036718,6.549843376051711,6.58436165471338,21000
1999-09-23,6.446289539337158,6.511011848567838,6.420400826327771,6.489437394352802,498600
1999-09-24,6.31252908706665,6.437657287803558,6.290954641834844,6.372936058936121,33000
1999-09-27,6.472177505493164,6.52395492553711,6.46354793548584,6.47649281720398,13000
1999-09-28,6.381566524505615,6.506694742853419,6.368621644861834,6.4721764683555225,34800
1999-09-29,6.450606346130371,6.541216335950047,6.441976773127798,6.441976773127798,7800
1999-09-30,6.54552698135376,6.644766473405451,6.467860879716553,6.502379147110867,237000
1999-10-01,6.575732707977295,6.605936731374663,6.472177862182377,6.601621419426025,26600
1999-10-04,6.58436393737793,6.631827113699372,6.5627905324424605,6.567104792063701,450600
1999-10-05,6.541215896606445,6.657715651023756,6.519642492256338,6.657715651023756,13600
1999-10-06,6.623196601867676,6.623196601867676,6.498067289375645,6.618881289443718,23800
1999-10-07,6.666344165802002,6.670658424621706,6.571418884209714,6.662028853567862,140000
1999-10-08,6.70949125289917,6.825989922080876,6.709491252899169,6.731064651356617,234000
1999-10-11,6.722436428070068,6.7828434306329575,6.705177284480672,6.705177284480672,7800
1999-10-12,6.627507209777832,6.744006886656658,6.627507209777832,6.692229486580269,16600
1999-10-13,6.54552698135376,6.662025607102608,6.545526981353759,6.662025607102608,6800
1999-10-14,6.644770622253418,6.644770622253418,6.580049357185512,6.610252333306647,31000
1999-10-15,6.472177505493164,6.549843635559082,6.454918365478516,6.541214065551758,35000
1999-10-18,6.506694316864014,6.5196391956603,6.403139500149997,6.403139500149997,30200
1999-10-19,6.51963996887207,6.640453936033301,6.476492123457344,6.558472503038225,15000
1999-10-20,6.463548183441162,6.5800479097163675,6.411770761410926,6.5800479097163675,20600
1999-10-21,6.5584716796875,6.584360383686266,6.463546431692023,6.515323839689556,15600
1999-10-22,6.644770622253418,6.679288911200189,6.588678929422205,6.627511477780033,1152400
1999-10-25,6.644770622253418,6.709492940735903,6.584363616596569,6.6016227610699545,13400
1999-10-26,6.54552698135376,6.687914307648343,6.523952537525352,6.670655173951187,39600
1999-10-27,6.532585144042969,6.580048310502138,6.450604747542238,6.571418739638145,53600
1999-10-28,6.515328407287598,6.623198609612343,6.502384572920917,6.623198609612343,27000
1999-10-29,6.700865745544434,6.7483278829755315,6.511015088990135,6.511015088990135,81200
1999-11-01,6.636141300201416,6.748325743507812,6.627511727639385,6.739696170945781,9000
1999-11-02,6.6965460777282715,6.71812052865489,6.627509520225917,6.627509520225917,42400
1999-11-03,6.687917709350586,6.731065565539944,6.687917709350585,6.731065565539944,17200
1999-11-04,6.77421236038208,6.813045951575493,6.744009392488796,6.808730639925428,29600
1999-11-05,6.7612714767456055,6.851881473299751,6.761271476745606,6.8432518996557965,151800
1999-11-08,6.6965460777282715,6.735379668030479,6.627509520225917,6.735379668030479,323600
1999-11-09,6.722436428070068,6.800102574222354,6.7094925970852834,6.7094925970852834,37800
1999-11-10,6.739696979522705,6.774215273912066,6.687919537938664,6.709493998639387,35200
1999-11-11,6.700865745544434,6.80873491006099,6.670661705294227,6.787161498523661,31200
1999-11-12,6.722436428070068,6.76558428704356,6.6879181408912745,6.739695571659465,103200
1999-11-15,6.895029544830322,6.903659118728733,6.692235084925057,6.700864658823468,168800
1999-11-16,6.9209160804748535,6.925231392768409,6.8561948233871135,6.903656938129529,251800
1999-11-17,6.895029544830322,6.933863154080563,6.86914082313509,6.903659118728733,30000
1999-11-18,6.85188102722168,6.907973778962952,6.800103588728821,6.830307621223664,16600
1999-11-19,6.82167387008667,6.847562573477105,6.782840288293999,6.782840288293999,123200
1999-11-22,6.744009017944336,6.778527295570631,6.705175428907638,6.765582414753653,19400
1999-11-23,6.683603286743164,6.752639854955285,6.66202883246966,6.683603286743163,260400
1999-11-24,6.692234992980957,6.731067548282898,6.649087124081707,6.649087124081707,27000
1999-11-26,6.674971580505371,6.726748990101738,6.670656269665293,6.683601148771432,15800
1999-11-29,6.523955345153809,6.627510191902282,6.515325774591436,6.627510191902282,67000
1999-11-30,6.605936527252197,6.674973088982257,6.571418246387168,6.605936527252197,14200
1999-12-01,6.623196601867676,6.636140432310586,6.580048744700507,6.636140432310586,94600
1999-12-02,6.7612714767456055,6.782844884148116,6.5929942639811205,6.636142132200892,37400
1999-12-03,6.804417610168457,6.869138869289952,6.756954440520142,6.756954440520142,193200
1999-12-06,6.808731555938721,6.899342578637517,6.787158155028894,6.787158155028894,137400
1999-12-07,6.731066703796387,6.847566461915565,6.731066703796387,6.800103285373785,171200
1999-12-08,6.7871575355529785,6.808730934493762,6.731064802161133,6.752639254516255,116800
1999-12-09,6.7612714767456055,6.787160197677469,6.696549147708573,6.722437868640435,29000
1999-12-10,6.843249797821045,6.899342535985808,6.7310653749059455,6.821676397044586,20400
1999-12-13,6.85188102722168,6.877769746468109,6.787159755812948,6.787159755812948,31800
1999-12-14,6.9209160804748535,7.002897533322366,6.804417396351142,6.825990797575572,240400
1999-12-15,7.115081787109375,7.132340929038792,6.977008651674039,6.977008651674039,240000
1999-12-16,6.98995304107666,7.1193966159114135,6.951120495333489,7.1193966159114135,35000
1999-12-17,7.266320705413818,7.296650672160074,7.123333554056509,7.1753286894875785,651600
1999-12-20,6.9370222091674805,7.205663898221328,6.898025306027811,7.205663898221328,769200
1999-12-21,6.932689189910889,6.967352635860443,6.89369334213985,6.950020912885666,1014800
1999-12-22,6.941352844238281,6.950018702970164,6.8763594326712,6.932686985506398,791000
1999-12-23,7.041011333465576,7.054009593721109,6.919689301141135,6.919689301141135,967600
1999-12-27,7.0713419914245605,7.1406688736934285,7.045344410573735,7.127670612190152,1346400
1999-12-28,7.214329242706299,7.235993364576305,7.028012716971716,7.028012716971716,344200
1999-12-29,7.357314586639404,7.396311482628477,7.205662576967621,7.205662576967621,697400
1999-12-30,7.231661319732666,7.357315771597502,7.231661319732666,7.357315771597502,87600
1999-12-31,7.370316982269287,7.396314571169983,7.209997988459369,7.209997988459369,247200
2000-01-03,7.201329708099365,7.400644489430636,7.192663848041485,7.396312088323818,281000
2000-01-04,7.132005214691162,7.222997304675743,7.1016752232593685,7.209997981315975,516000
2000-01-05,7.426640510559082,7.435306368797773,7.140667188682244,7.2143275126331385,205400
2000-01-06,7.617292881011963,7.690953238703957,7.426643912431459,7.430977372457815,2670000
2000-01-07,7.612957954406738,7.74727824517164,7.612957954406737,7.695283089163777,1240200
2000-01-10,7.586965084075928,7.682289595905384,7.526304031093547,7.682289595905384,342400
2000-01-11,7.495969772338867,7.556630799398257,7.4396422047059,7.526300814790743,79400
2000-01-12,7.38764762878418,7.49597037112093,7.378981767083462,7.378981767083462,270600
2000-01-13,7.417978763580322,7.478639804871283,7.3833153114140595,7.456975676189673,91800
2000-01-14,7.365981101989746,7.4093104025896865,7.331317661509795,7.352982840731891,152000
2000-01-18,7.188333511352539,7.29665626426315,7.123339013330533,7.270658676623257,68800
2000-01-19,7.049677848815918,7.196997473202144,7.049677848815919,7.149334712860936,251400
2000-01-20,6.86336088180542,7.123336672782898,6.86336088180542,7.123336672782898,198800
2000-01-21,6.893695831298828,6.967355151616151,6.811369588520267,6.967355151616151,360200
2000-01-24,6.7117085456848145,6.867694012827138,6.616384093542284,6.867694012827138,381800
2000-01-25,6.586052417755127,6.724706152865761,6.486395574566383,6.68571031878792,126800
2000-01-26,6.586052417755127,6.763703044787651,6.586052417755127,6.64671342686603,601400
2000-01-27,6.620716571807861,6.703042764908182,6.586053134259129,6.655380009356594,108600
2000-01-28,6.508061408996582,6.6163851970565055,6.334744194376167,6.612051737768831,58800
2000-01-31,6.469066143035889,6.482064406372445,6.40840511249497,6.447400960349063,32600
2000-02-01,6.586052417755127,6.620715851532785,6.469063857677553,6.469063857677553,85400
2000-02-02,6.616386413574219,6.620718815814141,6.5340601925705,6.620718815814141,98000
2000-02-03,6.503729820251465,6.6510494710877035,6.464732913166702,6.6510494710877035,367600
2000-02-04,6.495062351226807,6.547057509243923,6.456065453791871,6.547057509243923,210000
2000-02-07,6.3694071769714355,6.529726117830938,6.3650747758412,6.529726117830938,98200
2000-02-08,6.352076530456543,6.456066869290757,6.308747222608955,6.378074115165097,269400
2000-02-09,6.2264227867126465,6.382408313003846,6.2264227867126465,6.347744862716913,67000
2000-02-10,6.174427509307861,6.239420948600179,6.126764737028231,6.239420948600179,262200
2000-02-11,6.022775650024414,6.222090527651122,5.9534487360672985,6.1570970747387035,48600
2000-02-14,6.122426986694336,6.170088659496167,6.001105018670535,6.100761820625424,48200
2000-02-15,6.386739253997803,6.386739253997803,6.105099313781656,6.14409515750942,65200
2000-02-16,6.2394185066223145,6.395403969287872,6.226420246988911,6.378072251213921,34800
2000-02-17,6.2264227867126465,6.36940899022397,6.20909106156918,6.308747952221837,91400
2000-02-18,6.035770893096924,6.261083211070431,6.022771576599508,6.261083211070431,181000
2000-02-22,6.2264227867126465,6.274084501934904,6.053105535277981,6.135430700787171,97800
2000-02-23,6.157093524932861,6.252417976665611,6.1050983694422705,6.230752799622459,112600
2000-02-24,5.936116695404053,6.092102243604451,5.858123921303854,6.092102243604451,37600
2000-02-25,5.84079122543335,5.953447436012924,5.8234595007287995,5.953447436012924,49800
2000-02-28,5.858121871948242,5.970778061793401,5.775796723675868,5.823458428918963,399200
2000-02-29,5.819126129150391,5.905784738237928,5.758465102789113,5.879787155511667,58200
2000-03-01,5.758467197418213,5.888455158332341,5.706472013052562,5.888455158332341,239400
2000-03-02,5.632809638977051,5.754131692739633,5.589480334061842,5.754131692739633,368000
2000-03-03,5.814792633056641,5.970778128429249,5.6848047202461345,5.6848047202461345,324800
2000-03-06,5.6761369705200195,5.86678584586573,5.615475964728202,5.86678584586573,41800
2000-03-07,5.49415397644043,5.710800426615525,5.476822260426422,5.70646802653402,396800
2000-03-08,5.611145973205566,5.628477696585593,5.459492864708119,5.494156311468171,225200
2000-03-09,5.602480411529541,5.615478675838397,5.498490065680682,5.515821789988824,224800
2000-03-10,5.650139808654785,5.749797711502478,5.598144657041397,5.598144657041397,55400
2000-03-13,5.736802577972412,5.749801904276945,5.537487684780017,5.546153549701426,94000
2000-03-14,5.637141227722168,5.784460815546308,5.589478479210002,5.784460815546308,32800
2000-03-15,5.9751105308532715,6.239418711226191,5.593812720722782,5.593812720722782,889200
2000-03-16,6.326079845428467,6.3607432966362945,5.996777058954109,5.996777058954109,467800
2000-03-17,6.115241527557373,6.3541186799047455,6.115241527557373,6.3541186799047455,130400
2000-03-20,6.189075469970703,6.306341622863417,6.158672466405182,6.202104571245839,55000
2000-03-21,6.262910842895508,6.32371580253527,6.149987346421664,6.171703933613038,89800
2000-03-22,6.1022138595581055,6.24119665424863,6.071810843042267,6.206450955575999,240800
2000-03-23,6.28896951675415,6.319372523876908,6.106554655080342,6.136957662203099,63400
2000-03-24,6.25856876373291,6.3280601528633,6.241195916450313,6.284628034656806,24000
2000-03-27,6.232511520385742,6.341091321048212,6.167362791704425,6.293316505656067,79800
2000-03-28,6.115241527557373,6.271597134796056,6.097868682308631,6.15867364067923,228000
2000-03-29,6.2411932945251465,6.2411932945251465,6.102210574651005,6.14998535443074,55000
2000-03-30,6.410579204559326,6.475727897384393,6.219477927458642,6.258567355224524,207200
2000-03-31,6.406238555908203,6.527848498091569,6.375835540185088,6.43229782923321,305200
2000-04-03,6.614712238311768,6.614712238311768,6.497444987110482,6.514817834669601,229400
2000-04-04,6.553905963897705,6.818841306124127,6.436638736099335,6.7146042415719105,371000
2000-04-05,6.501784801483154,6.662483014150818,6.462695387911616,6.632081079465244,65000
2000-04-06,6.462700843811035,6.597340974901124,6.458358161055726,6.493103864517075,45200
2000-04-07,6.358463287353516,6.532191792472465,6.358463287353516,6.532191792472465,87400
2000-04-10,6.514814376831055,6.601678568522135,6.38017540988683,6.445323023478189,85200
2000-04-11,6.671170711517334,6.7797514941604495,6.601679349939028,6.619052190333605,786200
2000-04-12,6.844903945922852,6.9925731934871775,6.6885482720312135,6.6885482720312135,481600
2000-04-13,6.653801918029785,6.775411874756179,6.649459235466893,6.705920470912526,1226400
2000-04-14,6.28896951675415,6.5669350202570955,6.219478140878413,6.4974436443813595,290400
2000-04-17,6.297657489776611,6.384521731014909,6.2194796726621435,6.384521731014909,105600
2000-04-18,6.180389881134033,6.310686213199182,6.115241184924327,6.2629103612648285,48000
2000-04-19,6.1022138595581055,6.267255928253103,6.054437993705951,6.202107213064633,55000
2000-04-20,6.254225254058838,6.2585689962180675,6.1413017425272205,6.1413017425272205,278000
2000-04-24,6.267254829406738,6.33240247281821,6.2021061256408805,6.2021061256408805,39800
2000-04-25,6.27593994140625,6.341087571207324,6.193418408590167,6.310685626727934,463800
2000-04-26,6.167361736297607,6.29765811100812,6.158675311316906,6.275942578733674,59800
2000-04-27,6.14564323425293,6.228163701515768,6.115240231334868,6.167358756033745,128800
2000-04-28,6.193420886993408,6.245539435832062,6.12392948854187,6.12392948854187,62400
2000-05-01,6.18473482131958,6.219480522562948,6.1152434188328435,6.1369600122872745,42200
2000-05-02,6.375835418701172,6.375835418701172,6.18473408462566,6.18473408462566,54400
2000-05-03,6.271598815917969,6.349776640493124,6.18473456639002,6.349776640493124,178800
2000-05-04,6.3367462158203125,6.388864754701545,6.24119556120472,6.297656781482194,200600
2000-05-05,6.332403659820557,6.3932086332344715,6.328060977611142,6.332403659820557,20600
2000-05-08,6.297657489776611,6.410581003386399,6.297657489776611,6.35846245864342,553000
2000-05-09,6.410579204559326,6.436638469618511,6.3541179937748655,6.384519939500143,2156400
2000-05-10,6.332403659820557,6.427954332328137,6.302001703290893,6.341090084593973,92400
2000-05-11,6.4149250984191895,6.41926778054268,6.332403534527217,6.332403534527217,65400
2000-05-12,6.4366374015808105,6.458353982370448,6.375832459865472,6.458353982370448,28000
2000-05-15,6.549561023712158,6.61036596690312,6.427951137330235,6.427951137330235,83000
2000-05-16,6.48007345199585,6.610369835078877,6.454014175379245,6.6016834095400085,2446000
2000-05-17,6.497444152832031,6.558249111481529,6.42795277151832,6.454012039510961,28000
2000-05-18,6.445322513580322,6.501784763889674,6.3932040026888375,6.48006818750798,420400
2000-05-19,6.462700843811035,6.484417438651739,6.41058228861901,6.423612457594376,44400
2000-05-22,6.427952289581299,6.488757243671933,6.375833757503613,6.488757243671933,103600
2000-05-23,6.3367462158203125,6.375834589804042,6.28462767693908,6.375834589804042,105600
2000-05-24,6.310684680938721,6.362803201110188,6.254222420575962,6.271595260633118,89400
2000-05-25,6.080496788024902,6.241196161885663,6.037064668110438,6.241196161885663,79400
2000-05-26,5.984944820404053,6.050093516260471,5.9762583983134805,6.045749775038056,56000
2000-05-30,6.050091743469238,6.097866520791341,5.96757022761204,6.037061583974334,23200
2000-05-31,5.9979753494262695,6.110898843488888,5.9979753494262695,6.054436566280417,30800
2000-06-01,6.015347957611084,6.015347957611084,5.902424467998606,5.902424467998606,28000
2000-06-02,6.115241527557373,6.115241527557373,6.032721042803009,6.032721042803009,58000
2000-06-05,6.063121318817139,6.132612680637393,6.037062058134544,6.132612680637393,63200
2000-06-06,6.071813106536865,6.097872390255907,6.011008111192433,6.054440250724171,16600
2000-06-07,5.941514015197754,6.071810375180161,5.9241411672001,6.071810375180161,115000
2000-06-08,5.932826042175293,5.950198885637007,5.876364831101831,5.902424096294401,112000
2000-06-09,5.924139022827148,5.980601288559007,5.880706918554223,5.9371691842860805,144800
2000-06-12,5.958888053894043,6.045752311239437,5.889396648017728,5.889396648017728,188200
2000-06-13,5.789500713348389,5.993631097356605,5.789500713348388,5.993631097356605,80000
2000-06-14,5.941514015197754,6.01534914936503,5.858993517386142,5.858993517386142,112800
2000-06-15,5.941514015197754,6.006662725366203,5.9154547432012725,5.95454418137324,148200
2000-06-16,5.969442844390869,5.9825342604909615,5.886534448665962,5.947625238009144,77400
2000-06-19,5.777441024780273,5.93889572506041,5.777441024780273,5.93889572506041,125600
2000-06-20,5.672713756561279,5.786168031692505,5.672713756561279,5.746895930662419,137800
2000-06-21,5.64653205871582,5.694532477510108,5.6028957986020975,5.637804806693076,214400
2000-06-22,5.64653205871582,5.716350074897778,5.594168546579352,5.6028957986020975,222200
2000-06-23,5.650895118713379,5.681439962185072,5.615986117409631,5.620349209903512,159600
2000-06-26,5.519985675811768,5.6814392540488985,5.519985675811768,5.6814392540488985,68600
2000-06-27,5.742531776428223,5.812349791947107,5.5854412415107335,5.5854412415107335,334400
2000-06-28,5.729440689086914,5.746895190705857,5.581077425325906,5.663985775346764,132200
2000-06-29,5.624714374542236,5.690168231033718,5.519987351885175,5.637804719705187,30600
2000-06-30,5.485078811645508,5.6378052000297165,5.485078811645508,5.624714853751507,37400
2000-07-03,5.6378045082092285,5.655259011330619,5.533077489480884,5.57671374728436,18600
2000-07-05,5.663987159729004,5.794895953867578,5.663987159729003,5.690168918556719,100400
2000-07-06,5.515623092651367,5.685805034033676,5.515623092651367,5.685805034033676,121000
2000-07-07,5.489442825317383,5.58544262035473,5.437079300751558,5.58544262035473,199000
2000-07-10,5.567985534667969,5.633440442744578,5.489440284178921,5.489440284178921,71200
2000-07-11,5.864716053009033,5.864716053009033,5.637807396196184,5.637807396196184,90400
2000-07-12,5.834168434143066,5.917076794613751,5.794895267881314,5.912713701328205,69000
2000-07-13,5.899621486663818,5.934530489543485,5.834167638933553,5.834167638933553,71600
2000-07-14,5.781805515289307,5.9039870545446735,5.742532345002271,5.9039870545446735,50000
2000-07-17,5.690167427062988,5.759985432303025,5.594167669857938,5.707621928372997,113600
2000-07-18,5.602894306182861,5.690166803163903,5.602894306182861,5.646530554673382,99400
2000-07-19,5.602894306182861,5.677076461285795,5.5592580576923405,5.642167462493378,81800
2000-07-20,5.559258460998535,5.637803713979676,5.515622209342346,5.637803713979676,47400
2000-07-21,5.585442066192627,5.650896998075087,5.541805800050497,5.541805800050497,63600
2000-07-24,5.594168663024902,5.646532176251345,5.524350645389646,5.646532176251345,66600
2000-07-25,5.524348735809326,5.637802975249328,5.524348735809326,5.615985384949115,24400
2000-07-26,5.489442825317383,5.567988112166121,5.4807155712230795,5.511261493222461,26600
2000-07-27,5.550532341003418,5.554896499726863,5.476351230750399,5.511260239184383,12000
2000-07-28,5.506896495819092,5.567987265186341,5.480714737518843,5.559260012419591,163000
2000-07-31,5.533076763153076,5.615986174765315,5.519986420199567,5.5505312639832125,18800
2000-08-01,5.537441730499268,5.602895585511304,5.519987227117612,5.554896233880923,67400
2000-08-02,5.572349548339844,5.602894390071488,5.5068946419549984,5.576712640585173,40800
2000-08-03,5.6334428787231445,5.668351894035639,5.5723521019262785,5.615988371066897,15400
2000-08-04,5.581079006195068,5.611623860011086,5.511260979942986,5.611623860011086,24000
2000-08-07,5.690167427062988,5.690167427062987,5.550531416582914,5.550531416582914,78400
2000-08-08,5.829804420471191,5.829804420471191,5.694532545180354,5.694532545180354,205200
2000-08-09,5.834168434143066,5.890895038885372,5.816713930324147,5.860350189871446,100000
2000-08-10,5.746898174285889,5.829806567349762,5.681443226563915,5.829806567349762,38600
2000-08-11,5.864716053009033,5.864716053009033,5.7076254444462915,5.7076254444462915,70800
2000-08-14,5.864716053009033,5.899625077134087,5.790534909412729,5.899625077134087,77600
2000-08-15,5.899621486663818,5.917075988103652,5.812348979464649,5.847257982344317,54600
2000-08-16,5.899621486663818,5.969439492423153,5.873439734504068,5.95198499098332,60400
2000-08-17,5.912714958190918,5.96944157499157,5.860351435603273,5.96944157499157,121400
2000-08-18,5.807986736297607,5.9039865082584075,5.781804980308298,5.855986089608818,49400
2000-08-21,5.777441024780273,5.864713547813208,5.7512592678703935,5.864713547813208,28800
2000-08-22,5.720714569091797,5.786168430431987,5.716350410155281,5.786168430431987,43400
2000-08-23,5.694532871246338,5.720714629124854,5.655259701759338,5.720714629124854,84200
2000-08-24,5.703260898590088,5.746897167648395,5.663987723768311,5.698896739014956,40400
2000-08-25,5.672713756561279,5.725077268160306,5.663986504628108,5.725077268160306,122400
2000-08-28,5.663987159729004,5.725077930327005,5.663987159729003,5.663987159729003,81600
2000-08-29,5.585442066192627,5.690169104933739,5.585442066192627,5.655260092020035,57000
2000-08-30,5.598535060882568,5.663988945924141,5.554898782408576,5.602898156060552,24000
2000-08-31,5.6596245765686035,5.690169431954277,5.559260626004409,5.559260626004409,26400
2000-09-01,5.602894306182861,5.6290760552771735,5.567985307390445,5.6290760552771735,19000
2000-09-05,5.716350555419922,5.733805060932654,5.585441764074427,5.585441764074427,1131200
2000-09-06,5.812351226806641,5.821078480900946,5.7556246078629805,5.76871495633512,93200
2000-09-07,5.533076763153076,5.637803768133892,5.454531509417465,5.637803768133892,120400
2000-09-08,5.43707799911499,5.50689601515499,5.41089624309999,5.50689601515499,1535800
2000-09-11,5.402172565460205,5.498172401033812,5.384718049901368,5.4370815965778805,913200
2000-09-12,5.367260456085205,5.393442214407572,5.336715604045014,5.393442214407572,1179400
2000-09-13,5.34107780456543,5.3759868098240275,5.33235055325078,5.33235055325078,57800
2000-09-14,5.245079517364502,5.3498065626363385,5.236352263591849,5.310534453328698,102800
2000-09-15,5.161856651306152,5.232085993500793,5.161856651306152,5.232085993500793,51800
2000-09-18,5.144299030303955,5.179413699452787,5.0916270265807055,5.179413699452787,69800
2000-09-19,5.003840446472168,5.104795657953946,4.9862831115722654,5.104795657953946,72800
2000-09-20,4.942389011383057,5.012618340141608,4.880938348719324,4.986282341857151,75800
2000-09-21,4.92483377456665,4.995063133205747,4.889719095247102,4.907276434906876,45000
2000-09-22,4.9160542488098145,4.995062263522829,4.88093957560403,4.995062263522829,47400
2000-09-25,4.902886390686035,4.951168526681431,4.880939185877439,4.951168526681431,53600
2000-09-26,4.854602813720703,4.946779352320176,4.845824146788116,4.885328683792066,60600
2000-09-27,4.832658290863037,4.889719109111612,4.815100951153481,4.832658290863038,32600
2000-09-28,4.977503776550293,5.012618441640594,4.832656318860065,4.832656318860065,42200
2000-09-29,5.104795455932617,5.157467458547839,4.981894116497099,4.981894116497099,332200
2000-10-02,4.9862847328186035,5.091628776469701,4.955559922561214,5.091628776469701,44200
2000-10-03,5.262813091278076,5.284759230013839,5.00384179586028,5.00384179586028,219400
2000-10-04,5.311093807220459,5.442773818969727,5.302315139770508,5.333041011652677,92200
2000-10-05,5.258421897888184,5.368155778810062,5.214528559842373,5.368155778810062,27400
2000-10-06,5.214529514312744,5.337430883336951,5.1881935066647005,5.267201529608832,49800
2000-10-09,5.227695941925049,5.3549860583238775,5.20574874194436,5.267199401630044,101800
2000-10-10,5.254032135009766,5.297925464994749,5.201360139027785,5.26719959819801,39800
2000-10-11,5.113572597503662,5.293534683610286,5.113572597503661,5.188190709807096,72600
2000-10-12,5.021398544311523,5.091627894581615,4.986283869176478,5.074070557014092,39200
2000-10-13,4.907273769378662,4.951167094686164,4.81948711876366,4.916052434440163,119600
2000-10-16,4.902886390686035,5.021397867485423,4.854603183075942,4.863381850676441,25600
2000-10-17,4.858994960784912,5.003842497266651,4.828269076309926,4.9072771157404524,62000
2000-10-18,4.9160542488098145,4.9160542488098145,4.775595555986677,4.845824902398245,41000
2000-10-19,4.907273769378662,4.946778297962608,4.83704444888666,4.946778297962608,90200
2000-10-20,4.841437339782715,4.880940821414694,4.788765316530038,4.845826139246244,32400
2000-10-23,4.876553058624268,4.898499203837402,4.793155134937673,4.854605841795848,61000
2000-10-24,5.074069976806641,5.074069976806641,4.88093928564791,4.88093928564791,264400
2000-10-25,5.038956165313721,5.038956165313721,4.95116947253822,5.0301774960361705,144200
2000-10-26,5.126743316650391,5.126743316650391,5.030177945960058,5.056513956148331,103600
2000-10-27,5.109184265136719,5.126741599381175,4.96872559118107,5.091626930892263,25600
2000-10-30,5.513004779815674,5.543730660733609,5.223308668774405,5.227698539597679,313400
2000-10-31,5.552509784698486,5.59640313844466,5.4296083942092,5.583234596513266,152400
2000-11-01,5.508613586425781,5.592010379671706,5.460330386429829,5.583231713455581,57000
2000-11-02,5.469109535217285,5.469109535217285,5.3901015323008235,5.455942070538519,89000
2000-11-03,5.47789192199707,5.47789192199707,5.3813265195259685,5.416441211333642,25200
2000-11-06,5.482282638549805,5.548122160020775,5.4778927655901315,5.521786137109284,424000
2000-11-07,5.548119068145752,5.57445507638062,5.508615591600908,5.552508938659022,85000
2000-11-08,5.609569072723389,5.653462414450488,5.495446384232928,5.561286932630972,74600
2000-11-09,5.530561923980713,5.609569951466152,5.412050418560033,5.609569951466152,68600
2000-11-10,5.45155143737793,5.548116760745333,5.3901007770532186,5.548116760745333,65600
2000-11-13,5.473498821258545,5.513002282699937,5.416436956092135,5.4427729542579,32200
2000-11-14,5.517395496368408,5.517395496368408,5.403272768465002,5.477890939363497,424600
2000-11-15,5.548119068145752,5.618348423438736,5.508615591600908,5.5437302692473995,158800
2000-11-16,5.381324291229248,5.530561669615704,5.337430944644996,5.530561669615704,66600
2000-11-17,5.376935958862305,5.5305621494278,5.319874067544836,5.3549887478586635,132600
2000-11-20,5.315485954284668,5.376936652764172,5.27598139802599,5.376936652764172,22400
2000-11-21,5.2715888023376465,5.333039456568643,5.267198934085392,5.275977598975534,63200
2000-11-22,5.267200946807861,5.306705489716308,5.24525481200355,5.30231561978658,43800
2000-11-24,5.337432861328125,5.3637688787359945,5.315486715962547,5.3637688787359945,7800
2000-11-27,5.337432861328125,5.381326223674574,5.293539498981676,5.3593800783089955,47400
2000-11-28,5.346207618713379,5.420826815865564,5.319871620591638,5.346207618713379,54400
2000-11-29,5.469109535217285,5.469109535217285,5.359376733640622,5.385712734612776,158600
2000-11-30,5.41204833984375,5.455941671587761,5.350597675402136,5.433994469908483,146200
2000-12-01,5.592012405395508,5.635905752376634,5.48227957375015,5.517394251335051,353200
2000-12-04,5.890488624572754,5.916824639287684,5.688579178424955,5.688579178424955,807800
2000-12-05,5.934378147125244,5.934378147125244,5.758804829162959,5.894874686390975,272400
2000-12-06,5.802698612213135,5.960714610730285,5.793919945628849,5.938768480076856,295200
2000-12-07,5.627127647399902,5.758807701551226,5.622738848069037,5.758807701551226,51600
2000-12-08,5.723691463470459,5.802699474469285,5.631515986445862,5.692966661667171,59600
2000-12-11,5.723691463470459,5.75441733688848,5.653462120360392,5.750027467136734,48400
2000-12-12,5.697358131408691,5.829038211487475,5.671022115392935,5.671022115392935,97000
2000-12-13,5.74124813079834,5.74124813079834,5.640293997639007,5.701744665705656,113000
2000-12-14,5.688576698303223,5.754417242192793,5.649073229261252,5.741248704768993,59000
2000-12-15,5.609569072723389,5.635905077759649,5.539339725960029,5.600790404377968,105600
2000-12-18,5.692653656005859,5.733187340980593,5.589069526904495,5.6070842536640075,135200
2000-12-19,5.872798442840576,5.890813161990394,5.679140761745635,5.710665970492217,305200
2000-12-20,5.652120113372803,5.79173367234955,5.652120113372803,5.737689501223427,39000
2000-12-21,5.854787349700928,5.8953210426571045,5.692654776939979,5.701662142093365,286600
2000-12-22,6.156528949737549,6.161032078391994,5.868293530865408,5.944855514237888,401800
2000-12-26,6.138516902923584,6.165538985182533,6.052946426004574,6.165538985182533,50400
2000-12-27,6.237597942352295,6.26912315558164,6.070961216755784,6.197064268735874,170800
2000-12-28,6.296146392822266,6.341183205360336,6.111496011181954,6.242102217776581,173200
2000-12-29,6.17454719543457,6.336679711294583,6.143020878696044,6.336679711294583,111800
2001-01-02,6.052946090698242,6.269122736794609,5.998901929174151,6.269122736794609,503600
2001-01-03,6.088976860046387,6.156532626454673,5.9268443401043225,6.111495815359656,171200
2001-01-04,6.291645050048828,6.309659780185643,6.016919865696454,6.016919865696454,524800
2001-01-05,6.161036014556885,6.233094915311936,6.052947663424307,6.179050739745647,86800
2001-01-08,6.179050922393799,6.282636145056871,6.093481524983591,6.152028833811902,51200
2001-01-09,5.926844596862793,6.143021299483928,5.926844596862793,6.138518167945105,349000
2001-01-10,5.980887413024902,5.980887413024902,5.818754922912781,5.944857970777764,136200
2001-01-11,5.818756103515625,5.818756103515625,5.7196751172328515,5.818756103515625,354800
2001-01-12,5.683646202087402,5.764712471213848,5.6115872961972295,5.764712471213848,270400
2001-01-16,5.872798442840576,5.87730267239363,5.647614453467855,5.755702768366762,104800
2001-01-17,5.841274738311768,5.904326271572866,5.764711612443265,5.904326271572866,146000
2001-01-18,5.809750556945801,5.832269519723161,5.715173772063788,5.791735826536666,63600
2001-01-19,5.647616863250732,5.746697860851622,5.593572682741156,5.701661043760309,125800
2001-01-22,5.692653656005859,5.7196757461451275,5.521513751790493,5.62059474896781,69800
2001-01-23,5.710668563842773,5.800742200496446,5.710668563842773,5.800742200496446,31400
2001-01-24,5.733188152313232,5.791735472801145,5.69265446160237,5.73769128487454,71400
2001-01-25,5.809750556945801,5.863794748173203,5.692654809286427,5.692654809286427,89000
2001-01-26,5.7512006759643555,5.845777418798635,5.683644917198673,5.8412742879643345,62200
2001-01-29,5.733006477355957,5.767594994687499,5.666712414716819,5.675359681491162,469000
2001-01-30,5.949182510375977,5.949182510375977,5.684005740740146,5.718594254069067,175800
2001-01-31,6.009710788726807,6.038534451096114,5.9578283064151805,5.960710727628674,96600
2001-02-01,6.04141902923584,6.1163603650651925,5.97512496092114,6.1163603650651925,66400
2001-02-02,6.021239757537842,6.107710742257856,5.998180938232294,6.076004659550622,173200
2001-02-05,6.0760064125061035,6.076006412506104,6.015477200528197,6.052947586547981,225800
2001-02-06,6.024122714996338,6.070240357713262,5.980887493669929,6.070240357713262,38400
2001-02-07,6.024122714996338,6.067357936322746,5.972240229498381,6.067357936322746,352600
2001-02-08,5.943418502807617,6.052947792392048,5.9347712366170855,6.052947792392048,68000
2001-02-09,5.937652587890625,5.980887811514701,5.894417364266549,5.894417364266549,35600
2001-02-12,5.937652587890625,5.963593832018209,5.8655936985952675,5.894417364266549,298200
2001-02-13,5.920356750488281,6.035650827226527,5.877120990666606,5.877120990666606,909400
2001-02-14,5.85406494140625,5.96071235638424,5.85406494140625,5.96071235638424,31200
2001-02-15,6.078891277313232,6.093302843166274,5.85983206779782,5.85983206779782,65400
2001-02-16,5.943418502807617,6.073124197070827,5.911712409874795,6.001065294780446,84800
2001-02-20,5.923243045806885,6.084655423575068,5.923243045806884,5.989537670495858,66600
2001-02-21,5.822354316711426,5.94629505597918,5.793530671625666,5.880001057117643,125600
2001-02-22,5.8655924797058105,5.914592536234909,5.8108275812872705,5.822357265066155,99400
2001-02-23,5.836770534515381,5.865594202663667,5.764711639027537,5.842535378098186,173600
2001-02-26,6.052946090698242,6.064475775710889,5.845416708361362,5.845416708361362,125200
2001-02-27,6.0615949630737305,6.104830193813569,6.006830044261515,6.038536136694764,37400
2001-02-28,6.087535381317139,6.153829429395464,6.035652891598203,6.1336530277860355,66200
2001-03-01,6.093301773071289,6.1221254494814055,6.018360434311346,6.1048314635416965,82200
2001-03-02,6.2374186515808105,6.269124745760292,6.104830530040829,6.153830607515565,184400
2001-03-05,6.34982967376709,6.367123653675228,6.254711959623766,6.2835350762154265,224200
2001-03-06,6.335416316986084,6.378651533117563,6.274887124355135,6.370004819750627,504600
2001-03-07,6.522772312164307,6.525654734545428,6.384419336465628,6.384419336465628,270800
2001-03-08,6.545833110809326,6.586186486519775,6.401715246989489,6.514127554609856,198000
2001-03-09,6.4910664558410645,6.589066613060567,6.424772393535468,6.580419346329729,60600
2001-03-12,6.231651782989502,6.456475122261276,6.214357257071989,6.456475122261276,434400
2001-03-13,6.179770469665527,6.263358494960968,6.058711514251062,6.263358494960968,237800
2001-03-14,6.021239757537842,6.1192398770278205,5.960710563022887,6.024122178671737,147400
2001-03-15,5.888655662536621,6.058714775974518,5.888655662536621,6.058714775974518,105200
2001-03-16,5.8637495040893555,5.970889861500095,5.8492713311748545,5.907184575139749,181400
2001-03-19,6.002742290496826,6.05196885440862,5.878228008113646,5.878228008113646,103800
2001-03-20,6.037491321563721,6.20544069527189,5.947725419833575,6.046178005801068,147000
2001-03-21,5.849267482757568,5.979572610176904,5.811623374256082,5.979572610176904,110600
2001-03-22,5.663947105407715,5.773983199915319,5.510476495293691,5.745026303870852,253800
2001-03-23,5.718966960906982,5.768193534055172,5.585765970216016,5.675531879260234,52000
2001-03-26,5.77687931060791,5.869540941973106,5.724757004888265,5.7681920755523395,155800
2001-03-27,5.921664237976074,5.924559431171873,5.808732372595553,5.808732372595553,38000
2001-03-28,5.904290676116943,5.904290676116943,5.733445531236715,5.82031625280519,146400
2001-03-29,5.831897735595703,5.8434807175100705,5.733444598551486,5.8261067969454965,80000
2001-03-30,5.782671928405762,5.846377232708111,5.7392368451222815,5.756610767974264,106000
2001-04-02,5.814524173736572,5.982473555707077,5.779775778156774,5.930351238490884,23600
2001-04-03,5.695797920227051,5.768189860976094,5.646571378425434,5.768189860976094,73800
2001-04-04,5.805837631225586,5.8782296243945185,5.704489282634741,5.704489282634741,67800
2001-04-05,5.996951580047607,6.04328295708481,5.9187686585072585,5.991160641186579,31000
2001-04-06,5.927457332611084,6.011432325814188,5.85506532563207,6.011432325814188,41000
2001-04-09,6.025909423828125,6.109884401946456,5.976682845832881,5.979578591868728,73400
2001-04-10,6.289416313171387,6.298103551383157,6.173589231883229,6.19675464814086,1845000
2001-04-11,6.211235523223877,6.353123815834064,6.141738698146746,6.341540827552116,120200
2001-04-12,6.182275295257568,6.211232198153607,6.086717902315527,6.211232198153607,68600
2001-04-16,6.193857669830322,6.329954946536674,6.176483749170334,6.21123214279729,59000
2001-04-17,6.1851701736450195,6.2257095006318535,6.138839356429521,6.173587193187691,130000
2001-04-18,6.4428863525390625,6.509486842955452,6.141735444436624,6.254667311128532,205800
2001-04-19,6.338644027709961,6.428410515064099,6.315478607300839,6.428410515064099,79600
2001-04-20,6.32127046585083,6.419723646357014,6.289417803832,6.370497056103923,41800
2001-04-23,6.277832508087158,6.358911171101521,6.277832508087158,6.341537250785153,32000
2001-04-24,6.306790828704834,6.364704093554502,6.298103590439192,6.350225915418858,47800
2001-04-25,6.2836222648620605,6.298100435745646,6.211230305830502,6.292308946469485,62600
2001-04-26,6.486320972442627,6.486320972442627,6.298101944337605,6.298101944337605,360200
2001-04-27,6.492110252380371,6.538441057296905,6.434196470081323,6.500797485417256,143200
2001-04-30,6.399450302124023,6.550025733305036,6.3704934034650735,6.495007681083723,247000
2001-05-01,6.471843719482422,6.483426150151263,6.364703336183761,6.384973004084501,28000
2001-05-02,6.471843719482422,6.515278801027869,6.393660241316401,6.486321895895229,401400
2001-05-03,6.460262775421143,6.46895001539481,6.370496838255378,6.428410666798762,52200
2001-05-04,6.570296764373779,6.573192510073155,6.370494729573024,6.413929810449618,52200
2001-05-07,6.492110252380371,6.622415986399848,6.492110252380371,6.573189437137685,211000
2001-05-08,6.509485721588135,6.558712282612977,6.500799038782328,6.558712282612977,102600
2001-05-09,6.573190689086914,6.628208185212367,6.521068385551756,6.587668861265851,87800
2001-05-10,6.712182998657227,6.723765425711827,6.660060696144392,6.660060696144392,324000
2001-05-11,6.578984260559082,6.703498579453636,6.518175250293604,6.703498579453636,45800
2001-05-14,6.625312805175781,6.6311042952890435,6.541338407761061,6.541338407761061,19400
2001-05-15,6.6745381355285645,6.71507800653767,6.58477226455625,6.58477226455625,126800
2001-05-16,7.022019863128662,7.022019863128662,6.712182374031868,6.712182374031868,234200
2001-05-17,7.0944108963012695,7.1320544662054575,7.0567673263970825,7.071245495058678,201200
2001-05-18,7.059665203094482,7.1204747496740355,6.978586544064335,7.1204747496740355,280000
2001-05-21,7.1204729080200195,7.12047290802002,6.978584739108573,7.050976695837279,377200
2001-05-22,6.984376430511475,7.079933794069029,6.938045068740804,7.079933794069029,980400
2001-05-23,6.865655899047852,6.94673512470097,6.839595291405926,6.909091533834153,132200
2001-05-24,6.677434921264648,6.839593325972867,6.64268708618923,6.83380183602467,812400
2001-05-25,6.686122417449951,6.735348979319409,6.660061263971597,6.665852754146099,70800
2001-05-29,6.775890827178955,6.781682319508422,6.70929032231141,6.746933917838729,131400
2001-05-30,6.636899948120117,6.746935567752861,6.6021515379529525,6.746935567752861,74600
2001-05-31,6.645583629608154,6.7556191903098926,6.645583629608154,6.66006180391127,68200
2001-06-01,6.70059871673584,6.735347095758453,6.573189282368671,6.706390205290734,726400
2001-06-04,6.775890827178955,6.775890827178955,6.726664246992702,6.73245573932217,48600
2001-06-05,6.854072093963623,6.854072093963622,6.654270091848683,6.78168012024297,86800
2001-06-06,6.732453346252441,6.891715462552853,6.732453346252441,6.822219236223206,66000
2001-06-07,6.810638904571533,6.851178244333374,6.7295596727407725,6.7295596727407725,50200
2001-06-08,6.784576416015625,6.810637572854394,6.712184436420591,6.810637572854394,29200
2001-06-11,6.68902063369751,6.77299506302329,6.631106815170892,6.77299506302329,174200
2001-06-12,6.631104946136475,6.680331512317034,6.567400205558613,6.680331512317034,50600
2001-06-13,6.654269695281982,6.700600511517522,6.642687267376545,6.660061185388148,34400
2001-06-14,6.486320972442627,6.605043769507653,6.480529481779223,6.605043769507653,49400
2001-06-15,6.465669631958008,6.497663676964424,6.416224541838418,6.4307675417316625,97600
2001-06-18,6.401684284210205,6.48894009435079,6.401684284210204,6.427861138204162,221800
2001-06-19,6.416224002838135,6.4773034877412865,6.392955759722333,6.459851889335429,205000
2001-06-20,6.474395275115967,6.526748963946456,6.416224386469043,6.416224386469043,182400
2001-06-21,6.4424004554748535,6.4802116949719935,6.398772571620081,6.419132213768399,85200
2001-06-22,6.340601921081543,6.46276033318261,6.337693876176052,6.430766846394263,454200
2001-06-25,6.2678914070129395,6.358056372794998,6.256257557893296,6.340604766977168,124800
2001-06-26,6.326058864593506,6.381321143340756,6.2009918649459115,6.256254143693162,117800
2001-06-27,6.3842315673828125,6.430768061283509,6.311518226318128,6.355146120005186,46600
2001-06-28,6.390048027038574,6.445310319971517,6.390048027038574,6.422042073698502,23600
2001-06-29,6.416224002838135,6.462760489069739,6.398772959190952,6.398772959190952,145800
2001-07-02,6.483120918273926,6.515114406974257,6.387138787896847,6.387138787896847,51000
2001-07-03,6.462763786315918,6.462763786315918,6.372599367585914,6.44531273376536,207400
2001-07-05,6.436587333679199,6.465672792926402,6.387142219386651,6.427862084236333,279400
2001-07-06,6.360960006713867,6.4511243473308415,6.349325611920205,6.410405075069978,89000
2001-07-09,6.419135570526123,6.436586622241981,6.3406050056663705,6.38423346709441,100600
2001-07-10,6.349332332611084,6.462765028124031,6.349332332611084,6.462765028124031,185400
2001-07-11,6.369688034057617,6.436584169105121,6.331877343957335,6.395864879034244,118600
2001-07-12,6.5063934326171875,6.5063934326171875,6.360966673821408,6.360966673821408,72400
2001-07-13,6.512206554412842,6.529658155443264,6.462761461010833,6.529658155443264,30400
2001-07-16,6.407498836517334,6.483120766255379,6.384230593117834,6.451126723546561,129400
2001-07-17,6.381323337554932,6.410408786620741,6.3318782405706955,6.392957184325977,22400
2001-07-18,6.538382530212402,6.544199729780958,6.3551451818723566,6.387138669982047,200200
2001-07-19,6.5529279708862305,6.625641328311586,6.529659718700472,6.596555874389665,37200
2001-07-20,6.509300708770752,6.582014079557891,6.471490000055396,6.582014079557891,87000
2001-07-23,6.381323337554932,6.4220426333917855,6.381323337554932,6.410408786620741,8200
2001-07-24,6.189362049102783,6.3406054320763126,6.1457335847407,6.3406054320763126,360000
2001-07-25,6.320245265960693,6.340604918475712,6.116648186051575,6.122464833370921,152600
2001-07-26,6.285339832305908,6.311516673027667,6.238803349858032,6.308608073529845,19000
2001-07-27,6.302792549133301,6.358054844757366,6.2824329019977965,6.317334995727581,50600
2001-07-30,6.2591657638549805,6.311519468486675,6.250439961496739,6.282434015384747,65800
2001-07-31,6.398774147033691,6.439493441355642,6.296975356470036,6.296975356470036,47800
2001-08-01,6.369688034057617,6.4278589239520585,6.320242944074958,6.4278589239520585,214400
2001-08-02,6.326058864593506,6.4104065824055505,6.305699223675731,6.384229742723096,63400
2001-08-03,6.311516284942627,6.375503805684307,6.296973288347747,6.375503805684307,22000
2001-08-06,6.320245265960693,6.3784161772255406,6.311520017602213,6.369690374108136,46800
2001-08-07,6.273705959320068,6.334785444368391,6.259163515372632,6.334785444368391,76600
2001-08-08,6.218447208404541,6.340605693179062,6.203904756190975,6.288252532354831,170600
2001-08-09,6.163184642791748,6.235898003899101,6.163184642791748,6.198086745458282,89600
2001-08-10,6.320245265960693,6.320245265960693,6.142825040644864,6.180635744635768,13600
2001-08-13,6.340601921081543,6.340601921081543,6.238803706629539,6.296974035636589,34200
2001-08-14,6.311516284942627,6.352235565891096,6.288248045149416,6.288248045149416,21600
2001-08-15,6.3464179039001465,6.384229137527631,6.311515824137834,6.311515824137834,339000
2001-08-16,6.276616096496582,6.323152594237745,6.273707496042908,6.282433297403931,30400
2001-08-17,6.314426422119141,6.337695224382285,6.250438880171835,6.250438880171835,19800
2001-08-20,6.320245265960693,6.320245265960693,6.264983510493904,6.302794214484808,41800
2001-08-21,6.349332332611084,6.427862916316539,6.3202468695987974,6.381326397400506,106200
2001-08-22,6.334787845611572,6.392958198209852,6.270799736566911,6.34933029507142,78800
2001-08-23,6.3842315673828125,6.392956813264964,6.311518226318128,6.334786473268476,20800
2001-08-24,6.471487522125244,6.523841217807213,6.378414531916758,6.398774179180017,221400
2001-08-27,6.483120918273926,6.544199850595308,6.483120918273926,6.535474051081384,21400
2001-08-28,6.422044277191162,6.471489386831467,6.3842335720586645,6.4569469359556475,59200
2001-08-29,6.340601921081543,6.4947543747296175,6.340601921081543,6.4947543747296175,39400
2001-08-30,6.317335605621338,6.346421056376671,6.308610358725921,6.340603855273838,36400
2001-08-31,6.372596740722656,6.37841394076124,6.27370655910165,6.27370655910165,71000
2001-09-04,6.372596740722656,6.488937967700684,6.296974804497256,6.296974804497256,62800
2001-09-05,6.454035758972168,6.456944358938276,6.349328379227193,6.456944358938276,52400
2001-09-06,6.294067859649658,6.398775268844499,6.294067859649657,6.398775268844499,43600
2001-09-07,6.096288204193115,6.282434794268202,6.096288204193115,6.180635973170082,149600
2001-09-10,5.9770379066467285,6.107922175160881,5.9770379066467285,6.107922175160881,111400
2001-09-17,5.534939289093018,5.729811050110719,5.438957708577357,5.613469269690396,97400
2001-09-18,5.526215553283691,5.613471366431967,5.497130097314623,5.526215553283691,64600
2001-09-19,5.438957691192627,5.537847871378581,5.357518556110452,5.5320306714244145,134400
2001-09-20,5.232450485229492,5.4302308060767155,5.232450485229492,5.424413607285065,111200
2001-09-21,5.164278030395508,5.199389515442308,4.988721721317749,4.988721721317749,38400
2001-09-24,5.410055637359619,5.442241112184505,5.266684839260229,5.281314296138083,63600
2001-09-25,5.42468786239624,5.465650804805413,5.325205952478333,5.377872353542312,47800
2001-09-26,5.380796432495117,5.494908322500482,5.316426037729603,5.4246859214622765,204800
2001-09-27,5.4393157958984375,5.494908743593215,5.333981907230032,5.392500858285386,88400
2001-09-28,5.617797374725342,5.652908294398497,5.465648567933655,5.465648567933655,56000
2001-10-01,5.635354995727539,5.635354995727539,5.5124656135872545,5.617799529158418,54200
2001-10-02,5.6587605476379395,5.685094017582489,5.597315598407981,5.638279083920629,81400
2001-10-03,5.728983402252197,5.728983402252197,5.611946058820307,5.611946058820307,24200
2001-10-04,5.629499435424805,5.7611667468096615,5.629499435424805,5.737759286794339,91200
2001-10-05,5.728983402252197,5.728983402252197,5.62364951412446,5.6997239268747055,56000
2001-10-08,5.609019756317139,5.688020168199447,5.562204821441262,5.670464149062459,28800
2001-10-09,5.661685466766357,5.685092929115699,5.565129614815586,5.565129614815586,58600
2001-10-10,5.8167619705200195,5.8167619705200195,5.69094715998413,5.69094715998413,105000
2001-10-11,6.006948947906494,6.024504413895933,5.535872905577324,5.816762593721141,173000
2001-10-12,5.910389423370361,5.989389250916218,5.881129959278853,5.954278340468695,47600
2001-10-15,5.913318157196045,5.922096168730223,5.831392281856395,5.831392281856395,1535000
2001-10-16,5.963059425354004,5.983541453362635,5.869429529627346,5.875281537629812,67800
2001-10-17,5.848949909210205,6.012802278544086,5.840171894430784,6.012802278544086,311000
2001-10-18,5.840167999267578,5.881131482838793,5.787501619952596,5.881131482838793,87000
2001-10-19,5.7670207023620605,5.781650720035512,5.72020576196324,5.7757987129661315,86000
2001-10-22,5.901613235473633,5.930872708582301,5.764094437364335,5.764094437364335,40600
2001-10-23,5.977690696716309,6.00987618938931,5.910394264834866,5.910394264834866,81600
2001-10-24,5.960134506225586,5.992319436927459,5.904541541444898,5.983541982226153,65000
2001-10-25,5.948432445526123,5.957210461192621,5.851876505508372,5.878209994429435,41200
2001-10-26,6.0508341789245605,6.053760181140341,5.96305578668473,5.983537802195192,58200
2001-10-29,5.904538154602051,6.027427472635278,5.904538154602051,6.027427472635278,29400
2001-10-30,5.86065149307251,5.901614428861094,5.807984542442533,5.822614002916129,17600
2001-10-31,5.769944190979004,5.881130044522745,5.769944190979004,5.881130044522745,31000
2001-11-01,5.8957624435424805,5.933799933841456,5.752391609666822,5.828466032186626,35800
2001-11-02,5.98646879196167,6.018654288072768,5.8548019187477145,5.8548019187477145,44400
2001-11-05,6.009875297546387,6.074245715261744,5.977689809649591,6.059615694364004,118600
2001-11-06,6.135688781738281,6.135688781738281,5.983540504352795,6.021577434179639,286200
2001-11-07,6.132765293121338,6.185432262231611,6.08595033348517,6.109357813303254,484400
2001-11-08,6.138615131378174,6.202986096668764,6.091800188300369,6.18835607815811,165000
2001-11-09,6.15617036819458,6.159095813445344,6.0713179458925834,6.091799411116356,18400
2001-11-12,6.071319103240967,6.1152080453837,6.021578153325023,6.1152080453837,93400
2001-11-13,6.235170841217041,6.258578312080134,6.129837501372184,6.129837501372184,152000
2001-11-14,6.337577819824219,6.372689300084766,6.305392342758553,6.320022358732968,111600
2001-11-15,6.363910675048828,6.437059073612608,6.34928121856727,6.363910675048828,184400
2001-11-16,6.39609956741333,6.437062513916839,6.346358607482659,6.437062513916839,177000
2001-11-19,6.463393211364746,6.501430137004312,6.419504279295079,6.431207734077234,79600
2001-11-20,6.437058925628662,6.457540387463186,6.381465987736399,6.381465987736399,59800
2001-11-21,6.393172264099121,6.466320686896415,6.393172264099121,6.4312091983993165,44600
2001-11-23,6.516058444976807,6.516058444976807,6.372687673490445,6.372687673490445,76000
2001-11-26,6.437058925628662,6.492651863520926,6.390243996270328,6.4516883817738995,90600
2001-11-27,6.486801624298096,6.518987106275847,6.410727203854949,6.4165792111378375,128000
2001-11-28,6.42242956161499,6.486799950886615,6.396096093713418,6.460466482985044,158400
2001-11-29,6.419507026672363,6.460469973058025,6.352210040080977,6.437062495397892,68000
2001-11-30,6.501431465148926,6.504357468961715,6.396098118279316,6.434135051689255,37600
2001-12-03,6.34343147277832,6.442913374914666,6.343431472778319,6.378542404074565,175600
2001-12-04,6.466319561004639,6.46631956100464,6.378541134084637,6.4019486029810215,140200
2001-12-05,6.612617492675781,6.688691918896297,6.5160615974878535,6.5160615974878535,206800
2001-12-06,6.6272454261779785,6.729653305485762,6.592134504064367,6.6272454261779785,64200
2001-12-07,6.486801624298096,6.603838979565194,6.472172164169008,6.574579501228887,43600
2001-12-10,6.37561559677124,6.486800932904802,6.358059576793779,6.437059992458139,66200
2001-12-11,6.425357341766357,6.478024296711687,6.331727447676079,6.343431463476459,33200
2001-12-12,6.37561559677124,6.404874513910865,6.281985164458996,6.390245055341053,77200
2001-12-13,6.22346830368042,6.325876213105633,6.200060829361361,6.290764722587939,2848600
2001-12-14,6.202986240386963,6.287838117402131,6.202986240386963,6.223467708698275,133000
2001-12-17,6.30832052230835,6.343432014682276,6.249802112456125,6.252728116660473,98600
2001-12-18,6.507282257080078,6.507282257080078,6.340503977455833,6.340503977455833,94400
2001-12-19,6.390244960784912,6.410726425710815,6.325874562720922,6.37268949914529,122400
2001-12-20,6.328802108764648,6.393173086274543,6.328802108764648,6.363913601777159,4677200
2001-12-21,6.309662818908691,6.40682512498425,6.247831954178899,6.403880744608247,761200
2001-12-24,6.32144021987915,6.342050883949186,6.259609912418566,6.294941356229422,732000
2001-12-26,6.274330139160156,6.344993575812272,6.274330139160156,6.324383476986623,33600
2001-12-27,6.3391032218933105,6.365602071825752,6.2743280057993935,6.2743280057993935,279800
2001-12-28,6.386213779449463,6.409768256284274,6.347937403603503,6.4038794966798145,317400
2001-12-31,6.3067193031311035,6.453934972614479,6.306719303131104,6.38916028021175,3188000
2002-01-02,6.353823184967041,6.377377650761119,6.312603010223096,6.312603010223096,81400
2002-01-03,6.471599102020264,6.47748786212941,6.3214390887354766,6.362659847916427,276200
2002-01-04,6.595261096954346,6.627648720099336,6.5216532709580175,6.554040894103008,464800
2002-01-07,6.595261096954346,6.674757683810334,6.595261096954346,6.6453144410951746,838800
2002-01-08,6.483376979827881,6.60703814102509,6.477488219393942,6.60703814102509,517200
2002-01-09,6.445099353790283,6.559927913741812,6.445099353790282,6.551094774796926,414200
2002-01-10,6.333218574523926,6.448046624374806,6.2684438779691405,6.448046624374806,79200
2002-01-11,6.256664276123047,6.3420496110982425,6.256664276123047,6.333216471126755,100400
2002-01-14,6.05056619644165,6.215448216149218,6.05056619644165,6.215448216149218,94400
2002-01-15,6.080008029937744,6.147727114175597,6.050564778917672,6.06528668521936,40000
2002-01-16,5.935736179351807,6.0358428867911,5.906292931002029,6.006399638441322,245200
2002-01-17,5.962235450744629,5.962235450744629,5.797354035029087,5.894516368059371,306000
2002-01-18,5.909234046936035,5.9916749844472506,5.891568332320397,5.891568332320397,191200
2002-01-22,5.953399181365967,6.018174410431798,5.932789085420655,5.991675555192685,41000
2002-01-23,6.05056619644165,6.062343724242234,5.959292602320863,5.959292602320863,220600
2002-01-24,6.174224853515625,6.230166964053164,6.115338923840028,6.115338923840028,1108000
2002-01-25,6.356772422790527,6.397992629045043,6.188946655516353,6.188946655516353,550800
2002-01-28,6.350883960723877,6.409770453790888,6.324385095002044,6.409770453790888,91400
2002-01-29,6.268440246582031,6.374435092123587,6.233108257012898,6.321437388561348,1070800
2002-01-30,6.31850004196167,6.321444424501519,6.206616313365128,6.209560695904978,271400
2002-01-31,6.453934669494629,6.465711630476904,6.236055556282277,6.236055556282277,2669200
2002-02-01,6.424491882324219,6.506932861405716,6.403881777949651,6.506932861405716,305600
2002-02-04,6.365603446960449,6.439211254544445,6.33321583191693,6.433322495157804,652200
2002-02-05,6.283166885375977,6.3862180002304845,6.277278121879514,6.350885980835106,6042400
2002-02-06,6.3008294105529785,6.362660272660431,6.286108070880453,6.300829410552979,1530600
2002-02-07,6.286108016967773,6.33910573786731,6.271386115838399,6.286108016967773,3729400
2002-02-08,6.412712097167969,6.412712097167969,6.294939161308416,6.294939161308416,3142200
2002-02-11,6.586427211761475,6.612925507211469,6.427434069563305,6.430378449409535,3760800
2002-02-12,6.542263984680176,6.595261714210942,6.515765119914794,6.55109712679637,1571600
2002-02-13,6.612928867340088,6.636483918078597,6.542265399874521,6.542265399874521,1251800
2002-02-14,6.598205089569092,6.624703950296929,6.554040508883736,6.624703950296929,7368600
2002-02-15,6.624705791473389,6.7071467768261455,6.621761410398298,6.654149040641036,5797200
2002-02-19,6.498100280761719,6.6453159665481945,6.498100280761719,6.6364833848143014,2719200
2002-02-20,6.592314720153809,6.607036617844685,6.530484434601056,6.5540389093234825,2259000
2002-02-21,6.654150009155273,6.768978079880772,6.6158736111912075,6.6158736111912075,6197200
2002-02-22,6.713030815124512,6.745418425286017,6.64825615638442,6.64825615638442,2089200
2002-02-25,6.748365879058838,6.7807535039759905,6.698312532179226,6.771920362203174,3735600
2002-02-26,6.760139465332031,6.792527074082029,6.7100867050207915,6.760139465332031,1064000
2002-02-27,6.798419952392578,6.854362066431836,6.757199742881144,6.789586809675884,4017200
2002-02-28,6.795475959777832,6.857306839161211,6.777810234918268,6.813141684637397,3970000
2002-03-01,6.8955817222595215,6.8955817222595215,6.7571992003088805,6.763087400063979,3215400
2002-03-04,7.084020137786865,7.086964519513959,6.919138692153369,6.930916219061744,1134200
2002-03-05,6.880856513977051,7.016294579152619,6.877912134962425,6.992740108618482,3891200
2002-03-06,7.007462978363037,7.028073635983921,6.898523738853356,6.919133834891242,2344000
2002-03-07,6.96035623550415,7.010409582442343,6.942690513521017,7.007465201847959,1232800
2002-03-08,6.930910587310791,7.0251284796869315,6.8808572617881,6.989796489254411,2538200
2002-03-11,6.92208194732666,6.957413399134882,6.877917351774733,6.919137566078759,237400
2002-03-12,6.933856964111328,6.978022108847554,6.8661378991710595,6.874971040434934,1369000
2002-03-13,6.845526695251465,6.942688987172358,6.842582315304401,6.907356989390645,252800
2002-03-14,6.9397478103637695,6.963302299229134,6.845529854902315,6.851418617514485,170000
2002-03-15,7.004443168640137,7.013306016077624,6.942404926993031,6.966038623354561,151200
2002-03-18,7.0310282707214355,7.075341926306082,6.995578022419564,7.045799677073497,244800
2002-03-19,7.0960259437561035,7.128521931908178,7.031032840508147,7.031032840508147,580800
2002-03-20,7.063523769378662,7.1344248190966555,7.048752928655875,7.06647805021751,677200
2002-03-21,6.9483160972595215,7.063530339788208,6.91286525768886,7.063530339788208,642400
2002-03-22,6.892184257507324,6.9689939227584095,6.886275691686814,6.951268788768728,798000
2002-03-25,6.8035569190979,6.912862551665387,6.8035569190979,6.912862551665387,299200
2002-03-26,6.930589199066162,6.960131466362127,6.774016140299747,6.794695558365358,763600
2002-03-27,7.075343608856201,7.078297327357484,6.951266583350471,6.966037429743572,491600
2002-03-28,7.004443168640137,7.090115670120541,6.998535167153579,7.066481973759011,2100800
2002-04-01,6.966033935546875,6.977851057511166,6.868544933227024,6.948308816071826,2426400
2002-04-02,6.936494827270508,6.971945645704864,6.91876969978915,6.971945645704864,490200
2002-04-03,6.8390069007873535,6.980809070801274,6.80946464116652,6.971946787345239,3292200
2002-04-04,6.753335475921631,6.776969172702483,6.685388104638879,6.70902180141973,1347000
2002-04-05,6.84491491317749,6.8862737352269034,6.815372655940043,6.815372655940043,2504000
2002-04-08,6.874457836151123,6.886274402107428,6.779923054613704,6.815373315954363,512600
2002-04-09,6.868545055389404,6.912858136600863,6.8242319741779465,6.868545055389404,1062600
2002-04-10,7.01625919342041,7.031030040017887,6.89809073022556,6.9039992942532225,214400
2002-04-11,6.936494827270508,7.063526128408789,6.936494827270507,7.05466328293229,644400
2002-04-12,6.901048183441162,6.992628714066722,6.880368763313319,6.992628714066722,535200
2002-04-15,6.883318901062012,6.921724001431824,6.841960082329887,6.921724001431824,275000
2002-04-16,7.004443168640137,7.016260298556786,6.895137534269968,6.895137534269968,866800
2002-04-17,7.036937236785889,7.0458000811053525,7.010349267299064,7.010349267299064,349600
2002-04-18,6.960132598876953,7.069438836616174,6.942407461003989,7.066484553058684,575200
2002-04-19,6.97194766998291,7.010352217921735,6.951268254671866,6.957176256566588,1354200
2002-04-22,6.797652244567871,6.954225922158548,6.776972819191609,6.954225922158548,1123000
2002-04-23,6.714930534362793,6.785831626477944,6.697205402201953,6.759243646500789,1533200
2002-04-24,6.6735734939575195,6.776971158980722,6.649939790249811,6.7444746050806454,1619400
2002-04-25,6.658801555633545,6.661755275077858,6.587899892589315,6.629259289943757,2228400
2002-04-26,6.679478168487549,6.7208369850074465,6.641073070171973,6.67652388681161,644000
2002-04-29,6.5672197341918945,6.652892238672446,6.549494602167976,6.6469836735072105,1491200
2002-04-30,6.6735734939575195,6.729703751565306,6.543587841829152,6.543587841829152,878600
2002-05-01,6.68243408203125,6.747426604358378,6.605624430114598,6.676525517236488,209000
2002-05-02,6.82719087600708,6.847870290338775,6.71197611070341,6.71197611070341,813000
2002-05-03,6.871503829956055,6.898091808765978,6.806511305905002,6.824236437287695,1078400
2002-05-06,6.830144882202148,6.912862536182165,6.815373470083033,6.8833202754156915,526400
2002-05-07,6.883318901062012,6.954220538133719,6.833097236828013,6.839005800495929,916800
2002-05-08,6.95717191696167,6.9985312852572505,6.936492514549607,6.966034759483177,3139600
2002-05-09,6.963084697723389,7.031031507810995,6.94831384804236,6.94831384804236,307400
2002-05-10,6.939453125,6.995583385224137,6.930590274394514,6.963086829809326,187000
2002-05-13,6.98967170715332,6.98967170715332,6.8833198011110435,6.912862059841867,177200
2002-05-14,7.0960259437561035,7.110796796236873,7.036941406889217,7.05171282284189,761200
2002-05-15,7.113747596740723,7.161014977704717,7.0694344975209304,7.104884751508113,443400
2002-05-16,7.090115547180176,7.1492000687953805,7.0664818512284455,7.119657807987778,707600
2002-05-17,7.1226091384887695,7.1226091384887695,7.031028111593288,7.116700576081669,1178600
2002-05-20,7.08716344833374,7.090117731671902,7.036941758528854,7.090117731671902,208800
2002-05-21,7.075343608856201,7.143290403819139,7.039892788652419,7.078297327357484,458400
2002-05-22,7.098974227905273,7.107836506515839,7.054660580966736,7.084202824435286,634400
2002-05-23,7.214191913604736,7.214191913604736,7.075344033375068,7.119657138684817,879400
2002-05-24,7.116706371307373,7.220104043743587,7.116706371307373,7.202378342088019,273600
2002-05-28,7.075343608856201,7.146244685792094,7.0487556345712825,7.146244685792094,719000
2002-05-29,7.02808141708374,7.075348836632234,7.004447143837406,7.075348836632234,752000
2002-05-30,6.966033935546875,7.033980696427385,6.90399573564851,7.001484737968361,732600
2002-05-31,7.004443168640137,7.045802559876642,6.957175775917074,6.992626602195255,355400
2002-06-03,6.89513635635376,7.033984228323997,6.8744569460041145,7.001488253548129,838600
2002-06-04,6.8596882820129395,6.90695568558196,6.818329444758021,6.8596882820129395,482000
2002-06-05,6.9128642082214355,6.915818491359822,6.874459654366203,6.874459654366203,209000
2002-06-06,6.806510925292969,6.936495966126465,6.797648078361338,6.936495966126465,675200
2002-06-07,6.809465408325195,6.841961953916368,6.750381445898826,6.750381445898826,312600
2002-06-10,6.8242363929748535,6.856732373053485,6.774014718156862,6.818327828061734,630200
2002-06-11,6.7474260330200195,6.874457347992268,6.7356089044311105,6.868548783697814,1528200
2002-06-12,6.8035569190979,6.80651120152834,6.706067852780416,6.706067852780416,276400
2002-06-13,6.68243408203125,6.812419126685507,6.676525517236488,6.788785430978209,265600
2002-06-14,6.685387134552002,6.6883414166548985,6.57312723200044,6.649936876260644,970000
2002-06-17,6.794693470001221,6.794693470001221,6.652891306730058,6.652891306730058,333000
2002-06-18,6.8242363929748535,6.836052959329329,6.774014718156862,6.788785566967898,366200
2002-06-19,6.809465408325195,6.898092197172447,6.794694558586553,6.824236821535637,910000
2002-06-20,6.815374851226807,6.877413667755816,6.7799245819004055,6.7799245819004055,855000
2002-06-21,6.730757236480713,6.8376419610112205,6.66247002527275,6.8287347118687824,1029000
2002-06-24,6.736695766448975,6.772323632353742,6.695129167833788,6.718881267201873,441600
2002-06-25,6.7812299728393555,6.861393509819888,6.769353641600176,6.825765082396993,596000
2002-06-26,6.721848964691162,6.739663460265781,6.656530846468032,6.6743447757480485,887600
2002-06-27,6.775293350219727,6.784200600677642,6.692161277791609,6.763417582570612,281000
2002-06-28,6.8851447105407715,6.941555577706304,6.787167255738788,6.804981183986084,296600
2002-07-01,6.843583583831787,6.89999506230617,6.843583583831787,6.873273865465411,175200
2002-07-02,6.707003593444824,6.87920640646909,6.683251500830945,6.87920640646909,676400
2002-07-03,6.641686916351318,6.709974126594005,6.537771276337193,6.650593599073169,191200
2002-07-05,6.81091833114624,6.837639502671793,6.680281555498482,6.695126399104018,360600
2002-07-08,6.828734397888184,6.861393743614115,6.799044135073216,6.8287343978881845,145400
2002-07-09,6.757481575012207,6.873273036493436,6.733729465829008,6.858428180614543,320600
2002-07-10,6.5585551261901855,6.712944064367156,6.5377721087999685,6.695129564065755,536800
2002-07-11,6.460577011108398,6.525895140307274,6.383382549530801,6.502143041844528,1158400
2002-07-12,6.395260334014893,6.50214451821898,6.353693727545968,6.4546403105072025,500800
2002-07-15,6.249777317047119,6.297281519105552,6.000379973092962,6.249777317047119,1648400
2002-07-16,6.136952877044678,6.249775176722157,6.053820268764992,6.184457062834623,1866200
2002-07-17,6.18148946762085,6.315095376232995,6.145861602854078,6.2052415662302645,274800
2002-07-18,6.089449882507324,6.267590897215853,6.089449882507324,6.205241287235264,115200
2002-07-19,5.81926965713501,6.053821553460861,5.816300574106242,6.006317357589937,378800
2002-07-22,5.549088954925537,5.819269263002937,5.501584762272015,5.819269263002937,432400
2002-07-23,5.513458728790283,5.682692430701022,5.4926757220706435,5.557993824088721,260600
2002-07-24,5.84302282333374,5.884588860746528,5.391732313757117,5.403608648043507,1907800
2002-07-25,6.0033464431762695,6.053819706678554,5.807391553413168,5.8816169076050855,174800
2002-07-26,6.0300703048706055,6.030070304870606,5.902402548124781,5.997411519543481,321600
2002-07-29,6.329937934875488,6.359628188966858,6.083509788617768,6.086478870656354,1291000
2002-07-30,6.092418670654297,6.347753565295159,6.050852077247226,6.347753565295159,406400
2002-07-31,6.104294300079346,6.1132015483889575,5.955843559353619,6.1013252173094745,1815800
2002-08-01,6.065700054168701,6.136956373450454,5.997412818977215,6.116173351113471,1907200
2002-08-02,5.810363292694092,6.077574576725435,5.7569209226288685,6.077574576725435,406000
2002-08-05,5.611439228057861,5.884588678964228,5.605501061098104,5.789580272787191,1071600
2002-08-06,5.848961353302002,5.9083413295330685,5.670820292019157,5.670820292019157,434000
2002-08-07,5.994441986083984,5.994441986083984,5.792548857204684,5.967720803362035,584600
2002-08-08,6.116170406341553,6.116170406341553,5.923184563750781,5.923184563750781,139000
2002-08-09,6.18742561340332,6.202270457826253,6.0567888305623585,6.0567888305623585,95200
2002-08-12,6.157735347747803,6.1814874385606435,6.062726984496439,6.1814874385606435,75200
2002-08-13,6.056787490844727,6.196331489250033,6.0538184093579765,6.110229825017449,614200
2002-08-14,6.133983612060547,6.148828457317568,5.84895850580499,6.05678917087603,141600
2002-08-15,6.131016254425049,6.1755513690185335,6.038976942092552,6.1755513690185335,444600
2002-08-16,6.021164417266846,6.125079520182171,5.923186915736084,6.125079520182171,125400
2002-08-19,6.1458611488342285,6.145861148834228,6.006317084304744,6.00928616719842,211400
2002-08-20,6.044915676116943,6.098358045166269,6.027101175570661,6.080543544619987,256600
2002-08-21,6.119138717651367,6.145859891935005,6.036006112513988,6.116169635364902,103400
2002-08-22,6.18148946762085,6.214148815569308,6.1191404211316485,6.133985270402021,67200
2002-08-23,6.0953874588012695,6.163674661840152,6.077572962647511,6.122108636737288,673200
2002-08-26,6.163673400878906,6.163673400878906,6.05381962891637,6.092417129725304,43600
2002-08-27,6.190395832061768,6.270559365769923,6.190395832061768,6.264621200392737,203200
2002-08-28,6.021164417266846,6.128048604021871,5.982566893645578,6.128048604021871,53200
2002-08-29,6.0033464431762695,6.05975787092459,5.923183491032827,5.949904663845478,2902600
2002-08-30,6.0716352462768555,6.154767294876791,5.997409879287137,5.997409879287137,40000
2002-09-03,5.893492221832275,6.012252654841874,5.872709216842398,6.012252654841874,368600
2002-09-04,5.917245864868164,5.917245864868164,5.851927184811072,5.884586524839618,66400
2002-09-05,5.756918907165527,5.854896362552184,5.753949824724166,5.83114426931586,488600
2002-09-06,5.872713088989258,5.938031228638154,5.804425299475881,5.804425299475881,61600
2002-09-09,5.9588117599487305,5.973657171600289,5.854896143566027,5.88161731824428,529600
2002-09-10,5.991473197937012,6.015225298604666,5.935061746490801,5.961782930528757,316400
2002-09-11,6.027098655700684,6.083510084589332,6.027098655700684,6.027098655700684,150600
2002-09-12,5.911308288574219,6.030068764644833,5.911308288574218,6.030068764644833,111600
2002-09-13,5.875680923461914,5.9261536345324695,5.768796202854464,5.9261536345324695,267000
2002-09-16,5.828176975250244,5.884588426356827,5.801456357667911,5.848960558717219,311800
2002-09-17,5.718324184417725,5.902402836773777,5.7183241844177255,5.8845889015155635,175600
2002-09-18,5.670821189880371,5.712387236452753,5.581750361988951,5.676759358332115,176800
2002-09-19,5.5461201667785645,5.650035806089963,5.546120166778565,5.629252225191943,504800
2002-09-20,5.653942108154297,5.659915770516124,5.570312544128125,5.579273037670864,643400
2002-09-23,5.549403667449951,5.609139134183344,5.498628691630457,5.609139134183344,211200
2002-09-24,5.316438674926758,5.4120155831711205,5.286571496385303,5.397081424220479,2423600
2002-09-25,5.4478535652160645,5.480708127979196,5.358250937272489,5.379158179147349,615200
2002-09-26,5.525511264801025,5.531484927215855,5.435908607297795,5.471749442427166,1896600
2002-09-27,5.367211818695068,5.504603185097619,5.352278234592053,5.480709108724965,121400
2002-09-30,5.283583641052246,5.325398138653854,5.155152747356105,5.241768573770835,716400
2002-10-01,5.612130641937256,5.615116905051169,5.310467365902641,5.340334554482616,957600
2002-10-02,5.355266094207764,5.498630579987021,5.301504269620586,5.444868755399844,700000
2002-10-03,5.307474613189697,5.417984454905978,5.307474613189697,5.32240819082288,318400
2002-10-04,5.241765975952148,5.361236886483776,5.173070601172127,5.346302737827561,100800
2002-10-07,5.0864577293396,5.235795883310676,5.071523572134583,5.196967644257481,168400
2002-10-08,5.167100429534912,5.202941840823483,4.9819214186370315,5.125285924431502,452000
2002-10-09,4.966986179351807,5.10736439254008,4.9580262557387895,5.10736439254008,460800
2002-10-10,5.1939802169799805,5.1939802169799805,4.937119008998307,4.996853921926235,1220400
2002-10-11,5.4030537605285645,5.459802411240742,5.235795209128214,5.235795209128214,114600
2002-10-14,5.394094467163086,5.412015457487676,5.361240457594473,5.397081298883851,115400
2002-10-15,5.67783784866333,5.67783784866333,5.480711490502896,5.480711490502896,2051600
2002-10-16,5.537459373474121,5.686797536905291,5.525512046953283,5.668876547124034,245600
2002-10-17,5.695756435394287,5.734584669907917,5.668875525247861,5.70471692866969,1878000
2002-10-18,5.659913539886475,5.698741190576375,5.5792708388233265,5.659913539886475,74200
2002-10-21,5.8540544509887695,5.8540544509887695,5.603166362397842,5.630047269723993,121400
2002-10-22,5.716665267944336,5.809255348415616,5.701731678025711,5.809255348415616,1360800
2002-10-23,5.707702159881592,5.788344298036943,5.609139040198722,5.7345830624932495,115600
2002-10-24,5.51953649520874,5.719649588525925,5.51953649520874,5.710689666380777,1335800
2002-10-25,5.68082332611084,5.68082332611084,5.483697014955685,5.489670107960516,113400
2002-10-28,5.594205379486084,5.680821755425688,5.582258627099739,5.67484809439268,120800
2002-10-29,5.567326068878174,5.594206981545147,5.465776080954015,5.570312900250041,1003600
2002-10-30,5.564339637756348,5.60615471029047,5.498631051888262,5.570313300929776,142800
2002-10-31,5.5852460861206055,5.63602107125551,5.53745793183831,5.597192839851311,227200
2002-11-01,5.704718589782715,5.710692253705742,5.531486323774567,5.531486323774567,113800
2002-11-04,5.68679666519165,5.80328023251495,5.674849340502186,5.749518410771952,179000
2002-11-05,5.734584808349609,5.737571069833722,5.659915738291306,5.674849324431048,50600
2002-11-06,5.8839240074157715,5.9108049230489925,5.71069175649051,5.719651681914986,129400
2002-11-07,5.7614665031433105,5.851069171534145,5.734585588690086,5.851069171534145,60200
2002-11-08,5.674849033355713,5.848081244218328,5.639007630907001,5.7375707755412515,77800
2002-11-11,5.51057767868042,5.659915820978753,5.480709936284793,5.659915820978753,135600
2002-11-12,5.5852460861206055,5.656928317544047,5.495642869581501,5.495642869581501,35800
2002-11-13,5.579272747039795,5.656928644658951,5.513563603842172,5.540444513390333,169400
2002-11-14,5.749519348144531,5.764452936761263,5.630048930171012,5.630048930171012,78400
2002-11-15,5.76445198059082,5.806267047205453,5.7256243148198696,5.734584808311533,117000
2002-11-18,5.698744773864746,5.803281611009757,5.683811184135429,5.800294779127907,106600
2002-11-19,5.698744773864746,5.767440198107493,5.656930266878715,5.6808243522535795,107600
2002-11-20,5.7614665031433105,5.7614665031433105,5.650956013760068,5.674850096642948,261400
2002-11-21,5.994433403015137,5.994433403015137,5.76146624765768,5.7644525094157295,212600
2002-11-22,5.922749042510986,6.045206239335619,5.913788551397119,5.973524019463613,177200
2002-11-25,5.979498386383057,6.003392462495608,5.883922081932851,5.910802988769435,241800
2002-11-26,5.922749042510986,5.958590437286811,5.854053653010269,5.958590437286811,477000
2002-11-27,6.119877815246582,6.119877815246582,5.928725150032712,5.94067190676864,242200
2002-11-29,6.257265567779541,6.272199147401536,6.1377946520853985,6.1377946520853985,76600
2002-12-02,6.140785217285156,6.317004298477707,6.075076629427554,6.317004298477707,226600
2002-12-03,6.0691022872924805,6.122864112108548,6.054168700256831,6.122864112108548,134200
2002-12-04,6.036248207092285,6.087023204728147,5.9496323697604465,6.027288282008229,455400
2002-12-05,5.988459587097168,6.027287825117674,5.946645087394931,6.027287825117674,60800
2002-12-06,6.024300575256348,6.0481946548091425,5.892882852876078,5.928724257045167,171400
2002-12-09,5.886909484863281,5.997419964369412,5.886909484863281,5.973525883622116,54600
2002-12-10,5.928722858428955,5.928722858428955,5.8540538062313106,5.928722858428955,94000
2002-12-11,5.994433403015137,6.009367560204619,5.871976162460615,5.922751157545162,503200
2002-12-12,5.937684535980225,6.012353610258889,5.937684535980225,6.006380517273264,63600
2002-12-13,5.901844024658203,5.9556058522509785,5.874963110861816,5.937684863266814,302400
2002-12-16,6.095981121063232,6.110914703006757,5.886907555776076,5.886907555776076,187200
2002-12-17,6.051182746887207,6.140785421461328,6.051182746887208,6.113904505153109,521800
2002-12-18,5.988459587097168,6.015340499671416,5.9376845933102365,5.991446418458732,584800
2002-12-19,5.913793087005615,6.0153431187950925,5.895872660713379,5.9436608439460645,1319600
2002-12-20,6.015811443328857,6.02483988135268,5.949604619819303,5.973679880550004,178200
2002-12-23,5.985716342926025,6.024838994604948,5.964650564637101,6.018820036808281,76400
2002-12-24,5.988723278045654,6.0097890473866515,5.97066698632468,6.00377066614577,431200
2002-12-26,5.9947428703308105,6.063959140949274,5.9616391869918814,5.964648664931714,293000
2002-12-27,5.928537368774414,5.982706261490668,5.904462114011851,5.961640485323344,178200
2002-12-30,5.946593761444092,5.961640580661565,5.87737747464474,5.946593761444092,1189200
2002-12-31,5.970666885375977,5.991732654360805,5.883393757868365,5.952610593960288,639000
2003-01-02,6.1271562576293945,6.1301657351900145,5.973676346032682,6.03085527168616,633800
2003-01-03,6.094054222106934,6.115119996713834,6.0609505340107726,6.109101039969203,125000
2003-01-06,6.211419582366943,6.250542218224412,6.136184362332463,6.136184362332463,597000
2003-01-07,6.190351486206055,6.241511439563086,6.163266771252393,6.241511439563086,617000
2003-01-08,6.030854225158691,6.169286724930264,6.021825794043525,6.169286724930264,318400
2003-01-09,6.124147891998291,6.142204186641246,6.0639594778560975,6.075997390284239,130400
2003-01-10,6.190351486206055,6.1993799158569285,6.072984770739494,6.072984770739494,74000
2003-01-13,6.163268089294434,6.235493819950335,6.142202322936348,6.229475439561656,311400
2003-01-14,6.193362236022949,6.193362236022949,6.142202272148161,6.142202272148161,146800
2003-01-15,6.091046333312988,6.1602626319416744,6.057942636577765,6.1602626319416744,53600
2003-01-16,6.124147891998291,6.163269959391237,6.079006868391275,6.079006868391275,117600
2003-01-17,6.075997352600098,6.145213626634852,6.066968918334987,6.085025212865954,148800
2003-01-21,5.9435834884643555,6.085025521803259,5.937564531982033,6.085025521803259,185000
2003-01-22,5.871357440948486,5.967658443883693,5.868347962856855,5.940573715058259,88400
2003-01-23,5.958631992340088,5.988726209270987,5.901453611570771,5.901453611570771,51200
2003-01-24,5.826216220855713,5.967658242391231,5.80214097093479,5.937564036490269,327400
2003-01-27,5.645654201507568,5.7750589456411925,5.645654201507568,5.732926808063115,416000
2003-01-28,5.693803310394287,5.726907001559167,5.642643321321002,5.642643321321002,151200
2003-01-29,5.738943576812744,5.766028307062983,5.603520499560838,5.714868324812453,304600
2003-01-30,5.612547874450684,5.714867830094224,5.597501058502789,5.678755242219583,2922400
2003-01-31,5.672736167907715,5.714867710882346,5.597500941739176,5.618566713226491,1521000
2003-02-03,5.687783718109131,5.7269063622089575,5.6546806046392355,5.6546806046392355,59200
2003-02-04,5.6637067794799805,5.672735211738135,5.5944905208315046,5.627594198445613,604200
2003-02-05,5.648661136627197,5.750981094087622,5.6426421805414675,5.663707952842277,41600
2003-02-06,5.582454204559326,5.657689439521039,5.5613884306099335,5.633614187293262,398600
2003-02-07,5.555368900299072,5.63963256139325,5.543331562428036,5.63963256139325,189800
2003-02-10,5.582454204559326,5.606529456787103,5.525275839267914,5.552360569774074,159600
2003-02-11,5.519255638122559,5.618566102917602,5.5072177277235665,5.618566102917602,32800
2003-02-12,5.507218360900879,5.549350478142216,5.492171545171334,5.537312566359198,339200
2003-02-13,5.5222673416137695,5.549352076929538,5.477126307420618,5.522267341613769,385000
2003-02-14,5.525275707244873,5.588473027582991,5.438002561254965,5.531294089658544,406200
2003-02-18,5.648661136627197,5.675745865013735,5.597501157896985,5.597501157896985,163800
2003-02-19,5.597501754760742,5.687783809676517,5.555369631667315,5.648661738946163,98600
2003-02-20,5.540322303771973,5.615557533941608,5.51624705307766,5.609538577768216,371400
2003-02-21,5.630605697631836,5.630605697631836,5.507219936550604,5.531295193005493,136400
2003-02-24,5.492175102233887,5.630607733400523,5.492175102233887,5.630607733400523,101200
2003-02-25,5.4801344871521,5.4801344871521,5.362767698978943,5.447031372590036,100200
2003-02-26,5.504208087921143,5.555367478276679,5.486151224737807,5.513235945513728,1226600
2003-02-27,5.510228157043457,5.552360276717779,5.477125045727019,5.522266069521623,215200
2003-02-28,5.5222673416137695,5.56740837580692,5.5042110427363875,5.519257862800973,712600
2003-03-03,5.501198768615723,5.588471313843687,5.501198768615723,5.513236103751018,948800
2003-03-04,5.368783950805664,5.498188587438158,5.368783950805664,5.498188587438158,428800
2003-03-05,5.389853477478027,5.398881914475272,5.317627703498354,5.3657782194848025,266600
2003-03-06,5.296562194824219,5.374806930795422,5.275496414754944,5.374806930795422,262600
2003-03-07,5.32665491104126,5.347720685173176,5.221325466382387,5.239381762209844,105000
2003-03-10,5.224333763122559,5.3085968405928154,5.224333763122559,5.296559504096707,265000
2003-03-11,5.1852126121521,5.287532584651853,5.182203133666892,5.218316301490058,551000
2003-03-12,5.191231727600098,5.191231727600098,5.119005963748192,5.176184908714039,290000
2003-03-13,5.4229559898376465,5.4229559898376465,5.2815133777235665,5.3025797261230165,153400
2003-03-14,5.453050136566162,5.513237980731778,5.395871196709426,5.450040658257987,940800
2003-03-17,5.636621952056885,5.636621952056885,5.422954225239576,5.438001038058021,538200
2003-03-18,5.747973918914795,5.7720491789039885,5.657691263455714,5.687785481942075,5361200
2003-03-19,5.726905345916748,5.750980594167614,5.672735893852502,5.750980594167614,66200
2003-03-20,5.735936164855957,5.744964602858171,5.639635122163648,5.678757779507081,86000
2003-03-21,5.943314552307129,5.943314552307129,5.743793355557923,5.789138977255313,137000
2003-03-24,5.710540771484375,5.849601359287158,5.695425753432345,5.840532002495353,124200
2003-03-25,5.716584205627441,5.783091059679229,5.698446077540717,5.698446077540717,153000
2003-03-26,5.7014689445495605,5.740768316444674,5.668215230684,5.722630189154674,1176200
2003-03-27,5.634964942932129,5.6591493195566915,5.592642427989401,5.650080538698119,1113200
2003-03-28,5.647056579589844,5.647056579589843,5.583572240017524,5.622872206562516,143800
2003-03-31,5.556362628936768,5.586593227840377,5.4959020077302645,5.5472938528861855,535400
2003-04-01,5.616825103759766,5.616825103759766,5.4898570207782935,5.577525719870645,1801600
2003-04-02,5.731704235076904,5.749842955647001,5.677289803170215,5.695427947139111,262800
2003-04-03,5.674263954162598,5.749840190387669,5.674263954162598,5.749840190387669,998600
2003-04-04,5.707517623901367,5.731701998623794,5.668218231202791,5.707517623901367,98800
2003-04-07,5.752862453460693,5.894945548856838,5.752862453460693,5.780069940583484,146400
2003-04-08,5.716584205627441,5.758906696696698,5.683330490301199,5.749837920953683,54800
2003-04-09,5.616825103759766,5.752862541454502,5.616825103759766,5.746816304978992,1260200
2003-04-10,5.637986660003662,5.650079133609239,5.607756052590598,5.616825407794781,474800
2003-04-11,5.625895023345947,5.72263251026373,5.6168256677220665,5.6984481385342844,122800
2003-04-14,5.737747669219971,5.74077078783653,5.628918282028431,5.628918282028431,75400
2003-04-15,5.837510585784912,5.837510585784912,5.701473653845292,5.731703698764443,1719400
2003-04-16,5.758910179138184,5.861693928117958,5.749841397911232,5.861693928117958,720400
2003-04-17,5.840530872344971,5.843553990690595,5.755885865070959,5.789139013671092,1034200
2003-04-21,5.831463813781738,5.879832568375383,5.819371336832809,5.8677400914264535,4068000
2003-04-22,5.952385425567627,5.952385425567627,5.798209811190088,5.804256049385524,451000
2003-04-23,5.997729301452637,6.018890552335248,5.919129957745193,5.955406799687414,887000
2003-04-24,5.964474201202393,6.046096644284402,5.952382307746192,5.982612906287756,1102800
2003-04-25,5.87378454208374,5.970522021826821,5.834484580562575,5.970522021826821,277400
2003-04-28,5.976569175720215,5.997730430586648,5.858669849662877,5.858669849662877,798200
2003-04-29,6.02795934677124,6.052143713618234,5.961451905491416,6.006798097855219,843400
2003-04-30,6.058189392089844,6.103535003680786,5.99168195692911,6.030981909815132,108000
2003-05-01,6.015867233276367,6.040051601563476,5.9372678921930575,6.040051601563476,138200
2003-05-02,6.094470024108887,6.097493143931103,6.024939998001372,6.027963117823587,778200
2003-05-05,6.079351902008057,6.115628168176695,6.055167532362013,6.079351902008057,149000
2003-05-06,6.118654251098633,6.148884871953893,6.076331727861948,6.0974929894802905,191800
2003-05-07,6.076330661773682,6.118653177584908,6.046100046222364,6.106561277325,655200
2003-05-08,6.015867233276367,6.088420338137694,6.009820997054384,6.040051601563476,181000
2003-05-09,6.1277241706848145,6.130747290706903,6.01889415629438,6.061216683401243,49400
2003-05-12,6.215392112731934,6.224461472459394,6.085400839644156,6.130747061680294,99000
2003-05-13,6.173066139221191,6.209342981267328,6.145858651836799,6.197250508385001,167200
2003-05-14,6.136788845062256,6.185157579826429,6.094466346293805,6.185157579826429,91600
2003-05-15,6.173066139221191,6.176089257441773,6.1156280462318255,6.157951124719125,163400
2003-05-16,6.145862579345703,6.179116324422039,6.106563170565569,6.145862579345702,475000
2003-05-19,6.0309834480285645,6.130744049613056,6.018890974333047,6.130744049613056,177200
2003-05-20,6.012846946716309,6.076331303741337,5.958431948295169,6.052146924065396,866000
2003-05-21,6.0521440505981445,6.073305300692412,5.985636605615224,6.021913446205983,925000
2003-05-22,6.103537082672119,6.115628980801445,6.024937726728239,6.07632959112997,5169200
2003-05-23,6.112605094909668,6.118651331515918,6.070282591867638,6.106559434904278,421600
2003-05-27,6.221433639526367,6.23654865102065,6.094465582531923,6.1186499468832105,255600
2003-05-28,6.203299522399902,6.242598923662378,6.173068903258943,6.227483902392449,523400
2003-05-29,6.151905536651611,6.242596786423998,6.133767402017314,6.209343635694605,367000
2003-05-30,6.245619297027588,6.254688651762397,6.157951174327835,6.167019952461795,1305400
2003-06-02,6.306082248687744,6.384681614940537,6.275851634498054,6.287943534213326,329400
2003-06-03,6.309106349945068,6.330267610191856,6.272829491949792,6.303060110845673,466800
2003-06-04,6.41491174697876,6.430027342596661,6.2970129841641995,6.2970129841641995,485800
2003-06-05,6.430024147033691,6.442116040917626,6.375609183054166,6.427001029412526,327000
2003-06-06,6.417932987213135,6.514670464443158,6.396771736144173,6.469324844066691,1101000
2003-06-09,6.309106349945068,6.390728271382522,6.306083230395371,6.384682608884223,214000
2003-06-10,6.3544511795043945,6.381658675380375,6.324220564464303,6.324220564464303,26800
2003-06-11,6.41491174697876,6.42095798522592,6.357474213433777,6.390727370591131,50000
2003-06-12,6.469324111938477,6.469324111938476,6.399794130123155,6.469324111938476,81600
2003-06-13,6.38468074798584,6.469325764302098,6.366542035974417,6.454210747560174,48600
2003-06-16,6.51467227935791,6.51467227935791,6.3877041609713965,6.393750399132899,661400
2003-06-17,6.538858413696289,6.550950893270951,6.478397745626466,6.52676651072279,2384800
2003-06-18,6.472349643707275,6.541879651453916,6.463280286635585,6.541879651453916,54600
2003-06-19,6.442119598388672,6.520718970140986,6.439096479098077,6.4995577117078716,75600
2003-06-20,6.411415100097656,6.472215854116794,6.402294813043097,6.450935184322821,603400
2003-06-23,6.2928547859191895,6.405335436328857,6.262454406405573,6.399255244458331,494400
2003-06-24,6.308054447174072,6.338454825537889,6.2806941646305345,6.295894063892949,1461200
2003-06-25,6.265495300292969,6.350615677964924,6.2533349150032125,6.317175778096264,133200
2003-06-26,6.359737873077393,6.36885816477825,6.256376886491375,6.286777278988308,1660200
2003-06-27,6.305014610290527,6.377975173456669,6.274614230678216,6.377975173456669,109600
2003-06-30,6.301976680755615,6.332377070818572,6.244216577459133,6.277656484673093,195000
2003-07-01,6.286776065826416,6.298935872575151,6.18645519583298,6.280695872532475,79000
2003-07-02,6.365813732147217,6.371893342634716,6.283732902257908,6.317173369214041,106600
2003-07-03,6.3202128410339355,6.356692819716477,6.280692187649241,6.332372640648513,57400
2003-07-07,6.405336380004883,6.414456669154332,6.3019754223341815,6.3019754223341815,1091000
2003-07-08,6.396213531494141,6.402293141437529,6.35669287774865,6.399253046546429,93000
2003-07-09,6.374934673309326,6.396215343575954,6.323254205196895,6.396215343575954,91000
2003-07-10,6.265495300292969,6.332375679869374,6.2320548205852235,6.332375679869374,117400
2003-07-11,6.305014610290527,6.326294702067442,6.286774614458746,6.311094802180793,101200
2003-07-14,6.329333305358887,6.37797366933207,6.308053218600478,6.362773773030028,137600
2003-07-15,6.283735275268555,6.368856232466406,6.265495277240117,6.368856232466406,71800
2003-07-16,6.256371021270752,6.314131654881579,6.222930562889949,6.295891088580023,90600
2003-07-17,6.2442145347595215,6.286774719021216,6.207733962650194,6.207733962650194,234800
2003-07-18,6.384054183959961,6.384054183959961,6.292853641838953,6.298933252765155,448400
2003-07-21,6.359737873077393,6.396218460041563,6.3323775778140785,6.384058071107087,1735200
2003-07-22,6.490454196929932,6.490454196929932,6.344533120219499,6.390133384211657,467800
2003-07-23,6.505653381347656,6.508693475927052,6.429652756379018,6.499573192188864,369200
2003-07-24,6.5816569328308105,6.666777879386417,6.536056653541348,6.542136845403679,566200
2003-07-25,6.733657360076904,6.733657360076904,6.566456164842068,6.6029361515149,1251200
2003-07-28,6.733657360076904,6.76405773553022,6.678936800228723,6.754937448942545,974800
2003-07-29,6.715414524078369,6.757974683793763,6.618133827678218,6.757974683793763,1085200
2003-07-30,6.718453884124756,6.73365377383672,6.688053524862203,6.73365377383672,678800
2003-07-31,6.79749870300293,6.870459261516576,6.736697947655403,6.764058229577893,2090800
2003-08-01,6.727581024169922,6.803581716434938,6.691101016592704,6.794462004460266,282600
2003-08-04,6.7427802085876465,6.767100402222983,6.633339047309053,6.727579725166089,2378000
2003-08-05,6.618136405944824,6.74885761009787,6.618136405944824,6.74885761009787,1657000
2003-08-06,6.605976581573486,6.666777335559093,6.569496593053293,6.612056772939839,1493800
2003-08-07,6.612058639526367,6.63333873547702,6.53909806205022,6.621178929150559,1936600
2003-08-08,6.678937911987305,6.688058200093119,6.612057538728425,6.648538111312651,368400
2003-08-11,6.712376117706299,6.736696297921803,6.657655567261706,6.700216317517964,372800
2003-08-12,6.748858451843262,6.751897967810137,6.675897312180547,6.72149816942949,1075200
2003-08-13,6.7427802085876465,6.773180595591606,6.718460014952309,6.773180595591606,620200
2003-08-14,6.852217674255371,6.8704576646847,6.733656286867632,6.733656286867632,2138600
2003-08-15,6.824857711791992,6.885657875958661,6.7792568638684045,6.885657875958661,332800
2003-08-18,6.9160590171813965,6.931258914953915,6.837018273118652,6.87653893506949,2265600
2003-08-19,6.989023685455322,6.989023685455321,6.91606308947672,6.934303093511552,1825600
2003-08-20,6.976857662200928,7.004217933804756,6.9494973905971005,6.976857662200928,588600
2003-08-21,7.019417762756348,7.0832580093552515,6.992057491402889,6.992057491402889,974600
2003-08-22,6.903898239135742,7.034619439902354,6.903898239135742,7.007259161609858,827600
2003-08-25,6.870457649230957,6.885657544581402,6.812697003189356,6.876537839306671,2528400
2003-08-26,6.879577159881592,6.885657349785296,6.764056450905325,6.855256980105597,2135800
2003-08-27,6.903898239135742,6.919098715875406,6.849178262389651,6.87957805619118,789600
2003-08-28,6.976857662200928,6.99509764999056,6.849176587995984,6.925177213598004,509000
2003-08-29,6.985977649688721,6.995097933873045,6.94341748317277,6.95861737697453,2826200
2003-09-02,7.068058490753174,7.0802188697050426,6.952537789904337,7.0224582293612325,2562800
2003-09-03,7.071104526519775,7.095424725018171,7.037664036144756,7.095424725018171,891200
2003-09-04,7.007260322570801,7.03462060539634,6.9738204278810265,7.031580509544725,2154200
2003-09-05,6.979897975921631,7.004218735543362,6.931257616355815,6.97989797592163,3777400
2003-09-08,7.0406951904296875,7.0741356383290475,6.964694594177347,7.001175135507425,2844000
2003-09-09,7.013338565826416,7.055898736246957,6.992058480616146,7.007258375812387,875800
2003-09-10,6.879577159881592,7.016378533520824,6.861337170009302,7.016378533520824,790200
2003-09-11,6.900862216949463,6.928222509092159,6.864381634146136,6.900862216949463,1751800
2003-09-12,7.010299205780029,7.037659483872785,6.8704582998294095,6.92517885601492,655600
2003-09-15,6.982941627502441,7.049822590849099,6.964701628334772,7.049822590849099,947800
2003-09-16,7.019417762756348,7.034617655802158,6.9646972200494295,6.982937207672152,419400
2003-09-17,6.9160590171813965,6.992059665721851,6.9160590171813965,6.992059665721851,2588400
2003-09-18,6.967742443084717,6.982942347318092,6.91606195691639,6.9403821515932975,345800
2003-09-19,6.998294353485107,7.001350447217995,6.9371742274982,7.001350447217995,728800
2003-09-22,6.885224342346191,6.937176789209346,6.857720071483904,6.921896314902245,511800
2003-09-23,6.906618595123291,6.918842395521988,6.836330139881417,6.860778323569489,4627000
2003-09-24,6.799659252166748,6.928012393950247,6.7721549658637965,6.928012393950247,4799000
2003-09-25,6.689638137817383,6.799655217753172,6.689638137817382,6.799655217753172,3858000
2003-09-26,6.671304702758789,6.701865079190683,6.656024805988192,6.662136414962012,4056600
2003-09-29,6.775207996368408,6.778264091562479,6.671303091332204,6.723255543850306,1554400
2003-09-30,6.671304702758789,6.741593160528655,6.631576621420817,6.741593160528655,2812200
2003-10-01,6.7843780517578125,6.790489660849703,6.695753016682233,6.711032913748025,1518800
2003-10-02,6.833274841308594,6.845498643133463,6.778266275869821,6.787433981515786,438600
2003-10-03,6.91578483581543,6.979961668718797,6.885225049842025,6.921897026166332,4892200
2003-10-06,6.912728309631348,6.9402319963952985,6.87911185052251,6.89133564654088,262800
2003-10-07,6.943289279937744,6.946345375188212,6.8577209444869185,6.906617302713268,282400
2003-10-08,6.967737197875977,7.013578042024152,6.952457305086949,6.970793293011892,1440400
2003-10-09,6.995240688323975,7.05024922883297,6.967736418069477,7.028857148166246,5190200
2003-10-10,6.973850727081299,7.028859284307953,6.967738535635968,7.013579388585286,407400
2003-10-13,7.047194480895996,7.0685865656511675,7.013578597519553,7.025802396140826,263600
2003-10-14,7.093035697937012,7.093035697937012,7.028859435056625,7.083867993463055,486600
2003-10-15,7.086926460266113,7.1266545530229966,7.0441416878077,7.1266545530229966,1135800
2003-10-16,7.111371040344238,7.163323493959671,7.050250300952939,7.077754575389966,696200
2003-10-17,7.044139862060547,7.141933185982431,7.028859964858445,7.141933185982431,701200
2003-10-20,7.0716447830200195,7.08998136079008,7.038028889556443,7.0563648844357365,738400
2003-10-21,7.0899810791015625,7.117485361773126,7.068588405886433,7.074700598233613,364600
2003-10-22,6.970792770385742,7.044137299477146,6.952456783835516,7.044137299477146,515000
2003-10-23,7.001358509063721,7.025806704187873,6.9585743133191915,6.961630410571079,480600
2003-10-24,6.989131927490234,7.007467920829198,6.937179460620906,7.007467920829198,163600
2003-10-27,7.038027763366699,7.062475946923938,6.983019204640246,6.983019204640246,395600
2003-10-28,7.099149227142334,7.111373612598504,7.028860759441705,7.074701039120777,517600
2003-10-29,7.193884372711182,7.203052076245205,7.071642885278494,7.0746989807533724,1300200
2003-10-30,7.319184303283691,7.352800201185725,7.2580635350949745,7.276399532395251,1087000
2003-10-31,7.306959629058838,7.361968201686665,7.2794553427449245,7.32529562563784,1235600
2003-11-03,7.322237491607666,7.42614241479461,7.276397221470051,7.30695759585868,1564600
2003-11-04,7.3100152015686035,7.337519485910684,7.276398724508109,7.319183490646223,261600
2003-11-05,7.282508850097656,7.319181413107907,7.242780774486282,7.303900935649214,1159800
2003-11-06,7.3039021492004395,7.3039021492004395,7.230557593884276,7.270286258987226,1341600
2003-11-07,7.33140754699707,7.365024025221328,7.303903261702824,7.303903261702824,1354400
2003-11-10,7.2275004386901855,7.334461451435072,7.221388247586906,7.334461451435072,1388400
2003-11-11,7.209167003631592,7.251951190738575,7.203054810361785,7.233615193819987,2646400
2003-11-12,7.322237491607666,7.322237491607665,7.215277055583452,7.242781334244152,697600
2003-11-13,7.316127300262451,7.319183396582381,7.273342534674193,7.273342534674193,295800
2003-11-14,7.27333927154541,7.386412453090327,7.2641715695894105,7.31001182804094,1435800
2003-11-17,7.224447250366211,7.267232022415786,7.16027096662814,7.258063732071407,1242400
2003-11-18,7.203054904937744,7.255007382631573,7.172494521078286,7.255007382631573,352600
2003-11-19,7.206108570098877,7.224444561071214,7.166380492510375,7.203052474455047,662000
2003-11-20,7.151098728179932,7.224443261769047,7.111370657736447,7.1786030011371675,358600
2003-11-21,7.169437408447266,7.196941691734159,7.1480453176442955,7.1541575101282175,1162800
2003-11-24,7.264176845550537,7.267232942719014,7.203056067962891,7.206112165131367,642000
2003-11-25,7.368078231811523,7.383358127326534,7.264173310215634,7.264173310215634,1296800
2003-11-26,7.456702709197998,7.4658709962834395,7.407806343856948,7.426142335137178,573400
2003-11-28,7.471982955932617,7.487262851043799,7.456702477930799,7.456702477930799,155000
2003-12-01,7.695068836212158,7.695068836212159,7.517819460365309,7.517819460365309,1423800
2003-12-02,7.685905456542969,7.707297545790135,7.64923347008803,7.685905456542969,4871600
2003-12-03,7.750085353851318,7.792869549164768,7.692020672432391,7.722581061752402,1117600
2003-12-04,7.802034854888916,7.81120256015266,7.728690298325361,7.750082387795057,766200
2003-12-05,7.731745719909668,7.792866474434064,7.716465822723926,7.792866474434064,1040800
2003-12-08,7.860095977783203,7.860095977783202,7.731742906302653,7.750079475721662,1010400
2003-12-09,7.847874164581299,7.924274807798967,7.8478741645813,7.908994329421044,4437200
2003-12-10,7.756194114685059,7.869267338742798,7.731745928792942,7.847875248948538,1190400
2003-12-11,7.832596302032471,7.847876785513572,7.725635832118983,7.756195633299497,849200
2003-12-12,7.899824619293213,7.91204841600093,7.841759981982679,7.878432537886832,5479200
2003-12-15,7.890657424926758,7.991506238985358,7.863153149920723,7.991506238985358,1612200
2003-12-16,7.890657424926758,7.908993413967254,7.814256790552346,7.90593790153599,999600
2003-12-17,7.936496734619141,7.94260892452785,7.8325918377331325,7.8325918377331325,568800
2003-12-18,8.003731727600098,8.025123814922065,7.915106699676905,7.930387178400212,1762200
2003-12-19,8.00772762298584,8.05383784937547,7.970840145453197,8.047689741014734,1027200
2003-12-22,8.08764934539795,8.096871505741362,8.0292440888369,8.050761876655786,837800
2003-12-23,8.106097221374512,8.124540963834917,8.050765407677293,8.12146690903885,2492000
2003-12-24,8.075353622436523,8.09994546341243,8.053835834872071,8.053835834872071,640200
2003-12-26,8.139910697937012,8.146058807564222,8.090726993551337,8.099949157992153,280800
2003-12-29,8.269018173217773,8.28131439262787,8.146058910696873,8.192168560852709,742800
2003-12-30,8.219830513000488,8.299754141760515,8.17986899177834,8.284384461209473,2005800
2003-12-31,8.204461097717285,8.24749667370422,8.170647095832837,8.238274513285985,754200
2004-01-02,8.164496421813965,8.269011861762658,8.146052693092303,8.2536421855472,2370200
2004-01-05,8.330496788024902,8.330496788024902,8.238276915894813,8.238276915894813,2552000
2004-01-06,8.256723403930664,8.324350858813247,8.189095362732006,8.324350858813247,2209000
2004-01-07,8.21368408203125,8.253646197722304,8.109168591276593,8.253646197722304,5921200
2004-01-08,8.305903434753418,8.308977488565809,8.238275423512471,8.244423531137251,2503800
2004-01-09,8.161426544189453,8.23520266944654,8.130687176034176,8.222906453131737,3368800
2004-01-12,8.146055221557617,8.161424902543692,8.093797485362918,8.161424902543692,2862800
2004-01-13,8.04154109954834,8.164500327032169,8.007727092121845,8.161426273055591,2041200
2004-01-14,8.075353622436523,8.090723303178065,8.023095887073254,8.081501729259434,1751000
2004-01-15,8.013875007629395,8.115316441157013,7.970839425622475,8.115316441157013,1980800
2004-01-16,8.010801315307617,8.044615323448353,7.97698789348274,8.041541269406844,1602200
2004-01-20,8.04154109954834,8.069206999021683,8.013875200074997,8.053837315454645,1321600
2004-01-21,8.047689437866211,8.093799076203052,7.964691737070379,8.016949483536363,757400
2004-01-22,7.96469259262085,8.04769030233212,7.943174798173319,8.04769030233212,988000
2004-01-23,7.810988903045654,7.9739101744684975,7.792545173589578,7.955465858696833,2175000
2004-01-26,7.884769439697266,7.884769439697265,7.80177172469764,7.807919833878937,1185000
2004-01-27,7.863253116607666,7.912436826637863,7.857105006274874,7.887844971622765,865200
2004-01-28,7.798696041107178,7.9769870525073,7.771030143966142,7.854027249073454,3435800
2004-01-29,7.749516487121582,7.884772001475089,7.688037134281735,7.838662340266166,2398600
2004-01-30,7.841733932495117,7.847882041742613,7.731070311304059,7.740292475175303,2017600
2004-02-02,7.804845333099365,7.854029031106076,7.771031907167208,7.854029031106076,1158200
2004-02-03,7.761812686920166,7.820218570316999,7.749516464598243,7.783330489667381,534600
2004-02-04,7.709552764892578,7.761810522556488,7.663443116675242,7.740292725809464,1136600
2004-02-05,7.807919502258301,7.838659460543226,7.678812146514362,7.678812146514362,1555000
2004-02-06,7.96469259262085,7.96776664701563,7.810993390777428,7.810993390777428,1038200
2004-02-09,7.97083854675293,8.013874124014722,7.949320758122035,7.992356335383826,674600
2004-02-10,8.013875007629395,8.03846685253561,7.955469156108696,7.9769875334279865,3146600
2004-02-11,8.210612297058105,8.216760406758215,8.01695153203271,8.01695153203271,3268400
2004-02-12,8.186020851135254,8.235205144862883,8.173725217440378,8.20753923615436,1051000
2004-02-13,8.121466636657715,8.229056205647701,8.090726676044008,8.173724393806223,772800
2004-02-17,8.207535743713379,8.222905425870934,8.17372173938781,8.182943900471818,1154000
2004-02-18,8.173720359802246,8.247495877074874,8.14912852071137,8.219829984808177,1859400
2004-02-19,8.225983619689941,8.318202931680682,8.19216959834583,8.216761453964432,1555800
2004-02-20,8.155278205871582,8.247497473736491,8.069206459232742,8.244423419965553,2577600
2004-02-23,8.158353805541992,8.19831533950475,8.13376137071455,8.176797545346655,1861800
2004-02-24,8.195240020751953,8.25979397958247,8.130686648237264,8.130686648237264,3263000
2004-02-25,8.207535743713379,8.229053533260272,8.164499578303802,8.17679579308248,2095600
2004-02-26,8.207535743713379,8.219831372176264,8.14605584245158,8.186017367850695,1233200
2004-02-27,8.250572204589844,8.293607788283072,8.207536620896617,8.22290630469681,3237200
2004-03-01,8.385828018188477,8.404271756821602,8.29053409823292,8.29053409823292,3704000
2004-03-02,8.281316757202148,8.38890636249663,8.269020534281097,8.38890636249663,2051600
2004-03-03,8.232129096984863,8.272090629714175,8.173723238704271,8.269016575455627,3442800
2004-03-04,8.278241157531738,8.287462736686468,8.201391537556606,8.244427137121537,2624000
2004-03-05,8.275169372558594,8.318204983929778,8.23213376118741,8.262873148557553,1316400
2004-03-08,8.186020851135254,8.281314797271742,8.179873327445836,8.238278613549571,754000
2004-03-09,8.063056945800781,8.170646463760864,8.01694731990809,8.167572410525924,3202200
2004-03-10,7.838656425476074,8.047687357299283,7.792546799059945,8.038465197489774,8127800
2004-03-11,7.7679548263549805,7.933949595877037,7.758732666703206,7.80791634554794,6801000
2004-03-12,7.8939924240112305,7.903214002425752,7.804846590564034,7.869400571045801,10829400
2004-03-15,7.703401565551758,7.863248829150798,7.694179991396728,7.838656987544466,4266400
2004-03-16,7.777181148529053,7.835587022688875,7.7003315301194135,7.780255203623366,3825800
2004-03-17,7.875547409057617,7.909360834977097,7.780253481178908,7.780253481178908,3426600
2004-03-18,7.872473239898682,7.90013914290333,7.814067379520433,7.893991034165426,877800
2004-03-19,7.872164249420166,7.95853557938586,7.865994700605315,7.896841856319016,1196200
2004-03-22,7.699418544769287,7.844399964940774,7.653148116604938,7.844399964940774,3274000
2004-03-23,7.73952054977417,7.8289766386367985,7.714842947154088,7.758028604649118,2827000
2004-03-24,7.705593109130859,7.7703722214263875,7.677830716484318,7.745694604447329,1398800
2004-03-25,7.906096935272217,7.921520809931512,7.75186171884321,7.785793654733002,3560200
2004-03-26,7.927687168121338,7.961618501989772,7.8659928710434945,7.872162418423363,1634400
2004-03-29,8.041825294494629,8.08501097328511,7.943114835338818,7.943114835338818,2495200
2004-03-30,8.100427627563477,8.115850902419236,8.014055758634647,8.060326171562147,808200
2004-03-31,8.060328483581543,8.128192324477437,8.032566698550049,8.081921898277757,500800
2004-04-01,8.118934631347656,8.171374582820226,8.07883376886164,8.112765086854377,2291800
2004-04-02,8.254666328430176,8.26700483602208,8.174463969821128,8.251581554442081,1513000
2004-04-05,8.22690486907959,8.254667249710453,8.17754965648262,8.254667249710453,2152800
2004-04-06,8.26700210571289,8.27934119759009,8.19913886546914,8.21147795734634,2394400
2004-04-07,8.171384811401367,8.236163932948157,8.140537638681986,8.217655276299999,2846000
2004-04-08,8.125110626220703,8.214566738950253,8.075755407812547,8.186804943411204,2775800
2004-04-12,8.217652320861816,8.229991420856226,8.149789035974578,8.149789035974578,1002200
2004-04-13,8.038738250732422,8.229990152649968,8.023314966476745,8.226905378126718,4934000
2004-04-14,8.066499710083008,8.143617299258487,7.958534967565234,7.958534967565234,3329600
2004-04-15,8.112771987915039,8.137449598519806,8.038739156100743,8.097348701922304,2006800
2004-04-16,8.183716773986816,8.199140052706328,8.097344883420597,8.097344883420597,699600
2004-04-19,8.171384811401367,8.211486312444828,8.128199122610761,8.199147208012722,1699600
2004-04-20,8.001724243164062,8.202229933162501,8.001724243164062,8.186806644839827,1745800
2004-04-21,7.924604892730713,7.961621011958728,7.853656252215902,7.9585362372962924,4428400
2004-04-22,8.189887046813965,8.196056594636039,7.943111017535683,7.952365339268792,2909400
2004-04-23,8.128194808959961,8.205312405651496,8.023314830390627,8.205312405651496,1798800
2004-04-26,8.088090896606445,8.192970843631855,8.075752390794252,8.125107590763811,794200
2004-04-27,8.103514671325684,8.143615550205602,8.069582751100869,8.094260350802447,1617200
2004-04-28,7.828974723815918,8.02948085796955,7.819720992821962,8.02948085796955,4795000
2004-04-29,7.733354568481445,8.162128332381547,7.65315217588849,7.841319350370452,4639600
2004-04-30,7.687084674835205,7.773456624300147,7.6685766100787065,7.727185579867746,1908600
2004-05-03,7.711758136749268,7.733350965394493,7.625386233807913,7.7025038151754055,2319000
2004-05-04,7.785794258117676,7.856742321966806,7.730269481762461,7.742608582446155,3895400
2004-05-05,7.75803279876709,7.804303255149245,7.7426095094266305,7.801219067969773,618800
2004-05-06,7.680911064147949,7.708673440789629,7.597623934222908,7.671657330841028,1477200
2004-05-07,7.406375408172607,7.668575402435077,7.406375408172607,7.6284739153569285,3040000
2004-05-10,7.394035339355469,7.452644880597121,7.276816845232764,7.326172062585544,6981600
2004-05-11,7.486576080322266,7.486576080322266,7.409458487212298,7.412543261539962,4395000
2004-05-12,7.474237442016602,7.480406991050811,7.316917471807727,7.480406991050811,7611400
2004-05-13,7.532846927642822,7.554439760748684,7.434136497238553,7.480406937945482,1459000
2004-05-14,7.505081653594971,7.5575216230854885,7.4742345088899,7.551352076472405,4896400
2004-05-17,7.363189220428467,7.461899661175388,7.338511610241738,7.372442956523093,16885200
2004-05-18,7.49891471862793,7.508169041770557,7.390949968739483,7.418712349806814,3107000
2004-05-19,7.514338970184326,7.699420735503469,7.486576587714337,7.588371793984099,2748200
2004-05-20,7.495830535888672,7.566779175527649,7.347764884083208,7.508169634386094,1348000
2004-05-21,7.5760345458984375,7.665491264227117,7.542103194429564,7.594543197638615,1817400
2004-05-24,7.650064945220947,7.721013577517295,7.600709733060337,7.650064945220947,901000
2004-05-25,7.801215648651123,7.801215648651124,7.59762467075537,7.640810921029265,1638600
2004-05-26,7.822811126708984,7.835149639276291,7.7765400865896135,7.801218288445659,1113200
2004-05-27,7.896843433380127,7.936944331964009,7.865996271506007,7.865996271506007,632600
2004-05-28,7.903011798858643,7.906095985059163,7.841317484357655,7.893757475175319,167000
2004-06-01,7.884504318237305,7.906097154999772,7.828979544642003,7.89375864329008,1239000
2004-06-02,7.899929046630859,7.915352335024079,7.807387551189323,7.893759495929276,2234600
2004-06-03,7.751863479614258,7.890675441274605,7.745694516709969,7.890675441274605,1221600
2004-06-04,7.822811126708984,7.865996803235633,7.7796248618216195,7.804302475316949,777800
2004-06-07,7.983214378356934,7.989383928093037,7.865995875174199,7.865995875174199,774800
2004-06-08,7.98938512802124,7.99555467868395,7.9307755734469625,7.943114674772383,1010400
2004-06-09,7.896843433380127,7.992469105665289,7.896843433380127,7.98321478059485,552000
2004-06-10,7.933862686157227,8.020234655798832,7.896846547997186,7.94311701487769,526000
2004-06-14,7.822811126708984,7.921521580690305,7.810472025780961,7.921521580690305,716200
2004-06-15,7.903011798858643,7.946197465992982,7.8659950924859325,7.91226553418138,1696200
2004-06-16,7.906096935272217,7.93385932129829,7.835148876921431,7.93385932129829,1266400
2004-06-17,7.936939716339111,7.936939716339111,7.8875845213866675,7.924601211781167,212600
2004-06-18,8.045413970947266,8.070207802687179,7.9214477678351125,7.9214477678351125,2931400
2004-06-21,8.014422416687012,8.060909666372625,8.01132318789231,8.057810437577924,1630200
2004-06-22,8.04231071472168,8.045409350792262,7.943137218065823,8.011319033961545,711200
2004-06-23,8.141485214233398,8.160079989883181,8.048510153749964,8.067105520517007,1482200
2004-06-24,8.135293006896973,8.18178027728427,8.113598986790748,8.119797447140446,882800
2004-06-25,8.156977653503418,8.212762550310668,8.125985978486385,8.169374559957044,843000
2004-06-28,8.12908935546875,8.22826229326313,8.116693033803122,8.21276674340176,1906600
2004-06-29,8.240660667419434,8.243759896164782,8.122892339565933,8.135289254547331,1465800
2004-06-30,8.29954719543457,8.311943522829564,8.212770539199184,8.225167457711786,1715000
2004-07-01,8.150785446166992,8.299545482019123,8.098099735600453,8.299545482019123,5295400
2004-07-02,8.10119915008545,8.113596066322605,8.042315571311468,8.095001283084374,2448800
2004-07-06,8.03921890258789,8.104300960207826,8.026821982402556,8.085706171047514,2088600
2004-07-07,8.132185935974121,8.160078389537187,8.036112257655308,8.036112257655308,484600
2004-07-08,8.064007759094238,8.138387466335953,8.057809302378088,8.113594230588715,2839200
2004-07-09,8.094999313354492,8.113594092068116,8.051610708199558,8.094999313354492,249800
2004-07-12,8.10119915008545,8.129091620501548,8.042315571311468,8.113596066322605,1186800
2004-07-13,8.12908935546875,8.12908935546875,8.085701342963043,8.094999027550267,265600
2004-07-14,8.12908935546875,8.203469058814536,8.07950288657156,8.107395349215897,1540200
2004-07-15,8.144586563110352,8.187974581298407,8.129090420102179,8.135288877305447,1742200
2004-07-16,8.163180351257324,8.215866048845623,8.156981894807561,8.181775129489269,1180000
2004-07-19,8.125988960266113,8.17247678540859,8.091898637243482,8.17247678540859,623600
2004-07-20,8.113595008850098,8.132189789664807,8.039215294473832,8.119793466160809,2280400
2004-07-21,7.958635330200195,8.160080418485846,7.958635330200195,8.13218795798751,1917000
2004-07-22,7.924546718597412,7.961736873784174,7.828472988448017,7.918348260880041,3447400
2004-07-23,7.884256839752197,7.909050076089386,7.822273453350532,7.902851619225744,3235000
2004-07-26,7.816073417663574,7.918345570785485,7.769586182811298,7.887354474962143,2093200
2004-07-27,7.949341773986816,7.961738692253026,7.772689826516514,7.778888285649618,2706600
2004-07-28,8.020621299743652,8.03301821649372,7.890456629455564,7.912151233768183,909200
2004-07-29,8.125988960266113,8.147683554520652,8.026816036714367,8.033014492215663,531200
2004-07-30,8.11049747467041,8.13219148867287,8.08570423136509,8.125993030067153,826600
2004-08-02,8.160082817077637,8.166281274814208,8.048512942289207,8.067108315498922,1721200
2004-08-03,8.079507827758789,8.150788346501882,8.045416887873962,8.150788346501882,1234200
2004-08-04,8.091898918151855,8.125989242357923,7.998923855756548,8.057808002828516,1591200
2004-08-05,7.918349266052246,8.119795029616512,7.9152506279176755,8.088803328212968,4079600
2004-08-06,7.77578592300415,7.9152482417178005,7.74789345926142,7.850165629278977,3230400
2004-08-09,7.825376510620117,7.840872069243583,7.747897535267442,7.747897535267442,2473400
2004-08-10,7.952441215515137,7.952441215515137,7.84706977191421,7.8563674608616845,3884200
2004-08-11,7.924546718597412,7.943141500632062,7.822274530730646,7.924546718597412,2692800
2004-08-12,7.816073417663574,7.909048478485388,7.800577869751902,7.909048478485388,3401200
2004-08-13,7.788186073303223,7.840871798367632,7.744798037762292,7.816078550756007,831000
2004-08-16,8.005122184753418,8.008221412562595,7.809875561713352,7.809875561713352,3898200
2004-08-17,8.048511505126953,8.091900110417912,7.989627940496313,7.989627940496313,2206000
2004-08-18,8.119797706604004,8.119797706604004,7.983434530141838,8.042318723110139,497000
2004-08-19,8.132185935974121,8.150780707977116,8.08879793759475,8.116690391157816,568000
2004-08-20,8.19727611541748,8.228267233748168,8.129094236407509,8.129094236407509,2127600
2004-08-23,8.12908935546875,8.218965199793242,8.119792261998862,8.218965199793242,1264200
2004-08-24,8.150785446166992,8.191074831897721,8.107397422565427,8.135289892342858,1189600
2004-08-25,8.240660667419434,8.246859124910133,8.082603548111278,8.150784807156635,1168400
2004-08-26,8.284049987792969,8.29644690472005,8.20347180111955,8.20347180111955,1539600
2004-08-27,8.293343544006348,8.315037546703937,8.256153402869595,8.268550313620926,246000
2004-08-30,8.222063064575195,8.339830760898,8.222063064575195,8.302641210950688,782200
2004-08-31,8.246858596801758,8.274751062606294,8.191073665192686,8.222065359544104,555600
2004-09-01,8.280949592590332,8.321238975813,8.22826388530354,8.22826388530354,722600
2004-09-02,8.395618438720703,8.408014762408566,8.277850112540127,8.277850112540127,816800
2004-09-03,8.377022743225098,8.398716750648893,8.367725058136028,8.367725058136028,2844000
2004-09-07,8.451403617858887,8.46379994190574,8.386320995481183,8.386320995481183,1652000
2004-09-08,8.355328559875488,8.42970886204941,8.339833008407737,8.42970886204941,898000
2004-09-09,8.370826721191406,8.401818422718348,8.355330574869166,8.373925950455854,835800
2004-09-10,8.30264663696289,8.367728687462247,8.253059552764528,8.367728687462247,1051200
2004-09-13,8.293343544006348,8.342930004777191,8.277847405567185,8.311938319016104,422200
2004-09-14,8.284049987792969,8.29024844625651,8.20657103035132,8.274752891215194,3532400
2004-09-15,8.249957084655762,8.28714664164461,8.218965393086823,8.2592541783443,661400
2004-09-16,8.284049987792969,8.308843230529595,8.249959648478567,8.249959648478567,791400
2004-09-17,8.248245239257812,8.329202040639846,8.238903864288528,8.28249635358349,3091400
2004-09-20,8.257582664489746,8.319856686146524,8.22021777637988,8.22021777637988,2413400
2004-09-21,8.294947624206543,8.322971144063576,8.251355746159957,8.322971144063576,1687800
2004-09-22,8.223329544067383,8.298058708013167,8.223329544067383,8.298058708013167,969400
2004-09-23,8.151717185974121,8.235787749232971,8.148603395420665,8.235787749232971,7728600
2004-09-24,8.223329544067383,8.25446684418511,8.142372801319132,8.142372801319132,3284000
2004-09-27,8.213993072509766,8.260699347476889,8.176628765210015,8.217106863767238,371600
2004-09-28,8.416379928588867,8.422606913199976,8.260694029314232,8.28248996018955,3452000
2004-09-29,8.456862449645996,8.463090031427571,8.397701610510804,8.438180298196157,1660600
2004-09-30,8.578293800354004,8.587635169188284,8.453745185370147,8.478654908366918,2183600
2004-10-01,8.624999046325684,8.63433982017767,8.559610659888909,8.559610659888909,2474000
2004-10-04,8.643683433532715,8.687275306552582,8.609432336791546,8.643683433532715,2088200
2004-10-05,8.631227493286133,8.640568862615366,8.581408044652896,8.61877292807516,2619800
2004-10-06,8.771347045898438,8.771347045898438,8.625002456704223,8.625002456704223,2132200
2004-10-07,8.65925407409668,8.774461961046649,8.656140283217503,8.765120588409122,3732600
2004-10-08,8.6094331741333,8.702845103268498,8.57829586442157,8.656138841753506,1354600
2004-10-11,8.6094331741333,8.659252632114159,8.590751025864176,8.62500212593656,1546600
2004-10-12,8.516020774841309,8.562726436625779,8.466201323085244,8.54093050071934,796200
2004-10-13,8.322972297668457,8.516023173008616,8.248243098990134,8.478658276722015,5262400
2004-10-14,8.307398796081543,8.36033201995651,8.298057429317309,8.310512585002954,1005600
2004-10-15,8.38524341583252,8.43194907121332,8.33853776045172,8.360333693369785,438000
2004-10-18,8.363446235656738,8.41015188407223,8.31985378242701,8.344763501174908,996600
2004-10-19,8.164166450500488,8.394581456715377,8.164166450500488,8.388354473548603,3534400
2004-10-20,8.22021484375,8.248238351361094,8.164167828527814,8.173509195696356,2158000
2004-10-21,8.279376029968262,8.310513328071947,8.176623361952299,8.195305503256684,2401400
2004-10-22,8.22644329071045,8.375901617825187,8.2233295013254,8.282490311852126,2617000
2004-10-25,8.307398796081543,8.32919472463691,8.220214487965562,8.220214487965562,2453600
2004-10-26,8.388360023498535,8.391473814089302,8.270038356628676,8.319857818291302,1710800
2004-10-27,8.484884262084961,8.487998052347592,8.341653473372464,8.413268867728712,8298800
2004-10-28,8.375904083251953,8.419496553579371,8.282492749783495,8.375904083251953,5832600
2004-10-29,8.49734115600586,8.500454353008601,8.407043001659233,8.407043001659233,1371800
2004-11-01,8.506674766540527,8.531584478836182,8.456855341949217,8.531584478836182,721600
2004-11-02,8.466201782226562,8.572068271423257,8.463087992086102,8.553385530580492,2510400
2004-11-03,8.590749740600586,8.628114031548758,8.491110839545867,8.491110839545867,1940000
2004-11-04,8.796253204345703,8.796253204345703,8.590747867260164,8.640567306923655,2143600
2004-11-05,8.833621978759766,8.883441440405436,8.783801923219267,8.836735175454644,4738800
2004-11-08,8.8367338180542,8.852302768611212,8.824279251503329,8.82739304161473,1096400
2004-11-09,8.92702865600586,8.942597006924247,8.830503573743918,8.830503573743918,1062400
2004-11-10,8.923920631408691,8.95194415627907,8.895897106538312,8.936375795304372,832400
2004-11-11,8.99241828918457,9.00175965799062,8.914575330818069,8.94259884334158,2138400
2004-11-12,9.085834503173828,9.0889482942521,8.992422552510446,9.029787451554784,1523400
2004-11-15,9.029784202575684,9.107627169839267,9.007988266765032,9.107627169839267,981000
2004-11-16,8.976848602294922,9.039123197300198,8.976848602294922,8.992416954098964,586800
2004-11-17,9.045353889465332,9.16678934011376,9.02355795044748,9.088946361395832,2241600
2004-11-18,9.073376655578613,9.126309900465365,9.045353138056523,9.045353138056523,1105400
2004-11-19,9.011102676391602,9.088945649008231,8.979965368566,9.029784823529063,567600
2004-11-22,9.11697006225586,9.11697006225586,8.986193831657493,8.995534609196428,1328600
2004-11-23,9.073376655578613,9.141878851252496,9.036012361478992,9.141878851252496,632000
2004-11-24,9.160561561584473,9.160561561584473,9.076491003848714,9.076491003848714,1380600
2004-11-26,9.250861167907715,9.278884693398709,9.151222230115259,9.151222230115259,1095000
2004-11-29,9.225946426391602,9.272652672791644,9.154331052956941,9.272652672791644,1650800
2004-11-30,9.188583374023438,9.288222271100661,9.179242004711945,9.288222271100661,812800
2004-12-01,9.272651672363281,9.300675179622006,9.185467361570076,9.204149501777717,972600
2004-12-02,9.157450675964355,9.278885568616218,9.11074499370556,9.278885568616218,4294800
2004-12-03,9.15121841430664,9.160559783540181,9.076489242122328,9.085830611355867,2236800
2004-12-06,9.126307487487793,9.154330997600521,9.070260467262335,9.154330997600521,785600
2004-12-07,8.933262825012207,9.138768297011111,8.93014903375223,9.138768297011111,5347200
2004-12-08,8.970625877380371,8.97373966820474,8.81493989953117,8.899010470104509,2465600
2004-12-09,9.029784202575684,9.048466348428425,8.855416122195775,8.889666623943349,4041200
2004-12-10,9.026670455932617,9.079603697681645,9.004874520017378,9.004874520017378,2162200
2004-12-13,9.157450675964355,9.166792049974102,9.04535656342727,9.088949048244453,2514400
2004-12-14,9.148102760314941,9.169899284084726,9.060919040813987,9.060919040813987,1414600
2004-12-15,9.244633674621582,9.247747465494333,9.15433552099643,9.16990447536019,1721800
2004-12-16,9.173014640808105,9.23840303973634,9.132536560629438,9.23840303973634,2426400
2004-12-17,9.161112785339355,9.198697100640297,9.114132839249999,9.114132839249999,1241800
2004-12-20,9.198701858520508,9.255077464557655,9.161117523779675,9.195569780843543,676000
2004-12-21,9.314583778381348,9.323980009427723,9.208095549386204,9.239415722158178,606000
2004-12-22,9.31771469116211,9.37722295225513,9.27386681318964,9.32084676778622,3365200
2004-12-23,9.339638710021973,9.355299093276452,9.30518646424466,9.333374556720182,545400
2004-12-27,9.31771469116211,9.389750661369034,9.308318461289781,9.36469464575869,245000
2004-12-28,9.37095832824707,9.37095832824707,9.317714223077044,9.317714223077044,232200
2004-12-29,9.374088287353516,9.392880144527027,9.33650397562413,9.392880144527027,779400
2004-12-30,9.330243110656738,9.383486621763833,9.323978957332654,9.383486621763833,1067200
2004-12-31,9.311452865600586,9.361564909348337,9.308320788193516,9.34903719710274,1353800
2005-01-03,9.21749210357666,9.364696144168178,9.161115910087211,9.33024449055556,1816600
2005-01-04,9.051492691040039,9.208092912675273,8.970060504103824,9.208092912675273,3376400
2005-01-05,8.926216125488281,9.101608275072833,8.91055633615102,8.966931936194765,3485000
2005-01-06,8.985723495483398,9.007647437301106,8.919951072647669,8.935611457790753,666000
2005-01-07,9.001386642456055,9.057762855244878,8.957538742457118,9.03583890524541,2391400
2005-01-10,9.04210090637207,9.082816718468546,8.99512034199108,9.035836751470246,1584800
2005-01-11,8.948138236999512,9.029570439118425,8.926214297464142,9.029570439118425,3205000
2005-01-12,9.007646560668945,9.010778637392745,8.869838171734497,8.963798681300847,2010200
2005-01-13,8.973193168640137,9.032701424030865,8.941873002782781,9.020173118734933,1132200
2005-01-14,9.057758331298828,9.070286040448849,8.957534268568514,8.957534268568514,1064800
2005-01-18,9.092211723327637,9.098475280001159,8.963799552089977,9.029571377531534,715600
2005-01-19,9.02956771850586,9.107867820330357,9.020171491229267,9.08907596315954,963200
2005-01-20,8.979456901550293,9.035833077981778,8.963797118044857,9.035833077981778,1329800
2005-01-21,8.941868782043457,9.004509084190705,8.929341080043324,8.9700568582715,1963600
2005-01-24,8.8165922164917,8.988852815943625,8.8165922164917,8.926212489346119,1786800
2005-01-25,8.863574028015137,8.960666614411853,8.844782165034264,8.863574028015137,3764200
2005-01-26,8.879230499267578,8.923078359363473,8.841646192483747,8.894890278621173,1216400
2005-01-27,8.926216125488281,8.951272146857503,8.866707850717878,8.951272146857503,1072400
2005-01-28,8.916816711425781,8.957533104984996,8.876100915249024,8.913684635199498,370800
2005-01-31,9.026437759399414,9.048361697470144,8.948137639213947,8.948137639213947,1038000
2005-02-01,9.101601600646973,9.11412990083561,9.004509663713952,9.004509663713952,2168600
2005-02-02,9.195568084716797,9.201831641532674,9.111003795184896,9.111003795184896,1169200
2005-02-03,9.142325401306152,9.176777060030895,9.10160899001866,9.14545747889617,2366000
2005-02-04,9.245676040649414,9.251940192081667,9.117263923200037,9.126659552966055,1573600
2005-02-07,9.242544174194336,9.30831597357505,9.236280022620255,9.26446810732124,1911800
2005-02-08,9.242544174194336,9.242544174194336,9.201827786345191,9.21122401370631,650200
2005-02-09,9.114133834838867,9.242545980288769,9.10160552924254,9.233149751091524,1646000
2005-02-10,9.236284255981445,9.251944642094431,9.117268308435996,9.117268308435996,5013600
2005-02-11,9.327108383178711,9.358427946132858,9.214356044920194,9.264468062505674,2366600
2005-02-14,9.336504936218262,9.361560947488305,9.292657065841292,9.295789141922851,1323400
2005-02-15,9.386618614196777,9.433599166323297,9.330243026933514,9.349034889354602,5070400
2005-02-16,9.505631446838379,9.5244233019648,9.352163335644276,9.37721934160694,2274000
2005-02-17,9.471179962158203,9.543215910313693,9.471179962158203,9.536952356365388,1437600
2005-02-18,9.577672004699707,9.596463868881754,9.493107719806607,9.505636027516367,1855800
2005-02-22,9.433599472045898,9.612123664288148,9.433599472045898,9.583935571051736,4259400
2005-02-23,9.577672004699707,9.577672004699707,9.458656068369953,9.483712086406879,1295200
2005-02-24,9.681025505065918,9.687289657206938,9.52129320976447,9.52129320976447,2358800
2005-02-25,9.83135986328125,9.834491938807346,9.665364042074394,9.69355212442694,1968200
2005-02-28,9.737401962280273,9.828229781432396,9.674761633816265,9.828229781432396,4330600
2005-03-01,9.749933242797852,9.828233383382868,9.718613664469975,9.803177362290969,3418000
2005-03-02,9.7217435836792,9.759327308282618,9.643443460475787,9.724875062910707,1624400
2005-03-03,9.712347030639648,9.778118845198211,9.668499154267272,9.715479107149463,939400
2005-03-04,10.016145706176758,10.019277780942529,9.768717773502692,9.787509624715135,2560400
2005-03-07,9.906532287597656,10.022416744049064,9.906532287597656,10.022416744049064,2352000
2005-03-08,9.881473541259766,9.931585563352975,9.865813758374046,9.90652955230637,1746200
2005-03-09,9.903403282165527,9.997363223661361,9.890874971361956,9.928459306389932,3956000
2005-03-10,9.778119087219238,9.94411556205295,9.7092151944454,9.937851408878275,7340800
2005-03-11,9.837626457214355,9.915926572663297,9.756194265461561,9.756194265461561,6189600
2005-03-14,9.83449649810791,9.862684593528536,9.753064288824165,9.803176325709146,2514800
2005-03-15,9.787517547607422,9.897137863617157,9.784385470306269,9.897137863617157,2360600
2005-03-16,9.577672004699707,9.749932054030753,9.5620122174451,9.709216248739219,9828600
2005-03-17,9.690422058105469,9.718610146302511,9.5745376291418,9.599593641163343,5151600
2005-03-18,9.689165115356445,9.730020883654934,9.62945228528684,9.723735795834026,4801400
2005-03-21,9.63259506225586,9.742592190748306,9.59802498145364,9.742592190748306,2558800
2005-03-22,9.601167678833008,9.770877644992739,9.591739747003793,9.667166198818288,2772400
2005-03-23,9.506881713867188,9.620021655008753,9.497453185626737,9.594879512470177,4239000
2005-03-24,9.506881713867188,9.598022355216994,9.50373887112037,9.585450984229727,3351200
2005-03-28,9.453458786010742,9.5540274008455,9.453458786010742,9.5540274008455,2327000
2005-03-29,9.242886543273926,9.53516424985495,9.23974370133441,9.431452863594181,4515600
2005-03-30,9.400032043457031,9.400032043457031,9.274321269443755,9.274321269443755,4168000
2005-03-31,9.478604316711426,9.516317860428977,9.428319991378986,9.444033618256709,3047200
2005-04-01,9.450315475463867,9.591740457743107,9.415744791032008,9.431459010972034,3916800
2005-04-04,9.393746376037598,9.400032064611471,9.324605600033761,9.400032064611471,1676400
2005-04-05,9.41259765625,9.437739795655471,9.356027692728718,9.365455620358341,912400
2005-04-06,9.459742546081543,9.503741156244288,9.447171172071556,9.447171172071556,2042200
2005-04-07,9.56345272064209,9.566595563729436,9.481740598679192,9.500597057767237,2741000
2005-04-08,9.425171852111816,9.579167586874437,9.418886165116746,9.566596812320398,1884000
2005-04-11,9.393746376037598,9.456602062903817,9.349747754892997,9.456602062903817,553400
2005-04-12,9.384317398071289,9.415744638570066,9.23346388627069,9.371746022322828,2970000
2005-04-13,9.123468399047852,9.381175637284302,9.095183399784217,9.381175637284302,5702000
2005-04-14,8.868904113769531,9.123469127466754,8.818619799827532,9.114040593814014,15733800
2005-04-15,8.648910522460938,8.87518993866202,8.633196299465943,8.790334932797997,6334800
2005-04-18,8.787189483642578,8.815474477213474,8.648907958891689,8.689763727696239,8700600
2005-04-19,8.894044876098633,9.085754167588984,8.815475572954877,8.94432918215574,3448400
2005-04-20,8.746337890625,9.019759425871964,8.72433857388581,9.019759425871964,4579800
2005-04-21,8.909761428833008,8.9160471185947,8.743194246766382,8.840620040327133,4358600
2005-04-22,8.82490348815918,8.941186312434263,8.733763414591072,8.941186312434263,2984200
2005-04-25,8.912900924682617,8.934900231145908,8.831188786793144,8.831188786793144,1912400
2005-04-26,8.743193626403809,8.919188731189086,8.740050781745959,8.859476480998927,3966200
2005-04-27,8.658332824707031,8.696046335926635,8.545193489920074,8.608048542704845,11978600
2005-04-28,8.589197158813477,8.736907249489585,8.560912158555201,8.705480004257083,11640200
2005-04-29,8.80290412902832,8.850045587454705,8.630051315550027,8.652051222289428,7592200
2005-05-02,8.8751859664917,8.890900182453654,8.802902371374852,8.806045214567243,5726800
2005-05-03,8.931756019592285,8.975754625780704,8.840615364560788,8.859472423872441,3460600
2005-05-04,9.07004165649414,9.07004165649414,8.931759498199563,8.972615277081266,2537400
2005-05-05,9.016613006591797,9.110895926511462,8.953757327021227,9.035469470688492,6206800
2005-05-06,9.038613319396973,9.101468406518704,9.01347116466103,9.022899098039352,2130800
2005-05-09,9.026033401489258,9.054318373732265,8.956892691248397,9.007176953139147,1848800
2005-05-10,8.890900611877441,8.978897827770394,8.868900708468127,8.956898523797156,2295800
2005-05-11,8.900328636169434,8.92861362712881,8.799760045841023,8.894042949414887,5504000
2005-05-12,8.658332824707031,8.916040519263145,8.630047841151312,8.894040621380753,6321200
2005-05-13,8.488628387451172,9.054327183883027,8.391202610168898,8.674052008384825,9231600
2005-05-16,8.526339530944824,8.535768062032691,8.403771623983271,8.403771623983271,3946800
2005-05-17,8.645766258239746,8.670908411467117,8.488627650709622,8.504341271688148,4717200
2005-05-18,8.865760803222656,8.900331492029316,8.674052091183855,8.674052091183855,9300400
2005-05-19,8.821760177612305,8.887758695854174,8.768333034058843,8.868901633821562,4472200
2005-05-20,8.765188217163086,8.802901733302088,8.718046771566335,8.802901733302088,7671400
2005-05-23,8.834330558776855,8.868900636409894,8.736904214206834,8.746332744162792,3874800
2005-05-24,8.806045532226562,8.837473365848115,8.771474855299248,8.812331218838088,3825000
2005-05-25,8.714905738830566,8.79976071819209,8.65833575258955,8.752619262803286,5706000
2005-05-26,8.780905723571777,8.796619344849057,8.721192883732904,8.721192883732904,2449000
2005-05-27,8.80919075012207,8.818618683144665,8.762048687264176,8.80919075012207,2545600
2005-05-31,8.746337890625,8.79033652410338,8.674054250071539,8.755766426128833,3868600
2005-06-01,8.878332138061523,8.909759982331297,8.736907138565682,8.746335671677494,8905600
2005-06-02,8.850049018859863,8.878334024769794,8.802907542155445,8.878334024769794,3669800
2005-06-03,8.831192016601562,8.916047029224755,8.802907012393831,8.859477020809294,4567600
2005-06-06,8.806045532226562,8.831187679236592,8.780903385216535,8.818616306013544,5537600
2005-06-07,8.859472274780273,8.953755172007682,8.83747297205628,8.83747297205628,7826600
2005-06-08,8.799761772155762,8.90975891419495,8.793476084168105,8.90975891419495,4980600
2005-06-09,8.76204776763916,8.777761986754573,8.67719338216059,8.768333455285326,4845400
2005-06-10,8.840615272521973,8.894042407809993,8.78404589348411,8.78404589348411,4234200
2005-06-13,8.89719009399414,8.956902948157374,8.793478610150826,8.85319146431406,5921000
2005-06-14,8.912900924682617,8.93175738744599,8.881473087119566,8.881473087119566,4047400
2005-06-15,8.99775505065918,8.99775505065918,8.862616372027064,8.93489997675878,6493800
2005-06-16,9.092040061950684,9.145467213277838,9.004042224636482,9.004042224636482,7237800
2005-06-17,9.095510482788086,9.177622804662002,9.092352849429592,9.177622804662002,4630600
2005-06-20,9.000765800476074,9.095510462690232,8.97550051706084,9.095510462690232,3899800
2005-06-21,8.95339298248291,8.994448839910593,8.921811229338319,8.994448839910593,2968600
2005-06-22,8.943920135498047,9.003925418712223,8.82706840764998,8.82706840764998,2679600
2005-06-23,8.732325553894043,8.959713805073882,8.732325553894043,8.931290273676401,5384400
2005-06-24,8.634420394897461,8.751272125172733,8.59020629180649,8.729165073627248,4358200
2005-06-27,8.612316131591797,8.6565302489971,8.587050835592741,8.624948478405237,6363200
2005-06-28,8.748112678527832,8.748112678527832,8.640735076952637,8.643893312572125,3934000
2005-06-29,8.710217475891113,8.748115714103722,8.69126865797084,8.700742765744947,2199600
2005-06-30,8.571257591247559,8.713375223603997,8.527043484457568,8.700742277451411,4073000
2005-07-01,8.564939498901367,8.615470065660631,8.527041272645985,8.590204782280999,3680600
2005-07-05,8.587047576904297,8.602838155021795,8.517567587494645,8.533358767984085,1854200
2005-07-06,8.558627128601074,8.615474194038288,8.545994179671846,8.577575949622759,3707800
2005-07-07,8.577573776245117,8.580732012677194,8.432298514601646,8.451247330822097,4857400
2005-07-08,8.744958877563477,8.757591224075567,8.5902088679644,8.5902088679644,7898600
2005-07-11,8.864967346191406,8.864967346191406,8.732324417718903,8.732324417718903,5734600
2005-07-12,8.842859268188477,8.877599265215395,8.767063403888642,8.871282792597412,8456800
2005-07-13,8.814437866210938,8.864968454578104,8.770223751982698,8.836544923325057,6172400
2005-07-14,8.827071189880371,8.921815896505015,8.81443824106527,8.880760017600243,4254000
2005-07-15,8.811274528503418,8.839698043302766,8.79232571942778,8.820749234227128,1744200
2005-07-18,8.792330741882324,8.8428613298632,8.786014267791684,8.798647215972965,3778400
2005-07-19,8.934449195861816,8.969188601722033,8.833387408492326,8.833387408492326,7513200
2005-07-20,9.073404312133789,9.098669598047135,8.934445540796354,8.934445540796354,6060800
2005-07-21,9.029190063476562,9.127092969479753,9.029190063476562,9.073404162502793,6510800
2005-07-22,9.086039543151855,9.111304835424251,8.984978374062274,9.048141303557221,4117600
2005-07-25,9.010246276855469,9.149205123427873,9.010246276855469,9.120781586089823,3749000
2005-07-26,8.883914947509766,8.956553176335829,8.846017317347616,8.956553176335829,7182000
2005-07-27,8.978658676147461,8.99129101656132,8.906021062245143,8.937602214465722,4803200
2005-07-28,9.079721450805664,9.095512029771319,9.007083823768493,9.032349111536726,3089000
2005-07-29,9.044983863830566,9.146045041826328,9.038667991984934,9.111305638372869,3982600
2005-08-01,9.000765800476074,9.076561650721775,8.972342281337452,9.032347555338085,5312800
2005-08-02,9.136570930480957,9.177626808141442,9.010244458019312,9.010244458019312,8055600
2005-08-03,9.174466133117676,9.1776243693865,9.101828506050623,9.130252030098074,4320400
2005-08-04,9.076566696166992,9.332377908242018,9.070250221209038,9.332377908242018,5017400
2005-08-05,9.029190063476562,9.158674726943598,9.0133994859306,9.0860371064371,7296400
2005-08-08,9.029190063476562,9.155516490960022,9.029190063476562,9.057613584956831,2567400
2005-08-09,9.086039543151855,9.10183012493257,9.041824829896102,9.041824829896102,2881200
2005-08-10,9.11446475982666,9.215525947628038,9.076566513215045,9.158678878896714,8674400
2005-08-11,9.19025993347168,9.231315811922425,9.127096394838992,9.155519926986486,3992400
2005-08-12,9.123936653137207,9.193416654650374,9.06393196394026,9.15867665389379,5921000
2005-08-15,9.117618560791016,9.142883845447777,9.041822104448828,9.095510909640934,2365600
2005-08-16,8.940763473510742,9.114462881320287,8.940763473510742,9.114462881320287,8151200
2005-08-17,8.931289672851562,8.972345547457053,8.89023319587398,8.89023319587398,4208200
2005-08-18,8.855493545532227,8.915498237313448,8.85233530874815,8.906024129333295,5142600
2005-08-19,8.874444007873535,8.947081660247335,8.858652821027805,8.921816363666352,6201200
2005-08-22,8.87759780883789,8.981817180449383,8.849174289091858,8.931286612539077,3066400
2005-08-23,8.732325553894043,8.874443210881442,8.732325553894043,8.868126736710417,7106800
2005-08-24,8.6502103805542,8.754429760957072,8.643894510811553,8.732322710927967,4648800
2005-08-25,8.656530380249023,8.684953913975445,8.628106846522602,8.653372142904734,1965800
2005-08-26,8.612316131591797,8.66600496088631,8.574417886407128,8.662846723589906,2116600
2005-08-29,8.665999412536621,8.681789986536655,8.533356542872273,8.539673013421,5942400
2005-08-30,8.583888053894043,8.653367430515274,8.542831593148701,8.653367430515274,7972600
2005-08-31,8.665999412536621,8.681789986536655,8.558621822695397,8.568095926146702,2681600
2005-09-01,8.691266059875488,8.760745439728273,8.684949588332904,8.684949588332904,3514200
2005-09-02,8.68494701385498,8.732319331638031,8.662839972381004,8.691263483525175,2758000
2005-09-06,8.744958877563477,8.744958877563477,8.672320626223373,8.672320626223373,3666600
2005-09-07,8.798643112182617,8.817591923244468,8.738637841052942,8.760744887687075,6108600
2005-09-08,8.751273155212402,8.827069629963978,8.748115520938798,8.823911393318324,3751800
2005-09-09,8.842859268188477,8.846017504497468,8.76390516757965,8.76390516757965,3328400
2005-09-12,8.864967346191406,8.877600292889765,8.823911474165847,8.830227345142973,3377000
2005-09-13,8.770221710205078,8.861808154408966,8.767063473870877,8.861808154408966,3817800
2005-09-14,8.801806449890137,8.836545856578915,8.760749966023136,8.767066440829167,4094800
2005-09-15,8.776541709899902,8.827072306809864,8.552311659036242,8.643898742418193,3681200
2005-09-16,8.837512969970703,8.875619652544898,8.780353248951997,8.780353248951997,5758400
2005-09-19,8.773994445800781,8.881962579748956,8.754941423834824,8.881962579748956,4599000
2005-09-20,8.640625,8.843859523812277,8.640625,8.824806495409044,6464800
2005-09-21,8.542182922363281,8.627922451435628,8.516778684751268,8.59616700299941,8034400
2005-09-22,8.592991828918457,8.599343040061465,8.500901690084179,8.573938801174267,7041400
2005-09-23,8.599344253540039,8.627924102031725,8.49455167763216,8.539008950537044,4488600
2005-09-26,8.589815139770508,8.678730267501768,8.554884694259991,8.65332603181923,3816200
2005-09-27,8.589815139770508,8.640623611135585,8.545357878747255,8.580288929942528,4579200
2005-09-28,8.61522102355957,8.650152081437213,8.577114965588386,8.60569481190921,12234000
2005-09-29,8.666029930114746,8.672380535854632,8.551710547208785,8.59934342152465,4953200
2005-09-30,8.732710838317871,8.758115063801961,8.653322557969528,8.666024973553828,3216800
2005-10-03,8.697784423828125,8.745417901900895,8.65967836819171,8.742242296317054,2239600
2005-10-04,8.602519035339355,8.85656143571981,8.602519035339355,8.85656143571981,2406800
2005-10-05,8.40563678741455,8.599344520838237,8.40563678741455,8.577115883694852,9584200
2005-10-06,8.361176490783691,8.465969032069165,8.294490603458716,8.424687378822949,9655000
2005-10-07,8.443743705749512,8.488200981355721,8.392935217718142,8.392935217718142,3643400
2005-10-10,8.399283409118652,8.47867171882418,8.392932198977874,8.443740668734632,4445200
2005-10-11,8.408809661865234,8.491373577065518,8.40245845169181,8.459618131883142,4036800
2005-10-12,8.342122077941895,8.450090206224466,8.297664221441378,8.421510371932925,3333000
2005-10-13,8.329421043395996,8.364352092371936,8.250032736221383,8.332596648365147,3084000
2005-10-14,8.358003616333008,8.377056646695433,8.275439677182616,8.342126191978474,3295800
2005-10-17,8.421512603759766,8.424688209043143,8.351650498895,8.351650498895,3554000
2005-10-18,8.332595825195312,8.431037146775179,8.323069011229007,8.41515972918266,2134800
2005-10-19,8.402460098266602,8.411986915393644,8.234157235482856,8.281790109748354,4786400
2005-10-20,8.345300674438477,8.513603530403218,8.313545224319805,8.411986574571337,11547400
2005-10-21,8.421512603759766,8.465969866357506,8.319895657430772,8.335773078162886,4301600
2005-10-24,8.61522102355957,8.61522102355957,8.434215733984272,8.469146791861915,5646800
2005-10-25,8.608872413635254,8.694611366791236,8.561238921600252,8.61522302097958,4373200
2005-10-26,8.678728103637695,8.789871834169157,8.589812998075606,8.589812998075606,11956400
2005-10-27,8.589815139770508,8.732714344037756,8.478671987212378,8.675554662330857,5591400
2005-10-28,8.726365089416504,8.748593724909929,8.60251948841891,8.62157251802972,3665600
2005-10-31,8.75177001953125,8.796227899701696,8.745419412951133,8.796227899701696,5209200
2005-11-01,8.780349731445312,8.818456398753549,8.732716851573715,8.79622776185913,4325200
2005-11-02,8.885141372680664,8.910545612979488,8.761295776934505,8.783524411485367,3250800
2005-11-03,8.856562614440918,8.951828981526246,8.827982764883814,8.916897919693133,10451600
2005-11-04,8.843859672546387,8.885141335728466,8.770822557701628,8.86291270127005,3728400
2005-11-07,8.891491889953613,8.907369311768889,8.605694057484925,8.853385229638207,4549000
2005-11-08,8.847031593322754,8.89148884372229,8.821627363710931,8.87561142734663,3314200
2005-11-09,8.837512969970703,8.920076944143815,8.827986147905863,8.827986147905863,4118200
2005-11-10,8.961358070373535,8.980411713316768,8.80575695378127,8.8438636339826,5356800
2005-11-11,9.08520221710205,9.088377823521855,8.955005382315118,8.980409627988545,2449400
2005-11-14,9.174115180969238,9.285258963621478,9.142360333655645,9.180466392705913,12318400
2005-11-15,9.148709297180176,9.228097612580834,9.136007481672156,9.177289139179194,3006400
2005-11-16,9.164589881896973,9.196344732373538,9.120132000996872,9.14871185097374,4010400
2005-11-17,9.278910636901855,9.291613064324666,9.183644853971076,9.186820460826779,3912800
2005-11-18,9.304308891296387,9.355117356881586,9.256676030520849,9.294782682552091,4365200
2005-11-21,9.36464786529541,9.38370089598436,9.310663773605953,9.332892410357212,4951000
2005-11-22,9.393228530883789,9.41228156322934,9.310664583139761,9.310664583139761,4125600
2005-11-23,9.377349853515625,9.421807124950968,9.35829621802771,9.367823035771668,1970400
2005-11-25,9.43133544921875,9.434510449955669,9.36147331930669,9.36147331930669,388000
2005-11-28,9.40593147277832,9.456739965613334,9.396404653239877,9.456739965613334,3934800
2005-11-29,9.491667747497559,9.5361256204467,9.40910381851754,9.424981846601105,4608800
2005-11-30,9.421808242797852,9.523425221383455,9.405930817025714,9.431335061672115,3130000
2005-12-01,9.605987548828125,9.605987548828125,9.450386500884663,9.450386500884663,5664200
2005-12-02,9.564705848693848,9.599636300508125,9.548827819973845,9.593285089020124,1763600
2005-12-05,9.590110778808594,9.590110778808594,9.53295108267463,9.586935172836162,8654800
2005-12-06,9.659971237182617,9.720306532693554,9.59963594167168,9.631391392239797,4052800
2005-12-07,9.634568214416504,9.707605335966138,9.59646154778609,9.682201093440835,4845800
2005-12-08,9.618690490722656,9.691727610000031,9.58058382527778,9.605988067012731,3228000
2005-12-09,9.593284606933594,9.653619901667877,9.571055973527498,9.653619901667877,2323800
2005-12-12,9.593284606933594,9.653619901667877,9.552002945705821,9.59963581810243,4109800
2005-12-13,9.679025650024414,9.710781105135773,9.561531253502796,9.577408678216011,2833800
2005-12-14,9.625041007995605,9.685376308690696,9.615514795986046,9.656796461292227,2747200
2005-12-15,9.574233055114746,9.672674420668507,9.56788184296678,9.653621389909537,2532800
2005-12-16,9.53774356842041,9.633761489858776,9.528142203600796,9.569749542233199,4028000
2005-12-19,9.492940902709961,9.595359588059905,9.48653958225971,9.537748924934682,2132600
2005-12-20,9.457731246948242,9.560150510233635,9.451330538994355,9.483335910153759,2597400
2005-12-21,9.640165328979492,9.643365377781178,9.505740692165283,9.505740692165283,2985600
2005-12-22,9.739383697509766,9.74258435689742,9.659369044208454,9.665770362983766,3076600
2005-12-23,9.7681884765625,9.777789843726442,9.72337985809858,9.736182494934935,3335800
2005-12-27,9.707379341125488,9.84500466554491,9.69457731189251,9.812998676767272,5606400
2005-12-28,9.790594100952148,9.796995420429774,9.723381467363923,9.723381467363923,1633200
2005-12-29,9.774589538574219,9.832199571436623,9.745784216911364,9.76818822032396,1846000
2005-12-30,9.691373825073242,9.736181830013727,9.681771848101732,9.736181830013727,1436400
2006-01-03,9.896206855773926,9.925012163822545,9.636959693799371,9.636959693799371,11209200
2006-01-04,9.957016944885254,9.957016944885254,9.860999059325545,9.860999059325545,6215000
2006-01-05,9.941019058227539,9.960223012047946,9.883408417692877,9.960223012047946,3371000
2006-01-06,10.046637535095215,10.085044829110098,9.985826851061226,10.011431510250071,1670600
2006-01-09,10.043436050415039,10.078642682828013,10.021032051775212,10.053038025744899,1767600
2006-01-10,9.979426383972168,10.001830386363496,9.81619643881112,9.976225724992938,5776800
2006-01-11,9.902613639831543,9.973026314801592,9.896212321071532,9.921816985648219,5579800
2006-01-12,9.764986991882324,9.899411614984016,9.764986991882324,9.899411614984016,4073600
2006-01-13,9.787391662597656,9.828999010714272,9.668969715635525,9.668969715635525,2547800
2006-01-17,9.796993255615234,9.828998625004377,9.713777952184227,9.729780636878798,2466600
2006-01-18,9.700976371765137,9.780991024872156,9.668970388429658,9.76178767905621,3615200
2006-01-19,9.803398132324219,9.851407427751514,9.732985435074962,9.745788076645855,5776000
2006-01-20,9.636962890625,9.841800162064452,9.630561573276712,9.793791502878733,6695800
2006-01-23,9.7681884765625,9.796993798980976,9.63376384209739,9.63376384209739,3458000
2006-01-24,9.877007484436035,9.889809509560383,9.764986864897473,9.764986864897473,7155000
2006-01-25,9.925017356872559,10.005032007659539,9.893011374465098,9.969825365964999,3743200
2006-01-26,10.043436050415039,10.113849315240987,9.941017422082583,10.113849315240987,4689200
2006-01-27,10.113847732543945,10.133051069735393,10.02743179948781,10.07864110564039,4160200
2006-01-30,10.142657279968262,10.161860625180601,10.091447952426467,10.104249979080247,9871800
2006-01-31,10.158662796020508,10.219474118341672,10.097851473699345,10.155462135849552,4498600
2006-02-01,10.187461853027344,10.206665191762976,10.113848545821481,10.193863169426931,3212000
2006-02-02,10.03703784942627,10.241875157222452,10.027435871699574,10.17786319330448,7185000
2006-02-03,9.94742202758789,10.043439370777119,9.931419340544146,10.02423602423195,5592200
2006-02-06,10.126651763916016,10.136253739649202,10.008230448856075,10.021032472703785,5807400
2006-02-07,9.861004829406738,10.104249427175665,9.761786839021816,10.069042787489952,12205800
2006-02-08,9.877007484436035,9.89621082735419,9.78419020781563,9.857803531054614,4834800
2006-02-09,9.909010887145996,10.043435481838124,9.8866068897745,9.91541220367018,4237800
2006-02-10,9.88980770111084,9.941017013170635,9.748981787714829,9.896209017734103,5821600
2006-02-13,9.790594100952148,9.918617438187544,9.771390752982695,9.841803435846307,8823800
2006-02-14,10.053041458129883,10.065844096274201,9.803395508486139,9.803395508486139,6714800
2006-02-15,10.008230209350586,10.222669445221062,9.921814261209532,10.065840841444622,5347600
2006-02-16,10.139457702636719,10.139457702636719,9.985829703618199,9.985829703618199,5289400
2006-02-17,10.129854202270508,10.171462160628137,10.101048880473169,10.158659524067847,3603000
2006-02-21,10.133055686950684,10.209869681180521,10.091448335666616,10.193866994639732,4361800
2006-02-22,10.174663543701172,10.235474240299327,10.139456901118717,10.16826222496557,3905800
2006-02-23,10.12345027923584,10.222668855659297,10.104246939799719,10.17786024969081,4972800
2006-02-24,10.152257919311523,10.184263899345792,10.091447228756039,10.165060555510548,3897000
2006-02-27,10.069038391113281,10.174658264054324,10.069038391113281,10.113846988547886,3942600
2006-02-28,9.941019058227539,10.065842316207068,9.941019058227539,10.05944099826693,11057400
2006-03-01,10.094646453857422,10.110649136369721,9.931416528286494,9.931416528286494,2129400
2006-03-02,10.155460357666016,10.168262996108147,10.008233678361895,10.06584433042469,5779000
2006-03-03,10.158662796020508,10.206671477657846,10.097851473699345,10.107453454212214,3101000
2006-03-06,10.02103328704834,10.17146120010987,9.985827260758766,10.17146120010987,5202000
2006-03-07,9.925017356872559,10.017834034344519,9.886610055890939,10.011433326233698,12488000
2006-03-08,9.864206314086914,9.941020307632824,9.761787656025698,9.941020307632824,12771600
2006-03-09,9.845002174377441,10.005031467308552,9.838600856149004,9.90581347662099,5736800
2006-03-10,10.02103328704834,10.049838606125515,9.851402641886363,9.870605984450062,8427800
2006-03-13,10.043436050415039,10.085043999714586,10.011430686908529,10.037035343991644,2971200
2006-03-14,10.229070663452148,10.229070663452148,10.033835368822162,10.046637393003909,10421600
2006-03-15,10.35069751739502,10.357098837356196,10.168264171745797,10.28988680915426,20683600
2006-03-16,10.366694450378418,10.433906441258634,10.337889137011716,10.373095766785047,5993000
2006-03-17,10.353185653686523,10.420728340722075,10.353185653686523,10.420728340722075,3686400
2006-03-20,10.330678939819336,10.40787010942417,10.28565126876319,10.375706610875481,5121200
2006-03-21,10.179511070251465,10.378920406194915,10.179511070251465,10.324243088807489,10443200
2006-03-22,10.285642623901367,10.301723746203864,10.182721968872201,10.182721968872201,7977000
2006-03-23,10.314597129821777,10.34032792697892,10.22454179359565,10.282434246831317,6414600
2006-03-24,10.308160781860352,10.353188434035445,10.25991678117907,10.311377743822288,3093200
2006-03-27,10.378921508789062,10.388569942977629,10.304947317215913,10.304947317215913,5005200
2006-03-28,10.292083740234375,10.459330248242622,10.288867390450832,10.356409508993238,6136200
2006-03-29,10.465757369995117,10.481838496886262,10.314592078013419,10.314592078013419,5956400
2006-03-30,10.504352569580078,10.620138649006423,10.456107960848646,10.51721796216331,5902000
2006-03-31,10.40464973449707,10.4593270506455,10.375703208750634,10.446461655444503,5491400
2006-04-03,10.533303260803223,10.649089386082833,10.475410198163416,10.520437863125077,4854800
2006-04-04,10.549381256103516,10.575112043805142,10.491488210686345,10.549381256103516,7378200
2006-04-05,10.694112777709961,10.694112777709961,10.514000962923598,10.613705914719661,7297000
2006-04-06,10.716628074645996,10.745574598378877,10.629788503447353,10.716628074645996,5206600
2006-04-07,10.55259895324707,10.752007664182008,10.55259895324707,10.710195744709473,6347000
2006-04-10,10.549381256103516,10.639437786147719,10.530084392238784,10.613706998446093,5306400
2006-04-11,10.472189903259277,10.739140040852128,10.472189903259277,10.697328130056386,4495600
2006-04-12,10.542949676513672,10.565463504682853,10.485056624961029,10.53330124355877,2658800
2006-04-13,10.597627639770508,10.703764089489573,10.472193096051754,10.703764089489573,8089800
2006-04-17,10.690896034240723,10.716625589975875,10.636218734572747,10.645867164609525,4429800
2006-04-18,10.983575820922852,10.99322424997761,10.710191804230508,10.710191804230508,8221200
2006-04-19,11.057555198669434,11.067203632283809,10.890308730187272,10.983581011498579,3251400
2006-04-20,10.954634666442871,11.067203816860337,10.880660478038292,11.063988081239147,9063000
2006-04-21,11.063983917236328,11.099361903401565,10.954630543595911,10.954630543595911,4655800
2006-04-24,11.02539348602295,11.03825888419083,10.9385538887576,11.015745050852988,3379400
2006-04-25,10.948203086853027,11.102584177589211,10.90317542208562,11.09615147877789,6797200
2006-04-26,10.944986343383789,11.035042901635633,10.909607112668265,10.919256774534599,4427200
2006-04-27,10.726271629333496,10.916031814867438,10.694109385105087,10.742353978358672,16766000
2006-04-28,10.774521827697754,10.819549483806155,10.73592686916364,10.80668408865758,13160400
2006-05-01,10.845280647277832,10.94498439583096,10.800252989620077,10.822766818448954,4238200
2006-05-02,10.951412200927734,10.957844895849465,10.854924230923965,10.854924230923965,6704400
2006-05-03,10.954634666442871,10.973931533993454,10.877443515505382,10.964283100218163,5778600
2006-05-04,11.063983917236328,11.11544425618998,10.954630543595911,11.038253134303872,4051400
2006-05-05,11.141176223754883,11.150824655987359,11.067202047179013,11.125095094396915,5568600
2006-05-08,11.182990074157715,11.218369301006076,11.157259281209186,11.16047624378362,4338200
2006-05-09,11.256959915161133,11.273041041086254,11.163687667119666,11.228013397731411,5280600
2006-05-10,11.26017951965332,11.266612217616508,11.163691504028849,11.26017951965332,9409400
2006-05-11,11.105796813964844,11.3695312570628,11.0800672528124,11.36631552201056,9712400
2006-05-12,10.867794036865234,11.080068147894963,10.848495944258312,11.0543373577524,19667000
2006-05-15,10.726271629333496,10.809895427384912,10.594404464939466,10.690893651446634,15744400
2006-05-16,10.729494094848633,10.835630536786228,10.571896072684808,10.835630536786228,10700400
2006-05-17,10.44002914428711,10.723061709205497,10.388568789475732,10.658735958963367,12605400
2006-05-18,10.330678939819336,10.530088950085151,10.317814767311878,10.50757388764506,6915800
2006-05-19,10.37248706817627,10.414298987490204,10.205240617832102,10.259917318388627,16975000
2006-05-22,10.147348403930664,10.263134511924413,9.983318902213965,10.13126727268968,18024400
2006-05-23,10.169861793518066,10.388567977647424,10.169861793518066,10.29207997328023,12590600
2006-05-24,10.124833106994629,10.250268243621898,9.954370932111429,10.099102932665707,9240000
2006-05-25,10.298510551452637,10.33710549987584,10.189157175160823,10.221320041150587,8627600
2006-05-26,10.472189903259277,10.48827102990031,10.330673044231018,10.427161030988538,8946000
2006-05-30,10.224540710449219,10.465761387139775,10.224540710449219,10.465761387139775,5977600
2006-05-31,10.340326309204102,10.420733197372371,10.269567855004265,10.288865336397006,7760800
2006-06-01,10.452893257141113,10.472191347919354,10.230970120837277,10.2759983858641,8201600
2006-06-02,10.55259895324707,10.571895818456262,10.47219207644458,10.565463121082674,7415800
2006-06-05,10.237401008605957,10.539730962690706,10.234184660711312,10.478622193059335,7279600
2006-06-06,10.15056324005127,10.21167263387989,10.060507936994084,10.21167263387989,10697600
2006-06-07,9.91899299621582,10.179511121697958,9.91899299621582,10.179511121697958,11128400
2006-06-08,9.886829376220703,9.954371470899734,9.545904394545722,9.94472242495822,27221600
2006-06-09,9.835367202758789,10.031560139700678,9.812853379855097,9.906125019521204,8174600
2006-06-12,9.680985450744629,9.93828714099171,9.674552755124546,9.902908541992499,8845400
2006-06-13,9.516958236694336,9.722799650394409,9.452632488185163,9.616662594773333,18360600
2006-06-14,9.642394065856934,9.671340595226193,9.46228280469168,9.561987176154746,10272400
2006-06-15,9.964015007019043,9.996177864229985,9.748524661197854,9.751741008264496,14281800
2006-06-16,9.904762268066406,9.982471998875763,9.846479815563878,9.982471998875763,9627200
2006-06-19,9.707250595092773,9.930666478919218,9.658682085804095,9.859432706467963,24094800
2006-06-20,9.749343872070312,9.843242908801702,9.694299396199458,9.778485101506769,7023400
2006-06-21,9.985712051391602,10.050470482613736,9.759058159696297,9.768772109654268,26130200
2006-06-22,9.93390941619873,10.00514322417626,9.878864913530782,9.985715934288281,6109800
2006-06-23,10.018091201782227,10.086086998298844,9.898288290075875,9.904764256672363,5155200
2006-06-26,10.047234535217285,10.053709885585896,9.972762138946452,10.021331280995955,6167400
2006-06-27,9.920952796936035,10.07637289545608,9.904763499264963,10.040755699481178,8590800
2006-06-28,9.946859359741211,9.966287264521716,9.865911609236077,9.946859359741211,3688400
2006-06-29,10.345123291015625,10.345123291015625,10.018094288128825,10.018094288128825,12453000
2006-06-30,10.393691062927246,10.429308272119618,10.338647183386087,10.393691062927246,4199400
2006-07-03,10.516730308532715,10.529682243465732,10.42606923433059,10.439021169263608,4472400
2006-07-05,10.390450477600098,10.458446273087139,10.328930031029328,10.458446273087139,11432000
2006-07-06,10.380739212036133,10.46816292442281,10.351597356991627,10.390452546135354,7682000
2006-07-07,10.299789428710938,10.406640412135259,10.251220912169373,10.328930662152315,5138000
2006-07-10,10.32569408416748,10.383976558983244,10.260936259158406,10.328932068055277,3573400
2006-07-11,10.31274127960205,10.32893057912504,10.192938363352491,10.251220829766753,4272400
2006-07-12,10.238269805908203,10.374262025562542,10.205890588355796,10.351596140968313,5551000
2006-07-13,9.950096130371094,10.192939352269667,9.933906829277422,10.192939352269667,12430800
2006-07-14,9.966288566589355,9.992191825431894,9.817344365057957,9.930671354087464,6587200
2006-07-17,9.833531379699707,9.950095701227722,9.810865494530987,9.898289198863665,6985800
2006-07-18,9.875621795654297,9.930666269710407,9.755818898856141,9.878859778549607,7360200
2006-07-19,10.141134262084961,10.199416742282606,9.924194262228355,9.937146198975537,11064800
2006-07-20,9.859434127807617,10.257696826003423,9.859434127807617,10.244744892282165,9373800
2006-07-21,9.729921340942383,9.901530829216389,9.704018080220123,9.901530829216389,9195000
2006-07-24,9.875621795654297,9.904763024130007,9.687823110800874,9.794674076017785,13622800
2006-07-25,10.027807235717773,10.06342444401203,9.840008476899351,9.95657343671159,8225000
2006-07-26,10.005141258239746,10.037520480079039,9.93390746425913,10.03428249613688,10437200
2006-07-27,9.784964561462402,10.05047372095659,9.772013241594259,10.027807830418194,6234800
2006-07-28,9.963048934936523,9.972762269407655,9.784963519450702,9.840008012588893,10654800
2006-07-31,10.005141258239746,10.0569477661497,9.91771754454834,9.91771754454834,6326400
2006-08-01,9.924190521240234,10.005138242649341,9.878859994877406,10.005138242649341,5716000
2006-08-02,10.082849502563477,10.154083903405091,9.96628518610099,9.96628518610099,7524200
2006-08-03,10.144371032714844,10.18646358694304,10.005140817250236,10.037520037662373,8609000
2006-08-04,10.095803260803223,10.299791314662059,10.04723473536848,10.247984805187361,4422200
2006-08-07,10.144371032714844,10.176750253126983,10.073137241873951,10.115229796102147,4216600
2006-08-08,10.037520408630371,10.192939931253932,10.008379170940668,10.118468153861262,13830400
2006-08-09,10.047234535217285,10.154085536078057,10.014855313045048,10.108754378004008,7627200
2006-08-10,10.073134422302246,10.137892227417897,9.985710736934923,10.099037667864923,7596000
2006-08-11,9.959807395935059,10.108750902097725,9.946855464486783,10.027803183292255,10213800
2006-08-14,9.93390941619873,10.053711757687413,9.927433447041935,9.966288644400302,6692000
2006-08-15,10.144371032714844,10.144371032714844,9.98571353203586,9.992189499634739,6551800
2006-08-16,10.322453498840332,10.322453498840332,10.189699280808497,10.189699280808497,11645200
2006-08-17,10.25770378112793,10.328937612147598,10.22208655682679,10.296558373472253,8059000
2006-08-18,10.25770378112793,10.29332100542907,10.17999397885667,10.247989824250544,2420000
2006-08-21,10.25770378112793,10.29332100542907,10.215610585575199,10.26417975237952,1990800
2006-08-22,10.286839485168457,10.322456072674402,10.251222280080235,10.251222280080235,3841400
2006-08-23,10.270650863647461,10.348360633819876,10.231796287352429,10.312744041813158,5244000
2006-08-24,10.189701080322266,10.3062660211629,10.176749763330102,10.273886802309143,3803000
2006-08-25,10.22208023071289,10.254459449349785,10.183225662414397,10.186463028454082,3248600
2006-08-28,10.212367057800293,10.241507675690661,10.160559936618364,10.183225822327687,4115400
2006-08-29,10.254460334777832,10.277125604506038,10.134657400751525,10.238271032852623,7511400
2006-08-30,10.25770378112793,10.303034344723844,10.244751838624747,10.296558373472253,3486600
2006-08-31,10.306264877319336,10.348357424850006,10.273885662059193,10.296550927466644,1948600
2006-09-01,10.422828674316406,10.47139780360567,10.299788403486199,10.315978319109998,5894800
2006-09-05,10.48435115814209,10.519968359763228,10.426068689155578,10.426068689155578,7003400
2006-09-06,10.354835510253906,10.439021857706019,10.345122175995808,10.41311798613165,7681800
2006-09-07,10.241504669189453,10.312739053914104,10.205888094409184,10.280359844273994,5998200
2006-09-08,10.280364036560059,10.31598124344692,10.19941628824069,10.19941628824069,5621400
2006-09-11,10.005141258239746,10.21560527382172,9.959810718214108,10.21560527382172,15488200
2006-09-12,10.121707916259766,10.128183885235874,10.001904960531336,10.00514294501939,10491200
2006-09-13,10.192940711975098,10.235033888565338,10.0958036572908,10.118468928878313,3942400
2006-09-14,10.160557746887207,10.189698976079502,10.121703186352217,10.17350967878694,5343800
2006-09-15,10.151769638061523,10.220164322840224,10.151769638061523,10.18433880180596,8517600
2006-09-18,10.275527000427246,10.3504362290326,10.168049244225044,10.19410443902543,6680400
2006-09-19,10.145252227783203,10.27227186103046,10.115940052511139,10.262500928871464,10681200
2006-09-20,10.233195304870605,10.27879177506018,10.128974446605685,10.128974446605685,15562000
2006-09-21,10.141998291015625,10.272274940706765,10.128970998769574,10.16154016119236,5910600
2006-09-22,10.13222599029541,10.190850346919701,10.089885901086763,10.096399856535013,4985800
2006-09-25,10.187594413757324,10.200621704784567,9.988923100650247,10.128970051122119,6461400
2006-09-26,10.389519691467285,10.402547600699819,10.177821136077847,10.177821136077847,6697600
2006-09-27,10.366722106933594,10.44488770350517,10.29832744288532,10.438373748489637,9570800
2006-09-28,10.396034240722656,10.418832461978713,10.343923843221686,10.386263308239373,3706200
2006-09-29,10.304839134216309,10.386261695317776,10.304839134216309,10.356949523624861,5528600
2006-10-02,10.324381828308105,10.37649222191683,10.242959260643861,10.259243525694753,3764400
2006-10-03,10.187594413757324,10.25273211130363,10.171309523466965,10.25273211130363,9365000
2006-10-04,10.203873634338379,10.226671848260112,10.086624967078327,10.145249300708352,10924400
2006-10-05,10.366722106933594,10.383006373267486,10.210390913790445,10.210390913790445,3994400
2006-10-06,10.415576934814453,10.422090890710352,10.073602325945028,10.073602325945028,4680200
2006-10-09,10.50025749206543,10.565394568518277,10.428605217075182,10.43837553006109,5063800
2006-10-10,10.549105644226074,10.55236324205724,10.422086661820662,10.477453400855003,3724800
2006-10-11,10.454655647277832,10.506766033191376,10.366719759301729,10.467683554358619,9303800
2006-10-12,10.562135696411133,10.57841996164644,10.470942817165582,10.49374103697697,5047200
2006-10-13,10.666359901428223,10.711956355656332,10.568653036309394,10.578423350098218,5525200
2006-10-16,10.744527816772461,10.764068447401462,10.695673755379183,10.698930113013885,3205600
2006-10-17,10.6696138381958,10.75755036957776,10.584934905611274,10.75755036957776,5711200
2006-10-18,10.630531311035156,10.767321884604385,10.610990687960916,10.764064285818737,4159600
2006-10-19,10.702179908752441,10.724978122801486,10.614243407816344,10.63704162186539,5616800
2006-10-20,10.643559455871582,10.708697766510722,10.64030185701416,10.685899544148514,5116600
2006-10-23,10.711952209472656,10.71520980774817,10.610989026306573,10.610989026306573,6448000
2006-10-24,10.835716247558594,10.84874415751751,10.695669321524932,10.715211186463305,8030000
2006-10-25,10.825942993164062,10.891080040430799,10.760804703487787,10.832455703963106,5584200
2006-10-26,10.848745346069336,10.887827837817955,10.770579120162084,10.874799926431743,5656400
2006-10-27,10.874799728393555,10.972506577190794,10.799891102902006,10.829203281782176,6704400
2006-10-30,10.904107093811035,10.936676857305983,10.82594214624204,10.89433678596727,7657000
2006-10-31,10.923653602600098,10.933423914603525,10.855258933756174,10.913882048186702,1699200
2006-11-01,10.838973999023438,11.01810467799134,10.81617577486571,10.923654182246452,5713400
2006-11-02,10.874799728393555,10.907369506265962,10.786863191753042,10.812919014050967,4536000
2006-11-03,10.838973999023438,10.965993031447924,10.829203686501565,10.913882627314544,8653600
2006-11-06,10.972514152526855,10.998569992813525,10.88132119634521,10.904119435390621,5431200
2006-11-07,10.936676979064941,11.050668046542729,10.936676979064941,11.034383785818681,4378400
2006-11-08,10.962732315063477,10.985530530154765,10.865025501470877,10.959475959654526,3360800
2006-11-09,11.083237648010254,11.141861986257108,10.969246569424467,10.969246569424467,3042000
2006-11-10,10.975765228271484,11.057187817142326,10.913883265587176,11.057187817142326,4717000
2006-11-13,11.083237648010254,11.083237648010254,10.910622231177612,10.936678044802692,2541000
2006-11-14,11.079983711242676,11.109295886764873,10.982276873638636,11.106038288145825,4047400
2006-11-15,11.125580787658691,11.151636608458906,11.014846034077612,11.05067216647295,9802600
2006-11-16,11.066960334777832,11.249347417447725,11.060446377281368,11.249347417447725,3134600
2006-11-17,11.018102645874023,11.079983351116345,10.972504963558317,11.008331092744326,13519400
2006-11-20,11.2298002243042,11.301452480406258,11.184203785842806,11.242828133124531,9326000
2006-11-21,11.259117126464844,11.268887440978473,11.174438168389386,11.184208482903015,5814400
2006-11-22,11.415443420410156,11.415443420410156,11.294938371494869,11.314480234458058,4522800
2006-11-24,11.425217628479004,11.425217628479004,11.360079312539058,11.382877536756533,1311600
2006-11-27,11.236316680908203,11.399161850196728,11.216774813325964,11.37961998261449,6874000
2006-11-28,11.28191089630127,11.291681206953362,11.197231971693608,11.2070022823457,7285400
2006-11-29,11.376359939575195,11.37961629524538,11.268881566314468,11.272139164394295,2838600
2006-11-30,11.39915943145752,11.425215249371831,11.320993220124365,11.376361211987387,3316000
2006-12-01,11.307966232299805,11.399159107589401,11.220029712952089,11.369846934473497,8487400
2006-12-04,11.474069595336914,11.490353862529672,11.343794215384914,11.347050571859485,7015200
2006-12-05,11.522926330566406,11.558752472203826,11.457788004172027,11.47081591793295,6581600
2006-12-06,11.47732162475586,11.555486566314883,11.464293720359574,11.50663378844283,1758200
2006-12-07,11.54897689819336,11.601087292699434,11.506638056813916,11.54572054209102,3971600
2006-12-08,11.578291893005371,11.584805849206532,11.51966752960503,11.539209398208515,1174000
2006-12-11,11.535948753356934,11.607601010243055,11.535948753356934,11.604344654207223,14063800
2006-12-12,11.405672073364258,11.480580677632705,11.343791376553709,11.464296414515154,6589400
2006-12-13,11.474069595336914,11.474069595336914,11.405674927681368,11.43824346206688,5515000
2006-12-14,11.55875015258789,11.568520464742752,11.425217169361487,11.45127174924445,5522600
2006-12-15,11.645671844482422,11.685183087042034,11.57323707845612,11.57323707845612,11078600
2006-12-18,11.527139663696289,11.645670869451475,11.523847688425189,11.642378894180375,6902600
2006-12-19,11.612749099731445,11.622626284102054,11.457999845924972,11.457999845924972,7093400
2006-12-20,11.55677604675293,11.635797293746162,11.55677604675293,11.573239696209933,1906200
2006-12-21,11.418488502502441,11.635795324965294,11.359222891285308,11.573237738013832,12633400
2006-12-22,11.35593032836914,11.448120716162276,11.323004292728854,11.44482748459833,4232800
2006-12-26,11.454703330993652,11.461288536631422,11.388852530615509,11.405314916710157,759200
2006-12-27,11.566649436950684,11.586403798072999,11.484336249608877,11.533723408414223,2260000
2006-12-28,11.550188064575195,11.606160434001174,11.52384723943379,11.606160434001174,2766600
2006-12-29,11.471161842346191,11.540304594188328,11.451406232105956,11.540304594188328,1049400
2007-01-03,11.395441055297852,11.54360508530315,11.339467419073664,11.474461033967401,7635600
2007-01-04,11.342761993408203,11.38556521958712,11.270325957720816,11.38556521958712,8948800
2007-01-05,11.267030715942383,11.34605068106196,11.188009494823106,11.316417880142195,13999200
2007-01-08,11.267030715942383,11.290078310435568,11.20776511410285,11.273615922368965,6679000
2007-01-09,11.270323753356934,11.32958936078211,11.18471857374269,11.2933713500223,7707800
2007-01-10,11.349343299865723,11.355928505936967,11.201179303261805,11.227518871547149,8673800
2007-01-11,11.471161842346191,11.507379833120394,11.342753515782475,11.362507870023585,7327200
2007-01-12,11.59957504272461,11.642378254896927,11.45470427475631,11.45470427475631,6262800
2007-01-16,11.629206657409668,11.662131428956318,11.589696680353784,11.632499888164048,4129800
2007-01-17,11.668717384338379,11.681887796203226,11.596282631080932,11.632500635709459,6434000
2007-01-18,11.59957504272461,11.718106241971244,11.583112655273611,11.685181467069247,3644600
2007-01-19,11.777373313903809,11.790543727910926,11.606161699810738,11.6423797103304,21810800
2007-01-22,11.65555191040039,11.803714694685139,11.62591910234344,11.803714694685139,6688800
2007-01-23,11.803709030151367,11.81029423500382,11.642375907264167,11.688471085231939,4842600
2007-01-24,11.92553424835205,11.945288608255781,11.7905406796788,11.797125884979872,8075800
2007-01-25,11.886028289794922,12.011144734024354,11.833347880014115,12.011144734024354,7942000
2007-01-26,11.879444122314453,11.905783698727557,11.770790072610348,11.905783698727557,6730400
2007-01-29,11.833344459533691,11.90907244820409,11.807004890256879,11.8893180852464,5660000
2007-01-30,11.8662748336792,11.87286004240823,11.79713202602461,11.84322723112767,6068600
2007-01-31,11.935413360595703,12.067114975940083,11.830052570720074,11.849808189821639,7902600
2007-02-01,12.080286026000977,12.109918831297785,12.04736124500447,12.060531659803027,3460600
2007-02-02,12.060529708862305,12.080284071864739,11.974923282519478,12.057236477695444,13602000
2007-02-05,12.011147499084473,12.103337923423831,12.001270312476779,12.083583550208443,6067200
2007-02-06,12.09345531463623,12.109917703601477,12.030897734168386,12.053945329919685,8626600
2007-02-07,12.09345531463623,12.152720919710934,12.070407718884931,12.09345531463623,24493600
2007-02-08,12.106622695922852,12.129670285901536,12.040771900555418,12.067112721102173,25792200
2007-02-09,12.050654411315918,12.172478876239063,12.044070459266027,12.13296762793966,8003200
2007-02-12,12.100041389465332,12.142844608645444,12.050652963026755,12.073700560431464,5516200
2007-02-13,12.343690872192383,12.356860032670546,12.17906443421489,12.19881880293216,30785800
2007-02-14,12.419410705566406,12.42928788342156,12.337097540775535,12.370022304292196,10457600
2007-02-15,12.47868537902832,12.485269331730594,12.402956106950723,12.429296941760345,7286400
2007-02-16,12.416126251220703,12.511609891304898,12.416126251220703,12.458929478844672,4864600
2007-02-20,12.518195152282715,12.531365569452948,12.399663909750824,12.442467137554031,6671800
2007-02-21,12.597213745117188,12.689405399076207,12.449050964397282,12.478683771741258,7654000
2007-02-22,12.593920707702637,12.742084731934405,12.557702695557108,12.692696305190527,5853400
2007-02-23,12.643314361572266,12.679531132691027,12.524783093182464,12.603803101442073,9463800
2007-02-26,12.758548736572266,12.893542363286965,12.705868327512873,12.824399561896515,8082800
2007-02-27,12.241618156433105,12.524775741150975,11.99138534649653,12.50502012268241,18486200
2007-02-28,12.254789352416992,12.32722411276784,12.090162955983661,12.264666534283078,16951000
2007-03-01,12.202113151550293,12.3140591898581,11.35264005097926,12.017731071984446,15466200
2007-03-02,12.001267433166504,12.198818653926434,11.958464208135176,12.198818653926434,11889200
2007-03-05,11.843222618103027,12.00126379804106,11.797127430954392,11.886024574169818,12049800
2007-03-06,12.083579063415527,12.126382282822682,11.918952649080165,11.918952649080165,12724600
2007-03-07,12.024313926696777,12.13955191886395,12.021020694920622,12.030899134249175,21999000
2007-03-08,12.14284610748291,12.267961292837658,11.971634465629027,12.103334859055082,20080600
2007-03-09,12.284421920776367,12.317346697038015,12.205400699348829,12.215277881027381,4042400
2007-03-12,12.323932647705078,12.376613046504787,12.215278618680799,12.215278618680799,4761800
2007-03-13,12.024313926696777,12.337104377436136,11.997973096487188,12.264668350359676,14996800
2007-03-14,12.100041389465332,12.159306998791683,11.830054171867456,12.034190572880515,14061200
2007-03-15,12.330514907836914,12.402949653876362,12.182350929120684,12.20539851958771,12262800
2007-03-16,12.23095989227295,12.336455946017123,12.148541021684554,12.329863543068752,13679800
2007-03-19,12.412275314331055,12.412275314331055,12.24743766743482,12.362823517217606,9540000
2007-03-20,12.46502685546875,12.504587549841741,12.36612323311857,12.379310550446835,5469200
2007-03-21,12.606785774230957,12.62656549010357,12.415573470051443,12.46172781723639,10007200
2007-03-22,12.547446250915527,12.613380325215825,12.521071615105926,12.596896806640752,2523800
2007-03-23,12.600192070007324,12.600192070007324,12.49469606036971,12.527663091777102,7180400
2007-03-26,12.689204216003418,12.722171246506853,12.468321087273278,12.62656509739065,7396800
2007-03-27,12.550742149353027,12.695798869977185,12.52766497238127,12.659535633030014,6172200
2007-03-28,12.42546558380127,12.577117226155913,12.395794746994042,12.577117226155913,14652200
2007-03-29,12.521072387695312,12.840857949753312,12.395795375093424,12.840857949753312,9755800
2007-03-30,12.544151306152344,12.639757493701342,12.415578074847463,12.560634828030283,11558800
2007-04-02,12.540849685668945,12.567223057754765,12.451837196857625,12.534256028244599,4248200
2007-04-03,12.67602252960205,12.722176895846554,12.57052647601114,12.57052647601114,6530000
2007-04-04,12.69579792022705,12.72876621172885,12.672720744981659,12.676018202937703,4702400
2007-04-05,12.679311752319336,12.695795265818033,12.63975106840017,12.682609209585955,3154800
2007-04-09,12.873822212219238,12.873822212219238,12.758436342349446,12.758436342349446,8681200
2007-04-10,12.73205852508545,12.834258311122717,12.732058525085451,12.82107099854797,3693800
2007-04-11,12.67602252960205,12.824376747968067,12.629868163357548,12.824376747968067,9888200
2007-04-12,12.788107872009277,12.791404072351837,12.65294102095322,12.68590805482573,8429800
2007-04-13,12.817778587341309,12.824372245577353,12.699095254315933,12.788107754084965,3594200
2007-04-16,12.98921012878418,12.98921012878418,12.837558502241896,12.847449618554228,4031800
2007-04-17,12.867230415344238,12.943055606170233,12.847450696283795,12.92327588710979,5727000
2007-04-18,12.797998428344727,12.867229957818264,12.765031392674986,12.830965464014469,5452200
2007-04-19,12.751843452453613,12.784810486512963,12.616676600631497,12.676018268027716,7356000
2007-04-20,12.883715629577637,12.903495349310827,12.824373955154297,12.857340993117537,6309000
2007-04-23,12.880419731140137,12.96283859364173,12.854046349097885,12.923277891772335,5022800
2007-04-24,12.827666282653809,12.906788910531526,12.73865379789569,12.890304138915518,11312200
2007-04-25,13.03207015991211,13.055147340845377,12.887013414386997,12.887013414386997,4172600
2007-04-26,12.979317665100098,13.028769468692994,12.89030517319985,12.985911322753259,4570000
2007-04-27,12.9694242477417,12.979314102701194,12.847444758666656,12.919972457721709,5872400
2007-04-30,12.73205852508545,12.995798488523649,12.732058525085451,12.956237808410757,6300000
2007-05-01,12.679311752319336,12.755136920502517,12.57051955713876,12.722169893505123,8152200
2007-05-02,12.830964088439941,12.867228578355913,12.67601752826942,12.682611186218837,4752200
2007-05-03,12.873822212219238,12.93316387604132,12.817778006171528,12.90679050190465,3271200
2007-05-04,12.98921012878418,13.035364479535936,12.916681144681858,12.966132953408303,3975400
2007-05-07,13.160637855529785,13.190308683923588,12.946349657229229,12.946349657229229,6196000
2007-05-08,13.170536041259766,13.170536041259764,13.038665342572964,13.170536041259764,10947000
2007-05-09,13.226580619812012,13.229878079052906,13.10460103775552,13.10460103775552,11946600
2007-05-10,12.972724914550781,13.180420743507598,12.952945197819831,13.157343568913696,14010400
2007-05-11,13.124380111694336,13.150753493724931,12.999103088615904,13.025476470646499,7986800
2007-05-14,13.107889175415039,13.183715599960589,13.005690638839763,13.13756000226851,5142200
2007-05-15,13.19031047821045,13.25294960090238,13.078220806543067,13.101299238532297,7168600
2007-05-16,13.236467361450195,13.236467361450195,13.091409385527623,13.190311750630956,5715800
2007-05-17,13.229870796203613,13.285914996325118,13.134264652642957,13.137560852457122,6542800
2007-05-18,13.27932357788086,13.325477928729622,13.236466685013715,13.236466685013715,6388400
2007-05-21,13.299103736877441,13.358445400787891,13.272729105089837,13.276026562869118,8148800
2007-05-22,13.21998119354248,13.325477206223022,13.219981193542482,13.299103831858723,4164800
2007-05-23,13.27932357788086,13.388117054263006,13.246356543735097,13.269433719159478,14445400
2007-05-24,13.137566566467285,13.37823075875547,13.084818543217894,13.269437253396804,11932600
2007-05-25,13.292509078979492,13.292509078979492,13.137561272912675,13.137561272912675,5872000
2007-05-29,13.249654769897461,13.318887564367623,13.190313093272712,13.29581038541488,6117800
2007-05-30,13.4177885055542,13.424382164209154,13.130971270928557,13.18042182442302,10885600
2007-05-31,13.483721733093262,13.546359594135707,13.440863587321271,13.460644560203328,7053400
2007-06-01,13.671643257141113,13.671643257141113,13.5166953711819,13.5166953711819,4435000
2007-06-04,13.589216232299805,13.602402288480025,13.526577120595032,13.602402288480025,3991400
2007-06-05,13.543061256408691,13.58591813780429,13.47053229156783,13.569434625143568,8460400
2007-06-06,13.368332862854004,13.500203482933117,13.322178523109745,13.496906025744849,10731200
2007-06-07,13.068339347839355,13.378235187426634,13.008997644838066,13.302408699893052,16667000
2007-06-08,13.318885803222656,13.318885803222656,12.956242132066594,13.117783620987234,12843800
2007-06-11,13.203497886657715,13.27272941027455,13.078220898009379,13.246356035492196,7229200
2007-06-12,13.041956901550293,13.233167944768942,13.03865944388819,13.094704905639398,10473400
2007-06-13,13.348552703857422,13.384815928435842,13.107888641617999,13.127669611251914,8952800
2007-06-14,13.450754165649414,13.513393287659673,13.348555610978647,13.348555610978647,5466400
2007-06-15,13.610705375671387,13.660379990037235,13.52129309105753,13.567655390717432,7031400
2007-06-18,13.610705375671387,13.882257070774742,13.567655390717432,13.882257070774742,3887000
2007-06-19,13.6769380569458,13.683561423216927,13.514670004776011,13.527915474040318,4720000
2007-06-20,13.504730224609375,13.703427362598347,13.461680251831025,13.690180634076903,6450000
2007-06-21,13.580902099609375,13.627265666780072,13.329220479930049,13.464996339877718,13295200
2007-06-22,13.541158676147461,13.610702108946088,13.471615243348833,13.544470990058414,8828800
2007-06-25,13.329218864440918,13.557719304479868,13.329218864440918,13.498110274334422,7822800
2007-06-26,13.163640022277832,13.45837289235026,13.147082237169565,13.362335970133078,19087000
2007-06-27,13.279545783996582,13.29610483238622,12.998059647265109,13.150393291536776,17329600
2007-06-28,13.329218864440918,13.392138945915383,13.282856566167323,13.325907813111895,10014800
2007-06-29,13.412007331848145,13.517978646741271,13.309347067861427,13.382202820579597,15360800
2007-07-02,13.62726879119873,13.650449948459965,13.441818269830515,13.52129742563927,9339400
2007-07-03,13.630576133728027,13.663691702722616,13.600771616321707,13.647133918225322,4017400
2007-07-05,13.660379409790039,13.663690461077424,13.584212597401525,13.63057489509211,4547400
2007-07-06,13.776285171508789,13.776285171508789,13.614017129385699,13.686872890579338,6073000
2007-07-09,13.809404373168945,13.825962159027135,13.703433027742841,13.723301865461433,5009800
2007-07-10,13.610705375671387,13.72661238809906,13.504734044083634,13.72661238809906,9444800
2007-07-11,13.710055351257324,13.746481972061643,13.577590547917664,13.62395285010315,5680800
2007-07-12,14.057771682739258,14.120691759684009,13.825958944781966,13.925306900112865,14037800
2007-07-13,14.206798553466797,14.25316086245515,14.074333730690206,14.094203833090146,7418600
2007-07-16,14.130626678466797,14.24984473441226,14.06770659928573,14.206794752314716,11683000
2007-07-17,14.256475448608398,14.282968925042493,14.176997545863088,14.180308598778106,8271800
2007-07-18,14.279654502868652,14.279654502868652,14.09089293258921,14.117386405116017,13055800
2007-07-19,14.31276798248291,14.326013452357598,14.22335442861923,14.282963464528349,10068600
2007-07-20,14.173674583435059,14.269711468454991,14.044522141024995,14.269711468454991,22897600
2007-07-23,14.157122611999512,14.220042702161631,14.094202521837392,14.107447992260221,10238200
2007-07-24,13.875631332397461,14.067703846846577,13.77628212969601,14.031275974293058,13567800
2007-07-25,13.643821716308594,14.07433039333139,13.455060209742614,13.925307818864072,29214800
2007-07-26,13.190134048461914,13.491490298013655,12.948385575172267,13.458373463114622,38783600
2007-07-27,12.888771057128906,13.259671870674412,12.86227886374854,13.113960385610982,29602000
2007-07-30,13.2133150100708,13.249741633015562,12.918580868485247,12.961632121592046,14804200
2007-07-31,13.054357528686523,13.45506303833201,13.047735424676176,13.368960526859833,22728000
2007-08-01,13.130522727966309,13.130522727966309,12.796049701618179,13.041109184188427,31120400
2007-08-02,13.163640022277832,13.173574440687185,12.961631759434114,13.137146555482184,15091000
2007-08-03,12.723193168640137,13.090781738548678,12.723193168640137,13.074223956619367,18735000
2007-08-06,12.87221908569336,12.87221908569336,12.52781283670349,12.805986677445192,22623200
2007-08-07,12.964937210083008,13.051038405026175,12.733124551467371,12.733124551467371,17104200
2007-08-08,13.299410820007324,13.345773105977424,13.00467806210237,13.027859205087418,18183600
2007-08-09,12.964937210083008,13.16363305273792,12.845719199179118,13.074219544560002,16458200
2007-08-10,12.809294700622559,13.007990595511489,12.637091002189232,12.832475846250345,24855000
2007-08-13,12.865592956542969,13.01792784179379,12.802672877017914,13.011304476063072,11671800
2007-08-14,12.534430503845215,12.938446914201615,12.488068213465496,12.868903478632037,14007200
2007-08-15,12.219830513000488,12.57086005160703,12.10061245714248,12.521186703851415,31921800
2007-08-16,12.054259300231934,12.103932685650319,11.468104256687678,11.994650227106836,33698400
2007-08-17,12.219830513000488,12.700012524360593,12.037691114729734,12.481446509713523,27779000
2007-08-20,12.448333740234375,12.517877200677253,12.226455361273324,12.355609126310537,22433600
2007-08-21,12.524502754211426,12.603981910933474,12.375480124906547,12.40197359824001,15559600
2007-08-22,12.998053550720215,12.998053550720215,12.643711809762776,12.643711809762776,33409200
2007-08-23,12.749691009521484,13.044423924240451,12.693394278969869,13.034489504326219,13163800
2007-08-24,13.047734260559082,13.047734260559084,12.789428012466741,12.79274032745453,11067400
2007-08-27,12.931832313537598,13.084166017532544,12.908651152637434,13.047739381316944,10226800
2007-08-28,12.633781433105469,12.852347448428727,12.531121159515061,12.815919568661878,19082400
2007-08-29,12.88215160369873,12.908643802523605,12.627157715710576,12.656962228937186,15977800
2007-08-30,12.849034309387207,12.941760160100927,12.683453967092841,12.73975194037736,11619200
2007-08-31,12.964937210083008,13.130517500054555,12.93844375731443,13.007987175915913,12699800
2007-09-04,13.147077560424805,13.203374262422367,12.911953811003963,13.004678385248221,10019000
2007-09-05,13.031173706054688,13.100718416702087,12.915267960438825,12.998058139672407,14231800
2007-09-06,13.097411155700684,13.163643577298743,12.974881996875219,13.057672208053198,11044000
2007-09-07,12.789427757263184,12.98481264946905,12.772869972488719,12.951697079920125,22327000
2007-09-10,12.709948539733887,12.902021096687896,12.574172697709853,12.902021096687896,20307800
2007-09-11,12.875532150268555,12.892089937474736,12.733132906394655,12.7828062680132,14569800
2007-09-12,12.948386192321777,12.948386192321777,12.74969022656961,12.792741482351232,7878200
2007-09-13,12.991434097290039,13.094094368974307,12.92520170469625,13.007991879619034,9552000
2007-09-14,13.080848693847656,13.160327824032306,12.96163063020964,12.96494294490954,8962600
2007-09-17,13.067604064941406,13.27954676184382,13.067604064941406,13.140459840730905,18160000
2007-09-18,13.6769380569458,13.693495840984644,13.127211289221755,13.226559256732761,27159600
2007-09-19,13.832581520080566,14.064394244795988,13.772972497631525,13.77628354853304,28976400
2007-09-20,13.789535522460938,13.895506877495398,13.753107632303179,13.892195825334785,28232800
2007-09-21,13.829460144042969,14.01243326369709,13.822806414537656,14.01243326369709,10791600
2007-09-24,13.846085548400879,13.992464971792668,13.79285701327706,13.839431822876854,21746000
2007-09-25,13.799513816833496,13.849416134860391,13.69638295180996,13.746285269836854,11859600
2007-09-26,13.972506523132324,14.032388795471238,13.849415749577279,13.895990568270074,14055200
2007-09-27,14.135513305664062,14.138839533046598,14.005767594520112,14.019075042186373,10488800
2007-09-28,14.009101867675781,14.301859512610587,13.965853276373569,14.045696731926215,10771400
2007-10-01,14.271921157836914,14.271921157836914,14.022412055560526,14.022412055560526,11827800
2007-10-02,14.172110557556152,14.24197404138354,14.049019807399576,14.24197404138354,12957000
2007-10-03,13.989134788513184,14.125532962895619,13.95253993969163,14.042363313416862,11385600
2007-10-04,14.049025535583496,14.062332992125814,13.882686136011253,14.00577693635542,8576200
2007-10-05,14.288549423217773,14.355085412395391,14.138843764835242,14.165458668133665,9513400
2007-10-08,14.20538330078125,14.278571764988568,14.122213610810714,14.278571764988568,3879600
2007-10-09,14.47152328491211,14.571326639959869,14.248629167607728,14.27524280338849,9626800
2007-10-10,14.385029792785645,14.448238298791743,14.245304057050156,14.385029792785645,11118200
2007-10-11,14.305181503295898,14.594611564418809,14.165457083811837,14.454887144934748,18650400
2007-10-12,14.421623229980469,14.448238138995242,14.228670215898214,14.325147357473698,11133000
2007-10-15,14.33845043182373,14.57465325633918,14.225339631190613,14.484829861506844,10986800
2007-10-16,14.08560848236084,14.231986573203157,14.045687415597996,14.231986573203157,13680600
2007-10-17,14.078965187072754,14.245304569026894,13.94922067219953,14.185422289997902,16984200
2007-10-18,14.188753128051758,14.285229027801304,14.019086207843973,14.019086207843973,11466400
2007-10-19,13.87935733795166,14.341780580137277,13.869376112857557,14.341780580137277,27088600
2007-10-22,13.776227951049805,13.829456504012963,13.56996746695116,13.716345670332649,26743000
2007-10-23,13.9957914352417,14.032386291704679,13.772897337248489,13.862719460661475,16396400
2007-10-24,14.022412300109863,14.108908232017166,13.796190608575143,13.895993997412475,25052800
2007-10-25,14.132194519042969,14.185423073445303,13.959201399968165,14.075639735208103,15249600
2007-10-26,14.398335456848145,14.444910277383407,14.185421266361978,14.20538244762081,15058400
2007-10-29,14.55802059173584,14.684438863826609,14.464870953915607,14.684438863826609,8782600
2007-10-30,14.215362548828125,14.488159016806852,14.198728865476971,14.335127099466336,29513400
2007-10-31,14.591297149658203,14.631218263392958,14.29188562397424,14.40499650378048,19290600
2007-11-01,14.08560848236084,14.551358914509404,14.049013642383304,14.551358914509404,22556200
2007-11-02,14.212040901184082,14.338457950659645,13.886015779942872,14.338457950659645,21447600
2007-11-05,14.04570198059082,14.132197926448788,13.909303697731124,14.049028210825334,18456400
2007-11-06,14.375046730041504,14.391680411699463,14.102250289831588,14.138845150920234,19070200
2007-11-07,13.972506523132324,14.315165205573846,13.929257933316746,14.092271067810154,19238200
2007-11-08,14.10557746887207,14.228668233241855,13.812819855846671,14.138844831436272,37757200
2007-11-09,13.816143035888672,14.075633229092325,13.752934553336479,13.955868719778062,29194600
2007-11-12,13.263899803161621,13.796186500233592,13.263899803161621,13.749611683916866,33083200
2007-11-13,13.61653995513916,13.64315359251861,13.413605735212927,13.540024002703934,28062800
2007-11-14,13.686399459838867,13.87935368601831,13.656458330571999,13.732974267794363,18093800
2007-11-15,13.390317916870117,13.749611528512952,13.26389965324743,13.749611528512952,36606800
2007-11-16,13.363702774047852,13.530042124100138,13.227304557767717,13.530042124100138,24523800
2007-11-19,13.014392852783203,13.39032021029982,12.954510573919714,13.39032021029982,38250000
2007-11-20,13.21399974822998,13.32378307076398,12.967816926164677,13.170751157380266,21631800
2007-11-21,12.954512596130371,13.124179502418327,12.861362934054764,12.997761197409314,22022800
2007-11-23,13.147461891174316,13.280532604823167,12.957835140696629,12.957835140696629,4647000
2007-11-26,12.871344566345215,13.380344082336556,12.871344566345215,13.177409775792134,36073000
2007-11-27,12.974470138549805,13.120848319145667,12.641791417048527,12.851379366933543,21799800
2007-11-28,13.589923858642578,13.779550608739472,13.021043608351897,13.167423042860712,32825000
2007-11-29,13.726318359375,13.866044030086876,13.55665283322644,13.646476206740903,23789400
2007-11-30,13.856069564819336,14.105578611467449,13.719671336747778,13.939239247035372,17616600
2007-12-03,13.786206245422363,13.939239427169657,13.676422923394174,13.939239427169657,13089000
2007-12-04,13.703034400939941,13.786204071113556,13.676420766399982,13.70636189842522,14278200
2007-12-05,13.9558687210083,13.955868721008303,13.806163084352276,13.822796761965556,11607800
2007-12-06,14.17877197265625,14.228674306872321,13.922609110547299,14.05235492569527,10917400
2007-12-07,14.311841011047363,14.378377019667072,14.205383904883353,14.25861245796536,14166000
2007-12-10,14.514774322509766,14.544715460988428,14.36174113191397,14.461545772888666,10826800
2007-12-11,13.912620544433594,14.524749289327474,13.912620544433594,14.524749289327474,18192800
2007-12-12,14.098921775817871,14.388351850771711,13.899313821071354,14.36506444641154,21747800
2007-12-13,14.20870590209961,14.222013353673622,13.979158073255828,14.088941376070355,14457000
2007-12-14,13.959197998046875,14.155478482521431,13.8793558204357,14.155478482521431,13031000
2007-12-17,13.46351432800293,13.889342877177121,13.453533098896598,13.889342877177121,17110400
2007-12-18,13.613219261169434,13.739637591844168,13.330442718704887,13.739637591844168,17760000
2007-12-19,13.593256950378418,13.716347759907212,13.493453557001855,13.579949492843143,11256800
2007-12-20,13.842763900756836,13.842763900756834,13.52671881366212,13.80616903279961,11126200
2007-12-21,14.142334938049316,14.19606971362143,13.971054460130754,14.06173213412209,12057400
2007-12-24,14.273310661315918,14.303536546903043,14.192707872704299,14.239726913391497,2636600
2007-12-26,14.34720516204834,14.357280036319988,14.179283758114773,14.310262248200772,4013600
2007-12-27,14.078518867492676,14.310251043405563,14.078518867492676,14.300176177022442,10193600
2007-12-28,14.088594436645508,14.276665434143773,14.061726419209993,14.212855814440802,4273800
2007-12-31,14.004639625549316,14.159126946610652,13.971054589793733,14.159126946610652,4128600
2008-01-02,13.8703031539917,14.08860141987659,13.762833593255877,14.00464074548059,19078600
2008-01-03,14.122175216674805,14.162475953241689,13.920670252703063,13.944179122461856,17596400
2008-01-04,13.69565486907959,13.96097071530792,13.668788138941323,13.96097071530792,28750000
2008-01-07,13.507594108581543,13.789702034189045,13.322879594505357,13.7057413572956,39212600
2008-01-08,13.299362182617188,13.793051056261875,13.255703581037167,13.568037201366979,45845800
2008-01-09,13.383328437805176,13.460573370942098,13.01390205326447,13.255709159444118,51423600
2008-01-10,13.564682006835938,13.705736560845464,13.158312780357544,13.30272519656686,29527200
2008-01-11,13.426989555358887,13.604985757346189,13.36317991039731,13.413555541323367,21819000
2008-01-14,13.8770170211792,13.917317777050135,13.500873643728637,13.551249268282824,27600200
2008-01-15,13.497512817382812,13.866940423747776,13.413552172455017,13.67215111256916,33196000
2008-01-16,13.047486305236816,13.47400662006653,12.859415243108332,13.299368290134346,38355400
2008-01-17,12.402667999267578,13.044127349128024,12.308632476085288,12.88628090852525,46344200
2008-01-18,12.543725967407227,12.745232382353118,12.248185275308023,12.453049553990732,36622400
2008-01-22,12.429536819458008,12.577308416165387,11.697400967700167,11.88211418244626,44111000
2008-01-23,12.644471168518066,12.65790389541776,11.636943626202285,12.11719852386381,56007200
2008-01-24,12.845983505249023,13.030696737332145,12.715005054883507,12.79224872353142,38228600
2008-01-25,12.909786224365234,13.279213771251005,12.819108588706117,13.252345754253831,35302000
2008-01-28,13.165034294128418,13.178468309803538,12.802323557729691,12.946736023391601,27844400
2008-01-29,13.232199668884277,13.443779595920569,13.171747895120216,13.296009305129488,27982800
2008-01-30,13.181818008422852,13.651998016719668,13.101215245435199,13.165026139798847,27179800
2008-01-31,13.41690731048584,13.544527811397504,12.970236197863708,13.17845945754521,26620800
2008-02-01,13.742685317993164,13.789704381212328,13.480728371464492,13.688950526881168,26386400
2008-02-04,13.527740478515625,13.799773465039795,13.5075907410132,13.68894478422471,16330800
2008-02-05,13.138164520263672,13.349745755100916,13.03405411543528,13.282576966772163,20378400
2008-02-06,13.047486305236816,13.339670330137329,12.940016760838246,13.14824012410625,24290400
2008-02-07,13.09786319732666,13.238916493736234,12.775454564557897,12.92994187428401,21578000
2008-02-08,13.376614570617676,13.390047304163998,12.9803201053927,12.9803201053927,32177000
2008-02-11,13.423626899719238,13.557963148697455,13.215403599925905,13.393401019500054,20756000
2008-02-12,13.665437698364258,13.836718176464727,13.440423725772712,13.504233371476708,44790600
2008-02-13,13.608345985412598,14.397575796363999,13.423632761693993,14.102035150869508,22274600
2008-02-14,13.43370246887207,13.846788666053362,13.43370246887207,13.71916813388052,32134000
2008-02-15,13.517664909362793,13.604983423337517,13.349743606140894,13.467288005941075,21719400
2008-02-19,13.853507995605469,13.994561280250888,13.59490902595095,13.59490902595095,30564800
2008-02-20,13.934111595153809,14.00463824156368,13.65200372837634,13.65200372837634,17908000
2008-02-21,13.746039390563965,14.11546578299223,13.712455638938852,14.088599037919739,29482200
2008-02-22,13.8770170211792,13.940826658069675,13.568042424272148,13.940826658069675,25292000
2008-02-25,14.196065902709961,14.229649648000239,13.756111665035847,13.93746696433398,29337800
2008-02-26,14.263240814208984,14.357276366410689,14.034867660743434,14.199429877096417,39241200
2008-02-27,14.259875297546387,14.400929843957233,14.058370266831165,14.192706526928731,25096200
2008-02-28,14.182636260986328,14.280030945922656,14.081883712941716,14.189353268341058,21920400
2008-02-29,13.725894927978516,14.13898141976764,13.655368247191289,14.13898141976764,20403000
2008-03-03,13.954263687133789,13.954263687133789,13.715815681736041,13.766192598318982,25723400
2008-03-04,13.618413925170898,13.95425644505742,13.366532035256009,13.75946844971476,52488600
2008-03-05,14.001279830932617,14.088599638702311,13.571401642337376,13.571401642337376,24710800
2008-03-06,13.8770170211792,14.041580469453907,13.769547484764754,13.776264490932897,28603400
2008-03-07,13.296013832092285,13.769552033713483,13.198619132185495,13.601630667448683,53340800
2008-03-10,13.010540008544922,13.232196024248239,12.798958858647985,13.201970145691535,67089000
2008-03-11,13.803133964538574,13.803133964538574,13.121373717853219,13.36989787067751,59317400
2008-03-12,13.604981422424316,13.826637458832288,13.50087104966671,13.766186977209827,23493600
2008-03-13,13.937463760375977,13.937463760375977,13.302721639885428,13.50086876627844,39173000
2008-03-14,13.69230842590332,14.081885946296573,13.46393526417572,14.021434151654658,50698600
2008-03-17,13.41690731048584,13.695655902242695,13.148233583148695,13.148233583148695,35359000
2008-03-18,13.887090682983398,13.897166831928896,13.497513327053367,13.712453662340469,31234600
2008-03-19,12.946732521057129,13.971052238129637,12.946732521057129,13.769547182066747,51200400
2008-03-20,12.902935981750488,13.088225931807116,12.498666181993494,12.862509387316269,62156400
2008-03-24,13.361115455627441,13.607046070955247,13.098340524070954,13.16571907412463,45884600
2008-03-25,13.762007713317871,13.839493835482951,13.549767140863512,13.549767140863512,32848000
2008-03-26,13.701374053955078,13.863083073787863,13.633996795020062,13.812548844447763,26800200
2008-03-27,13.664314270019531,13.849604264324492,13.576721795166485,13.718216837183494,30371400
2008-03-28,13.549773216247559,13.714849291061434,13.495870640880348,13.708111308498186,18035600
2008-03-31,13.532925605773926,13.708109270963249,13.415014141290046,13.674420648293161,24524000
2008-04-01,13.964150428771973,14.065217603626548,13.381328392467104,13.654209636060573,30459200
2008-04-02,14.058475494384766,14.092165399540704,13.772118368820909,13.910243767114066,24039400
2008-04-03,14.314509391784668,14.432420812048408,13.863075077557916,13.863075077557916,33810200
2008-04-04,14.456010818481445,14.557077987717173,14.16628399090392,14.371787963261877,28776800
2008-04-07,14.37852668762207,14.75584473863109,14.307779794021412,14.567186355696004,43202200
2008-04-08,14.513275146484375,14.513275146484375,14.233654802144022,14.311139632649184,27150400
2008-04-09,14.358314514160156,14.573924855683842,14.263985311028296,14.392004433235112,19537200
2008-04-10,14.395366668701172,14.415580611561058,14.135960185122357,14.34820208716656,12589000
2008-04-11,14.210074424743652,14.371782086423877,14.142695911092328,14.250501018879145,24611200
2008-04-14,14.13932991027832,14.274085674806713,14.075319733374249,14.15280458713423,9611200
2008-04-15,14.216815948486328,14.348203376031664,14.04837026493824,14.183126040693566,22334400
2008-04-16,14.897336959838867,14.897336959838865,14.338097330767999,14.338097330767999,34378800
2008-04-17,14.823219299316406,15.005140935513985,14.597502713216024,14.799637007787664,31061400
2008-04-18,14.904070854187012,15.032088615815953,14.755837867886608,14.806372074150518,20974800
2008-04-21,14.941130638122559,14.99503320192217,14.769316617617074,14.856907801864509,19526600
2008-04-22,14.823219299316406,14.978189010830565,14.621085004744765,14.978189010830565,22538600
2008-04-23,14.590764045715332,14.83669456376004,14.536861484022497,14.786160349924938,15473800
2008-04-24,14.37852668762207,14.634563615236337,14.267351896130595,14.634563615236337,26390400
2008-04-25,14.789535522460938,14.836700120965743,14.408847815025272,14.486332696160156,17533800
2008-04-28,14.705309867858887,14.843435288046912,14.58402876034966,14.806377029070351,16153000
2008-04-29,14.220184326171875,14.540231382604349,14.16965139208585,14.540231382604349,21407200
2008-04-30,14.253872871398926,14.469483120553408,14.213444985828618,14.226920947685388,18121000
2008-05-01,14.152802467346191,14.263977209440517,13.927085920870962,14.213443002099773,31045600
2008-05-02,14.2976655960083,14.43916060322073,14.216812407719702,14.216812407719702,14330400
2008-05-05,14.621087074279785,14.621087074279785,14.371786876225077,14.371786876225077,13104600
2008-05-06,14.739002227783203,14.77269086167682,14.509915918917395,14.509915918917395,19345400
2008-05-07,14.573921203613281,14.840065714486897,14.496436336866283,14.7625808477399,21031000
2008-05-08,14.823219299316406,14.890597825886454,14.57391913654878,14.631191333931797,26440400
2008-05-09,14.637925148010254,14.786156836155286,14.536858029495999,14.786156836155286,24152000
2008-05-12,14.937767028808594,14.944505012063333,14.56381731157344,14.73563267172203,18996800
2008-05-13,15.021980285644531,15.025348632548488,14.809738446829181,14.964708107172672,20823000
2008-05-14,15.106207847595215,15.30497379105588,14.981558410721453,15.035460974110524,20852600
2008-05-15,15.278021812438965,15.348769970810444,15.146634394966682,15.173586319134575,17909400
2008-05-16,15.466679573059082,15.4969998415459,15.261175673886017,15.38245674783329,22460800
2008-05-19,15.426250457763672,15.678918892181622,15.395930194227994,15.520579595368844,25393400
2008-05-20,15.507105827331543,15.507105827331541,15.21737910932238,15.318447525475007,17727000
2008-05-21,15.052299499511719,15.520578079955305,14.971445042931752,15.51384010147881,22155800
2008-05-22,14.984926223754883,15.203906102596262,14.893965410319469,14.998402185405707,20345200
2008-05-23,14.779424667358398,14.951239993005277,14.604240993329986,14.846803201236808,26818800
2008-05-27,14.712042808532715,14.829955537456113,14.499802209719633,14.829955537456113,19087600
2008-05-28,15.079258918762207,15.12305516182154,14.614349699106153,14.614349699106153,20263200
2008-05-29,14.978190422058105,15.048937303310018,14.803006750525782,15.048937303310018,25546200
2008-05-30,14.995035171508789,15.07588967039763,14.934395903765484,15.038831411954357,16605800
2008-06-02,14.880484580993652,15.021979561764882,14.772679493328914,14.934388409964038,17745800
2008-06-03,14.897336959838867,15.085995306667504,14.691833016210298,14.944501546546025,29277000
2008-06-04,14.833324432373047,15.079254942154638,14.762577563491712,14.8535383742556,26016600
2008-06-05,15.331927299499512,15.331927299499513,14.867018085189516,14.867018085189516,26332800
2008-06-06,14.880484580993652,15.321812542153559,14.880484580993652,15.200531497246226,21447400
2008-06-09,15.106207847595215,15.180324354182119,14.883859612972984,14.991664739751128,18371800
2008-06-10,14.914180755615234,14.995033962848318,14.819851585463782,14.951239011071463,35153400
2008-06-11,14.648038864135742,15.032094879325903,14.61771858477132,14.914183395763587,22367000
2008-06-12,14.641297340393066,14.82658732052263,14.509909923303711,14.695199903433275,18849400
2008-06-13,15.005138397216797,15.059040952326876,14.705305354095827,14.708673701542207,19494000
2008-06-16,14.991665840148926,15.136529230853585,14.937763272803371,15.032092444373447,11738800
2008-06-17,15.072518348693848,15.230856396527924,15.025352483981951,15.13652723738095,10913200
2008-06-18,14.971453666687012,15.102842394953353,14.877124483957186,15.02535624040959,17327000
2008-06-19,14.998396873474121,15.136522218629597,14.944494331099738,14.988290548384542,13352000
2008-06-20,14.694828033447266,14.98249818519674,14.62375708541314,14.958807869185364,21644800
2008-06-23,14.789587020874023,14.857274175018029,14.613600936509643,14.721899866730018,11339400
2008-06-24,14.508692741394043,14.891124248350234,14.403778828628026,14.891124248350234,29273600
2008-06-25,14.55268669128418,14.691444815071685,14.295476982931284,14.488384586952318,21039600
2008-06-26,14.193938255310059,14.545910340761205,14.068717888937453,14.545910340761205,18639400
2008-06-27,14.180405616760254,14.265014239077379,13.970575303875696,14.095796994443129,16132800
2008-06-30,14.122871398925781,14.261629490996206,14.065338154152139,14.237939179498218,24305400
2008-07-01,13.862278938293457,14.028112436803315,13.615221870288233,13.916428414965488,29695800
2008-07-02,13.270018577575684,14.051802863562473,13.246328262032936,13.953656532870879,33784800
2008-07-03,13.351237297058105,13.496764191891593,12.978958683590553,13.23616954977174,27809000
2008-07-07,13.418928146362305,13.601681791164898,13.154948364269432,13.601681791164898,22552000
2008-07-08,13.276782035827637,13.317393804416898,12.853739014200356,13.317393804416898,28694800
2008-07-09,13.300472259521484,13.618601436074146,13.083874440351492,13.395234773676986,36427600
2008-07-10,13.351237297058105,13.588141634532953,13.090642654938252,13.415539368091014,27506200
2008-07-11,13.34108829498291,13.544149783672262,13.19556263763963,13.307245359047311,20689400
2008-07-14,13.489999771118164,13.645679335825426,13.283554513516048,13.530611550818929,19539000
2008-07-15,13.358010292053223,13.500152164105465,13.070340188907933,13.398622071064553,30573800
2008-07-16,13.408772468566895,13.598296224220034,12.992498252440766,13.229402624250952,31156400
2008-07-17,13.49338150024414,13.574606338343186,13.30047396216204,13.391851420889088,37798800
2008-07-18,13.401999473571777,13.665979139149938,13.297085653441279,13.550911410827295,42199000
2008-07-21,13.679523468017578,13.689677382100621,13.432466409085391,13.46969441499749,22031000
2008-07-22,13.69982624053955,13.69982624053955,13.405388633546984,13.615217628907496,23805800
2008-07-23,13.527223587036133,13.801354628953032,13.398618151591592,13.801354628953032,22399600
2008-07-24,13.185408592224121,13.591530274517572,13.144796811302347,13.429081859805239,23871600
2008-07-25,13.205710411071777,13.364774991816054,13.087257596742608,13.168482420597604,18803400
2008-07-28,13.18879222869873,13.341086713379468,13.144795384378133,13.212482539250184,12262600
2008-07-29,13.449385643005371,13.517071500346209,13.226018957115674,13.226018957115674,16972000
2008-07-30,13.76751708984375,13.882584884243638,13.513691186699177,13.571224438386468,19743600
2008-07-31,13.665982246398926,13.89611775537037,13.611832790818873,13.869042382067914,31504600
2008-08-01,13.418928146362305,13.689675482204233,13.310629212025532,13.665985171007135,18124000
2008-08-04,12.83681869506836,13.297089750164636,12.72513470771781,13.283552062420636,36363000
2008-08-05,12.985733032226562,13.063572822066467,12.711601879100229,12.836822298318744,27238200
2008-08-06,13.114339828491211,13.293709740759205,13.00942464509412,13.00942464509412,16388600
2008-08-07,13.073724746704102,13.26324723537739,12.968809589742012,13.073724746704103,23957600
2008-08-08,13.019575119018555,13.1921761392182,12.779285652235565,12.897738497218754,23336400
2008-08-11,13.036500930786133,13.134647274510774,12.907895421458171,13.063575027419336,19625600
2008-08-12,13.14479923248291,13.270019666487833,13.063574364653068,13.212486407170198,21873800
2008-08-13,13.429081916809082,13.496769079316184,13.114337708522523,13.16510340315916,48483800
2008-08-14,13.401999473571777,13.47307166681853,13.219245909432516,13.415537157144927,21090800
2008-08-15,13.317398071289062,13.38508523464125,13.178639967378441,13.38508523464125,17403200
2008-08-18,13.195561408996582,13.476461365978077,13.127874252402504,13.429080743669761,12020400
2008-08-19,13.114339828491211,13.249714175389043,13.056806570226177,13.056806570226177,18344400
2008-08-20,13.344472885131836,13.418928890753104,13.16510300725355,13.198945941976742,18395800
2008-08-21,13.45953369140625,13.544142275367046,13.368156265805647,13.385077724392898,14716400
2008-08-22,13.45276927947998,13.56445326677519,13.374929511527997,13.452769279479979,14357600
2008-08-25,13.161723136901855,13.46969861219716,13.070345627832824,13.46969861219716,19447400
2008-08-26,13.232791900634766,13.253098440724218,13.066959675160144,13.070343452995637,11610800
2008-08-27,13.35462474822998,13.432464526488856,13.232788124511691,13.232788124511691,8170600
2008-08-28,13.544148445129395,13.58814529031775,13.405390355866237,13.435849511608154,10347000
2008-08-29,13.45276927947998,13.58814357480297,13.385082131818484,13.58814357480297,7905600
2008-09-02,13.114339828491211,13.388472299997868,13.056806570226177,13.273404492442346,17619800
2008-09-03,13.046651840209961,13.266634817423476,12.860513093119879,13.046651840209961,20704600
2008-09-04,12.58299446105957,13.022959040539076,12.4171609926505,12.934966641053224,30543200
2008-09-05,12.596535682678223,12.714987271167074,12.227641932923028,12.54576997845415,36890400
2008-09-08,12.572840690612793,13.009420162319968,12.454387855137197,12.860509464864226,30982400
2008-09-09,12.173491477966309,12.606687299561367,12.085497769813946,12.606687299561367,31722800
2008-09-10,12.278403282165527,12.46792706747936,12.031346251378395,12.200563501864801,32859600
2008-09-11,12.48823070526123,12.599913393340792,12.058418833811388,12.068571453357293,30731400
2008-09-12,12.887587547302246,12.96542733443148,12.42731637903784,12.501771097886298,26415400
2008-09-15,12.352860450744629,12.863896027368144,12.278404440379171,12.38331961034638,26605000
2008-09-16,12.48823070526123,12.626988766829696,11.943351078533281,12.156563835146496,41471800
2008-09-17,12.25471305847168,12.569457249920927,11.980581936969235,12.247944213480547,37526400
2008-09-18,12.251331329345703,12.633762743605987,11.794443898762518,12.163337620777657,51749000
2008-09-19,13.031954765319824,13.198769810051843,12.596194924060814,13.171534170639772,32296800
2008-09-22,12.865141868591309,13.277071201893074,12.694923007028576,13.273667396075234,21264400
2008-09-23,12.56554889678955,12.773215993189755,12.330647473910318,12.677893902514022,17523800
2008-09-24,12.317034721374512,12.531510812171236,12.187668046121468,12.514487890129205,13280800
2008-09-25,12.282990455627441,12.398738004444478,12.12638815703216,12.30001207759074,14911400
2008-09-26,11.997021675109863,12.061704352019655,11.772332909563902,11.966382238959667,17577000
2008-09-29,11.13231372833252,11.724674635188034,10.78847155245272,11.704249203089677,35241000
2008-09-30,11.37061882019043,11.37061882019043,10.951879338744298,11.064224394416838,17123600
2008-10-01,11.183374404907227,11.299123238415131,10.938260221164757,11.152734969606122,29279000
2008-10-02,10.379937171936035,10.8463367371539,10.189292392781073,10.737396863351064,25162600
2008-10-03,10.277812957763672,10.788469438847656,10.138233571547378,10.277812957763672,33541200
2008-10-06,9.770560264587402,10.046314563747327,9.154367685263075,10.046314563747327,45025400
2008-10-07,9.26671028137207,10.053121523688205,9.208835869374775,9.927159338988286,32009800
2008-10-08,9.56629753112793,10.056527900052137,8.88542227125168,8.950105602753235,60342400
2008-10-09,8.953509330749512,9.991844482743852,8.885422194946546,9.83524283666387,50921600
2008-10-10,8.742438316345215,9.22926422412507,8.18752462381297,8.483705643352662,56873600
2008-10-13,9.971417427062988,9.971417427062988,9.001170155549314,9.157771136907156,26560200
2008-10-14,9.682044982910156,10.243766861545982,9.324585133354155,10.243766861545982,66100600
2008-10-15,8.480300903320312,9.358629920485836,8.391787045859202,9.263307154912358,43745200
2008-10-16,8.53817367553711,8.817332360927649,8.013900189413361,8.510938697677863,59726200
2008-10-17,8.766268730163574,9.140750242677985,8.374765596353011,8.487109985174012,44604000
2008-10-20,9.20883846282959,9.372249033470045,8.820739737391785,8.820739737391785,27833200
2008-10-21,8.82073974609375,9.307565705301545,8.82073974609375,9.089685810010401,26491800
2008-10-22,8.337319374084473,8.67435262640066,7.9560295055247705,8.67435262640066,33347400
2008-10-23,8.146669387817383,8.43944584233084,7.697291996734489,8.218160950338302,40596200
2008-10-24,7.796018600463867,8.01049458854922,7.336427846756825,7.336427846756825,34275000
2008-10-27,7.217276573181152,7.993473798865561,7.217276573181152,7.622396804387864,24841600
2008-10-28,8.126248359680176,8.33731937459824,7.38749850880016,7.62920896932462,26486200
2008-10-29,8.45987606048584,8.88201868493879,8.204547813082847,8.367957735580767,32849200
2008-10-30,8.72541618347168,8.878613376920557,8.361148022752406,8.800312877750352,31774000
2008-10-31,8.824142456054688,9.018191780600668,8.517748751543499,8.636902039223733,20083400
2008-11-03,8.783289909362793,8.963722072953011,8.647114997848098,8.841164327923188,17392800
2008-11-04,9.195222854614258,9.293949455325981,9.004577914067422,9.0284084504691,22697800
2008-11-05,8.810527801513672,9.212244410156634,8.653926763884538,9.116922265280955,27716000
2008-11-06,8.330504417419434,8.704985753509852,8.170499044883648,8.555193089207101,22651200
2008-11-07,8.466683387756348,8.521153351745678,8.197737372392488,8.340721190197778,17953800
2008-11-10,8.470087051391602,8.807120840800266,8.320294977580172,8.718606988457234,16258600
2008-11-11,8.13305377960205,8.340720916325754,7.952622273311905,8.340720916325754,25787000
2008-11-12,7.6155877113342285,7.986664015777694,7.6155877113342285,7.986664015777694,15847400
2008-11-13,8.235187530517578,8.252209154514514,7.3909016040028925,7.649634314622984,25708600
2008-11-14,7.734742164611816,8.20454642391416,7.71772054406699,8.068371511555943,23204400
2008-11-17,7.574740409851074,7.853899278365707,7.503248789573018,7.656445397026075,19844000
2008-11-18,7.489626407623291,7.673463003853944,7.316003172072049,7.625801303349818,22309200
2008-11-19,7.040251731872559,7.625804341445436,6.9857817518812855,7.479416026718871,25173400
2008-11-20,6.767899513244629,7.132168307420844,6.403631368401635,6.863222279384184,23567000
2008-11-21,6.842794895172119,6.88705149103221,6.4444829350989234,6.604488350079983,31101600
2008-11-24,7.237703323364258,7.496435972617149,6.951735692575967,6.978970674111367,38938000
2008-11-25,7.503243446350098,7.615587804879551,7.241106393337021,7.428346774441758,34042000
2008-11-26,7.847085475921631,7.887938268711871,7.326216426178036,7.537287349150452,20649400
2008-11-28,7.881130218505859,7.901556292455088,7.7041025127240506,7.755168671596898,4819400
2008-12-01,7.213873386383057,7.789212499595687,7.152594510577397,7.751764802751408,16147800
2008-12-02,7.4930338859558105,7.499842795824025,7.196852800022354,7.305792760580237,16027000
2008-12-03,7.4794158935546875,7.537290327431687,7.162809383992321,7.319410411345747,20515600
2008-12-04,7.329625129699707,7.567931169600671,7.200258418629523,7.329625129699707,19828800
2008-12-05,7.465797424316406,7.520267393859381,6.968758140570195,7.1968513815313715,25984600
2008-12-08,8.027518272399902,8.143267103882048,7.704102305140998,7.7245290278730225,22923200
2008-12-09,7.942409992218018,8.306678157483066,7.874322205539226,7.986666599025953,20533600
2008-12-10,8.187527656555176,8.299872088476857,8.047948230511071,8.194336567419152,17259600
2008-12-11,7.833473205566406,8.303277044855399,7.7415548513576296,8.177315432939833,20884200
2008-12-12,7.864109516143799,7.986666623474229,7.550906865262461,7.670060167648463,31173800
2008-12-15,7.847085475921631,8.05815704822716,7.741550014435423,8.030922069478038,21756000
2008-12-16,8.327106475830078,8.36115037833581,7.939007675531677,8.327106475830078,23280800
2008-12-17,8.333911895751953,8.466682994983177,8.197736992095841,8.327102988235858,23776200
2008-12-18,8.013901710510254,8.415617547849443,7.911770037152929,8.41221309380421,23135200
2008-12-19,7.849538326263428,8.070069475798277,7.818526051205756,8.028719556643159,15611400
2008-12-22,7.563536643981934,7.890887482535611,7.439487545412096,7.890887482535611,14129200
2008-12-23,7.535970211029053,7.722043200670632,7.515294923219701,7.632452258534073,13951400
2008-12-24,7.5428595542907715,7.604884088759806,7.501510302801083,7.604884088759806,8750400
2008-12-26,7.635897636413574,7.687584538060012,7.5256320709719455,7.608331245053168,4924400
2008-12-29,7.498064041137695,7.587654957790303,7.374014978505706,7.580763197147532,13108000
2008-12-30,7.701369762420654,7.718598514361145,7.535971377746823,7.580766527132952,7067600
2008-12-31,7.835756301879883,7.897780863877144,7.663466143991843,7.663466143991843,6101200
2009-01-02,8.12175464630127,8.169995660644865,7.818524380487274,7.890885902002665,14220000
2009-01-05,8.138986587524414,8.273372687808497,7.963250564026526,8.076962031321074,21107400
2009-01-06,8.321610450744629,8.407755487827357,8.121753991002079,8.259585918887549,26708600
2009-01-07,8.128646850585938,8.376744354319145,8.125200969768656,8.245804169435258,22702800
2009-01-08,8.242356300354004,8.280260322966134,8.063174484485907,8.128644889752021,18218600
2009-01-09,8.042499542236328,8.263030594705425,8.02871602283982,8.249247732543296,19521600
2009-01-12,7.708257675170898,8.02182553592468,7.7013659149438105,8.008042015470505,15478800
2009-01-13,7.74960994720459,7.849538537802233,7.649682013841634,7.70826068416981,15887800
2009-01-14,7.460160255432129,7.646233855381113,7.401581602548318,7.646233855381113,19553400
2009-01-15,7.68069314956665,7.746162915858772,7.26719663719265,7.477390774326802,29909600
2009-01-16,7.766839027404785,7.870212837872929,7.549753105293161,7.8460923259126725,31811400
2009-01-20,7.329219818115234,7.763390878275213,7.311990416580433,7.763390878275213,26860400
2009-01-21,7.587657451629639,7.611777964572567,7.256860061632471,7.46016246677242,24110800
2009-01-22,7.470499515533447,7.580765084329794,7.367125051860898,7.432595479796716,18732800
2009-01-23,7.584211349487305,7.722043317460983,7.294763888125248,7.322330281719983,23545600
2009-01-26,7.4946184158325195,7.835752692443654,7.460160268680644,7.666908494357405,30669600
2009-01-27,7.549752712249756,7.65657239847038,7.442933026029132,7.5566444745180865,18488400
2009-01-28,7.763391971588135,7.852982900482725,7.666909281109063,7.670355161901304,17366600
2009-01-29,7.553197383880615,7.6806923364902975,7.518739235291416,7.6806923364902975,16735800
2009-01-30,7.2568583488464355,7.587655660767804,7.212063214987209,7.573872138205254,19483600
2009-02-02,7.153483867645264,7.284424033169965,7.070784711961063,7.181050252873331,11317800
2009-02-03,7.291316032409668,7.339557043828959,7.181050487888721,7.215508634860139,15683600
2009-02-04,7.3809099197387695,7.597995215656931,7.3809099197387695,7.387801683351347,22214800
2009-02-05,7.57731819152832,7.677246760680528,7.311991291263367,7.429148606776865,34992000
2009-02-06,7.8047404289245605,7.846090336970632,7.62555858944907,7.6462338720893515,24836000
2009-02-09,7.777174949645996,7.935682182201487,7.697921661985536,7.821970743356392,18826800
2009-02-10,7.429149150848389,7.911561313873812,7.370570488801649,7.766838256477319,33388600
2009-02-11,7.429149150848389,7.601439256017082,7.353341741178617,7.518740084404261,20396000
2009-02-12,7.553197383880615,7.553197383880615,7.260304106724197,7.33611216506734,31479800
2009-02-13,7.439484119415283,7.570424263089873,7.415363618520044,7.563533160858631,17202000
2009-02-17,7.115582466125488,7.23618569244654,7.0914619523082205,7.198281652313856,23708000
2009-02-18,7.074231147766113,7.174159055601675,6.963964940960831,7.167267294444872,13852400
2009-02-19,7.001868724822998,7.263749724497496,6.994976963907605,7.16382182016227,13693400
2009-02-20,7.057002544403076,7.125918849309993,6.891604201307987,6.91572471085503,19965400
2009-02-23,6.629722595214844,7.139701104715708,6.595264445711372,7.139701104715708,20161800
2009-02-24,6.839915752410889,6.881265000204219,6.55391426910832,6.6745174467686805,15499000
2009-02-25,6.736541271209717,6.919168976513595,6.681408503049006,6.877819071775843,21227600
2009-02-26,6.743434906005859,7.0018700750591325,6.712422633140697,6.8537004729777165,11942200
2009-02-27,6.674518585205078,6.833025157505856,6.547023625421559,6.615939926477714,16654800
2009-03-02,6.230010986328125,6.574591241450775,6.185215842345439,6.54702484733035,19705000
2009-03-03,6.254129409790039,6.381624350778031,6.178322015591572,6.312708059881636,19765800
2009-03-04,6.4712138175964355,6.578033453065372,6.405743421622558,6.4126351806165065,18236000
2009-03-05,6.261023044586182,6.467771321931741,6.185215627694493,6.467771321931741,10574800
2009-03-06,6.34027624130249,6.457433574682066,6.143865610999861,6.3609508715357554,16930000
2009-03-09,6.264469623565674,6.4333138826524,6.223119700597521,6.2610237418821,14563200
2009-03-10,6.612494468688965,6.677964235922265,6.388517461780953,6.426420838275338,32793000
2009-03-11,6.812349796295166,6.881265432693563,6.664180225048608,6.7641081278583535,11477000
2009-03-12,6.981193542480469,7.012205806891658,6.684854419099969,6.833023980790219,10095800
2009-03-13,7.012206077575684,7.1017969940847765,6.9157234004348584,7.050109446581265,8503200
2009-03-16,7.122470855712891,7.315435532087703,7.091458593426925,7.091458593426925,11423800
2009-03-17,7.184500217437744,7.184500217437744,6.984643646610848,7.094909250207088,8137600
2009-03-18,7.39469051361084,7.411919917338996,7.032881579368705,7.098351999066599,17198800
2009-03-19,7.463606357574463,7.6221135760063286,7.460160477039584,7.546305518708019,16799800
2009-03-20,7.332216739654541,7.550623569959523,7.273281636693455,7.450086945576714,13617200
2009-03-23,7.765565395355225,7.775965944373919,7.429288911891685,7.498623921647754,15147800
2009-03-24,7.734364032745361,7.8591679699538775,7.633828042064892,7.665029026367022,11002200
2009-03-25,7.803695201873779,8.004767728559264,7.595688980177249,7.789827811851687,15910000
2009-03-26,8.115707397460938,8.160775771534304,7.914634791650205,7.956236316853789,18317800
2009-03-27,7.938896656036377,8.046366252741155,7.8938289739451335,8.046366252741155,19948200
2009-03-30,7.66502571105957,7.744761231462405,7.540221827831727,7.720493956664469,19211800
2009-03-31,7.699696063995361,7.803699563591017,7.581826489094557,7.744764445523654,12458800
2009-04-01,7.855698585510254,7.980502482446051,7.505554833399938,7.578357327023725,20837000
2009-04-02,8.150373458862305,8.278643533081032,8.039436964002755,8.160774003218012,15759200
2009-04-03,8.254376411437988,8.268243804170908,7.994368748798863,8.16770719055828,10991000
2009-04-06,8.10877513885498,8.164243408148312,7.93196978251976,8.133042424016573,8947600
2009-04-07,7.8314337730407715,8.001305429986175,7.810633337415641,8.001305429986175,11086000
2009-04-08,7.921566486358643,7.980501579775123,7.779429024807186,7.893832363646984,13050600
2009-04-09,8.264778137207031,8.313312696241551,8.122640647548417,8.146907927065676,11481000
2009-04-13,8.372245788574219,8.465848696695613,8.164239546493434,8.250908758924293,11773000
2009-04-14,8.216241836547852,8.427714271252997,8.195440748884813,8.28904365966758,11285400
2009-04-15,8.410382270812988,8.410382270812988,8.160775123125287,8.188509250646144,11681000
2009-04-16,8.413849830627441,8.538653084403993,8.261311785751863,8.49705222022308,14348800
2009-04-17,8.476248741149902,8.524783285658712,8.372245295616427,8.434647230689796,12754000
2009-04-20,8.084504127502441,8.368779041915433,8.025569035887532,8.29944406787259,16328800
2009-04-21,8.247445106506348,8.268245538735693,7.921568582488779,7.938902165807597,16171000
2009-04-22,8.285579681396484,8.562921661857079,8.115708040715878,8.185043701139493,22604200
2009-04-23,8.306381225585938,8.393050482086126,8.212778931103534,8.316781774410183,19798800
2009-04-24,8.701592445373535,8.763994408396565,8.389583291492258,8.438117857739561,20387200
2009-04-27,8.510917663574219,8.639188408015425,8.427715286598996,8.562919727763234,15084400
2009-04-28,8.465852737426758,8.559455690224617,8.337581950862958,8.358383047862882,19869200
2009-04-29,8.656519889831543,8.736256060347072,8.542116566573277,8.542116566573277,12612800
2009-04-30,8.89919662475586,8.989332703930934,8.840261521496533,8.847195218640866,20081800
2009-05-01,8.919994354248047,9.051731915169182,8.80212418341695,8.909594472914073,26841000
2009-05-04,9.422679901123047,9.443480333627301,9.030934565095608,9.037868263008301,26697800
2009-05-05,9.367209434509277,9.464278537493957,9.249339242684734,9.443478109887765,12501000
2009-05-06,9.405343055725098,9.530146938709485,9.3152076527182,9.502412815961138,30942200
2009-05-07,9.096803665161133,9.575218256771551,8.989333988995718,9.554417162364942,21892400
2009-05-08,9.29094123840332,9.35681003868125,9.155737450515668,9.180004729240759,14348600
2009-05-11,9.155736923217773,9.228539416433954,9.051734117176048,9.121069100792626,11733200
2009-05-12,9.24587631225586,9.30134458353146,9.079471498429056,9.193874890589226,13513000
2009-05-13,8.847193717956543,9.082934091006948,8.757057654070586,9.076000395038726,20590200
2009-05-14,8.9234619140625,9.037865246503035,8.763990882699044,8.805591733822725,23127400
2009-05-15,8.95466423034668,9.117602134025121,8.829860335730347,9.013599329333982,31324200
2009-05-18,9.211201667785645,9.232002088828269,8.989328746708425,9.055197518115774,24119000
2009-05-19,9.318672180175781,9.405341380986036,9.221603098457754,9.23546982674596,12086000
2009-05-20,9.360275268554688,9.713885826285049,9.322140602162108,9.481612302430827,30819200
2009-05-21,9.152270317077637,9.238939544817452,9.03093326599515,9.225072812220622,26428800
2009-05-22,9.11760139465332,9.242405279148958,9.051733265599426,9.197337577099784,16843000
2009-05-26,9.336008071899414,9.34987480264552,8.954663388493671,9.072533575386968,15773800
2009-05-27,8.985865592956543,9.308275227181861,8.965065163364704,9.28747479759002,14433200
2009-05-28,9.145339965820312,9.166141064175862,8.930400572684755,9.079471804729659,17546800
2009-05-29,9.419210433959961,9.429610977938019,9.186936908319149,9.245872001727523,15584400
2009-06-01,9.706951141357422,9.765886228307863,9.540546423344495,9.575214238238914,18535000
2009-06-02,9.804024696350098,9.83869186346737,9.63761925251158,9.654953497304044,19718800
2009-06-03,9.467744827270508,9.693084653210173,9.339474759824473,9.689618466508286,19743600
2009-06-04,9.686155319213867,9.717356301320386,9.45388170866194,9.537084107201363,20818600
2009-06-05,9.547480583190918,9.810954402249687,9.450410829009433,9.80748821570178,18717200
2009-06-08,9.498948097229004,9.547483318843407,9.3013423456979,9.495481248454132,17973200
2009-06-09,9.668819427490234,9.745088775764062,9.495480961389749,9.550949217643202,16023800
2009-06-10,9.679216384887695,9.831754363647441,9.492010593514344,9.814420126723874,29978400
2009-06-11,9.814424514770508,9.93576158255138,9.703487993793878,9.706954842728626,25737600
2009-06-12,9.713886260986328,9.74855408096429,9.602949766043784,9.73468668847964,23644200
2009-06-15,9.388010025024414,9.602949984797135,9.322141231689175,9.602949984797135,22614000
2009-06-16,9.13493824005127,9.48161520808939,9.1210708439375,9.46081477515258,35473600
2009-06-17,9.03093433380127,9.162671945833164,8.902664231870743,9.082936405580803,38457600
2009-06-18,9.10720157623291,9.238938496506849,8.98586453891812,9.04479963354338,22789400
2009-06-19,9.085945129394531,9.239294602204287,9.016241307027373,9.207927649476128,25587800
2009-06-22,8.625896453857422,8.960476360865869,8.615440582481714,8.939565282865637,30055800
2009-06-23,8.737421989440918,8.81758166564195,8.57013205699935,8.657262313239888,26769000
2009-06-24,8.824549674987793,9.033662361998353,8.775756958427328,8.880312969557155,23278800
2009-06-25,9.0127534866333,9.030179271146471,8.71302520679907,8.814096618278452,21997200
2009-06-26,8.998808860778809,9.071998589992964,8.946530862626306,9.016235303330184,13890600
2009-06-29,9.078971862792969,9.14519103949723,8.956990043536514,9.065031368342686,10022800
2009-06-30,8.991840362548828,9.159130925963268,8.936077062994336,9.106852250973837,15671200
2009-07-01,9.0127534866333,9.2079250651353,8.991841747516213,9.089427869142748,15137800
2009-07-02,8.765305519104004,8.883802746109092,8.75136502079524,8.883802746109092,17927800
2009-07-06,8.695598602294922,8.699083227068103,8.531793318413179,8.618923562264827,20415800
2009-07-07,8.448148727416992,8.713024759887702,8.448148727416992,8.685143107246104,20991000
2009-07-08,8.455121040344238,8.629381571271157,8.312227458164259,8.521340228226796,25764600
2009-07-09,8.52133846282959,8.611953335157539,8.493456810247674,8.563160609326946,19396400
2009-07-10,8.472546577453613,8.573618001488478,8.333138289777205,8.444664919918331,20604800
2009-07-13,8.730454444885254,8.730454444885254,8.3435964247017,8.489975332670197,14944200
2009-07-14,8.796672821044922,8.841980938040416,8.660749799560975,8.789702239237728,11636600
2009-07-15,9.141707420349121,9.141707420349121,8.939565228245463,8.953506389994562,17774000
2009-07-16,9.228836059570312,9.288084657053437,9.096398370064481,9.134735228611634,14259600
2009-07-17,9.27414321899414,9.35081759303892,9.180042397608958,9.235805699596252,10055800
2009-07-20,9.472801208496094,9.497197572965558,9.315966487262287,9.392641535310403,21574000
2009-07-21,9.584328651428223,9.73767809598139,9.382186473733599,9.671458911895751,34603200
2009-07-22,9.612207412719727,9.692367068663232,9.472799170915602,9.504166108415395,24205800
2009-07-23,9.939817428588867,9.99906601533803,9.598267064858838,9.601751689299135,23905800
2009-07-24,10.019979476928711,10.019979476928711,9.82829317892269,9.887541779811095,15967800
2009-07-27,10.040889739990234,10.103623625826337,9.939818996505105,10.051345609213268,14455200
2009-07-28,9.957245826721191,10.006038558720167,9.789955890080883,9.915423674936672,22254400
2009-07-29,9.74813175201416,9.817836215206846,9.68191324320724,9.793439852514714,29292400
2009-07-30,10.044374465942383,10.138475289414675,9.91890670131266,9.925877280403425,23760200
2009-07-31,10.148933410644531,10.2430335902517,9.992098670047321,10.054832566286205,17766200
2009-08-03,10.50791072845459,10.50791072845459,10.281372152950004,10.326679602150431,20119000
2009-08-04,10.46957015991211,10.549729822721782,10.340617109728342,10.431232640850531,13338000
2009-08-05,10.553214073181152,10.588065634623051,10.340616091680765,10.497450777173006,17119600
2009-08-06,10.466087341308594,10.664744232888436,10.385926994823677,10.608980918225713,17036200
2009-08-07,10.52882194519043,10.640349253815385,10.382443723669594,10.595041139272166,41092600
2009-08-10,10.389410018920898,10.493966709670707,10.298794486171467,10.441688031920302,30620400
2009-08-11,10.365011215209961,10.403348725927803,10.232573569163263,10.305762637169133,29480600
2009-08-12,10.459115028381348,10.546245276203834,10.284854532736375,10.312736185449529,23613600
2009-08-13,10.65080451965332,10.692627343711077,10.500940341843942,10.570644827023125,25768400
2009-08-14,10.382441520690918,10.66822865116594,10.281370105656482,10.66822865116594,29687600
2009-08-17,9.98861312866211,10.152417781028804,9.939820394925464,10.093169176598103,27638600
2009-08-18,10.138477325439453,10.169844272896043,10.009524245367789,10.051347063560291,16996800
2009-08-19,10.270915985107422,10.333649885848178,9.936336067491661,9.988614096525223,25552000
2009-08-20,10.291827201843262,10.347590518592233,10.232578594703584,10.288341911452555,19714000
2009-08-21,10.563671112060547,10.56715640176079,10.396381194955083,10.44865921095666,21569800
2009-08-24,10.480025291442871,10.689138002999048,10.431232569155124,10.661256352441624,16760200
2009-08-25,10.427750587463379,10.643833946389115,10.403354218580885,10.528821353512452,13467000
2009-08-26,10.389410018920898,10.521848360920455,10.305765065171654,10.403351176921275,15996600
2009-08-27,10.462601661682129,10.514879684139009,10.197725594515997,10.410323639225249,21248600
2009-08-28,10.52882194519043,10.588070557842249,10.39986951249315,10.577615350448609,18068800
2009-08-31,10.389410018920898,10.389410018920898,10.274398124421811,10.365013657171245,14415600
2009-09-01,10.082717895507812,10.493972996378723,10.072262020743647,10.316227113896309,27300200
2009-09-02,10.176813125610352,10.201209488434422,9.992096762476478,10.079227009563036,18244200
2009-09-03,10.323193550109863,10.333648755922635,10.14196244884231,10.243033205288858,13787400
2009-09-04,10.466087341308594,10.473057257078075,10.222122341095824,10.337134260681582,11063800
2009-09-08,10.608980178833008,10.685654564962643,10.556702158074113,10.657772909574494,15698800
2009-09-09,10.657772064208984,10.713535370562186,10.549730741243538,10.633375700773339,19215200
2009-09-10,10.717019081115723,10.741415440956484,10.441687214910667,10.577610835774976,19634600
2009-09-11,10.730962753295898,10.845974665753957,10.643832496441275,10.800666559928935,20257600
2009-09-14,10.866884231567383,10.877339435496722,10.567155976907411,10.61594870124703,18643200
2009-09-15,11.107366561889648,11.159644588349828,10.856430971278915,10.887797920105255,24746600
2009-09-16,11.260712623596191,11.323446502351754,11.131759576737428,11.260712623596191,16099600
2009-09-17,11.208433151245117,11.42451575742812,11.149184566049598,11.25374124479218,23082600
2009-09-18,11.202483177185059,11.289975240326227,11.121991306809406,11.279476619956627,19917200
2009-09-21,11.090497016906738,11.135992607957073,10.926011467891094,11.055500048977136,20813400
2009-09-22,11.212980270385742,11.289972358481602,11.170983797092829,11.216479364608128,13709200
2009-09-23,11.034503936767578,11.265482360785613,10.996007199008696,11.226986958050235,16841200
2009-09-24,10.793020248413086,11.076494327332192,10.719526573130993,11.051996658075302,25480000
2009-09-25,10.688034057617188,10.849019183155178,10.61804011846313,10.709031972358735,20599000
2009-09-28,10.891011238098145,10.954004956629914,10.691528793124297,10.712527366812955,13315600
2009-09-29,10.901514053344727,11.04500102455398,10.8630179884548,10.912013344230155,20585200
2009-09-30,10.828017234802246,10.996001825181002,10.716027507883076,10.975003918261514,20115800
2009-10-01,10.404558181762695,10.821020677005633,10.404558181762695,10.789523474234477,37932600
2009-10-02,10.36255931854248,10.492047187519857,10.208573113193724,10.247069831408766,23810800
2009-10-05,10.537544250488281,10.611037262787718,10.373058745322266,10.436053137299764,19942200
2009-10-06,10.758028030395508,10.852519654158312,10.611041282601718,10.712532434238446,24104800
2009-10-07,10.76152515411377,10.845517465459125,10.684532368925083,10.74052724315532,12311200
2009-10-08,11.013503074645996,11.058999331227954,10.870016113139727,10.968007485575653,15055200
2009-10-09,11.024002075195312,11.065998567282112,10.92251094203398,11.024002075195312,13376400
2009-10-12,11.052000045776367,11.191987246947592,11.010003551669186,11.065999099649304,14219600
2009-10-13,11.111493110656738,11.142990309883144,10.936508967181828,11.044998949233044,18572600
2009-10-14,11.349470138549805,11.363469188565842,11.209482308435216,11.254978553475892,20318800
2009-10-15,11.370471954345703,11.412467781340426,11.244483138338264,11.29697758832585,14964800
2009-10-16,11.212980270385742,11.3354685935082,11.198981223451005,11.30397140541634,17981600
2009-10-19,11.384469985961914,11.422966718023947,11.230484392737088,11.25498207040869,14581600
2009-10-20,11.265480041503906,11.433464679394126,11.149991187027043,11.433464679394126,16380800
2009-10-21,11.13249397277832,11.370473245318358,11.0974970013015,11.216486303815662,19167200
2009-10-22,11.265480041503906,11.310976298127265,10.964507732161833,11.097495403613687,15956000
2009-10-23,11.041501998901367,11.324976864149537,10.99250663985133,11.324976864149537,18103400
2009-10-26,10.758028030395508,11.205987801650801,10.747528738584624,11.059001053857012,23824600
2009-10-27,10.670533180236816,10.842017563814201,10.653035032580336,10.744026868919436,29079400
2009-10-28,10.341561317443848,10.684530703018522,10.317063647226682,10.646033982670717,28486800
2009-10-29,10.649537086486816,10.695032678662693,10.450055232118112,10.520048502197282,21907600
2009-10-30,10.26806926727295,10.642535215646399,10.1735776725867,10.618037543137708,37183000
2009-11-02,10.359061241149902,10.544544002694327,10.131581992220756,10.306566132552641,32588400
2009-11-03,10.46405029296875,10.506046775676346,10.19107549165944,10.254069214453663,24762200
2009-11-04,10.46405029296875,10.681030896520344,10.429053335297661,10.600538361134852,25514800
2009-11-05,10.649537086486816,10.719530356565986,10.50954987881682,10.534047556720111,20124200
2009-11-06,10.74052906036377,10.849019064101517,10.579543269080713,10.590042560092108,19429600
2009-11-09,11.090497016906738,11.093996780450864,10.87351634975251,10.87351634975251,19988600
2009-11-10,11.104496955871582,11.1709911374819,10.929512759274127,11.066000886528123,19721000
2009-11-11,11.212980270385742,11.321469546573462,11.174483558826514,11.233977505765251,24821400
2009-11-12,11.16048812866211,11.331973171629164,11.107993020667395,11.191985326961241,35414000
2009-11-13,11.202483177185059,11.303974290834319,11.128990164551983,11.202483177185059,25552400
2009-11-16,11.433464050292969,11.520956127819018,11.28647800086032,11.28647800086032,23841800
2009-11-17,11.566450119018555,11.583948264095705,11.352969278017794,11.3984655232367,16986400
2009-11-18,11.566450119018555,11.646942654391763,11.482458488639075,11.583948264095705,18199400
2009-11-19,11.391472816467285,11.468466302917996,11.209489061689775,11.457967676592425,19201000
2009-11-20,11.352973937988281,11.3984702018817,11.237485065056916,11.268982273133368,17537400
2009-11-23,11.468463897705078,11.63294946243549,11.426468066186633,11.531458312494452,21261000
2009-11-24,11.45446491241455,11.485962120002338,11.342475137663184,11.485962120002338,14050600
2009-11-25,11.63994312286377,11.63994312286377,11.454460382108223,11.47895805220715,15636000
2009-11-27,11.32147216796875,11.447460949507871,11.184984766309002,11.244480062045989,14899400
2009-11-30,11.373969078063965,11.443963000933582,11.254979809692529,11.35297050069617,18373600
2009-12-01,11.594450950622559,11.657445355759064,11.527956114632245,11.559453317200497,22712400
2009-12-02,11.706438064575195,11.758932500321857,11.590947902891305,11.601447858058963,18306800
2009-12-03,11.5174560546875,11.762434117974754,11.506957433482759,11.70993834190497,28935400
2009-12-04,11.391472816467285,11.741441267572416,11.230487649364612,11.69244589802149,46926400
2009-12-07,11.40546703338623,11.524456309652912,11.33897353651075,11.34947215837974,19687400
2009-12-08,11.22348690032959,11.349475742638294,11.19548945398452,11.32147762878145,21137600
2009-12-09,11.363472938537598,11.370472465855476,11.13949273694715,11.233983685691845,18097000
2009-12-10,11.32147216796875,11.482458574948131,11.282976782518821,11.433461899331768,15660200
2009-12-11,11.352973937988281,11.429967409958152,11.247983689407919,11.3984702018817,15864000
2009-12-14,11.5174560546875,11.52795467589224,11.36347049191813,11.436963510397394,15146600
2009-12-15,11.40546703338623,11.594450237166805,11.352971253995028,11.485959582769114,25189600
2009-12-16,11.52095890045166,11.594453277878289,11.443966761515565,11.464964010760191,15224600
2009-12-17,11.265480041503906,11.433464679394126,11.23748326936715,11.412467434047366,13799600
2009-12-18,11.257383346557617,11.348878259582222,11.144774429358748,11.303130467468874,19416800
2009-12-21,11.422776222229004,11.465005567851971,11.317205542979622,11.331281991520612,10199000
2009-12-22,11.489640235900879,11.496677118719296,11.391106425188443,11.44389244315597,9447600
2009-12-23,11.665594100952148,11.669112543043505,11.475566010311887,11.528350696108985,10509000
2009-12-24,11.757089614868164,11.78524252421744,11.683190241433222,11.718380035715212,5443000
2009-12-28,11.767644882202148,11.841545589234197,11.714860197070049,11.799316230243186,8028000
2009-12-29,11.785239219665527,11.866176797743092,11.739491426002825,11.767642985053868,7435200
2009-12-30,11.771162986755371,11.802834330276495,11.676148956191998,11.704300515763968,5948400
2009-12-31,11.60929012298584,11.830988229063456,11.60929012298584,11.799316879280294,5164600
2010-01-04,11.971749305725098,11.971749305725098,11.771164550905729,11.816912351493922,15135000
2010-01-05,12.010458946228027,12.02805384119624,11.897850007546152,11.992864051259817,17678400
2010-01-06,12.214561462402344,12.256790818854244,11.992863381849503,12.01397671767109,16184000
2010-01-07,12.119550704956055,12.16881830082083,12.02101819803596,12.154741844859466,11514600
2010-01-08,12.288464546203613,12.288464546203613,12.06324661316601,12.091399525998096,9284800
2010-01-11,12.221604347229004,12.450342083454025,12.168819645149682,12.443303854695806,18217000
2010-01-12,11.989343643188477,12.108990802114986,11.869696484261969,12.045648109600695,26324000
2010-01-13,12.130110740661621,12.140667413190464,11.876739860729801,12.021020202378764,23886200
2010-01-14,11.982309341430664,12.147704352987235,11.964714441615133,12.12307122476453,19231000
2010-01-15,11.894330978393555,12.013978151141137,11.834508063222026,11.968230347395275,15210600
2010-01-19,12.084362030029297,12.087880473144118,11.859144083344848,11.911928784496286,13603400
2010-01-20,11.869698524475098,11.964712579577945,11.760608014748584,11.929522785423378,23007600
2010-01-21,11.355918884277344,11.883773798587328,11.352399099768776,11.883773798587328,39632400
2010-01-22,11.130702018737793,11.461491336463343,11.102549779220874,11.324249252718655,40093800
2010-01-25,11.229236602783203,11.345365360476235,11.190527016885525,11.246831502989918,20610200
2010-01-26,11.070876121520996,11.25738508900121,11.035686332851162,11.106066581393025,33567800
2010-01-27,10.975860595703125,11.0990268454523,10.785832552455473,11.018088602290117,39417600
2010-01-28,10.778800010681152,11.077918011722442,10.726014639015611,11.046246654482633,32740800
2010-01-29,10.606366157531738,11.021612194563577,10.599328601041455,10.863256098693657,32241400
2010-02-01,11.028647422790527,11.028647422790527,10.718972200561131,10.718972200561131,34546000
2010-02-02,11.063838958740234,11.12014342805069,10.91603955899973,11.077914740466738,32079400
2010-02-03,10.937153816223145,11.127181907874428,10.90196335430229,11.02161052211186,36213600
2010-02-04,10.528945922851562,10.821025611701431,10.521907696324524,10.78935426353198,45618000
2010-02-05,10.726009368896484,10.729528481438761,10.374106169093828,10.560615106621986,64498000
2010-02-08,10.553580284118652,10.810469541709791,10.543022943088028,10.747127509132952,40944600
2010-02-09,10.810473442077637,10.92308310675976,10.645079066804826,10.715460023330834,57488000
2010-02-10,10.736573219299316,10.845663089475174,10.602849546384723,10.824549072615893,43105200
2010-02-11,10.919559478759766,10.933635261525918,10.676746017422627,10.729531377399674,38944200
2010-02-12,10.89844799041748,10.958271594903568,10.676749145088129,10.726015406005216,39246600
2010-02-16,11.172926902770996,11.190521794766958,11.028646640557367,11.035684865836593,21028400
2010-02-17,11.179967880249023,11.292576827629444,11.102548725523281,11.243310580951078,58790800
2010-02-18,11.299614906311035,11.338324483165765,11.120144147078554,11.130700816255471,39257200
2010-02-19,11.362956047058105,11.422778954058305,11.208118432086884,11.215156658040614,30427000
2010-02-22,11.31369400024414,11.465012558311841,11.271464628873034,11.405188286738527,22993800
2010-02-23,11.13421630859375,11.33832079566451,11.067355188210614,11.278496557507736,40160400
2010-02-24,11.106067657470703,11.246828839395109,11.046244071252547,11.151815461097547,31930800
2010-02-25,11.08143424987793,11.099029816667905,10.835102355638478,10.940673071569352,40918000
2010-02-26,11.084955215454102,11.137740582239601,10.982902924626758,11.137740582239601,30666800
2010-03-01,11.253867149353027,11.26442381857386,11.084953729797045,11.144777316456738,39502800
2010-03-02,11.348880767822266,11.440375029866118,11.31720941896007,11.341842541141279,38859000
2010-03-03,11.447412490844727,11.616325892676544,11.40518447598787,11.419260928408285,28216400
2010-03-04,11.524831771850586,11.567059787202453,11.433337514854136,11.482603756498717,26748000
2010-03-05,11.672632217407227,11.746532933171954,11.588176174254114,11.630404195830671,23340600
2010-03-08,11.672632217407227,11.757089602964943,11.609290856244693,11.718380023851182,28925800
2010-03-09,11.598731994628906,11.714860723465652,11.556503976144864,11.602251779238538,30916800
2010-03-10,11.602249145507812,11.700781613738371,11.517791785307192,11.602249145507812,41650200
2010-03-11,11.669112205505371,11.669112205505371,11.465009009999068,11.560021710166422,29034600
2010-03-12,11.714861869812012,11.79931791504446,11.690228744752162,11.728938324818966,23063600
2010-03-15,11.711342811584473,11.725419267464915,11.612810305230811,11.70782436881672,18990800
2010-03-16,11.883774757385254,11.883774757385254,11.746532683376508,11.750051125764482,27171600
2010-03-17,11.950634956359863,12.03157254892455,11.911925381132303,11.922483392269934,17654600
2010-03-18,11.866180419921875,12.031574068043591,11.848584179938925,11.954156250218082,24248200
2010-03-19,11.7367525100708,11.962459082138734,11.722646858304522,11.7367525100708,21252800
2010-03-22,11.90955638885498,11.923663381825696,11.585102277113009,11.641528903678973,22534400
2010-03-23,12.064730644226074,12.064730644226074,11.85313110692871,11.920137313165565,29462600
2010-03-24,12.029464721679688,12.10705184791303,11.951877595446346,11.987145082514717,16904800
2010-03-25,11.789651870727539,12.138791268276382,11.779072296655498,12.138791268276382,38080400
2010-03-26,11.877820014953613,11.987147226443373,11.796706798164687,11.842553866894885,30944800
2010-03-29,12.004776000976562,12.061202624851788,11.944821956368417,11.990669008678548,17183400
2010-03-30,12.02241039276123,12.107051010554256,11.937769774968206,11.997723826179303,16926400
2010-03-31,11.962456703186035,12.06473039372698,11.92719056280772,11.994196767653328,15549200
2010-04-01,12.17052936553955,12.188163779894342,12.068257026993201,12.082362675033329,15941800
2010-04-05,12.318649291992188,12.322175367440227,12.1634764112584,12.205796043219099,13178600
2010-04-06,12.339815139770508,12.378607367813652,12.255174493773126,12.258700570752527,17215000
2010-04-07,12.262223243713379,12.399763063035218,12.198743120131466,12.297489381118037,20756400
2010-04-08,12.29043197631836,12.301012890428641,12.131733063145425,12.18463225243091,16575200
2010-04-09,12.31159782409668,12.343337889625543,12.241064195663979,12.343337889625543,16745800
2010-04-12,12.272804260253906,12.353917462084336,12.237538118698787,12.318651320529217,11504800
2010-04-13,12.22695255279541,12.262220026263241,12.14583938179423,12.23047997280047,14107400
2010-04-14,12.318649291992188,12.322175367440227,12.230482607305909,12.283383156244414,14628200
2010-04-15,12.318649291992188,12.350389352291922,12.25164309594468,12.301016224118301,15055000
2010-04-16,12.107054710388184,12.315126879359315,12.00830706856688,12.255174155144053,33745200
2010-04-19,12.110577583312988,12.128210653692651,11.898978048122965,12.015357388882368,22585800
2010-04-20,12.149372100830078,12.244592302749325,12.096471540213672,12.205798737672913,11610600
2010-04-21,12.117630958557129,12.174057590394302,11.997724197738505,12.174057590394302,22064000
2010-04-22,12.237537384033203,12.237537384033203,11.92013674782362,12.029463932588472,11843000
2010-04-23,12.3468656539917,12.392712720539741,12.212853221493186,12.223432796343793,19692000
2010-04-26,12.399765014648438,12.509092210317064,12.360971450207405,12.427979005266323,14050200
2010-04-27,11.948352813720703,12.364499788987686,11.948352813720703,12.346865370884691,32078200
2010-04-28,12.092945098876953,12.149371734016155,11.958931335927439,12.061205032528834,32075400
2010-04-29,12.202271461486816,12.24459244861094,12.110578680018863,12.163479241265438,20038000
2010-04-30,11.987143516540527,12.272802725232532,11.98361609563597,12.237536588088327,21881800
2010-05-03,11.980087280273438,12.075307443166786,11.863706632742705,12.01888082945035,22380400
2010-05-04,11.563944816589355,11.821391421860993,11.48283161317367,11.810811848251106,53974000
2010-05-05,11.479307174682617,11.641533623668895,11.331187724386652,11.384086951499166,35206400
2010-05-06,11.10195255279541,11.609792345117022,10.396618835245635,11.387613192717298,54860000
2010-05-07,10.978515625,11.299442986154872,10.812762494755633,11.116056114825929,54676800
2010-05-10,11.500463485717773,11.532203548556579,11.362923661855264,11.422876366485813,36074800
2010-05-11,11.35586929321289,11.51809567068184,11.334708804506,11.373502361143542,28765400
2010-05-12,11.592155456542969,11.595682877347617,11.405242513402357,11.42640300227967,25864600
2010-05-13,11.419353485107422,11.65916706134691,11.412299986357164,11.563946846194408,26685000
2010-05-14,11.140743255615234,11.34528928150295,11.045523066811366,11.34528928150295,40467000
2010-05-17,11.140743255615234,11.253596513756793,10.872716431199796,11.186589639488314,37565800
2010-05-18,10.95030403137207,11.408770609025757,10.95030403137207,11.239491376642194,46798000
2010-05-19,10.95030403137207,10.98557084642048,10.703437671350295,10.876244325163103,47500400
2010-05-20,10.453042984008789,10.728123310356885,10.442463411272106,10.608216553178881,55258000
2010-05-21,10.710492134094238,10.752811777839232,10.26260508973164,10.28023816251562,39010400
2010-05-24,10.527104377746582,10.749284171332107,10.527104377746582,10.664644217934832,27133600
2010-05-25,10.703436851501465,10.721069921345759,10.181490181271785,10.241443560464283,37643200
2010-05-26,10.618794441223145,10.890347286163509,10.583527637060214,10.809234107449612,26874600
2010-05-27,11.038470268249512,11.049050514116464,10.703437221031612,10.844503802631703,29382800
2010-05-28,10.844501495361328,11.027888348753416,10.766915060153156,11.010254609393574,29481800
2010-06-01,10.495363235473633,10.865663077717103,10.47772949324488,10.735176748516771,31542200
2010-06-02,10.819818496704102,10.819818496704102,10.544738126011106,10.580004943688454,17503600
2010-06-03,10.689330101013184,10.915037301581277,10.562370515393301,10.915037301581277,25279400
2010-06-04,10.266128540039062,10.569421464950764,10.2414419770105,10.484781531999237,30713800
2010-06-07,10.082740783691406,10.357821045761153,10.075687288409489,10.27318044769482,25021000
2010-06-08,10.31197452545166,10.350768078824046,10.068634307071141,10.135641170352983,43670000
2010-06-09,10.326085090637207,10.56942472058023,10.255551455122399,10.449517943800219,27666000
2010-06-10,10.696386337280273,10.696386337280273,10.502419824269806,10.520052899031237,21597200
2010-06-11,10.816288948059082,10.816288948059082,10.572948708994298,10.583528953356568,15956800
2010-06-14,10.710492134094238,10.95383176727447,10.69285838865165,10.915038872617997,18202200
2010-06-15,10.974987030029297,10.985566599592959,10.766913641605605,10.805706517769517,14109600
2010-06-16,10.960884094238281,11.024364225731281,10.858611072233979,10.893877214033612,12730400
2010-06-17,10.900928497314453,11.006728246540906,10.763388688788384,10.985568431227295,27380000
2010-06-18,10.963276863098145,11.019952875440376,10.920769516025791,10.924311851251101,18895800
2010-06-21,11.03057861328125,11.26436732054927,10.95264926940235,11.158099972020652,24144400
2010-06-22,10.757826805114746,11.087255893570156,10.757826805114746,11.016411211640225,23686600
2010-06-23,10.77907943725586,10.849924114553053,10.598424395356272,10.771994766836732,21678400
2010-06-24,10.506324768066406,10.800331807877196,10.502782433173348,10.697606798503722,31521600
2010-06-25,10.662181854248047,10.711773180925714,10.446104201213377,10.548829864338435,22616200
2010-06-28,10.541748046875,10.690522742772421,10.513410041734128,10.651557732341969,25772000
2010-06-29,10.152095794677734,10.364631083650314,10.109589142261854,10.336293090162707,34058800
2010-06-30,10.049371719360352,10.29378668166298,10.00686438751622,10.141469699698922,21027200
2010-07-01,9.992694854736328,10.137927841556438,9.80141355428566,10.038744519629098,32910000
2010-07-02,9.936018943786621,10.07416726394573,9.85808962455077,10.031659932597288,19334000
2010-07-06,9.946649551391602,10.166269604318204,9.847466192710014,10.14147325792429,20142200
2010-07-07,10.343378067016602,10.35754672636894,9.943103136939104,9.953730138176667,23703000
2010-07-08,10.513409614562988,10.513409614562988,10.33983925567357,10.428395602594579,17861600
2010-07-09,10.764904022216797,10.764904022216797,10.48152412166514,10.48152412166514,18889400
2010-07-12,10.623217582702637,10.771992248567063,10.570083918243457,10.771992248567063,18878000
2010-07-13,10.910141944885254,10.942022284629344,10.78616359658193,10.803874596159169,21410000
2010-07-14,10.87471866607666,10.949105666305357,10.757824325980673,10.818042663341105,17277600
2010-07-15,10.864089965820312,10.903054964978503,10.722399981105717,10.885343294619716,16560000
2010-07-16,10.566544532775879,10.83929827558604,10.538206525446991,10.7861645962983,24858200
2010-07-19,10.577166557312012,10.63384254527685,10.467356239452949,10.626757877873478,15230000
2010-07-20,10.89597225189209,10.90659925601416,10.424852545913904,10.424852545913904,21015200
2010-07-21,10.860550880432129,11.062459253500556,10.764909858779292,11.005783242661396,18758000
2010-07-22,11.094341278076172,11.189982314246487,10.963278236478134,10.984531574861055,32511200
2010-07-23,11.338750839233398,11.352920175012484,11.097878211668991,11.112047547448078,29360800
2010-07-26,11.40605640411377,11.40605640411377,11.292703725936468,11.363549740974607,14990400
2010-07-27,11.313958168029785,11.512324180110319,11.26436615828621,11.476902184676522,18349800
2010-07-28,11.278534889221191,11.360006555338833,11.228943557781099,11.257281557979898,21062400
2010-07-29,11.267909049987793,11.452107083758191,11.168726376860032,11.352923059367855,16919000
2010-07-30,11.338750839233398,11.381258846570656,11.129758541540818,11.165181205357415,17515800
2010-08-02,11.643385887145996,11.66463989279515,11.491068891482952,11.519407565681824,32952200
2010-08-03,11.4308500289917,11.53357568522471,11.40605436731645,11.530032675692693,19108400
2010-08-04,11.53711986541748,11.547746193811928,11.427309517378982,11.498154859621158,11268000
2010-08-05,11.56191349029541,11.572539816812895,11.46627249785122,11.487526502148464,14066400
2010-08-06,11.508782386779785,11.632760720613922,11.398972040196337,11.483985368750462,17375600
2010-08-09,11.579625129699707,11.604420793796052,11.505238137410675,11.600879135180438,12162000
2010-08-10,11.455644607543945,11.52294691840449,11.338749626759638,11.452102949609007,25438800
2010-08-11,11.06954288482666,11.243113236184989,11.062458215228864,11.232486231788293,35147200
2010-08-12,11.140385627746582,11.17934995017193,10.931392652840081,10.934934986811681,23048000
2010-08-13,11.087252616882324,11.14747095032332,11.048288289807234,11.097879620065276,12365600
2010-08-16,11.1368408203125,11.207685457116716,11.016404194551267,11.037657518029434,13065000
2010-08-17,11.398968696594238,11.483982000211839,11.292700715810142,11.292700715810142,23946400
2010-08-18,11.441478729248047,11.498154732161018,11.299788721965621,11.388345736602293,19570600
2010-08-19,11.179350852966309,11.430851180210919,11.122674856106064,11.384801510492485,25495800
2010-08-20,11.15455436706543,11.165181369055553,11.048287049688717,11.112047710367195,27923600
2010-08-23,11.03057861328125,11.352923669533563,11.023494618842314,11.2041489762147,18899200
2010-08-24,10.775533676147461,10.92076599540861,10.768449007980784,10.835752004301924,29745800
2010-08-25,10.807414054870605,10.83929438612993,10.584251736055322,10.690519732130124,25560800
2010-08-26,10.793245315551758,10.970357976509732,10.775534319708433,10.910139644758774,14956000
2010-08-27,11.115591049194336,11.122675718258815,10.754281710111881,10.86409137808639,20732800
2010-08-30,10.949102401733398,11.143926018594572,10.949102401733398,11.090792366326166,10128800
2010-08-31,10.995158195495605,11.051834212946085,10.878263149418645,10.881805484963227,19130600
2010-09-01,11.324584007263184,11.349380348879567,11.129760338267324,11.136845007300577,24058400
2010-09-02,11.459188461303711,11.459188461303711,11.292702805586572,11.36000580497485,12309200
2010-09-03,11.593796730041504,11.600881399918157,11.494614054293567,11.547747051474555,15619200
2010-09-07,11.48044204711914,11.583167709568936,11.462731052173869,11.547744368416094,12186000
2010-09-08,11.569000244140625,11.643387245698616,11.50169791195899,11.515865899449192,10036400
2010-09-09,11.53003978729248,11.714237209963969,11.50170244986928,11.678815200369204,9445800
2010-09-10,11.625677108764648,11.654015788368548,11.54066377247818,11.54066377247818,11261800
2010-09-13,11.813414573669434,11.855922587468973,11.707147241695465,11.717774920776568,24126600
2010-09-14,11.792162895202637,11.873634568176001,11.717775891782942,11.756739547434293,17105400
2010-09-15,11.770907402038574,11.792161408019103,11.678809411981039,11.724857731378616,12888600
2010-09-16,11.827587127685547,11.859467471072684,11.72486142663113,11.735489108602046,25727400
2010-09-17,11.829753875732422,11.891198472524511,11.750237825329787,11.865898161717043,16339400
2010-09-20,11.905654907226562,11.927341478997798,11.757466780365315,11.840596570676402,16600800
2010-09-21,11.851442337036133,11.90927182506891,11.739397100763489,11.90565670651225,33795200
2010-09-22,11.880352973937988,11.970711609167617,11.840594953834813,11.847823810104787,20396600
2010-09-23,11.76830768585205,11.912880656990913,11.721320815319407,11.77553654122347,14346000
2010-09-24,12.057456970214844,12.075528422204389,11.909268857879134,11.916497714427633,17199200
2010-09-27,11.98878288269043,12.079141516580217,11.974326549128198,12.061070065554926,11346400
2010-09-28,11.98878288269043,12.01046945117878,11.771922712860277,11.974326549128198,17394800
2010-09-29,11.894814491271973,11.974330556913122,11.855056458451397,11.952643981166318,19749800
2010-09-30,11.84782600402832,12.028543307951942,11.761082470252603,11.974328944033022,20469400
2010-10-01,12.003243446350098,12.014087422551894,11.912884790995887,11.920113648875864,15538400
2010-10-04,11.811681747436523,11.956256125589828,11.768309985495913,11.909269245875487,26111200
2010-10-05,12.144198417663574,12.187571549548663,11.949024839233372,11.949024839233372,26245400
2010-10-06,12.259856224060059,12.292385380617654,12.158655016442223,12.173112725748497,13636600
2010-10-07,12.136968612670898,12.303228116711152,12.024923444941383,12.295999262783806,18279800
2010-10-08,12.375515937805176,12.411658830608248,12.180341007637438,12.180341007637438,15930200
2010-10-11,12.353833198547363,12.436962980734627,12.3068463203499,12.433349241841011,11727200
2010-10-12,12.386363983154297,12.40805055564173,12.194804085187872,12.324919383821701,14601000
2010-10-13,12.585151672363281,12.632138552723383,12.46587898069653,12.534551052943236,14554400
2010-10-14,12.4658784866333,12.606837743363458,12.393591299428154,12.58153743465617,16533200
2010-10-15,12.502020835876465,12.56707916359675,12.335761277819453,12.563464046077092,24577400
2010-10-18,12.556236267089844,12.55985000575938,12.386361595591856,12.458648777852488,13649200
2010-10-19,12.234559059143066,12.408048857775723,12.180344703488338,12.339375410344305,30249800
2010-10-20,12.487563133239746,12.570692912334257,12.256245247278782,12.285160672405581,20369600
2010-10-21,12.483948707580566,12.595992526873571,12.35383205919605,12.541778175888878,22244200
2010-10-22,12.393588066101074,12.509246983950025,12.353830054572423,12.491175536554199,16613600
2010-10-25,12.661050796508789,12.71165140871511,12.556235833551385,12.585149878199308,22728000
2010-10-26,12.585151672363281,12.614067099896719,12.400820647509766,12.487564172583136,18659400
2010-10-27,12.46949291229248,12.491179483277413,12.335762504794138,12.491179483277413,24652800
2010-10-28,12.47671890258789,12.61767813469387,12.393589134391112,12.574306381452763,20044200
2010-10-29,12.577923774719238,12.603224086358756,12.418893047447469,12.451422216521646,13569800
2010-11-01,12.57069206237793,12.729724132295795,12.502020000490019,12.642979241543935,16188600
2010-11-02,12.700809478759766,12.780325518537163,12.646595125172462,12.682738027563998,23459000
2010-11-03,12.664665222167969,12.758637585595746,12.4694902610912,12.740566136332314,34310000
2010-11-04,13.080313682556152,13.080313682556154,12.852610946812634,12.856224685052922,20076400
2010-11-05,13.127297401428223,13.206813411260642,13.051396507731544,13.098383366156414,20189600
2010-11-08,13.159828186035156,13.177899632668145,13.029711564256838,13.044169273068428,15881800
2010-11-09,12.92851448059082,13.2682624733674,12.852613553283835,13.224890711872472,22728800
2010-11-10,12.993572235107422,13.026101399474701,12.776710679737771,12.928513906372865,18655600
2010-11-11,13.127297401428223,13.134526254936882,12.924893639474254,12.928508755609997,18777400
2010-11-12,12.834541320800781,13.029716324777146,12.726111222623969,12.9791157042122,34953400
2010-11-15,12.733339309692383,12.910442849723836,12.7224967141594,12.870684827751669,19444000
2010-11-16,12.458650588989258,12.61045245291731,12.36106308556543,12.585152142262634,39700000
2010-11-17,12.455035209655762,12.58515187815697,12.397205732406723,12.462264066657328,26661800
2010-11-18,12.68996810913086,12.798398205538762,12.621294657687185,12.621294657687185,28865800
2010-11-19,12.791168212890625,12.791168212890627,12.62490865457635,12.693580721159197,18097800
2010-11-22,12.823702812194824,12.834545411839557,12.628527746005991,12.736959257509081,23443000
2010-11-23,12.577923774719238,12.65743982773691,12.51648055467,12.624910658662733,26465200
2010-11-24,12.820084571838379,12.820084571838379,12.664667597252762,12.679125310880135,15943200
2010-11-26,12.603218078613281,12.70803439330627,12.603218078613281,12.686347831339917,9311400
2010-11-29,12.711652755737305,12.751410777759123,12.422505384801477,12.574308616269924,25669600
2010-11-30,12.718880653381348,12.823696998306241,12.559849956048053,12.606836831145989,31201200
2010-12-01,13.065858840942383,13.073086318247226,12.903213026317058,12.932127071826384,24592000
2010-12-02,13.264647483825684,13.29356152917519,13.091159075438723,13.127301976816433,18747600
2010-12-03,13.376699447631836,13.405614889345221,13.20321093364397,13.210439794072316,15720000
2010-12-06,13.398375511169434,13.423675813425792,13.340546051903036,13.35861749940571,9912800
2010-12-07,13.416451454162598,13.593555008062784,13.39115114342879,13.564639579359273,21077000
2010-12-08,13.275491714477539,13.470666715001295,13.206819641891839,13.423679834409247,23584200
2010-12-09,13.34778118133545,13.401996928092903,13.25742252258217,13.391152951483184,23028200
2010-12-10,13.463438034057617,13.477895748084677,13.30079219816194,13.369465650408724,10437400
2010-12-13,13.535714149475098,13.633301571159029,13.517642711110453,13.6043861667657,12831600
2010-12-14,13.524876594543457,13.61523520796108,13.481504846156644,13.53210544906843,14227400
2010-12-15,13.452597618103027,13.571870331247359,13.434524783258496,13.48151167207958,13388000
2010-12-16,13.57910442352295,13.582719543390798,13.369472970408015,13.474288007583356,18492400
2010-12-17,13.6858549118042,13.696785660632132,13.543748227175335,13.561967995186086,14386400
2010-12-20,13.72957992553711,13.795167201453147,13.65670502007782,13.773304312823397,10680400
2010-12-21,13.868045806884766,13.88990731137392,13.780595619007409,13.784240129737988,9610000
2010-12-22,13.860755920410156,13.91905557285251,13.806099388132104,13.91905557285251,6326200
2010-12-23,13.89719295501709,13.937274227478783,13.787881278286443,13.787881278286443,7742600
2010-12-27,13.919053077697754,13.926340706693324,13.802453793714843,13.886259442204242,4817600
2010-12-28,13.948203086853027,13.977353604681007,13.908121819826155,13.977353604681007,6872200
2010-12-29,14.006505012512207,14.028367904442028,13.970068249269257,14.006505012512207,5138600
2010-12-30,14.006505012512207,14.06116154735005,13.977355879912531,14.002861892177279,7152600
2010-12-31,13.995573043823242,14.042941943896393,13.95913628375054,13.988285413814042,4849400
2011-01-03,14.108527183532715,14.239701724780344,14.090307416158135,14.14496393833568,12110400
2011-01-04,14.013790130615234,14.155895427747385,13.835248076772901,14.130389420055623,18978600
2011-01-05,14.04658317565918,14.053870804688719,13.878971877899142,13.940914639690547,15594600
2011-01-06,13.973714828491211,14.119464697487034,13.933634934992435,14.05387739543629,15539400
2011-01-07,13.959137916564941,14.05751884823691,13.838894092308047,14.017437573484612,23128400
2011-01-10,13.977356910705566,14.002862924851316,13.744158272816705,13.908125109475515,20979400
2011-01-11,14.090312004089355,14.101244146068327,13.999218697448052,14.046587606094125,13209600
2011-01-12,14.228774070739746,14.250636964495753,14.148612906914796,14.199624935705273,13959200
2011-01-13,14.104881286621094,14.239700324071206,14.07208765453498,14.214192930250485,14599600
2011-01-14,14.13768196105957,14.13768196105957,13.991933493610214,14.079382296085097,15839800
2011-01-18,14.214195251464844,14.228770510321729,14.141321737126793,14.15589560601049,16477600
2011-01-19,13.886262893676758,14.246991583792497,13.860756880839219,14.239705342959015,32022600
2011-01-20,13.689509391784668,13.780602747540474,13.569266884973638,13.74052144861203,43715400
2011-01-21,13.656710624694824,13.8316096355905,13.638492238346608,13.766022332757899,22906400
2011-01-24,13.802456855773926,13.87897489224319,13.653063903154848,13.704075927467692,20986800
2011-01-25,13.820674896240234,13.820674896240234,13.656706686443052,13.755087612321361,26381600
2011-01-26,14.11216926574707,14.137675270229016,13.864395459374178,13.868039968570454,22398600
2011-01-27,13.995573043823242,14.119459974033044,13.89354900364104,14.101241593996694,22470000
2011-01-28,13.776951789855957,14.0975992189806,13.766019648199917,13.99193204277795,28584600
2011-01-31,14.006505012512207,14.021080273798754,13.820675296015695,13.868044200210266,19959800
2011-02-01,14.38180923461914,14.410958364966696,14.112172481544375,14.137678491838477,32064200
2011-02-02,14.35629653930664,14.429170026228595,14.287064780769049,14.374514911037128,12356400
2011-02-03,14.418246269226074,14.44739679010127,14.195978412459386,14.363589737571749,21654600
2011-02-04,14.421895027160645,14.47655018493981,14.298008056897954,14.458331799013422,16209400
2011-02-07,14.498411178588867,14.600435238361252,14.465617532237234,14.465617532237234,18360600
2011-02-08,14.5457763671875,14.57128376801724,14.447396833869023,14.563996137776364,15420400
2011-02-09,14.414604187011719,14.527558988602948,14.319866377319173,14.509340606730824,19333400
2011-02-10,14.440110206604004,14.53484662636888,14.272497479368543,14.272497479368543,18023400
2011-02-11,14.520268440246582,14.574924964854048,14.356301646370502,14.400026032072578,20151200
2011-02-14,14.67695426940918,14.69881716510387,14.527561290429619,14.556711818022537,17148200
2011-02-15,14.5093412399292,14.687884726004036,14.483835226200437,14.684240215486499,14403000
2011-02-16,14.698820114135742,14.735256890963562,14.582220760317997,14.593151515371554,19581400
2011-02-17,14.829994201660156,14.837281834758578,14.622301523263737,14.669669053442647,16506600
2011-02-18,14.66601848602295,14.877355568660843,14.611361960520547,14.851848170779387,14668600
2011-02-22,14.195980072021484,14.574928547859471,14.170474058260611,14.4765476133646,37060200
2011-02-23,14.090312004089355,14.25428023403841,13.857113361483389,14.152256175391686,37641000
2011-02-24,14.017438888549805,14.214199380379632,13.824320127532255,14.083026182484277,28453000
2011-02-25,14.225126266479492,14.243344643624331,14.123100852516854,14.141320619634772,16706200
2011-02-28,14.378162384033203,14.378162384033201,14.214194208853282,14.27978147892525,15915800
2011-03-01,14.024728775024414,14.443757231451952,14.01744114230735,14.410963579212074,36178400
2011-03-02,14.075735092163086,14.166828379135456,13.984641805190716,14.006503304481205,22439800
2011-03-03,14.35995101928711,14.35995101928711,14.214201150180262,14.23970855875166,17416400
2011-03-04,14.228774070739746,14.378167036471947,14.119462381906787,14.374523915832714,23102200
2011-03-07,13.984644889831543,14.370879622204622,13.915413086878967,14.338085976062233,36593000
2011-03-08,14.14496898651123,14.195981017430222,13.87168905803926,14.017438909213748,20951800
2011-03-09,13.915404319763184,14.0757293287714,13.846173950401344,14.0757293287714,35285400
2011-03-10,13.612981796264648,13.784237630234871,13.547394514743,13.715005838643506,62013600
2011-03-11,13.813386917114258,13.85711130863197,13.50367027640599,13.558325418309796,29383200
2011-03-14,13.76237678527832,13.882619225957766,13.620271450851005,13.758732274666908,35194600
2011-03-15,13.76237678527832,13.831607197186273,13.277759732002053,13.336059392022838,45739400
2011-03-16,13.485458374023438,13.784245828649484,13.321491462670544,13.747807656146719,46770000
2011-03-17,13.725936889648438,13.849823825240048,13.645775736011531,13.751444290775362,44856600
2011-03-18,13.793201446533203,13.961366305116082,13.760299505109275,13.924809212228917,29813000
2011-03-21,14.030829429626465,14.06007483064215,13.913845036435784,14.005239180776252,16934800
2011-03-22,13.997931480407715,14.060078846920998,13.91750416415347,14.019865188793878,15172800
2011-03-23,14.20265007019043,14.242863718522266,13.921157320995647,14.00523976997856,26321800
2011-03-24,14.264793395996094,14.323285572827182,14.122218802130536,14.301350483554213,23093000
2011-03-25,14.341568946838379,14.454898187739365,14.275765051420255,14.334257247951479,21089800
2011-03-28,14.275769233703613,14.447590721473299,14.261145831645688,14.33791799516761,23835200
2011-03-29,14.425650596618652,14.425650596618652,14.180714972953558,14.279420810637129,19443600
2011-03-30,14.575541496276855,14.608443452480998,14.378131153616334,14.571886343171652,30180400
2011-03-31,14.63037395477295,14.707144696923176,14.549946666102871,14.56091491109854,21048200
2011-04-01,14.68521785736084,14.758333488659893,14.623070477223683,14.71446466770633,18529000
2011-04-04,14.780265808105469,14.827791168668842,14.736396995427807,14.758330704484433,14013200
2011-04-05,14.955732345581055,15.014224521140932,14.71079679622516,14.769288971785036,18749400
2011-04-06,14.831437110900879,15.09099606701043,14.787568325468001,15.076374068241835,30197400
2011-04-07,14.802200317382812,14.970365254698637,14.732739855987406,14.875314537388402,26134800
2011-04-08,14.696172714233398,14.959386794622596,14.634023996174744,14.91551801365163,17302600
2011-04-11,14.531668663024902,14.80219593853589,14.465864768834768,14.736392044345756,20734400
2011-04-12,14.33425521850586,14.44758444336168,14.279419576463704,14.367157161556662,26711400
2011-04-13,14.250171661376953,14.451238455470854,14.140498991376978,14.43661645548421,32170200
2011-04-14,14.294041633605957,14.341566972546374,14.155123557570548,14.155123557570548,31580200
2011-04-15,14.389090538024902,14.414680780170247,14.250171084547603,14.359843750108164,22683000
2011-04-18,14.188027381896973,14.261141581266951,14.052763045021793,14.220929329439047,22494400
2011-04-19,14.440274238586426,14.454897635801853,14.231895709240291,14.246519106455718,32250000
2011-04-20,14.63037395477295,14.732734944306586,14.582848611962095,14.68520960149573,26455400
2011-04-21,14.787575721740723,14.787575721740723,14.663279605375669,14.710804960194018,15329200
2011-04-25,14.674241065979004,14.802193682766775,14.604782030280772,14.747356647777197,12109400
2011-04-26,14.838752746582031,14.893589788852534,14.674243014334444,14.736391755211939,17400000
2011-04-27,14.88628101348877,14.886281013488771,14.582851737251216,14.860690760621047,26244200
2011-04-28,14.882625579833984,14.995954847131468,14.813166516076084,14.868002178654123,27603200
2011-04-29,14.941109657287598,14.98863498797115,14.83874869387398,14.948421353897645,26800000
2011-05-02,14.83509349822998,15.050782272041777,14.802191560865488,14.995946639476646,20484200
2011-05-03,14.699828147888184,14.84240273471097,14.579188649254837,14.824124191834818,30488800
2011-05-04,14.440274238586426,14.703489810208454,14.341568399228166,14.685209866407213,42692200
2011-05-05,14.268454551696777,14.531670155490701,14.195340345810985,14.337914999677999,49810600
2011-05-06,14.385428428649902,14.593806830993138,14.30134603775378,14.524347828399748,39226200
2011-05-09,14.593814849853516,14.637685038867062,14.40005972935043,14.41468312568828,26753000
2011-05-10,14.718109130859375,14.747355919960746,14.557255974492813,14.652306644508611,24373200
2011-05-11,14.326946258544922,14.688867701267213,14.26479890677465,14.677900849675762,36163200
2011-05-12,14.312326431274414,14.400064046477508,14.13684841173973,14.283079629830551,36135800
2011-05-13,14.129532814025879,14.392746955618126,14.08566262829073,14.367156711221154,39318400
2011-05-16,14.078351020812988,14.348878256323694,14.030827077807869,14.078351020812987,39154200
2011-05-17,13.913843154907227,14.060072929339364,13.829760720831896,13.997925588982557,46415600
2011-05-18,14.224581718444824,14.239205113303798,13.906530550362447,13.979646130093624,35216000
2011-05-19,14.220932960510254,14.370819338791964,14.158784201700398,14.239211515019862,25611800
2011-05-20,14.078351020812988,14.224582185072354,13.968678344900331,14.184368545172841,35574800
2011-05-23,13.932120323181152,13.979645657584625,13.793200865843732,13.851693048738912,26600000
2011-05-24,14.00158405303955,14.166093808437454,13.924813298708568,14.030830851583229,33186400
2011-05-25,14.198993682861328,14.279420972529536,13.946746357852728,13.975991757555045,32158200
2011-05-26,14.231894493103027,14.279419832710095,14.082008170862704,14.158778907837647,20333400
2011-05-27,14.385428428649902,14.443920587297775,14.312314276262361,14.345216202661982,21204400
2011-05-31,14.531668663024902,14.575537460963677,14.31597843086034,14.517045265523997,32114400
2011-06-01,14.078351020812988,14.491452874466521,14.060072473921501,14.465862629905693,35499000
2011-06-02,14.100290298461914,14.253833205958616,13.932125385850792,14.103946845663632,40104400
2011-06-03,13.921154975891113,14.019859412087662,13.848039390746735,13.877284788066211,32958000
2011-06-06,13.782236099243164,14.012549714304814,13.756645852521187,13.921155577565223,28586000
2011-06-07,13.833417892456055,13.975992536035719,13.793204245381999,13.884598390708858,23020200
2011-06-08,13.690840721130371,13.800513396360891,13.646971929950908,13.793201698737025,34934200
2011-06-09,13.917498588562012,13.994269326286625,13.727398622841196,13.752988868749402,35140800
2011-06-10,13.742024421691895,13.928467873702592,13.709122471976588,13.83341857150507,30926400
2011-06-13,13.661599159240723,13.84804403359667,13.56289329538715,13.796863525205394,26704000
2011-06-14,13.924817085266113,13.986964457224913,13.78589754353566,13.844389761964615,37155600
2011-06-15,13.603105545043945,13.862664607677633,13.544613342273479,13.782238700470815,47199400
2011-06-16,13.47149658203125,13.654284874295252,13.29601998880549,13.59213752431621,52688400
2011-06-17,13.469656944274902,13.635086966175198,13.41083753675094,13.598325362359708,38382400
2011-06-20,13.583619117736816,13.638761519229465,13.396131306512324,13.396131306512324,31123200
2011-06-21,13.932861328125,13.954917729978757,13.690231091176393,13.690231091176393,29506200
2011-06-22,13.874041557312012,14.035794576936377,13.844631152453786,13.859336354882899,26860800
2011-06-23,13.86301326751709,13.881394071112005,13.5064211902064,13.642440819647273,35531600
2011-06-24,13.7747802734375,13.954914052140174,13.726989078074258,13.921828055714077,25527000
2011-06-27,13.804194450378418,13.855661263611639,13.602002797376992,13.704936423843431,20235200
2011-06-28,14.072559356689453,14.072559356689453,13.829929071310863,13.885072891682835,20732600
2011-06-29,14.296809196472168,14.355628618581093,14.116675329798552,14.168142148848156,28885600
2011-06-30,14.47326374053955,14.528407548119656,14.274749118454793,14.32253892250125,24759200
2011-07-01,14.605611801147461,14.627669610760387,14.377686711276562,14.47694475098623,26882800
2011-07-05,14.623991966247559,14.671783183795563,14.54311613928048,14.594582957086514,21081000
2011-07-06,14.68281364440918,14.73795747331718,14.521060563239976,14.572527388959003,29273800
2011-07-07,14.903386116027832,14.96955814337009,14.79677547171356,14.851919295287338,23141200
2011-07-08,14.78941822052002,14.800446420822652,14.63134080514448,14.675455008720254,22743200
2011-07-11,14.49164867401123,14.638697934573402,14.41077284283115,14.572525907556994,23123800
2011-07-12,14.432825088500977,14.57987430666096,14.38871088399909,14.38871088399909,17070200
2011-07-13,14.557816505432129,14.712218324760025,14.498997098632284,14.528407503214845,20591000
2011-07-14,14.418119430541992,14.675453425611915,14.381356429556934,14.590900626893927,21614800
2011-07-15,14.546785354614258,14.56516615256785,14.418118366574124,14.48796595974377,26862800
2011-07-18,14.374005317687988,14.557816134550317,14.30783331142833,14.510026331869085,32278400
2011-07-19,14.590902328491211,14.601931931255553,14.491644317803688,14.491644317803688,19083200
2011-07-20,14.579874992370605,14.631341800437564,14.513702981322988,14.62766620087507,13646800
2011-07-21,14.756332397460938,14.778390200700832,14.583549777994921,14.653398787071957,19496200
2011-07-22,14.686481475830078,14.752653468248667,14.638690280779997,14.748976467355996,14452800
2011-07-25,14.649723052978516,14.748981072598866,14.513703427142653,14.53943683196659,11050400
2011-07-26,14.49164867401123,14.649726138287576,14.465915263767704,14.646050537838079,14344200
2011-07-27,14.160785675048828,14.502673910843745,14.138727871900192,14.443854504812645,31927800
2011-07-28,14.131377220153809,14.351951074970666,14.1129964161771,14.204901838426094,20092200
2011-07-29,13.97329330444336,14.116666874678641,13.833598137083037,13.921826516219578,26653000
2011-08-01,13.925507545471191,14.24166236729988,13.79316353611358,14.230632764943273,29084800
2011-08-02,13.495391845703125,13.962271558293269,13.495391845703123,13.815223724340479,41598200
2011-08-03,13.565240859985352,13.605678067713667,13.215999975607458,13.513772645633455,38959600
2011-08-04,12.646184921264648,13.359370394872979,12.646184921264648,13.344665192770064,78015800
2011-08-05,12.61677360534668,12.969690016122703,12.263857194570656,12.852051212530695,66010000
2011-08-08,11.694046020507812,12.421937515662,11.624198402718728,12.252831871099698,75544800
2011-08-09,12.414584159851074,12.421936761650803,11.620521396230403,11.881532449476529,62942000
2011-08-10,11.988142967224121,12.458698259370061,11.951379958546852,12.138867796887455,65754600
2011-08-11,12.580011367797852,12.749116964098695,12.06166497749129,12.127836976455114,55098600
2011-08-12,12.660892486572266,12.79323654012942,12.55795884596811,12.657216886135977,29769400
2011-08-15,12.863081932067871,12.866757531464708,12.660888906109774,12.738090517096174,55693600
2011-08-16,12.657217025756836,12.829999697847484,12.550606381174704,12.752798064177087,32716000
2011-08-17,12.693974494934082,12.903518712831856,12.63515508995164,12.730737499526377,27525200
2011-08-18,11.955059051513672,12.370472006846704,11.848448411251681,12.363119403825294,53075400
2011-08-19,11.763893127441406,12.168276392751068,11.756540525952914,11.793303533395374,38924800
2011-08-22,11.763893127441406,12.098428782158408,11.723454520437372,12.091076180669916,24809400
2011-08-23,12.179306983947754,12.182982583807432,11.771246683616162,11.855799504043315,31366800
2011-08-24,12.352086067199707,12.355763068782602,12.06534164780319,12.135189251860872,19027400
2011-08-25,12.216066360473633,12.458696575488863,12.153571357717,12.36311557057719,22707400
2011-08-26,12.473408699035645,12.50281771595764,11.899918144213943,12.127844686597813,29035600
2011-08-29,12.85205364227295,12.85940624418314,12.580014383423043,12.613100390836184,25578800
2011-08-30,12.958662986755371,13.039540197415416,12.760146961879961,12.796909967800564,26398200
2011-08-31,12.99174976348877,13.204969601046797,12.877786541905708,13.06527437733702,24743600
2011-09-01,12.815291404724121,13.127769257527085,12.804263203584007,12.980721433652601,25240800
2011-09-02,12.48810863494873,12.642509063909328,12.436641825295197,12.535898442561075,26353200
2011-09-06,12.421936988830566,12.443993392267737,12.116810319205722,12.135191122858506,27213200
2011-09-07,12.778531074523926,12.778531074523926,12.56163419167374,12.63148321983785,25526200
2011-09-08,12.609419822692871,12.811611409763342,12.557953026242027,12.690297018467069,23190600
2011-09-09,12.194011688232422,12.458699773413425,12.120488466673752,12.458699773413425,37833400
2011-09-12,12.113131523132324,12.249151117109985,11.859471731614594,12.054312125544818,27529200
2011-09-13,12.311647415161133,12.359437211184058,12.04328242585063,12.146217422560497,27030600
2011-09-14,12.50281047821045,12.653535283893348,12.14621846615003,12.35208567252755,36008000
2011-09-15,12.716036796569824,12.730742003609382,12.510168105113186,12.66824557487412,25961800
2011-09-16,12.75779914855957,12.86128026503528,12.632142902914289,12.757799148559569,24808800
2011-09-19,12.56930923461914,12.624746331281477,12.347563667617663,12.491698427151016,22188000
2011-09-20,12.421480178833008,12.706054568898862,12.414088471449267,12.587790070407081,28351400
2011-09-21,11.859725952148438,12.403004591723539,11.84124738416667,12.388221173408377,54034400
2011-09-22,11.194486618041992,11.442102508093885,11.024480847438344,11.431015650277901,61758800
2011-09-23,11.176005363464355,11.342315250310907,11.068828429094797,11.127960676659793,47446400
2011-09-26,11.53449535369873,11.53449535369873,11.017087805835283,11.27948778601851,37981200
2011-09-27,11.774723052978516,12.037122375871736,11.693415664545672,11.915162703046795,40351200
2011-09-28,11.253618240356445,11.830157371405303,11.23513897018688,11.830157371405303,44932200
2011-09-29,11.264707565307617,11.51971591021571,11.050352918766501,11.504932490841451,40137800
2011-09-30,10.850777626037598,11.1575264139987,10.835994212202378,11.083610754646543,36225000
2011-10-03,10.54403305053711,11.031874623406063,10.54403305053711,10.728821567830638,38647200
2011-10-04,10.954259872436523,10.965347433996365,10.263151414850032,10.388807626213403,50182600
2011-10-05,11.390362739562988,11.427320579612095,10.895129515676583,10.976436904767054,42067600
2011-10-06,11.678630828857422,11.697109392917726,11.349706890270125,11.423622556335415,41753400
2011-10-07,11.501235008239746,11.77841772107904,11.353403664129116,11.77102601289109,35341400
2011-10-10,11.985377311706543,11.985377311706543,11.700802969133642,11.704498822208707,21385200
2011-10-11,12.000166893005371,12.096256302706728,11.819073523790925,11.841248653641015,20205200
2011-10-12,12.118429183959961,12.273650834635378,12.03712179942088,12.085167200268906,24895600
2011-10-13,12.055601119995117,12.099951374239998,11.82646377902728,12.003860566533769,18488600
2011-10-14,12.373434066772461,12.373434066772461,12.144296790487031,12.266256430672005,18898000
2011-10-17,11.952119827270508,12.318001665069053,11.944728118344601,12.310609956143146,19232000
2011-10-18,12.258868217468262,12.325392189191597,11.737765417097217,11.918858059615085,34612800
2011-10-19,11.904073715209961,12.236693547944718,11.852333165634386,12.236693547944718,22415800
2011-10-20,12.014945983886719,12.07038309013049,11.767330104932675,11.89298632390427,30128400
2011-10-21,12.332782745361328,12.332782745361328,12.151690824684438,12.184952807436714,25566600
2011-10-24,12.62844467163086,12.632141230915414,12.403003899123199,12.458439599972904,19921000
2011-10-25,12.306914329528809,12.606272219507343,12.284740610894834,12.57301023173195,26084200
2011-10-26,12.52865982055664,12.617357503668346,12.21451855082336,12.502789545497038,25712000
2011-10-27,13.2086820602417,13.3343382914968,12.883453918788913,12.972151605660564,41625600
2011-10-28,13.301077842712402,13.356513550953823,13.049765351176099,13.079330780273294,19874200
2011-10-31,12.731925964355469,13.060849217951315,12.717142548282268,13.053457509914717,28058800
2011-11-01,12.391915321350098,12.64692433228721,12.122124303117124,12.232997111869485,46077800
2011-11-02,12.698662757873535,12.779970128607046,12.491699182290063,12.63213880178685,26117200
2011-11-03,12.957366943359375,12.972148948260285,12.606268597674331,12.890842986921198,30003600
2011-11-04,12.927802085876465,12.975847486149185,12.672794487181395,12.842799552978109,20282000
2011-11-07,13.038673400878906,13.049761667256577,12.779970682467878,12.935192313514495,18733400
2011-11-08,13.193897247314453,13.204984104544964,12.931497954148494,13.064544470387116,30361400
2011-11-09,12.550830841064453,12.916712582341878,12.521265422984634,12.8464920709824,45993000
2011-11-10,12.702360153198242,12.805842664204194,12.491701391607373,12.746710404982622,25496600
2011-11-11,12.998017311096191,13.04236754876068,12.850187415019352,12.861274269523566,21089800
2011-11-14,12.86127758026123,13.00541236521431,12.77627505092542,12.876060996621593,19156800
2011-11-15,12.887147903442383,12.975846992120815,12.720837993310441,12.80584193279669,18233400
2011-11-16,12.58409595489502,12.842800124254945,12.573009096579009,12.720839043481606,23883200
2011-11-17,12.225606918334961,12.60627074859591,12.140602974074964,12.56931220547759,40011000
2011-11-18,12.292128562927246,12.432568196692893,12.207126034807665,12.340173960498891,27961600
2011-11-21,12.077774047851562,12.159081422670743,11.948422687752036,12.037120360441971,31661400
2011-11-22,11.985377311706543,12.170165735988391,11.941028484629562,12.085163229997596,30041200
2011-11-23,11.6675443649292,11.8855948249285,11.656457507414995,11.852332842561685,28925200
2011-11-25,11.608413696289062,11.782114635254214,11.608413696289062,11.619501260231935,8887000
2011-11-28,12.044513702392578,12.129516237680676,11.937336041011127,12.051905411090361,24770400
2011-11-29,12.066694259643555,12.177567120365067,12.003865412345585,12.092564546817743,23199400
2011-11-30,12.75779914855957,12.768886008232117,12.5138783669922,12.532356936387938,40087200
2011-12-01,12.676486015319824,12.861274445309396,12.606266919460369,12.691269428076712,24472000
2011-12-02,12.5656156539917,12.846493501228906,12.554528797205421,12.816928079857462,20996000
2011-12-05,12.713446617126465,12.85018968283162,12.617355828385708,12.765187160375763,21637000
2011-12-06,12.83171272277832,12.938888971553084,12.646924239603859,12.691273080814941,21469600
2011-12-07,12.842798233032227,12.887147069589792,12.672793184708143,12.731925436726263,23834400
2011-12-08,12.443657875061035,12.746712335522693,12.410397295921705,12.724537206271993,27528800
2011-12-09,12.602571487426758,12.669095440952972,12.30691025499023,12.340172231753336,27346800
2011-12-12,12.30321979522705,12.399309203705291,12.210825536764531,12.380830633977688,34151000
2011-12-13,12.096256256103516,12.528662122654989,12.022340566712506,12.406701023686146,33684800
2011-12-14,11.948424339294434,12.133212827735182,11.907770646265584,12.033426874798264,38940800
2011-12-15,12.029729843139648,12.15538606673801,11.944727310973732,12.129515792158132,22521400
2011-12-16,12.1060209274292,12.269767590929662,12.02786988510623,12.173007940745304,32362400
2011-12-19,11.89017391204834,12.195336314128655,11.856680408423069,12.143235623964308,25961400
2011-12-20,12.359081268310547,12.381410743443253,12.098576403644861,12.146956223280405,32500800
2011-12-21,12.377686500549316,12.414902286562441,12.225105326988205,12.333028976970647,19222600
2011-12-22,12.500503540039062,12.533997056589175,12.373972635253958,12.418630184108148,15224600
2011-12-23,12.619585990905762,12.619585990905762,12.493055139186179,12.519105483395744,10832600
2011-12-27,12.615869522094727,12.66424793842311,12.563767395864666,12.563767395864666,5847000
2011-12-28,12.314423561096191,12.623306821330797,12.310702691779415,12.612142793743185,12608600
2011-12-29,12.474449157714844,12.481892316727276,12.295817600328732,12.310703918353598,8553600
2011-12-30,12.467005729675293,12.530270450459637,12.444676253119846,12.444676253119846,7210200
2012-01-03,12.813105583190918,12.872649437969148,12.738675409808762,12.742397699278483,22427600
2012-01-04,12.921030044555664,12.93219407436462,12.746119339481677,12.79822003810689,17544800
2012-01-05,12.958245277404785,13.006625109160275,12.772170530262686,12.809384911836043,15567400
2012-01-06,12.939637184143066,12.984294722843986,12.857763846826748,12.913586834931067,14437400
2012-01-09,12.965682029724121,13.014061837569256,12.906138196852018,12.95823887316049,18409200
2012-01-10,13.207586288452148,13.263407861284135,13.151763295982493,13.166649616592757,19925200
2012-01-11,13.337841033935547,13.356448229049732,13.144323081544446,13.166652567464261,14130600
2012-01-12,13.523908615112305,13.52762948429645,13.304340422679793,13.408541795482602,22305200
2012-01-13,13.434595108032227,13.453203716977564,13.27829301428172,13.397380729416643,16838800
2012-01-17,13.509026527404785,13.635557413828115,13.456925824695945,13.598343031789708,23761200
2012-01-18,13.661603927612305,13.661603927612305,13.44575801707325,13.509022732694898,15646400
2012-01-19,13.672768592834473,13.683932619743977,13.568565803009367,13.680210331016012,16385200
2012-01-20,13.6132230758667,13.687651805626961,13.568564134446117,13.624387101403334,11145200
2012-01-23,13.605781555175781,13.706262056000208,13.56856576618311,13.635552766732726,13986600
2012-01-24,13.605781555175781,13.616945582054987,13.434591765083875,13.47925071187508,13192800
2012-01-25,13.82163143157959,13.86256810143726,13.45692511228755,13.523912132120538,16779600
2012-01-26,13.817910194396973,14.041199308150864,13.739757726909303,13.910947561734021,17239600
2012-01-27,13.836517333984375,13.881174872646417,13.713707328116808,13.78813750564525,12301000
2012-01-30,13.82163143157959,13.873732131530224,13.5983423118947,13.628113532021805,18451400
2012-01-31,13.836517333984375,13.966769079930982,13.702543298360686,13.93327557102506,22727600
2012-02-01,13.974211692810059,14.06352818627658,13.940718185214802,13.948161344640138,30380400
2012-02-02,13.907225608825684,14.05608596802484,13.899782448901966,14.011428428120134,15186400
2012-02-03,14.097021102905273,14.130514609096437,14.000261454069717,14.089577943791966,19755800
2012-02-06,14.018865585327148,14.037474188871675,13.955600876114588,13.992815243929373,11370400
2012-02-07,14.003985404968262,14.070972425298361,13.881175394483877,14.011428564964675,23581200
2012-02-08,14.018865585327148,14.097018029157612,13.925828246153053,14.030031031381291,12089800
2012-02-09,14.033757209777832,14.085857912284936,13.925833514791591,14.06725072133778,15299400
2012-02-10,13.788139343261719,13.847683209292681,13.70998828527816,13.840240048584093,22533200
2012-02-13,13.825349807739258,13.922108020309386,13.799299465138176,13.884893650775613,12850200
2012-02-14,13.64671802520752,13.7844143274515,13.546238934952202,13.780692038397707,22075000
2012-02-15,13.657882690429688,13.754640905726376,13.620666900210008,13.724869693187872,22110000
2012-02-16,13.899775505065918,13.914661817476677,13.605778642956288,13.669043341246688,20444000
2012-02-17,13.907225608825684,13.95932630865411,13.855124908997258,13.933275958739896,14894800
2012-02-21,13.989095687866211,14.089576193960694,13.92582955307905,13.99653884605513,16203600
2012-02-22,13.966769218444824,14.033756236921004,13.896061329892222,13.98537782773965,11424000
2012-02-23,13.981654167175293,14.007704514068825,13.87373049025213,13.970490138403045,9831600
2012-02-24,13.974211692810059,14.05980589674516,13.944440474746221,14.022591519255988,8853200
2012-02-27,13.977932929992676,14.030033622410043,13.82907259196814,13.896059602115441,15543000
2012-02-28,14.022588729858398,14.07096854668053,13.959322597146809,13.981652070980997,17826000
2012-02-29,13.758359909057617,14.070965374066247,13.732309571943306,14.03374959273373,36796000
2012-03-01,13.910945892333984,13.963046584648314,13.821629405768423,13.840236593075343,23216800
2012-03-02,13.877449989318848,13.985373644542241,13.79557667575115,13.86628454315416,17912000
2012-03-05,13.654162406921387,13.825352227799398,13.576011365438188,13.821629938412133,22498200
2012-03-06,13.375052452087402,13.44576176530214,13.322951749489809,13.44576176530214,29573200
2012-03-07,13.408541679382324,13.460642365332607,13.326669781304977,13.445757469087683,28667000
2012-03-08,13.631834983825684,13.657885332199616,13.486696922988772,13.568568838033624,16481200
2012-03-09,13.6355562210083,13.76580938602371,13.590898682541258,13.669049729767972,14640400
2012-03-12,13.561123847961426,13.706263308843768,13.53879579216208,13.631833143692205,11160000
2012-03-13,13.784419059753418,13.799305381804547,13.61695148577272,13.643001839543293,20667200
2012-03-14,13.732312202453613,13.803020071074577,13.676489229580051,13.784412886662448,16214400
2012-03-15,13.832794189453125,13.832794189453125,13.709985610812575,13.75092227690525,14111000
2012-03-16,13.859319686889648,13.937769752508919,13.844378106572886,13.859319686889648,23286000
2012-03-19,13.945240020751953,14.023688654383498,13.851848383082979,13.859318460058393,15412000
2012-03-20,13.866785049438477,13.885463085346473,13.736037373039709,13.818222441086245,14358000
2012-03-21,13.866785049438477,13.92282058220526,13.80327944234273,13.885463085346473,12128000
2012-03-22,13.642647743225098,13.743510861779528,13.567934163735556,13.709889822261385,24702600
2012-03-23,13.788336753845215,13.818222752004697,13.567932505068923,13.691210109912548,18311400
2012-03-26,13.96765422821045,13.96765422821045,13.84811303635702,13.915355134905,11457000
2012-03-27,13.937762260437012,14.064774887637682,13.937762260437012,14.0087393601799,9252000
2012-03-28,13.743510246276855,13.934028511651983,13.635175632120934,13.91161543633899,23142600
2012-03-29,13.762187004089355,13.77339354070358,13.571668756433523,13.620231365123697,21611800
2012-03-30,13.81075668334961,13.885468858042168,13.724836542418457,13.877998780607623,14499200
2012-04-02,14.005008697509766,14.057307779448687,13.780867942716112,13.792074481690708,36440400
2012-04-03,13.900411605834961,13.986331745176559,13.79207695947424,13.967653701848969,18684600
2012-04-04,13.706156730651855,13.784606792184944,13.62770809416212,13.739777778439365,15975800
2012-04-05,13.627706527709961,13.851847295543688,13.5903504455926,13.69494861555576,23070400
2012-04-09,13.429718017578125,13.511901691140189,13.381153966125549,13.45213109898445,20801000
2012-04-10,13.15327262878418,13.425975930334575,13.112180096693635,13.392354897264378,34071400
2012-04-11,13.295231819152832,13.381151943323122,13.254139276062016,13.351267364284508,22649600
2012-04-12,13.657588005065918,13.691209037841274,13.321377677312357,13.328849176267182,26485000
2012-04-13,13.496956825256348,13.642647519093792,13.485748862239099,13.605290017441256,21583600
2012-04-16,13.538049697875977,13.627704853963525,13.448393116745414,13.597820276948681,26686600
2012-04-17,13.721097946166992,13.810754536924655,13.601556775185554,13.63517781858928,16225800
2012-04-18,13.683745384216309,13.754722527416547,13.63518132568797,13.698686965649731,14543200
2012-04-19,13.635181427001953,13.762194132912754,13.545524812517575,13.728573080611556,17504600
2012-04-20,13.627706527709961,13.739776199105231,13.627706527709961,13.71736311985209,14919000
2012-04-23,13.459600448608398,13.467071949563401,13.284025163816654,13.463336911607449,20618800
2012-04-24,13.459600448608398,13.508164492294373,13.373680325190502,13.459600448608398,16401200
2012-04-25,13.743510246276855,13.754716783933352,13.597819556570654,13.60528963164636,19560000
2012-04-26,13.728564262390137,13.777128290085358,13.612758173283881,13.650115665758138,11820800
2012-04-27,13.795815467834473,13.840643063473227,13.721101858407502,13.795815467834473,11870200
2012-04-30,13.698680877685547,13.773394451822602,13.631440228509385,13.76218791446706,18136600
2012-05-01,13.780867576599121,13.859316197423354,13.653854913103334,13.698682492853887,16598400
2012-05-02,13.71362590789795,13.724833871955791,13.601556242621294,13.698682905849566,13233000
2012-05-03,13.556729316711426,13.72483453527243,13.515636771613938,13.698683567902338,19123800
2012-05-04,13.328850746154785,13.493219467392336,13.298964746815477,13.459598430657055,24304400
2012-05-07,13.340062141418457,13.39983273682077,13.239198994481415,13.265348540904714,22107800
2012-05-08,13.276548385620117,13.287754920076635,13.052407721192068,13.239190895694179,24091400
2012-05-09,13.157011985778809,13.317645687453998,13.033734362382155,13.05988390218574,28805200
2012-05-10,13.115921020507812,13.317647287552376,13.082299976000385,13.291497744606955,15880200
2012-05-11,13.07856273651123,13.201840367403252,13.007585613449328,13.015057114567917,12205000
2012-05-14,12.899249076843262,13.015055189487605,12.843214964306645,12.925398614368934,25746400
2012-05-15,12.704995155334473,12.959020471690172,12.68258207891915,12.899249892844303,23015200
2012-05-16,12.566776275634766,12.876837140928393,12.559304774960372,12.753559517365467,24199000
2012-05-17,12.2903413772583,12.626550453129399,12.2903413772583,12.62281541424966,27461600
2012-05-18,12.241774559020996,12.454707353200915,12.196946977362888,12.357580688767827,29058200
2012-05-21,12.600398063659668,12.622812567012575,12.2529810994268,12.2529810994268,17148400
2012-05-22,12.521949768066406,12.738617605990724,12.443501141837421,12.63401943768541,17223400
2012-05-23,12.671377182006836,12.693791688889236,12.279132574346608,12.40988172692892,21292600
2012-05-24,12.749825477600098,12.779710057593977,12.58172026187466,12.757296978859356,23003200
2012-05-25,12.69752311706543,12.794649758284677,12.65269412107859,12.73861422582252,13711600
2012-05-29,12.917930603027344,12.962758185226392,12.79091793259409,12.846952054082113,19128400
2012-05-30,12.686312675476074,12.828268284930992,12.67136967973503,12.77596922487984,14651400
2012-05-31,12.634018898010254,12.719939021882762,12.465913688240954,12.667639939964115,19872000
2012-06-01,12.3650484085083,12.518210589609168,12.357578333858084,12.413612443991852,24646200
2012-06-04,12.376255989074707,12.40614056188296,12.174529778708443,12.394934025210217,26895600
2012-06-05,12.495800018310547,12.510743020689572,12.323959766081172,12.338901343417056,15261000
2012-06-06,12.809592247009277,12.809592247009277,12.600394549193677,12.600394549193677,16657000
2012-06-07,12.832009315490723,13.052413617978612,12.787181732370032,12.962758451737232,18561600
2012-06-08,12.917930603027344,12.925400679191231,12.671375338324722,12.764766965847905,12725200
2012-06-11,12.678845405578613,13.074826374507749,12.663903829897556,13.026262334676113,19767200
2012-06-12,12.91419506072998,12.91419506072998,12.667641203490343,12.74235479584486,20855600
2012-06-13,12.716204643249512,12.906722940837797,12.678847136339824,12.839480853443538,17328800
2012-06-14,12.820802688598633,12.839480729351367,12.67511197566688,12.742354062411254,16883200
2012-06-15,12.969157218933105,12.980425923602713,12.837700937504428,12.882771457884829,21953400
2012-06-18,13.036763191223145,13.070566438339538,12.867746955641168,12.92408617842381,13385800
2012-06-19,13.284659385681152,13.344753916040743,13.108132508681079,13.119399785383933,16423400
2012-06-20,13.209532737731934,13.348502417814025,13.119391714032687,13.254604682347296,16677200
2012-06-21,12.777606964111328,13.213292499949661,12.762582979104405,13.205780507446198,19803000
2012-06-22,12.845216751098633,12.894043998483495,12.70624843613634,12.848972031928342,17983000
2012-06-25,12.683710098266602,12.762583875946408,12.612348313618137,12.694977371430525,13185200
2012-06-26,12.72502326965332,12.796385042671368,12.612346258079482,12.72502326965332,10923800
2012-06-27,12.86398983001709,12.886525802449285,12.740044130788636,12.792628066463758,18311800
2012-06-28,12.867751121520996,12.882775110162447,12.668688286704228,12.736294802824341,17354000
2012-06-29,13.25461196899414,13.254611968994142,13.074328389720048,13.190760728736729,25274000
2012-07-02,13.187006950378418,13.254613479406032,13.040526615074151,13.22456549638634,34248000
2012-07-03,13.374804496765137,13.412363048251251,13.220812143245029,13.239591418988086,11767400
2012-07-05,13.3560209274292,13.434894719854427,13.258366432531494,13.314705674416048,11539800
2012-07-06,13.20202350616455,13.224558047970588,13.119393032166728,13.194511514640578,14664400
2012-07-09,13.11939811706543,13.209539184758782,13.066815588783234,13.187004634218663,28865400
2012-07-10,12.924091339111328,13.235832679528311,12.852729536821832,13.187005429137328,23114200
2012-07-11,12.882773399353027,12.969159173419868,12.800144338330872,12.969159173419868,22074200
2012-07-12,12.818923950195312,12.897797733061394,12.649907677792093,12.732538173803949,24692000
2012-07-13,13.0480375289917,13.081840790702813,12.856485235039859,12.856485235039859,17216800
2012-07-16,12.9992094039917,13.048036652687761,12.894044344738463,13.021743955107977,9459200
2012-07-17,13.16446590423584,13.190757162891446,12.965403107910214,13.074324855349802,22981200
2012-07-18,13.243337631225586,13.265873606343453,13.081834824228247,13.093102095404221,18015400
2012-07-19,13.386066436767578,13.416114412185674,13.217050156956608,13.299680656590043,19209400
2012-07-20,13.303434371948242,13.340994336801828,13.235829300744106,13.269632552729252,22186600
2012-07-23,13.093110084533691,13.123156636925346,12.957897016854265,13.059306817613834,21264800
2012-07-24,12.89028549194336,13.119396275381892,12.807654997518647,13.096860295238905,17418200
2012-07-25,12.89028549194336,12.991695253437442,12.815166990899641,12.987939973130063,19121200
2012-07-26,12.9503755569458,13.081833246799771,12.856477821092568,13.04051801378183,18970600
2012-07-27,13.187006950378418,13.22456549638634,12.987944077556383,13.021745909303501,18521000
2012-07-30,13.175735473632812,13.262121248130686,13.115639526747787,13.171978760569381,19071200
2012-07-31,13.085590362548828,13.17573283203752,13.078078370694275,13.123148889055647,10924000
2012-08-01,13.089346885681152,13.258363136551568,13.085591605780069,13.153198106128235,16126400
2012-08-02,12.935358047485352,13.070571084009671,12.833948270092112,12.969161306616432,22312000
2012-08-03,13.190757751464844,13.243340271122294,13.10812869176008,13.119395965182045,20226200
2012-08-06,13.310944557189941,13.382307764337002,13.217046806957255,13.235827503216564,17345800
2012-08-07,13.464940071105957,13.506255320456331,13.363531737130343,13.363531737130343,19681600
2012-08-08,13.47996711730957,13.536306366983036,13.397336599859592,13.416117304928504,9726200
2012-08-09,13.555081367492676,13.622687872688445,13.457428322635558,13.479962869190024,10711200
2012-08-10,13.543817520141602,13.55884007738916,13.442407736696213,13.468699002837623,8358400
2012-08-13,13.468700408935547,13.562598207176574,13.397337165301682,13.510015669404272,7057600
2012-08-14,13.408601760864258,13.54757005844307,13.363531232713395,13.510011523778394,13274600
2012-08-15,13.431137084960938,13.461185060642647,13.348508017368916,13.356020011289344,8503400
2012-08-16,13.63020133972168,13.656492602055733,13.453673064536172,13.468697052374585,14496800
2012-08-17,13.611422538757324,13.675272340113834,13.581374562048573,13.648981076876872,16835600
2012-08-20,13.58513069152832,13.603911394527868,13.494989621302999,13.592642686174845,8280600
2012-08-21,13.603909492492676,13.757901779299724,13.551326970085334,13.660247295314994,10673800
2012-08-22,13.716586112976074,13.716586112976074,13.476208056285806,13.54005785075893,17880800
2012-08-23,13.487476348876953,13.686539173468288,13.476209074357849,13.686539173468288,10351000
2012-08-24,13.461185455322266,13.494988712572123,13.3898236601354,13.442406186353763,8279600
2012-08-27,13.382311820983887,13.498744149596913,13.363532551797888,13.479964880410916,8729600
2012-08-28,13.352264404296875,13.408603646985105,13.31846114523723,13.356021117951535,7643000
2012-08-29,13.382311820983887,13.423627072852922,13.292169323018138,13.37104311325917,8450600
2012-08-30,13.26212215423584,13.34850793463583,13.25461016036197,13.337239227441863,16120200
2012-08-31,13.389822959899902,13.434893489620572,13.269633925467241,13.378554252895004,14618800
2012-09-04,13.21705150604248,13.404847073275194,13.179492965702526,13.404847073275194,13390000
2012-09-05,13.277142524719238,13.299678502632982,13.171977493320622,13.2095360237441,14138400
2012-09-06,13.611422538757324,13.630201807817098,13.359775748503905,13.371043023386491,17197400
2012-09-07,13.87808609008789,13.889353360266059,13.694045891504988,13.705314594448947,22890200
2012-09-10,13.855554580688477,13.987012317102792,13.833020033072382,13.833020033072382,15600400
2012-09-11,13.904386520385742,13.990772325226947,13.851803981157769,13.896874524386497,13273600
2012-09-12,13.885600090026855,13.971985850344181,13.802969609390285,13.953206586408415,14826200
2012-09-13,14.227386474609375,14.298748243764896,13.848038789098684,13.881842034017797,26310400
2012-09-14,14.403919219970703,14.486549726812605,14.325045426766954,14.340069415786655,18989800
2012-09-17,14.182323455810547,14.313781238939349,14.14100962624445,14.310024524490855,12097400
2012-09-18,14.144760131835938,14.174808106210902,14.05461764147732,14.148515412249669,17400200
2012-09-19,14.223637580871582,14.279976830960203,14.167299763549607,14.208615022579044,13202800
2012-09-20,14.201094627380371,14.216117176787366,14.017054427678138,14.088416193850211,10375600
2012-09-21,14.139559745788574,14.347216539223187,14.101803048628181,14.313236231914196,19133000
2012-09-24,14.098021507263184,14.147104470486706,13.992305685184881,14.014958252618772,9998800
2012-09-25,13.871492385864258,14.158436056217878,13.863941047135137,14.158436056217878,14794800
2012-09-26,13.803529739379883,13.879040234980222,13.709140179609077,13.814856025665858,11496800
2012-09-27,13.973433494567871,13.999863903350562,13.818634633167687,13.924351947486159,9074000
2012-09-28,13.894144058227539,13.920573021925456,13.818632116117561,13.890369109243766,9339400
2012-10-01,13.939446449279785,14.09424667613325,13.897916261883807,13.98475446506278,11266800
2012-10-02,13.863935470581055,13.984753961108426,13.777097270531382,13.965876342014154,10951000
2012-10-03,13.799755096435547,13.871492092710843,13.735570879000349,13.84506168758219,16077000
2012-10-04,13.977209091186523,14.026292075753132,13.871493223139074,13.901697139608054,11995400
2012-10-05,14.045166015625,14.165984530317965,13.999859432682715,14.048940964090898,12349000
2012-10-08,14.01873779296875,14.06404437829426,13.931899570982198,13.950777194845296,7318800
2012-10-09,13.886594772338867,14.094253003899485,13.875268483443094,14.026292389983412,17186800
2012-10-10,13.73556900024414,13.879040092629575,13.701588701464356,13.863938857826623,17248600
2012-10-11,13.792200088500977,13.931897654465487,13.792200088500977,13.860160677275555,13240800
2012-10-12,13.731795310974121,13.879042821211527,13.690263666492667,13.799755921894562,12197000
2012-10-15,13.848835945129395,13.860162231104859,13.690260740121168,13.739343713132088,11264800
2012-10-16,14.18109130859375,14.192417597539464,13.897922562785118,13.905473902172501,24575800
2012-10-17,14.29813289642334,14.309460625186608,14.165988063107399,14.23017228492638,24277600
2012-10-18,14.301907539367676,14.366091753347652,14.203741583518845,14.233946936170943,13783600
2012-10-19,14.003633499145508,14.233944228357577,13.958326919056805,14.233944228357577,18354000
2012-10-22,14.067817687988281,14.090471698146922,13.89414126424934,13.969653191174597,17946200
2012-10-23,13.6449556350708,13.769550555388456,13.55056606765579,13.731793864260153,30907600
2012-10-24,13.637406349182129,13.773327577158248,13.610977381550187,13.754449948888391,20232600
2012-10-25,13.607200622558594,13.743121832460305,13.516586002533945,13.735570494102374,15850000
2012-10-26,13.633627891540527,13.667608189791018,13.509032984531943,13.580769969877617,17973800
2012-10-31,13.603425979614258,13.720469578782133,13.47883248138974,13.62230504806799,28240600
2012-11-01,13.867718696594238,13.879044986758002,13.607203940931546,13.633632911494244,12119800
2012-11-02,13.618523597717285,13.969652824472949,13.607197313070385,13.965877876347372,13352200
2012-11-05,13.712916374206543,13.743121727407377,13.565668878028763,13.58077155462918,10595800
2012-11-06,13.856389045715332,13.939450887221987,13.72424278468159,13.777102153257403,11293600
2012-11-07,13.637406349182129,13.739347270164219,13.501485121206013,13.694040674262418,19381200
2012-11-08,13.452401161193848,13.682711929451603,13.418420860298925,13.663832864299625,13864800
2012-11-09,13.425978660583496,13.607206539162691,13.380670610735335,13.39199834333295,17836000
2012-11-12,13.425978660583496,13.512816929052414,13.40709958634452,13.490162904128333,9278600
2012-11-13,13.403318405151367,13.527913323909365,13.308928838917906,13.350460478503905,11490600
2012-11-14,13.176785469055176,13.437300181965579,13.150356502829656,13.403319876779818,20691000
2012-11-15,13.131477355957031,13.237194660491037,13.033312830608272,13.176785389444733,16355600
2012-11-16,13.16168212890625,13.210765109542887,13.003106899261184,13.176784806066841,17520000
2012-11-19,13.535462379455566,13.550565054777993,13.35423459639762,13.403317571060311,35596600
2012-11-20,13.54679012298584,13.622302059421802,13.452400562508483,13.490155810591268,13507000
2012-11-21,13.569445610046387,13.58454828863127,13.497710047174241,13.531690353854879,9457800
2012-11-23,13.743123054504395,13.750672953263141,13.610976781895886,13.644957087392855,6250600
2012-11-26,13.754449844360352,13.754449844360352,13.622305007204881,13.709143248802862,11571400
2012-11-27,13.694037437438965,13.814855958133357,13.690261048515179,13.746895360208965,10179200
2012-11-28,13.7506685256958,13.75821986229375,13.49015389428237,13.569440768155564,17816200
2012-11-29,13.84505844116211,13.890366461955391,13.777099290512641,13.807303197437935,12355400
2012-11-30,13.856389045715332,13.897920686603923,13.814857404826743,13.82618369224344,11346800
2012-12-03,13.599651336669922,13.943229362320949,13.580773708061331,13.897922765606182,37776200
2012-12-04,13.626077651977539,13.739344841848357,13.576994674934348,13.622302703099045,15629000
2012-12-05,13.463728904724121,13.569444767714524,13.380665617934168,13.452402616623896,25849200
2012-12-06,13.49770736694336,13.509033653497617,13.388215129350806,13.49015602915038,9275000
2012-12-07,13.610973358154297,13.614749746854399,13.524135141565706,13.57321811277501,12330000
2012-12-10,13.6978120803833,13.72801743001796,13.592096237202679,13.61097386058917,13683200
2012-12-11,13.807300567626953,13.841280856614736,13.73178865429077,13.743116377466668,11097600
2012-12-12,13.77332592010498,13.897920844183453,13.735570668107558,13.875266828822673,23637800
2012-12-13,13.73556900024414,13.85261113138645,13.66760840268457,13.758221572583754,12723600
2012-12-14,13.837514877319336,13.89792415908623,13.724246213769387,13.731797554024109,12194600
2012-12-17,13.977209091186523,13.98098404064364,13.856390544769244,13.886594461238223,13023400
2012-12-18,14.143331527709961,14.158434203191597,13.96588013174717,13.999860431445645,16687000
2012-12-19,14.082929611206055,14.181095612766152,14.07915466050197,14.165992929407498,14353800
2012-12-20,14.218846321105957,14.226397660363675,14.030067160475092,14.071598806257194,10974600
2012-12-21,14.093151092529297,14.14266797618168,13.978882590487736,13.994118778227367,19480800
2012-12-24,14.165517807006836,14.207416587922564,14.032204825004548,14.138855210606378,19279000
2012-12-26,14.253128051757812,14.314072808475832,14.211230711018633,14.226465447195165,20367200
2012-12-27,14.203605651855469,14.298829608030951,14.02458414928484,14.287401745248356,17532400
2012-12-28,14.024582862854004,14.165513898225925,13.997920273810726,14.108380401562668,13281600
2012-12-31,14.298831939697266,14.31787644343744,13.982687656200909,14.001732159941081,28667000
2013-01-02,14.656875610351562,14.702582716352943,14.546415438929083,14.630213010767198,25338000
2013-01-03,14.550223350524902,14.698772515776712,14.504516250371081,14.641637550832547,15286800
2013-01-04,14.729246139526367,14.748292100011044,14.580696946963693,14.592124813855056,11508800
2013-01-07,14.69877815246582,14.714014342694043,14.611172238158153,14.660689129898339,10614400
2013-01-08,14.721626281738281,14.755906968915259,14.611166128278859,14.740670785058278,12000600
2013-01-09,14.816853523254395,14.832088257473103,14.740674040149708,14.763526867979163,14343600
2013-01-10,14.881604194641113,14.923502980338768,14.744481424358856,14.900648700957493,14768200
2013-01-11,14.858750343322754,14.877796303190522,14.759718035822953,14.877796303190522,9722000
2013-01-14,14.862555503845215,14.912072368728731,14.835892911908463,14.88540977679198,14479600
2013-01-15,14.877795219421387,14.896839724899126,14.790189331821685,14.79399765171618,18528800
2013-01-16,14.771146774291992,14.877798644927893,14.748293943658059,14.786382963383259,14970200
2013-01-17,14.885414123535156,14.942547643082406,14.847323657500947,14.893030763739288,13419400
2013-01-18,14.984443664550781,14.988251983950203,14.858747329333246,14.858747329333246,17216600
2013-01-22,15.129183769226074,15.140610179872766,14.984442938024362,14.984442938024362,16223800
2013-01-23,15.045385360717773,15.102520316706226,14.995868495727937,15.091092453707162,14509200
2013-01-24,15.091099739074707,15.174897327511218,15.033966208506806,15.045392624019788,23181600
2013-01-25,15.144414901733398,15.186313668155272,15.045382642646993,15.17488726022277,14509400
2013-01-28,14.999678611755371,15.155845848303004,14.950161745629833,15.144417985041835,24875200
2013-01-29,15.083474159240723,15.106328431928269,14.984441883599226,14.995868293441864,15957600
2013-01-30,14.999678611755371,15.148227757129666,14.973016019149847,15.075858070486433,12627800
2013-01-31,14.862555503845215,14.976823962574473,14.835892911908463,14.866363822835199,13928600
2013-02-01,15.045385360717773,15.068239633713613,14.908262628747321,14.942543311739936,13209000
2013-02-04,14.900641441345215,14.988247290121038,14.889215033722886,14.942540206629735,10722000
2013-02-05,14.97681999206543,15.049189657707483,14.953965725177564,14.961583814140186,9513200
2013-02-06,14.992061614990234,15.00729779844914,14.923500242427586,14.946354517615944,12951600
2013-02-07,14.912076950073242,14.999682843780361,14.801616776397978,14.976828563812218,15772600
2013-02-08,14.999678611755371,15.011105022014219,14.915881061850971,14.950161745629833,11451000
2013-02-11,14.98063850402832,15.014917744858696,14.92731185017466,15.014917744858696,7181600
2013-02-12,14.988253593444824,15.011107871302855,14.91207557325658,14.942546490731358,14062600
2013-02-13,15.041582107543945,15.083479442643403,14.992065225877417,15.03777233426041,12298400
2013-02-14,14.992061614990234,15.018724209542105,14.942544745250004,14.999679706719686,13491000
2013-02-15,14.988253593444824,15.041580241780231,14.92731030549267,15.026344056541543,26719600
2013-02-19,14.923500061035156,15.03776852958318,14.915881969398301,14.980635021810373,12003800
2013-02-20,14.504514694213867,14.900645274717883,14.50070492202499,14.893027183342488,23073400
2013-02-21,14.371198654174805,14.477849015399892,14.283592792739599,14.466422606126402,27031400
2013-02-22,14.561649322509766,14.561649322509766,14.420718253707195,14.443571076592628,14467400
2013-02-25,14.226463317871094,14.641639966352345,14.226463317871092,14.63402187290282,26640400
2013-02-26,14.378820419311523,14.405483016431631,14.241697660978076,14.344539729728162,24047200
2013-02-27,14.634018898010254,14.687345541316372,14.336920578888478,14.340730351340145,25826000
2013-02-28,14.660684585571289,14.74448069984634,14.607357936302007,14.626403894685204,19415200
2013-03-01,14.66830062866211,14.721627275762234,14.477852676597928,14.565460013189707,21107600
2013-03-04,14.687347412109375,14.691155732043665,14.550224646432628,14.607358163462843,18059800
2013-03-05,14.786378860473633,14.896839021230493,14.752098171031937,14.801615045337178,17910800
2013-03-06,14.915884971618652,14.961592077637155,14.854941679259746,14.881604278854098,16515600
2013-03-07,14.957786560058594,14.995875580043291,14.934932276265991,14.95016846546106,8929600
2013-03-08,15.079668998718262,15.102523276192619,14.992063114570424,15.014915939042206,11842600
2013-03-11,15.163464546203613,15.178699276157547,15.014913941883124,15.05300439927391,16001000
2013-03-12,15.174887657165527,15.251067102379622,15.129180571237896,15.167269567343912,11976400
2013-03-13,15.136800765991211,15.186316177214257,15.098710311586252,15.159653585631919,11204200
2013-03-14,15.228224754333496,15.243460945904383,15.148236928091139,15.182517632624036,12385000
2013-03-15,15.24121379852295,15.283285138159886,15.187668987707454,15.187668987707454,16119200
2013-03-18,15.134129524230957,15.183850348550338,15.057636285044337,15.092058169728958,10095600
2013-03-19,15.069114685058594,15.160905426004039,14.935251120947495,15.160905426004039,15217600
2013-03-20,15.183856010437012,15.210628435287381,15.122661688066486,15.153258119757883,8694600
2013-03-21,14.923774719238281,15.088234678448002,14.923774719238281,15.046163322512413,13185600
2013-03-22,14.942898750305176,15.004093056387042,14.897003385490613,14.958197691572478,9632600
2013-03-25,14.828166007995605,14.996450057598302,14.755498194096525,14.977327102255172,12186400
2013-03-26,14.931428909301758,14.942902388552087,14.85111163657406,14.870234588320509,10985200
2013-03-27,14.927607536315918,14.939082477700069,14.774622421412161,14.843466233764685,8253000
2013-03-28,14.98497486114502,15.023220767453997,14.900832116479904,14.900832116479904,15021200
2013-04-01,14.854935646057129,15.000272705534682,14.820513749312124,14.973500281287198,12671400
2013-04-02,14.709593772888184,14.912301080267666,14.678997351898417,14.88170320029068,19017200
2013-04-03,14.58720874786377,14.778441167650108,14.518364960021684,14.70959737980802,29741600
2013-04-04,14.713417053222656,14.778435350041178,14.606325948187731,14.610151412110588,18316400
2013-04-05,14.652226448059082,14.663699924740541,14.514538891932078,14.514538891932078,15292600
2013-04-08,14.698122024536133,14.705771495429254,14.583382879114117,14.68664854769015,8234800
2013-04-09,14.870231628417969,14.92377646624506,14.721070591903239,14.721070591903239,18229800
2013-04-10,14.973501205444336,14.981149219426195,14.854936562896517,14.912306880674963,12413000
2013-04-11,15.03852367401123,15.10736749068785,14.950556899144035,14.958206374217903,14885000
2013-04-12,14.81668758392334,15.004094526352526,14.747843800463134,14.950549685658473,24984400
2013-04-15,14.269762992858887,14.701947190000169,14.25063858462409,14.667525297760044,41257200
2013-04-16,14.529838562011719,14.537486574191242,14.392150998981187,14.392150998981187,19212400
2013-04-17,14.315655708312988,14.43039484150828,14.239162466520382,14.399798420183577,19687600
2013-04-18,14.27358627319336,14.407448370103994,14.18944354999957,14.369202473554509,34676200
2013-04-19,14.441878318786621,14.445703785968542,14.323315097935554,14.357737007631597,21525000
2013-04-22,14.579558372497559,14.633103213281544,14.365379009361622,14.51454005411343,14351200
2013-04-23,14.705770492553711,14.724893438988705,14.556609467778545,14.617803771762903,18191200
2013-04-24,14.927607536315918,14.958205434689527,14.744024523038552,14.76314748002801,14128800
2013-04-25,15.092058181762695,15.210622775545856,15.011740937096937,15.05763629705063,12718000
2013-04-26,14.877885818481445,15.080591757119201,14.824339504682687,15.080591757119201,15537800
2013-04-29,15.103538513183594,15.118835999309866,14.870234706652381,14.919954089791252,13888400
2013-04-30,15.126484870910645,15.134134343163732,14.965850330558789,15.07676403075941,21362000
2013-05-01,14.858755111694336,15.080585369363884,14.847281635948411,15.04616348313886,20681600
2013-05-02,14.96584415435791,15.00026603579753,14.789909283118169,14.931422272918292,12347000
2013-05-03,15.229744911193848,15.302412682174044,15.118829793128988,15.18002408947734,11660800
2013-05-06,15.271817207336426,15.294765617005503,15.1953239674267,15.271817207336426,9310200
2013-05-07,15.417152404785156,15.44009935276933,15.260341937949514,15.31388676189529,12165000
2013-05-08,15.55101490020752,15.55483890531631,15.37890549057058,15.401853898184527,10268000
2013-05-09,15.531895637512207,15.608388888699368,15.486000270394877,15.562492062594622,11918800
2013-05-10,15.516592979431152,15.551014861272359,15.401853859622822,15.520418443517435,9758400
2013-05-13,15.40568733215332,15.51277850757517,15.363615955272017,15.501303567251567,8912000
2013-05-14,15.596916198730469,15.600741664283797,15.37508734322915,15.37508734322915,10128000
2013-05-15,15.684879302978516,15.738425595396663,15.52424480268593,15.53954374337683,10600600
2013-05-16,15.612215042114258,15.738429142781447,15.577793147294807,15.616040507642872,9174000
2013-05-17,15.780495643615723,15.803444054869914,15.64280955305247,15.64280955305247,14090600
2013-05-20,15.795797348022461,15.87229060659876,15.71930408944616,15.753725982856118,10508200
2013-05-21,15.776673316955566,15.864640047644338,15.749900897136698,15.83786762782547,9087600
2013-05-22,15.56249713897705,15.914365625620174,15.505128276113902,15.780502027630378,24585000
2013-05-23,15.570143699645996,15.604565594519437,15.32154242243793,15.394210218731805,13802400
2013-05-24,15.516592979431152,15.535715922901364,15.401853859622822,15.501294041060158,11565200
2013-05-28,15.658106803894043,15.719301107348443,15.604561970744852,15.700178161079057,11206600
2013-05-29,15.608389854431152,15.642811746645776,15.459227348842777,15.5854414399589,12415400
2013-05-30,15.658106803894043,15.719301107348443,15.577789554170257,15.635159851965692,9859400
2013-05-31,15.413328170776367,15.67340430125589,15.40567870117554,15.554839710923796,15553600
2013-06-03,15.489821434020996,15.497470903634772,15.310062545565112,15.455399550252574,12528800
2013-06-04,15.470699310302734,15.577788972603127,15.38273259355781,15.4898222558582,12653800
2013-06-05,15.126484870910645,15.428632459463117,15.126484870910645,15.428632459463117,17420400
2013-06-06,15.225927352905273,15.233576825561128,15.053817865617868,15.12266166053283,14445200
2013-06-07,15.367437362670898,15.386560312841965,15.210626836888036,15.267995687401234,19875400
2013-06-10,15.440102577209473,15.482173935949152,15.378908271493758,15.420979630233438,9267000
2013-06-11,15.225927352905273,15.382737894880972,15.180030516970147,15.264173257196818,12122800
2013-06-12,15.149425506591797,15.38655318869287,15.137952033599023,15.340657837734867,15458400
2013-06-13,15.428630828857422,15.455403249419902,15.092061380230904,15.111184329348747,18771200
2013-06-14,15.317718505859375,15.501301477419428,15.279472600571442,15.378912829712725,10058000
2013-06-17,15.447754859924316,15.478352747845914,15.352138648650719,15.447754859924315,8976600
2013-06-18,15.516592979431152,15.539541386987645,15.413327333907535,15.436275741464028,8319400
2013-06-19,15.398031234741211,15.581615611069685,15.39803123474121,15.485999417101132,16845600
2013-06-20,15.000275611877441,15.241227476789849,14.946730753008017,15.164735654969517,26383000
2013-06-21,14.949393272399902,15.142089752414881,14.791382217593918,15.134381716795385,22138800
2013-06-24,14.71044921875,14.822213534859577,14.560146193023515,14.729720043715988,24849000
2013-06-25,14.799097061157227,14.880029267156504,14.706602061330804,14.880029267156504,10672400
2013-06-26,14.8684720993042,14.907010835744737,14.725875540125381,14.86076405798438,10216800
2013-06-27,14.860761642456055,14.964817978122037,14.84919884727651,14.964817978122037,9348000
2013-06-28,14.779826164245605,14.8992985655551,14.74128743874352,14.802950281641742,16275800
2013-07-01,14.864608764648438,15.018766561757527,14.837631370678004,14.941687663202982,22407200
2013-07-02,14.818363189697266,14.937834095289269,14.737431001362456,14.806800398393845,8471000
2013-07-03,14.82221508026123,14.853047227295422,14.71815878925737,14.729721579474035,6622400
2013-07-05,14.9224214553833,14.930129493881257,14.791387741234079,14.9224214553833,7051000
2013-07-08,15.007206916809082,15.045747109243045,14.945544079072759,14.98793755567111,7845800
2013-07-09,15.238446235656738,15.273131679628817,15.111265784373026,15.111265784373026,9598000
2013-07-10,15.23459243774414,15.292402004715383,15.149806935053574,15.223031112413237,7579400
2013-07-11,15.481244087219238,15.512076248793484,15.404166623600386,15.431144029898661,10641000
2013-07-12,15.427288055419922,15.512075022890091,15.361771922489893,15.50822173807702,7575800
2013-07-15,15.465826034545898,15.492803434840136,15.404163195279352,15.427285841155523,14742800
2013-07-16,15.350211143493652,15.500514249236158,15.284693538076631,15.477390129061035,11726200
2013-07-17,15.492801666259766,15.535195139070726,15.392598645041515,15.431138834032337,13953200
2013-07-18,15.500507354736328,15.585292817349925,15.4658219249806,15.46967520821672,7518800
2013-07-19,15.600713729858398,15.600713729858398,15.461971967798616,15.485096084861286,12111000
2013-07-22,15.616128921508789,15.6854997986011,15.593004805758673,15.593004805758673,9854200
2013-07-23,15.662375450134277,15.831949356132803,15.631544766416917,15.754870441602383,9694000
2013-07-24,15.515925407409668,15.727892786463372,15.450409286726153,15.727892786463372,11482200
2013-07-25,15.662375450134277,15.681644811227379,15.400308022825659,15.454262821949548,8061200
2013-07-26,15.604568481445312,15.623837843914771,15.473534758431635,15.569883040937041,8402600
2013-07-29,15.693211555480957,15.712480921425987,15.519784321658916,15.542908442887983,14709600
2013-07-30,15.654668807983398,15.685500964608847,15.477388317861514,15.542905915611517,9645000
2013-07-31,15.600713729858398,15.747163530939071,15.577589612795729,15.666231326456904,11675200
2013-08-01,15.716329574584961,15.797263239954475,15.677790854053155,15.70476825245701,9188000
2013-08-02,15.804966926574707,15.816529716752628,15.646955848948142,15.693204069344466,5676200
2013-08-05,15.762579917907715,15.820388006460176,15.735602515884935,15.762579917907715,5078000
2013-08-06,15.616128921508789,15.774140037072822,15.577588728591929,15.762578714276783,6742600
2013-08-07,15.623838424682617,15.673938474933896,15.562175580393355,15.562175580393355,5889200
2013-08-08,15.85506820678711,15.912877746388869,15.724034524493097,15.75871995422262,8398600
2013-08-09,15.947574615478516,15.99767468423583,15.812686083036695,15.812686083036695,14766200
2013-08-12,15.924440383911133,15.97068713732462,15.882046914049692,15.916732346649255,8093200
2013-08-13,15.982257843017578,16.028504619333358,15.878201493688186,15.966841760859479,7943400
2013-08-14,15.947574615478516,16.063192307458138,15.93986657332538,15.989968112241412,7915200
2013-08-15,15.831950187683105,15.858927588662,15.697061712630546,15.801118032188318,11201800
2013-08-16,15.708617210388184,15.812673491357126,15.666225217540877,15.808820208428296,14141000
2013-08-19,15.58529281616211,15.739450608433076,15.573731496296968,15.69320385881485,9289000
2013-08-20,15.67393684387207,15.720185074894962,15.554465922457988,15.585296606315227,6542200
2013-08-21,15.55446720123291,15.704770289019079,15.52748979933068,15.62769136780208,9701400
2013-08-22,15.739452362060547,15.762576474524888,15.59300259010204,15.616126702566381,9234600
2013-08-23,15.866637229919434,15.897469391384806,15.697064752335011,15.766435645473724,8925800
2013-08-26,15.866637229919434,16.020795096929547,15.851222619345124,15.909030716855135,11374000
2013-08-27,15.589147567749023,15.78569735622195,15.554462137999959,15.739450606609084,11786400
2013-08-28,15.558317184448242,15.63925084313999,15.531339788270271,15.56987997578011,6990000
2013-08-29,15.608415603637695,15.700910565195235,15.485089968332668,15.504359323194539,8171200
2013-08-30,15.581443786621094,15.6546679493531,15.54675834739897,15.619982510130978,11200600
2013-09-03,15.67393684387207,15.855072073316675,15.61227400599957,15.812678596624702,8722600
2013-09-04,15.82038688659668,15.839656248083498,15.60071293129926,15.63925312443094,8638200
2013-09-05,15.847362518310547,15.897464028711907,15.804969045675389,15.828093158973989,11009000
2013-09-06,15.828096389770508,15.978399481496245,15.76258026062162,15.966838157566013,9974400
2013-09-09,16.067045211791992,16.086316051796423,15.874348573017116,15.878203329081476,10876400
2013-09-10,16.209638595581055,16.267446693751083,16.12099833559363,16.18266118907003,14503200
2013-09-11,16.30983543395996,16.3213967561972,16.144116287822367,16.21734191574612,12347800
2013-09-12,16.140262603759766,16.2828576317307,16.113285205769532,16.236610873770005,11921600
2013-09-13,16.248167037963867,16.2751444273905,16.136402727392127,16.186504223537643,14828800
2013-09-16,16.42930793762207,16.50638685011943,16.37535313992131,16.48326273532283,16706000
2013-09-17,16.383054733276367,16.456280339484824,16.352224059734013,16.40617884105128,9300800
2013-09-18,16.7607421875,16.783864826558606,16.34451704255368,16.406179863639327,20269000
2013-09-19,16.70293617248535,16.87250859869732,16.664397452487428,16.826261840668227,12408200
2013-09-20,16.507728576660156,16.743996168392716,16.488362695498246,16.743996168392716,21981000
2013-09-23,16.38378143310547,16.511598879205742,16.37603478690045,16.461246417633966,13112600
2013-09-24,16.376033782958984,16.499977159597492,16.33730203183005,16.379907844584835,6976800
2013-09-25,16.41864776611328,16.527097905259538,16.356676046955087,16.41864776611328,8518000
2013-09-26,16.52709197998047,16.596810323728366,16.441881820138885,16.48836022346355,11690400
2013-09-27,16.32954978942871,16.457367183885864,16.314056503278557,16.4070147426584,7592600
2013-09-30,16.271451950073242,16.32955103882101,16.124270152948984,16.170748537434477,11345200
2013-10-01,16.341176986694336,16.352797695736214,16.186248482180144,16.271458642530316,10030000
2013-10-02,16.38378143310547,16.387655494968822,16.193993772408422,16.248218818321863,8556200
2013-10-03,16.24435043334961,16.360548689510846,16.128153654710577,16.360548689510846,14168600
2013-10-04,16.480615615844727,16.488362263610984,16.21336291675779,16.248222092944957,10334000
2013-10-07,16.279199600219727,16.430255467277664,16.267580372760282,16.290820305200462,11989200
2013-10-08,16.019702911376953,16.286955639762297,16.008083677214763,16.286955639762297,17206400
2013-10-09,16.042938232421875,16.13202393526244,15.911249664359154,16.066178173709222,12397000
2013-10-10,16.38378143310547,16.41089395606219,16.224978879706807,16.263712110731902,10849400
2013-10-11,16.480615615844727,16.48448967848885,16.329559678207676,16.38765879769361,10120600
2013-10-14,16.538707733154297,16.558073605609803,16.34891863703908,16.34891863703908,12320600
2013-10-15,16.43800926208496,16.561952667306336,16.399277502024006,16.48448914718443,10734400
2013-10-16,16.604564666748047,16.654917155575852,16.476748628982065,16.5387203546461,8541600
2013-10-17,16.821455001831055,16.836948292087722,16.550328332425295,16.550328332425295,9282000
2013-10-18,16.871810913085938,16.92990854716921,16.794345923453122,16.92990854716921,14809600
2013-10-21,16.86794090270996,16.902800082541944,16.80596919162223,16.883434199862428,7798200
2013-10-22,17.111948013305664,17.150679762485158,16.945398832295098,16.95701806154464,11038200
2013-10-23,16.999629974365234,17.053855033689835,16.976391507524436,17.042235800269438,10782200
2013-10-24,17.084840774536133,17.096460007377342,16.926038189777696,17.01899500755133,6482600
2013-10-25,17.135190963745117,17.135190963745117,16.97251433802586,17.119697670339136,11542800
2013-10-28,17.049976348876953,17.154553844814817,16.99962389286505,17.123567263416255,12629400
2013-10-29,17.084840774536133,17.088713359642544,16.976390661292903,17.049981598490525,8566400
2013-10-30,16.980260848999023,17.181669229101523,16.875683335627237,17.073219131170088,10999200
2013-10-31,16.953153610229492,17.06935039103023,16.941534375406086,16.97639355739853,11151400
2013-11-01,16.91440773010254,17.00736597181786,16.821450965908344,16.972506815864755,10335000
2013-11-04,16.9841365814209,16.99188322949774,16.898926407619708,16.988010644220342,11139400
2013-11-05,16.910545349121094,16.94927711131481,16.84470105788737,16.91829199706424,5941400
2013-11-06,17.026742935180664,17.065476176766225,16.949277929531632,17.01512370146604,7946000
2013-11-07,16.80209732055664,17.065477473259527,16.78660402274536,17.05773082435389,11869000
2013-11-08,17.115825653076172,17.115825653076172,16.759488727297224,16.759488727297224,10621600
2013-11-11,17.10807228088379,17.11969298651983,17.049974662789097,17.111946341936264,4991600
2013-11-12,17.053852081298828,17.100331961977858,17.007373678141594,17.02286697170127,8569600
2013-11-13,17.146814346313477,17.150686931841644,16.968645861575105,16.991884329788373,9382400
2013-11-14,17.290117263793945,17.297863909510603,17.142933950220627,17.197160470237236,10359400
2013-11-15,17.402446746826172,17.414065980203375,17.301741799150253,17.301741799150253,9128000
2013-11-18,17.293991088867188,17.45666621412717,17.239764569592285,17.44117292290577,11379800
2013-11-19,17.23976707458496,17.313359479819034,17.18554202495256,17.251387783450323,7167600
2013-11-20,17.100332260131836,17.27075405969429,17.06159902555731,17.220401593508313,9419400
2013-11-21,17.23976707458496,17.251387783450323,17.135191037449214,17.228147843241388,6653800
2013-11-22,17.328853607177734,17.336598776764966,17.185542851942344,17.263007845511392,4761800
2013-11-25,17.22039794921875,17.348215379982424,17.181666200362702,17.274622988625822,11304600
2013-11-26,17.17779541015625,17.23976710664019,17.123570360423027,17.23976710664019,4147000
2013-11-27,17.189414978027344,17.243640024161163,17.16617503931784,17.18554091614825,5666200
2013-11-29,17.173925399780273,17.274628867590675,17.139066222937824,17.212657161817656,7344200
2013-12-02,17.13131332397461,17.27074998046531,17.119694095107544,17.228144171257433,10381000
2013-12-03,16.92990493774414,17.080960822686308,16.85243996462672,17.073215655143887,11644600
2013-12-04,17.01125144958496,17.08484387767122,16.879562846740598,16.89505466750201,19670600
2013-12-05,16.91440773010254,16.995746745673866,16.87955005167056,16.968634232990464,9393200
2013-12-06,17.146814346313477,17.18167352615552,17.042236806787354,17.100335932364803,9807600
2013-12-09,17.235898971557617,17.25139226905872,17.15843396157427,17.19329314219067,7368200
2013-12-10,17.2862491607666,17.34047421731824,17.235896689316377,17.235896689316377,7237800
2013-12-11,16.99188232421875,17.30948749083802,16.9647697961553,17.297868258102817,11090800
2013-12-12,16.957015991210938,17.015115085408205,16.902790957971536,16.96476263560533,7484600
2013-12-13,17.038360595703125,17.08096493753581,16.98413406719259,17.01899323961702,5965400
2013-12-16,17.10807228088379,17.193283893781658,17.069340535487328,17.142931442749155,8775600
2013-12-17,17.22039794921875,17.232018655892773,17.026736249895496,17.034482895171006,17176800
2013-12-18,17.42955207824707,17.42955207824707,17.049975343623373,17.263002906853217,27273200
2013-12-19,17.4566650390625,17.483777558114134,17.31335579871509,17.46053910036786,15142800
2013-12-20,17.51201820373535,17.57438010494711,17.457451726028186,17.504222780230755,15678400
2013-12-23,17.597766876220703,17.62115166057492,17.531506517958647,17.597766876220703,8223000
2013-12-24,17.788747787475586,17.788747787475586,17.586071251186503,17.609457520043865,3774200
2013-12-26,17.886188507080078,17.90177935312701,17.796543372547585,17.81213421859452,3992600
2013-12-27,17.940750122070312,17.968033351850178,17.886183662510582,17.968033351850178,3677800
2013-12-30,17.95244598388672,17.979729216686383,17.90957190753734,17.94465056211186,4201000
2013-12-31,18.01481056213379,18.01481056213379,17.925165428569642,17.979731902319568,6357000
2014-01-02,17.87059211730957,17.97972651895807,17.823821080502757,17.905670766620794,13883800
2014-01-03,17.827716827392578,17.909566501083184,17.819921407970963,17.893975662239953,8685400
2014-01-06,17.73027801513672,17.870591117708674,17.68740394761847,17.866694151036274,8856200
2014-01-07,17.699094772338867,17.843306315679488,17.648425289123534,17.734173416591908,7766200
2014-01-08,17.80433464050293,17.827720904115584,17.65622461127192,17.726381915285316,8240800
2014-01-09,17.734174728393555,17.870590862343768,17.664017434697918,17.812127442146966,8838000
2014-01-10,17.788747787475586,17.80823560144427,17.683511807854817,17.769259973506905,6199800
2014-01-13,17.547094345092773,17.777054101552384,17.523708077938903,17.722487631684814,10068000
2014-01-14,17.792644500732422,17.81213231279354,17.57827410758584,17.597763406471714,7624000
2014-01-15,17.901782989501953,17.936861656820597,17.800443956436887,17.800443956436887,7056200
2014-01-16,17.944650650024414,17.948547617518596,17.855005529411386,17.8705948862128,9846000
2014-01-17,17.901782989501953,17.979735748746187,17.874499746790253,17.952452506034486,14686200
2014-01-21,18.010908126831055,18.15122273507834,17.92126301307853,18.084963884975217,14739800
2014-01-22,17.83551025390625,18.026494307256037,17.784842259339808,17.991415664266245,11189400
2014-01-23,17.57048225402832,17.788748153893312,17.44965542601382,17.769260339523214,12997600
2014-01-24,17.0988712310791,17.4301700693853,17.091075806866883,17.418476189654402,20200600
2014-01-27,17.02870750427246,17.180715989080973,16.903983737371565,17.122251072860422,11904400
2014-01-28,17.12614631652832,17.165123419027587,17.063784439353924,17.133941737028174,9693200
2014-01-29,17.19631576538086,17.367812163910738,16.99363914964358,16.99363914964358,20632200
2014-01-30,17.27816390991211,17.348319757808287,17.141746209364857,17.28595784770318,16087400
2014-01-31,17.165124893188477,17.30543950058736,17.02091183179265,17.059888937639315,12475400
2014-02-03,16.7636661529541,17.23917635914317,16.74417834661383,17.13783887407917,39679600
2014-02-04,16.911779403686523,17.02091232959986,16.77536324629485,16.857212940729852,14826800
2014-02-05,16.931264877319336,16.97413894567587,16.674021954004555,16.84941519417927,15797000
2014-02-06,17.18461036682129,17.207996627150433,16.954650677469985,16.96634306422238,17781600
2014-02-07,17.4223690032959,17.449652235790982,17.196306234822746,17.246975732381326,10363200
2014-02-10,17.50811767578125,17.535402398229593,17.371701497663675,17.42237100103227,30500000
2014-02-11,17.710796356201172,17.76926128926125,17.523710651963924,17.550993890905293,13961400
2014-02-12,17.679609298706055,17.792640665853355,17.640632196159864,17.691301686057695,7544400
2014-02-13,17.83161735534668,17.890082269274348,17.54319272643446,17.562682022293362,13428400
2014-02-14,17.975830078125,17.99531788840799,17.80043681192885,17.86280018375381,10243400
2014-02-18,17.987525939941406,18.03039853256814,17.893982358699482,17.968036640681785,11380200
2014-02-19,17.862802505493164,18.13173789073272,17.847211660510485,17.975832414555555,15784600
2014-02-20,18.049888610839844,18.073273392040996,17.808234968379043,17.913470944258776,13432600
2014-02-21,18.003108978271484,18.13173117147656,18.003108978271484,18.081061687472353,7973800
2014-02-24,17.940750122070312,18.10445098757402,17.93295470115828,17.940750122070312,29419600
2014-02-25,18.00701332092285,18.0888630232829,17.893981929954354,17.95244685268282,12785600
2014-02-26,18.143423080444336,18.197989529403014,18.00700695804764,18.038187148813645,13506200
2014-02-27,18.28763771057129,18.28763771057129,18.100552073908414,18.11224594839167,9697800
2014-02-28,18.350004196166992,18.416263053264775,18.244768228872225,18.275948430205087,11785200
2014-03-03,18.3071346282959,18.388984349636022,18.16292151527748,18.201898635076414,20375600
2014-03-04,18.595556259155273,18.626737952275384,18.459140068817188,18.58386386764771,15331200
2014-03-05,18.638423919677734,18.661810181457277,18.53318797190647,18.603345270420647,8155600
2014-03-06,18.70858383178711,18.80992134000644,18.696891442676133,18.700788410104906,12570400
2014-03-07,18.626737594604492,18.755358359192773,18.568272664539407,18.75146139104007,18069200
2014-03-10,18.61113929748535,18.622831684087416,18.447439937759068,18.572163684262236,9716000
2014-03-11,18.420154571533203,18.65790966951182,18.412360638624257,18.65790966951182,13294800
2014-03-12,18.412368774414062,18.45524137165434,18.330517574460035,18.385084049879424,10690600
2014-03-13,18.279842376708984,18.548777680035705,18.217480502597382,18.482517352453424,15848600
2014-03-14,18.279842376708984,18.385076831227522,18.248660696241004,18.279842376708984,12554600
2014-03-17,18.427949905395508,18.540981260764255,18.34610022881439,18.39287126017156,10527800
2014-03-18,18.533187866210938,18.548778707308383,18.4240549521777,18.45913360123473,9598600
2014-03-19,18.369491577148438,18.564372663089852,18.26425561232111,18.49811232072093,15781200
2014-03-20,18.615047454833984,18.615047454833984,18.279853113864082,18.279853113864082,11611400
2014-03-21,18.536779403686523,18.658088823173706,18.501560636271755,18.62678258868795,17540000
2014-03-24,18.391990661621094,18.646348576387144,18.32546715660546,18.60721578570442,9651200
2014-03-25,18.493730545043945,18.587647737798076,18.42329451643227,18.493730545043945,10764600
2014-03-26,18.227636337280273,18.59156156606993,18.223722312062623,18.587649033615524,12096800
2014-03-27,18.1767635345459,18.278505793582813,18.102411986823572,18.274593261327347,9977200
2014-03-28,18.301982879638672,18.391986036430072,18.184587522639582,18.235457898589317,13364200
2014-03-31,18.501554489135742,18.52503415719895,18.368506022303425,18.450684114143186,9714600
2014-04-01,18.60330581665039,18.622871468306336,18.48591041395118,18.58765269822022,11566400
2014-04-02,18.740266799926758,18.783312129064697,18.560260416953135,18.64635107522901,8664400
2014-04-03,18.76373863220215,18.88504651694716,18.693301121747606,18.810696474917545,9284600
2014-04-04,18.525033950805664,18.916352790921742,18.47807610796535,18.888960591534648,18759400
2014-04-07,18.255035400390625,18.540698145297515,18.18851038156913,18.466346565863855,14806000
2014-04-08,18.32546615600586,18.399816215098408,18.196330192948896,18.278506809750645,9622200
2014-04-09,18.60330581665039,18.64635114595159,18.298075978316202,18.41155884778964,8225800
2014-04-10,18.231552124023438,18.615044561827354,18.19633335459433,18.599391443689193,10944400
2014-04-11,18.012407302856445,18.2471995230488,18.012407302856445,18.161108893035298,10436600
2014-04-14,18.15720558166504,18.2276431342159,18.03589613165771,18.176771236759432,9917200
2014-04-15,18.266767501831055,18.278506591873306,17.96936428347937,18.168937770777017,9726400
2014-04-16,18.536779403686523,18.552432520929404,18.341119916440796,18.364599592305115,11622400
2014-04-17,18.595474243164062,18.626778978819544,18.51721016488066,18.528949254156075,9443200
2014-04-21,18.599390029907227,18.685480680359664,18.540693080496073,18.62678223818511,6638000
2014-04-22,18.66591453552246,18.73243804164353,18.560258238068386,18.626781744189458,9998200
2014-04-23,18.669828414916992,18.724612833971406,18.638523672355955,18.677654973748115,7951800
2014-04-24,18.587644577026367,18.763738350519194,18.552425822327802,18.720693040025072,6920000
2014-04-25,18.454599380493164,18.568082220470888,18.3959009480183,18.55242910610917,7001000
2014-04-28,18.376333236694336,18.53677390896705,18.239372233326037,18.5328613771978,19147000
2014-04-29,18.50547218322754,18.556342568307873,18.411554985113533,18.411554985113533,9954600
2014-04-30,18.6541748046875,18.665915389005907,18.442863692880685,18.450690251505147,12036600
2014-05-01,18.536779403686523,18.634609147309387,18.497648103342748,18.634609147309387,8340800
2014-05-02,18.60721206665039,18.712868341231054,18.525035461786437,18.564166751884596,9966400
2014-05-05,18.708965301513672,18.720704395946466,18.513305766226928,18.544610515635636,4798000
2014-05-06,18.615047454833984,18.716791245780758,18.55243646531433,18.654178763497367,6856600
2014-05-07,18.75983238220215,18.77548550051512,18.556346322424083,18.67765575020433,8585000
2014-05-08,18.685476303100586,18.869396652249836,18.607212229456458,18.72852161824301,9689200
2014-05-09,18.685476303100586,18.70895597302274,18.568080939015914,18.607212229456458,7954800
2014-05-12,18.924184799194336,18.93983791557197,18.787222270035024,18.79504882822384,8871400
2014-05-13,18.939836502075195,19.01418656017515,18.90461773923559,18.90461773923559,6821600
2014-05-14,18.943750381469727,19.04549265203884,18.900705057964718,18.939837848770786,9659000
2014-05-15,18.67764663696289,18.90461226346881,18.568077847760197,18.89287168408081,13088000
2014-05-16,18.744178771972656,18.75200383753708,18.536778708194618,18.68939286367812,8752800
2014-05-19,18.82244110107422,18.92027083963025,18.70113318063329,18.70895973884937,5481400
2014-05-20,18.720699310302734,18.86157437628144,18.673741452564293,18.80287593453585,9361200
2014-05-21,18.80678367614746,18.853741518195708,18.740258698213133,18.771564921420556,5028000
2014-05-22,18.849830627441406,18.908529059331695,18.783307131211338,18.814613359622992,6447200
2014-05-23,19.010272979736328,19.018098044146427,18.849830796829526,18.87331046834926,4489000
2014-05-27,19.010272979736328,19.088535565942486,18.986793308216594,19.049404272839407,4343600
2014-05-28,19.018096923828125,19.084621909500278,18.978965633030192,18.994618746454588,7973000
2014-05-29,19.209840774536133,19.22157986135488,18.967223526117547,19.033747008440862,5513800
2014-05-30,19.20594024658203,19.21376531417652,19.112023015046884,19.13158866956061,6847600
2014-06-02,19.284196853637695,19.327242175808667,19.186367118799414,19.23723899888904,6841000
2014-06-03,19.24115562438965,19.29594154147415,19.182458666658807,19.202024319235754,5275400
2014-06-04,19.272459030151367,19.331157472018607,19.14723708074709,19.205935522614325,5742200
2014-06-05,19.362462997436523,19.397681765431035,19.135498764732336,19.31550513769832,9723200
2014-06-06,19.456377029418945,19.468116119243813,19.3624598325304,19.397678594768205,5849800
2014-06-09,19.405506134033203,19.48377021993945,19.370287370013557,19.421159249767108,14639600
2014-06-10,19.432899475097656,19.436812007877993,19.292024410791747,19.3624619429447,5317000
2014-06-11,19.32332420349121,19.409413330834774,19.288105449153385,19.370282045020687,4695000
2014-06-12,19.15896987915039,19.358543321737336,19.115924568287994,19.32332456673746,6802600
2014-06-13,19.233318328857422,19.256796499916693,19.11983552619544,19.166793361076632,4893800
2014-06-16,19.19028091430664,19.229412210667977,19.09636371317085,19.182454356481717,15921800
2014-06-17,19.229413986206055,19.268546778943968,19.05723417644945,19.065060734997036,12232200
2014-06-18,19.436811447143555,19.448552030672584,19.221586324113403,19.245065998408144,16087600
2014-06-19,19.397682189941406,19.46811972747193,19.362463421176145,19.460293168550375,11532800
2014-06-20,19.51601219177246,19.527806239912966,19.394136361649124,19.421656807144835,8435800
2014-06-23,19.543540954589844,19.602514219893745,19.45704873183054,19.539610103454056,5905400
2014-06-24,19.358762741088867,19.606446878796554,19.358762741088867,19.49636503981536,8749800
2014-06-25,19.512088775634766,19.606444196208034,19.394143750041994,19.394143750041994,13433600
2014-06-26,19.508153915405273,19.59071677247651,19.402002956101263,19.55140076916826,10903800
2014-06-27,19.449190139770508,19.457053343658306,19.327312729138793,19.366627248825004,12705200
2014-06-30,19.51601219177246,19.547464986482872,19.378409964293922,19.44524490342584,26147400
2014-07-01,19.56319808959961,19.641828609604318,19.496363122434683,19.539609983424896,13985800
2014-07-02,19.5867862701416,19.637896329388106,19.547471762876487,19.578923068738117,7745000
2014-07-03,19.71259307861328,19.73225033083533,19.626099369133616,19.63003171942935,5619400
2014-07-07,19.547470092773438,19.700798757660486,19.512086439357027,19.68507235619715,9971200
2014-07-08,19.496356964111328,19.547467010933097,19.441316067419553,19.53567146181918,8553200
2014-07-09,19.56319808959961,19.59072004639082,19.50815717552204,19.559267238487966,8361800
2014-07-10,19.476701736450195,19.559263090055655,19.370550781920848,19.3902080328147,8062600
2014-07-11,19.512088775634766,19.531746029941498,19.429525907942693,19.46884191630853,6975600
2014-07-14,19.500288009643555,19.61037130388361,19.492426309824662,19.61037130388361,5030600
2014-07-15,19.460969924926758,19.63788813328552,19.40592903782663,19.512079962841888,5648000
2014-07-16,19.594640731811523,19.610367127604103,19.51601025260027,19.523873450496563,7690200
2014-07-17,19.512088775634766,19.626101450514767,19.476705117981698,19.527813679228732,11014400
2014-07-18,19.633960723876953,19.669344374450553,19.51208487170838,19.52780977215615,9729600
2014-07-21,19.578920364379883,19.610373165649378,19.500289860958254,19.567126313779877,9859200
2014-07-22,19.606443405151367,19.665416665444557,19.598580203795457,19.63789621057502,5637400
2014-07-23,19.689008712768555,19.72832322467444,19.559268123924642,19.61037818920429,4522600
2014-07-24,19.66541862487793,19.732253593434063,19.62610261418098,19.689008231296103,5000800
2014-07-25,19.70079803466797,19.767632988806106,19.61823667964363,19.61823667964363,4778400
2014-07-28,19.751907348632812,19.803015899972472,19.637893196102045,19.700797297541076,21347400
2014-07-29,19.61037826538086,19.791227420454433,19.60251506301864,19.775501015729994,7769200
2014-07-30,19.508153915405273,19.70866178289691,19.4688394118492,19.66148257892701,10548000
2014-07-31,19.126794815063477,19.421658035235563,19.126794815063477,19.36268479130039,12917600
2014-08-01,19.14252471923828,19.209361179825333,19.020648849539054,19.08748381037382,11244000
2014-08-04,19.37055015563965,19.390207405897954,19.095344152767204,19.197564253713683,9932600
2014-08-05,19.170040130615234,19.33516431352175,19.11499923623036,19.20542377697007,10275200
2014-08-06,19.31157684326172,19.339097293485615,19.083550041442,19.122864541832694,12717400
2014-08-07,19.14252471923828,19.4570467694677,19.091416160865442,19.39807351011161,10167400
2014-08-08,19.343029022216797,19.35482307200485,19.11500072796765,19.185768026200005,8538200
2014-08-11,19.32337188720703,19.468837334546116,19.315508687384376,19.394139185858915,10983400
2014-08-12,19.386280059814453,19.40986816448714,19.280129089530362,19.319443597153064,14594400
2014-08-13,19.492433547973633,19.51209080432415,19.370556158996393,19.47277479187059,8602600
2014-08-14,19.492433547973633,19.53567891204376,19.47277479187059,19.523884858183955,7214600
2014-08-15,19.55139923095703,19.637892931678092,19.39413972935299,19.563193281145516,8879000
2014-08-18,19.744043350219727,19.744043350219727,19.630029202298623,19.630029202298623,10696200
2014-08-19,19.803020477294922,19.83447328516056,19.751911914141893,19.7755000202887,6270000
2014-08-20,19.830537796020508,19.854127398186566,19.755839638789602,19.775496890718557,9600800
2014-08-21,19.803020477294922,19.865924593273775,19.747979563282477,19.858061391307366,2725800
2014-08-22,19.724390029907227,19.79908969898657,19.685075519683046,19.79908969898657,3614400
2014-08-25,19.799087524414062,19.838402030320253,19.763703869197585,19.838402030320253,3126200
2014-08-26,19.818742752075195,19.865920454291953,19.803016351418904,19.81087955174705,3818400
2014-08-27,19.818742752075195,19.865920454291953,19.779428250186584,19.850195553387774,6599200
2014-08-28,19.834468841552734,19.858056942414986,19.712591488006765,19.7833587900977,3672200
2014-08-29,19.865921020507812,19.89344147256465,19.81088011639414,19.873784221060074,5321000
2014-09-02,19.799087524414062,19.897375288931805,19.759771518755606,19.861991633715327,13216800
2014-09-03,19.830537796020508,19.917031504210534,19.818743744813574,19.877717000352625,6255600
2014-09-04,19.830537796020508,19.956346008068447,19.783360091440578,19.846264197464546,11554000
2014-09-05,19.91703224182129,19.920963092451778,19.75977122106124,19.81481362815383,6153600
2014-09-08,19.83840560913086,19.948488945081092,19.803021947531235,19.881652473280678,4607600
2014-09-09,19.677209854125977,19.818744472816956,19.633962998442374,19.814813622187646,6321000
2014-09-10,19.677209854125977,19.689005405518387,19.504223931143805,19.64182619945323,12728000
2014-09-11,19.649690628051758,19.69293748643715,19.574992463410293,19.586786515787278,8525400
2014-09-12,19.559267044067383,19.685075274923403,19.48456887566925,19.630034361392944,7705000
2014-09-15,19.5867862701416,19.637896329388106,19.4884985022265,19.57499221791253,6382000
2014-09-16,19.677209854125977,19.759771215111634,19.52388118379483,19.53960758581655,6635000
2014-09-17,19.79515266418457,19.901303616375337,19.716523662341405,19.78335861385851,10319800
2014-09-18,19.928823471069336,19.96027627066778,19.854125321651082,19.873782571524096,8969800
2014-09-19,19.92250633239746,20.076547599641238,19.88695857945007,20.00940117442611,12151000
2014-09-22,19.914609909057617,20.08839962143082,19.8988120770574,20.029152854629434,7674400
2014-09-23,19.81191635131836,19.930408373012604,19.804016682311037,19.89486061583355,5931000
2014-09-24,20.017301559448242,20.03704997696909,19.800065953303562,19.823763451645508,8558200
2014-09-25,19.713167190551758,19.9501511671213,19.713167190551758,19.942253007048713,9410000
2014-09-26,19.906705856323242,19.926454270511165,19.71316778118381,19.728967115217113,9455000
2014-09-29,19.823772430419922,19.87907013391501,19.693431610380962,19.815872758492052,18208000
2014-09-30,19.58677864074707,19.839561990952465,19.55123088795521,19.804014238160605,15665800
2014-10-01,19.124656677246094,19.551229684490963,19.07726017867695,19.551229684490963,22576200
2014-10-02,19.077266693115234,19.128613796345025,18.812634520138694,19.081217281591083,18147000
2014-10-03,19.13256072998047,19.23130433687764,19.100963559261466,19.187858415477493,10886200
2014-10-06,19.128610610961914,19.255002300397127,19.065414766244306,19.20760579353587,9574800
2014-10-07,18.79288101196289,19.073312449533546,18.788930424556188,19.073312449533546,12121400
2014-10-08,19.037763595581055,19.065411678998743,18.583542499363276,18.7928799252926,21046800
2014-10-09,18.571693420410156,19.04566292395341,18.512446667451933,19.037763256445146,29256400
2014-10-10,18.287315368652344,18.642792949801887,18.283366287398614,18.57564651482571,30357400
2014-10-13,17.817296981811523,18.42160738446503,17.78964889193247,18.267567596079463,33150600
2014-10-14,17.87259292602539,18.12932690775642,17.754100898575636,17.935788774445783,22002600
2014-10-15,17.99503517150879,18.07007976911872,17.41442229022338,17.54871365369389,37910800
2014-10-16,18.17277717590332,18.275471395841247,17.6474618427718,17.679059021185463,40441000
2014-10-17,18.413707733154297,18.551949689393993,18.326814382037693,18.366311222844523,22297400
2014-10-20,18.694135665893555,18.705984413586165,18.299161337926645,18.374205917825662,34382600
2014-10-21,19.097013473510742,19.124661563632507,18.8007826450279,18.8047332331641,14263600
2014-10-22,18.942975997924805,19.274754626625345,18.93112724548453,19.2352577806857,18426400
2014-10-23,18.927173614501953,19.136511083115725,18.87582802437535,19.081214905005318,59893600
2014-10-24,19.069360733032227,19.08911065548109,18.788929312065882,18.962717479980054,13400600
2014-10-27,18.67043685913086,18.93901952549487,18.595392278446727,18.899521188260454,70286800
2014-10-28,18.856075286865234,18.871873115059458,18.7138842861647,18.788928866886646,15180600
2014-10-29,18.623043060302734,18.879775509352392,18.496651376248934,18.852127422634855,47813800
2014-10-30,18.765230178833008,18.863973763561404,18.551945180917397,18.551945180917397,13382800
2014-10-31,19.116762161254883,19.124660323599354,18.856079109360856,18.923224036243525,16805200
2014-11-03,18.982463836669922,19.195748796002242,18.915317427713497,19.124653307322383,41656400
2014-11-04,18.78498077392578,18.974568282589445,18.69808593410626,18.931120862679684,26076200
2014-11-05,18.966676712036133,19.002224479255958,18.81263688965297,18.824485643156837,12231800
2014-11-06,19.120710372924805,19.160207209682305,18.90347475734307,18.90347475734307,7653000
2014-11-07,19.211551666259766,19.24315033669539,19.128607416427553,19.140456164487144,10205000
2014-11-10,19.26289939880371,19.274748147260933,19.156256142565958,19.20365264310243,7286000
2014-11-11,19.357694625854492,19.373493963419307,19.23130293875149,19.255001945098712,7220400
2014-11-12,19.405092239379883,19.452488744391605,19.314248310312525,19.34189639712834,7708000
2014-11-13,19.40904426574707,19.56308406044221,19.302400983256288,19.42484360538451,8238600
2014-11-14,19.468284606933594,19.50778143627602,19.385340361290027,19.43273685784243,6337400
2014-11-17,19.46434211730957,19.488041128798496,19.393246589550884,19.452493364919153,5254200
2014-11-18,19.697372436523438,19.713171773756635,19.468288073472998,19.468288073472998,10036200
2014-11-19,19.669719696044922,19.732915523318432,19.602574788751294,19.68156994952002,9681800
2014-11-20,19.772418975830078,19.772418975830078,19.511735932501622,19.57098118838532,7717000
2014-11-21,20.01335334777832,20.147644712253054,19.938308749607206,20.02520360506376,19118400
2014-11-24,19.92250633239746,20.0449489273735,19.890909166837346,20.0449489273735,4283800
2014-11-25,19.85141372680664,19.98570509014932,19.835615895072323,19.926459831052984,4812800
2014-11-26,19.867210388183594,19.879060643772338,19.71711970662316,19.792165800757196,3762000
2014-11-28,19.416942596435547,19.69342499419072,19.373495168783013,19.67367657435989,9735400
2014-12-01,19.21550178527832,19.444586113525368,19.11280761557197,19.35769127865192,24024600
2014-12-02,19.330047607421875,19.373495034773878,19.172058743160214,19.21550617051222,11861000
2014-12-03,19.61442756652832,19.642075652473295,19.326096451168087,19.37349295468695,14694400
2014-12-04,19.67367172241211,19.721068219658683,19.547280058616263,19.563077886560134,11708000
2014-12-05,19.657875061035156,19.79216641041896,19.622327306589217,19.66972381028124,6722200
2014-12-08,19.345849990844727,19.63813177113031,19.318201897579506,19.634181182544946,11003800
2014-12-09,19.397186279296875,19.40903502502974,19.16415140407131,19.243146557940644,12046800
2014-12-10,18.998268127441406,19.337946354126025,18.95087162109474,19.31819793537389,15161200
2014-12-11,19.01406478881836,19.219451629688567,18.97456795687344,19.057512207982306,7843600
2014-12-12,18.484798431396484,18.927169261242028,18.472949683586002,18.820527517532682,17337800
2014-12-15,18.386058807373047,18.60724502327616,18.311014210568622,18.55194884597734,17990000
2014-12-16,18.243860244750977,18.69808123940702,18.23991116516325,18.318906317282632,19044000
2014-12-17,18.741533279418945,18.79288036699043,18.31101117602937,18.31101117602937,21216000
2014-12-18,19.16810417175293,19.179954426473067,18.863973750199985,19.03381283634913,14030200
2014-12-19,19.404199600219727,19.471769293862792,19.25316279931646,19.33663142278206,10772600
2014-12-22,19.416126251220703,19.463823048578114,19.304836756464713,19.463823048578114,6613400
2014-12-23,19.567157745361328,19.622802477576997,19.455868280929987,19.495614085025398,14191200
2014-12-24,19.499588012695312,19.571131667298594,19.467790159002693,19.495612522881178,3757600
2014-12-26,19.567157745361328,19.630751941637126,19.539335379253494,19.618828503649553,2594000
2014-12-29,19.567157745361328,19.622802477576997,19.51946247720579,19.51946247720579,4346400
2014-12-30,19.499588012695312,19.58702907793979,19.491638549272157,19.523434886759663,4335200
2014-12-31,19.30881118774414,19.543313605619886,19.304835696746427,19.543313605619886,5968800
2015-01-02,19.336627960205078,19.42406902616029,19.221363013940106,19.308805596100445,10469600
2015-01-05,18.843780517578125,19.245218753295244,18.760313386816026,19.18957399945384,10877600
2015-01-06,18.67683982849121,18.95903899225817,18.577473797626343,18.899418767257124,10109000
2015-01-07,18.88749885559082,18.94314360067281,18.74441150183394,18.81595517871238,7120600
2015-01-08,19.336627960205078,19.388297198567887,19.030580438849018,19.078275703570508,15281000
2015-01-09,19.23726463317871,19.46779304176607,19.149822038780744,19.424071744567083,13701600
2015-01-12,19.193544387817383,19.2730375219714,18.978913380463155,19.145847597601716,9316200
2015-01-13,18.97891616821289,19.356507473753545,18.8278793427555,19.300862726533886,11710000
2015-01-14,18.756330490112305,18.784152856048696,18.458232412617928,18.645041026366744,13568600
2015-01-15,18.720556259155273,19.010706351630464,18.720556259155273,18.839796687823995,11710800
2015-01-16,19.01865577697754,19.050453631415923,18.692735350009855,18.74838007907188,10920400
2015-01-20,19.05046272277832,19.173677193220392,18.86762952112044,19.149828791010545,8123200
2015-01-21,19.23726463317871,19.257137536576792,18.96301341118703,19.010710198788836,9423200
2015-01-22,19.47971534729004,19.511513203841332,19.201491683492474,19.33265405125343,11556600
2015-01-23,19.177644729614258,19.439971001018797,19.165721290615757,19.439971001018797,10073400
2015-01-26,19.261106491088867,19.28495487867458,19.08224737470838,19.165715973155905,6202200
2015-01-27,19.12995147705078,19.26906333407116,18.911346480502104,18.99481359471433,9032800
2015-01-28,18.784154891967773,19.193543993784544,18.75235854868218,19.157772159959883,11557000
2015-01-29,19.030582427978516,19.062378769047907,18.684787553040163,18.80800197567162,11916800
2015-01-30,18.955066680908203,19.181621147979197,18.819928795619756,18.871599564872692,15617400
2015-02-02,19.125972747802734,19.177643507178203,18.847747564664797,18.974937476097935,13251000
2015-02-03,19.547285079956055,19.559208518087978,19.229314094727652,19.25713646117231,12252200
2015-02-04,19.42009925842285,19.567160574283545,19.37637795787375,19.428048723632276,11367200
2015-02-05,19.88910675048828,19.908979655067537,19.48369312900864,19.48369312900864,11729000
2015-02-06,19.841407775878906,19.928850365848337,19.785763042700275,19.897054025262804,11220200
2015-02-09,19.81756591796875,19.93283090371649,19.734098797064103,19.734098797064103,7411200
2015-02-10,19.964630126953125,19.98450303723863,19.757948524331,19.94475721666762,6491000
2015-02-11,19.932828903198242,20.004372575709215,19.81756392901884,19.91295448156314,6447800
2015-02-12,20.27464485168457,20.33426507839455,20.052065906538715,20.052065906538715,9801200
2015-02-13,20.445552825927734,20.4813246556945,20.290542069006825,20.330289388861686,5802800
2015-02-17,20.46940803527832,20.548901185258412,20.31837120193672,20.354143043617476,6542400
2015-02-18,20.525054931640625,20.525054931640625,20.326322794012494,20.409789927926898,5948400
2015-02-19,20.580692291259766,20.628389078817403,20.381960225052296,20.473376793563094,6011400
2015-02-20,20.640316009521484,20.672112357067192,20.377989698395616,20.540949959607055,7145800
2015-02-23,20.61646270751953,20.656210027753673,20.481324851133913,20.57274141336459,5530200
2015-02-24,20.703903198242188,20.731725561484684,20.58863825554893,20.672105345276428,4613600
2015-02-25,20.644287109375,20.7555781008001,20.60851527573932,20.691983898359496,3915200
2015-02-26,20.51312828063965,20.68403801356873,20.453508042192517,20.64031670753492,5456000
2015-02-27,20.46543312072754,20.57274712463846,20.45748365447383,20.489280003283007,6721200
2015-03-02,20.600568771362305,20.608516720544877,20.37798828911299,20.473378841358773,6564600
2015-03-03,20.489273071289062,20.596588555098336,20.421704905300892,20.525044899225488,6416600
2015-03-04,20.4177303314209,20.465427114946056,20.278618503318878,20.374009037958775,6586200
2015-03-05,20.33030128479004,20.46941319516796,20.258757583393933,20.46941319516796,3874800
2015-03-06,20.056045532226562,20.242854213432516,20.016299714023745,20.238878721888767,8790000
2015-03-09,20.083864212036133,20.147458419180424,20.040142910335902,20.071940772010798,5047400
2015-03-10,19.777814865112305,19.924877688028754,19.749992496713055,19.924877688028754,10305200
2015-03-11,19.753963470458984,19.84935399281541,19.722165618870168,19.813582167880497,5070400
2015-03-12,20.00040054321289,20.016299476787893,19.773846046489275,19.773846046489275,6201200
2015-03-13,19.809612274169922,19.92885120977429,19.682423874031215,19.91295228070562,8384400
2015-03-16,19.777814865112305,19.897055319629505,19.69037378565982,19.897055319629505,8025200
2015-03-17,19.5592098236084,19.686398226189215,19.47574271870324,19.63870295427275,15766000
2015-03-18,19.85731315612793,19.976552125424913,19.360482853885703,19.46382440582731,12978400
2015-03-19,19.51548957824707,19.785765327356454,19.495616673560733,19.757942957554498,7913600
2015-03-20,19.641170501708984,19.768839984239552,19.501532480797515,19.5653672220628,9535000
2015-03-23,19.641170501708984,19.72096430877566,19.589304298824604,19.617231903006896,6741200
2015-03-24,19.577327728271484,19.669090036070884,19.50950400935266,19.601266317152064,4460200
2015-03-25,19.35789680480957,19.689038927589017,19.35789680480957,19.613235675853897,7364200
2015-03-26,19.40178871154785,19.4736029787148,19.306035848011874,19.329974444380902,8144800
2015-03-27,19.3938045501709,19.509505455426808,19.365876955376685,19.44567073562006,7369200
2015-03-30,19.657119750976562,19.720954460363544,19.513491274370974,19.513491274370974,5590200
2015-03-31,19.46162986755371,19.609248905769306,19.46162986755371,19.565362246945206,6928000
2015-04-01,19.517484664916992,19.549402787754666,19.341939555129382,19.50152712543802,8416000
2015-04-02,19.537437438964844,19.593292641100174,19.429716039729524,19.429716039729524,4940800
2015-04-06,19.693031311035156,19.748886504102035,19.385826227227454,19.51349567479171,5381800
2015-04-07,19.661113739013672,19.824690318409495,19.629197137198343,19.629197137198343,3673600
2015-04-08,19.716964721679688,19.7927694884349,19.61722288916142,19.752871842263843,4251200
2015-04-09,19.7728214263916,19.82069707985746,19.66908906828606,19.689037130401868,3810600
2015-04-10,19.82868194580078,19.832670950521713,19.736919617819396,19.792774815552413,3340000
2015-04-13,19.74888801574707,19.844640869719438,19.74090848442104,19.7568675470731,3009200
2015-04-14,19.83266830444336,19.86458642571227,19.70100985905857,19.708989389375795,4350600
2015-04-15,20.024166107177734,20.099970860148247,19.876548648037257,19.876548648037257,6234400
2015-04-16,19.98028564453125,20.088005489864525,19.916449407386107,20.028161300450446,4335000
2015-04-17,19.7967586517334,19.932407605929765,19.724944409985934,19.868572893480863,7655800
2015-04-20,19.940385818481445,19.96831340821244,19.828675459557466,19.828675459557466,4301400
2015-04-21,19.792774200439453,19.992257912966455,19.716969415637628,19.992257912966455,7943800
2015-04-22,19.83266830444336,19.852616369266535,19.673082263918165,19.840647834760585,5424800
2015-04-23,19.884536743164062,19.968319538076646,19.784794885809095,19.85660914485987,9665600
2015-04-24,20.05210304260254,20.060082574106115,19.948372176936076,19.984279307732162,6189200
2015-04-27,20.22764778137207,20.315419575741647,20.10396733765784,20.111946868407777,7235800
2015-04-28,20.255578994750977,20.28350659639242,20.11195045948632,20.2236608660521,6369000
2015-04-29,20.243610382080078,20.31542312750486,20.088011788162653,20.147857518280134,6888600
2015-04-30,20.115938186645508,20.267546244453282,20.040134918711644,20.171794908319985,8893400
2015-05-01,20.447072982788086,20.498939155033796,20.203702699872892,20.239609815744632,13499800
2015-05-04,20.391223907470703,20.54283194449832,20.383244376896634,20.506924817884933,8300400
2015-05-05,20.159822463989258,20.50293467539729,20.111946801588562,20.347337631140128,7522600
2015-05-06,20.163814544677734,20.315421074290057,20.09200028457085,20.275524939537338,10031200
2015-05-07,20.251583099365234,20.27153268548383,19.99624422522051,20.0520994136972,12460800
2015-05-08,20.574748992919922,20.658531782862454,20.48298667222955,20.486975676633534,9262000
2015-05-11,20.47899055480957,20.59468990561747,20.447072442904396,20.56277331565164,8234400
2015-05-12,20.263551712036133,20.403189673281343,20.251581656829664,20.403189673281343,7549600
2015-05-13,20.2396183013916,20.327391626308827,20.1638150347431,20.207701697201713,7628000
2015-05-14,20.45106315612793,20.46702221341508,20.33935279899681,20.33935279899681,6319000
2015-05-15,20.550809860229492,20.550809860229492,20.383244284751083,20.431119946039225,6259800
2015-05-18,20.459047317504883,20.526872565363846,20.415160660997284,20.463037843700018,5381000
2015-05-19,20.35930824279785,20.467029635641335,20.299464039178154,20.43112250469351,5429000
2015-05-20,20.347335815429688,20.415159537616713,20.295469631325663,20.39521147355816,4407400
2015-05-21,20.41914939880371,20.463036051467544,20.29546897056379,20.355314682730775,3818800
2015-05-22,20.395214080810547,20.43511173596776,20.359306952139015,20.407184138327672,3509000
2015-05-26,20.139873504638672,20.29547054199272,20.06407024903895,20.291481537777916,7575200
2015-05-27,20.271533966064453,20.30345056637889,20.115935402984633,20.139873994675337,5586000
2015-05-28,20.323400497436523,20.335370555350604,20.199721567197507,20.23961770173784,3484200
2015-05-29,20.191736221313477,20.319405641405716,20.1398700437949,20.315415115936844,6502400
2015-06-01,20.199718475341797,20.255573663924817,20.060078981944503,20.239614603775458,8735800
2015-06-02,20.263551712036133,20.35531401827436,20.12790275456666,20.171789405797906,7311600
2015-06-03,20.28350257873535,20.407183020035266,20.247595452031494,20.331378240360547,5260400
2015-06-04,20.04412078857422,20.163810691902764,19.948367952747564,20.163810691902764,7545400
2015-06-05,19.95235824584961,20.04811108786306,19.86857546030021,19.97629683683792,5924400
2015-06-08,19.88055419921875,19.992264628738692,19.876563671341348,19.952366959666957,7849000
2015-06-09,19.892515182495117,20.000236565158506,19.868576590145516,19.868576590145516,5217600
2015-06-10,20.099979400634766,20.171793659257936,20.00023754387369,20.012206079664235,5454400
2015-06-11,20.14785385131836,20.187749982842057,20.091998658409242,20.1199262548638,3716400
2015-06-12,20.02815818786621,20.123909484823855,19.988260545851006,20.115929956420814,4747000
2015-06-15,19.904483795166016,19.980288576931503,19.800752938460455,19.87655619828606,6711800
2015-06-16,20.00821304321289,20.020181576591668,19.85261449959056,19.86458455490898,4290400
2015-06-17,20.091999053955078,20.135885712659043,19.900494879379497,20.04811239525111,7079200
2015-06-18,20.259565353393555,20.31143154478396,20.151843966016532,20.163814023685056,7331200
2015-06-19,20.123695373535156,20.29603545140145,20.123695373535156,20.227901784237687,7395000
2015-06-22,20.199846267700195,20.23190871974816,20.13972706787996,20.23190871974816,3962600
2015-06-23,20.143733978271484,20.231908395556335,20.103655531630043,20.207860410234627,4503200
2015-06-24,19.887226104736328,20.11166935683896,19.88321887206243,20.09964612992269,6282600
2015-06-25,19.871200561523438,19.967389458441033,19.811081354278727,19.895247021305362,4896200
2015-06-26,19.795045852661133,19.947346696158974,19.76699063529241,19.91127548398566,5812000
2015-06-29,19.33414077758789,19.706874659096034,19.314100022854124,19.6427482190748,12405400
2015-06-30,19.394258499145508,19.558582597628998,19.350171284862995,19.50247215359487,12598400
2015-07-01,19.502470016479492,19.59465166856198,19.45036681177382,19.58663567330766,10832600
2015-07-02,19.442354202270508,19.574615853657022,19.370213290208355,19.530528636528185,10276600
2015-07-06,19.28203773498535,19.46640106053792,19.1738240798406,19.28203773498535,12870600
2015-07-07,19.21790885925293,19.28203529170623,18.889260701817925,19.23794808272682,13718200
2015-07-08,18.79707908630371,19.113702487137928,18.78104709593635,19.05759204974692,14981600
2015-07-09,18.85318946838379,19.097671969637133,18.849180706356336,19.073623984156647,9807600
2015-07-10,19.117713928222656,19.157792380862666,19.017516267727668,19.065610716674673,7608400
2015-07-13,19.32612419128418,19.346163416511047,19.205885782133198,19.237949765612093,5799800
2015-07-14,19.434337615966797,19.47441606595402,19.27001352478739,19.27001352478739,4889000
2015-07-15,19.28203773498535,19.446361834524804,19.233943286774885,19.43834583834057,6131800
2015-07-16,19.233943939208984,19.29406161928758,19.16981749645482,19.233943939208984,9163400
2015-07-17,19.1016788482666,19.225924477601158,19.001481203966232,19.173821274474445,14497000
2015-07-20,18.941360473632812,19.10568453583721,18.905289263446747,19.10568453583721,8895400
2015-07-21,18.82513427734375,19.077631245232343,18.769023840035175,18.925331923650422,6918600
2015-07-22,18.744977951049805,18.84116684608139,18.70089073712078,18.785056402497144,11785000
2015-07-23,18.472442626953125,18.837162087057365,18.424348173119355,18.7890676332236,9715200
2015-07-24,18.067638397216797,18.476443405308068,17.951408772909186,18.468428939882003,14524400
2015-07-27,17.867246627807617,18.0836724013057,17.823159414850355,17.87926985719782,18553800
2015-07-28,18.239978790283203,18.288074761128282,17.807125754940714,17.895300172595277,28776400
2015-07-29,18.372238159179688,18.428348589376004,18.179858886123224,18.268033292942896,19170800
2015-07-30,18.464426040649414,18.492481265231824,18.35621237630509,18.376251604021803,11191600
2015-07-31,18.416330337524414,18.592677669907165,18.38025911852624,18.592677669907165,9396000
2015-08-03,18.272043228149414,18.48446175356653,18.1758528129466,18.40029609582331,11408400
2015-08-04,18.352197647094727,18.456402506000337,18.28005523366221,18.28406246601093,13195600
2015-08-05,18.44438362121582,18.640770159308886,18.38426441957397,18.484462069713846,11673400
2015-08-06,18.380258560180664,18.508511439634844,18.352203338355995,18.440376237421418,12226800
2015-08-07,18.123748779296875,18.376245719685432,18.063629586502696,18.260017624588375,11703000
2015-08-10,18.56863021850586,18.58065344789837,18.183870060101736,18.296092473713095,10623000
2015-08-11,18.22394561767578,18.368230450955924,18.14779443961431,18.276047284997876,11703800
2015-08-12,18.292091369628906,18.316139367376937,18.023562274805748,18.075663976583193,13284600
2015-08-13,18.239978790283203,18.320137212796922,18.175852358051177,18.235971557160152,6056000
2015-08-14,18.324148178100586,18.34017864141503,18.21192576152992,18.26002173815803,4275600
2015-08-17,18.428354263305664,18.43637025992956,18.19990371065727,18.280062148001186,5095800
2015-08-18,18.30810546875,18.42433505088744,18.28806625466624,18.3922710852382,5708000
2015-08-19,18.08367347717285,18.223951120282052,18.007523805012987,18.215935123913386,8573200
2015-08-20,17.742996215820312,18.02354988104459,17.742996215820312,17.971446686199993,11617400
2015-08-21,17.31014060974121,17.670852660153532,17.31014060974121,17.638788687274936,25100400
2015-08-24,16.584712982177734,17.177882798228246,15.771107145893435,16.28812730970519,55362200
2015-08-25,16.32419776916504,17.209944455393074,16.296142554951082,16.849233903116,26679000
2015-08-26,16.765073776245117,16.80114346733483,16.388329583316906,16.664876112831447,48975800
2015-08-27,17.3742733001709,17.458440494921426,17.013562648406218,17.033601874243992,23275400
2015-08-28,17.474464416503906,17.53859083251533,17.27406917535641,17.33018112714897,12740600
2015-08-31,17.378276824951172,17.50652966633207,17.18589756287982,17.410339270849164,17998800
2015-09-01,16.8492374420166,17.137805638668283,16.74503102828266,16.92137987340323,17978400
2015-09-02,17.089710235595703,17.109749458991494,16.82919727366092,17.05363902192538,14753000
2015-09-03,17.193910598754883,17.386289827731744,17.11775943617011,17.1337914208084,9719000
2015-09-04,16.853248596191406,17.009556724261838,16.825193369558004,16.925391044361636,14536000
2015-09-08,17.27408218383789,17.29011418213745,17.06567232152566,17.157854018404862,13149600
2015-09-09,17.141809463500977,17.526567967476595,17.11375425147532,17.378275914070354,13668800
2015-09-10,17.181894302368164,17.298123954860056,17.045625423662656,17.045625423662656,10947400
2015-09-11,17.1578426361084,17.16585862994047,17.005541811088055,17.029589792584265,5799000
2015-09-14,16.953445434570312,17.137808780178293,16.913366978184268,17.133801546097732,6685800
2015-09-15,17.077686309814453,17.12578074977893,16.945424688793796,16.98550466284309,7124000
2015-09-16,17.322166442871094,17.338196901414417,17.073675224268662,17.093715973013143,8727000
2015-09-17,17.242006301879883,17.53057593118318,17.205935098216973,17.29010073046566,18276000
2015-09-18,16.87848472595215,17.067903155660513,16.822062149553915,16.963118590549495,20257200
2015-09-21,16.934911727905273,17.067907615970864,16.874458073166178,16.99939490884017,12034600
2015-09-22,16.620555877685547,16.697129172141764,16.475468340905127,16.681007993077216,13189600
2015-09-23,16.265899658203125,16.652798779705964,16.24171788658403,16.644738189166265,13856200
2015-09-24,16.221567153930664,16.27396022365772,15.90318074640536,16.124841605003827,18589000
2015-09-25,16.201416015625,16.374714863853406,16.10469046926945,16.374714863853406,14634200
2015-09-28,15.697643280029297,16.132904468009787,15.657340321715859,16.128874940878774,24683600
2015-09-29,15.758091926574707,15.899149943376464,15.649277806693783,15.774213106334964,26944200
2015-09-30,16.088565826416016,16.120808180729508,15.878996672978595,15.951540432783883,15304400
2015-10-01,16.269926071166992,16.269926071166992,15.943480672484124,16.15305137420901,19226200
2015-10-02,16.668912887573242,16.668912887573242,15.995868468409341,15.995868468409341,46276000
2015-10-05,17.10418128967285,17.108212353690423,16.70116098234163,16.846248538964943,27824000
2015-10-06,17.32584571838379,17.458841635935595,17.188818736342164,17.20896944658933,28153200
2015-10-07,17.555559158325195,17.607950673496227,17.285534844982436,17.374199774348707,31866000
2015-10-08,17.80139923095703,17.853792280762434,17.48301448189308,17.48301448189308,27989800
2015-10-09,17.793344497680664,17.95858273724729,17.728861319737597,17.94649108442031,18153200
2015-10-12,17.640193939208984,17.829613920889553,17.555560068100654,17.829613920889553,14825600
2015-10-13,17.571685791015625,17.70065217375551,17.438689881427855,17.519294254990424,17327000
2015-10-14,17.71274185180664,17.80543633296581,17.539443006082863,17.575714893266916,13386000
2015-10-15,17.761104583740234,17.849769542136357,17.53138313462341,17.728863759032834,9153000
2015-10-16,17.769161224365234,17.89006698059265,17.644224405070183,17.84573451124924,14481000
2015-10-19,17.64422607421875,17.71676984229788,17.55556266454445,17.648257137667727,7810000
2015-10-20,17.672435760498047,17.82558387221692,17.591832947656638,17.62407376531318,7618400
2015-10-21,17.5152587890625,17.72886055593411,17.483017970180097,17.67243643243961,11033000
2015-10-22,17.994857788085938,18.010977432358647,17.68050089506036,17.724833375961435,14518000
2015-10-23,18.14397430419922,18.21651808204572,18.047248754603732,18.16412501195648,13013000
2015-10-26,17.994857788085938,18.16815664757169,17.990826723967384,18.115763575834006,7989200
2015-10-27,17.918283462524414,18.002917362657936,17.769166371231943,17.890072162479907,12333400
2015-10-28,18.18829917907715,18.22457105283493,17.89006360180209,17.89006360180209,15291000
2015-10-29,18.224571228027344,18.264872627079043,18.08754431889181,18.099634431127352,10736200
2015-10-30,18.248764038085938,18.40191222742348,18.196372490665922,18.21652320408907,12850200
2015-11-02,18.361600875854492,18.450264274472627,18.232634534773517,18.276965465382556,22701400
2015-11-03,18.434141159057617,18.57519758758067,18.301143780107513,18.313233891866698,15207800
2015-11-04,18.31324005126953,18.530871360530725,18.30517946158575,18.401905000390823,13682400
2015-11-05,18.22054672241211,18.28906097033489,18.075459173775986,18.28906097033489,20570000
2015-11-06,18.268911361694336,18.2971226603582,18.043219434982966,18.071430733646828,9202800
2015-11-09,18.14397430419922,18.264880088143236,17.982765567340227,18.184275719713742,10764200
2015-11-10,18.010976791381836,18.13591363880219,17.902161125060967,18.079491042354434,9809200
2015-11-11,18.0311222076416,18.08754478272079,17.9223065825318,18.05127290768419,12558800
2015-11-12,17.668407440185547,17.869917560836658,17.668407440185547,17.84573579289445,18044400
2015-11-13,17.894102096557617,17.986796581906667,17.62810875765151,17.656320055914247,14164800
2015-11-16,18.12381935119629,18.135909465538617,17.86588666255931,17.930369834718555,15463000
2015-11-17,18.103666305541992,18.285025699610873,18.05530431292363,18.15605936102856,25502200
2015-11-18,18.426084518432617,18.44220415843065,18.11978829746859,18.16815182966297,15760600
2015-11-19,18.40593147277832,18.51071758388196,18.373690656792608,18.381751245139043,10586200
2015-11-20,18.349510192871094,18.534900663184633,18.30517772252221,18.45026524824579,7459400
2015-11-23,18.373693466186523,18.514749940317046,18.34548217136042,18.377722992275853,7656200
2015-11-24,18.52684211730957,18.57520411875049,18.228606444056553,18.228606444056553,12506800
2015-11-25,18.409961700439453,18.55907873458339,18.385779936497208,18.52683792006036,8317200
2015-11-27,18.385784149169922,18.42205603469416,18.30115026208013,18.385784149169922,2541600
2015-11-30,18.43011474609375,18.514748624557516,18.365631571445146,18.434145809296876,13122600
2015-12-01,18.559083938598633,18.56311500241931,18.377724501678045,18.442207686205325,15433400
2015-12-02,18.309206008911133,18.546987965029455,18.24875236989465,18.50265550140402,16011800
2015-12-03,18.147998809814453,18.430113252565338,18.05530434985631,18.397872436553826,11657600
2015-12-04,18.466386795043945,18.51474879211804,18.131880803964535,18.188303390117678,11214400
2015-12-07,18.135910034179688,18.45429637931132,18.01903380053894,18.365631438287284,12326200
2015-12-08,17.793344497680664,18.099639208560184,17.769162729426927,17.94649108442031,14852400
2015-12-09,18.329362869262695,18.563115378788673,18.139942838260637,18.252789566521642,25922800
2015-12-10,18.192333221435547,18.365632046044542,18.07142745802002,18.21651498907873,10571600
2015-12-11,17.708715438842773,17.92231729164724,17.68453519930321,17.720807096013342,19088400
2015-12-14,17.474952697753906,17.676462758313985,17.317775096501006,17.616009125186057,17774400
2015-12-15,17.571685791015625,17.757076311429696,17.535413899782494,17.652290164578194,10093200
2015-12-16,17.75304412841797,17.769165309594666,17.422567601297942,17.664380706747043,16132800
2015-12-17,17.398380279541016,17.781249754651732,17.398380279541016,17.781249754651732,18393000
2015-12-18,17.163288116455078,17.47999839879662,17.163288116455078,17.36224658395562,28498400
2015-12-21,17.31757926940918,17.366303558759977,17.171404852439558,17.281035665166776,11774200
2015-12-22,17.536848068237305,17.61805629015727,17.35007024206399,17.40691553273256,10536200
2015-12-23,17.95099449157715,17.979417114563425,17.662707001906746,17.662707001906746,11639200
2015-12-24,17.910402297973633,17.98348953068384,17.873858681618525,17.910402297973633,7434000
2015-12-28,17.784530639648438,17.833254948278654,17.67896104613,17.833254948278654,8323200
2015-12-29,17.95099449157715,18.01596070824818,17.87790730420764,17.886028274906117,7770800
2015-12-30,17.784530639648438,17.951006780643027,17.760169259792253,17.894161495754805,6678200
2015-12-31,17.630231857299805,17.83731284045591,17.630231857299805,17.743923954511654,9359000
2016-01-04,17.3541259765625,17.402850274625184,17.159225686476752,17.3460050020658,28860400
2016-01-05,17.34600067138672,17.427207298244284,17.21606820971407,17.427207298244284,18998000
2016-01-06,16.891244888305664,17.12674857396337,16.79785597641595,17.110506620003946,18614800
2016-01-07,16.43241310119629,16.74912330068297,16.34308394793914,16.58264722801469,25159400
2016-01-08,16.265949249267578,16.607022623780274,16.221284639082118,16.590780665727678,17400400
2016-01-11,15.989834785461426,16.355269379640237,15.863961991968717,16.351209666458125,20131400
2016-01-12,16.014192581176758,16.225333244535914,15.815234152474977,16.225333244535914,14540600
2016-01-13,15.644697189331055,16.16442866140566,15.624395529629728,16.131944766749655,21619200
2016-01-14,15.855842590332031,15.973594420229375,15.514769339230707,15.705608405001035,20744400
2016-01-15,15.531009674072266,15.636579254385332,15.327989939770669,15.531009674072266,18717800
2016-01-19,15.340174674987793,15.725912581703895,15.141216150279885,15.673127003163444,19731200
2016-01-20,15.226480484008789,15.356412993558916,14.73517308546502,14.999097817837223,25650800
2016-01-21,15.360467910766602,15.474158422431152,15.092480477985216,15.299561394422277,23401400
2016-01-22,15.636581420898438,15.868025375074016,15.490408493039249,15.648763659908436,19075200
2016-01-25,15.137146949768066,15.518824942113094,15.112785579306722,15.486341049608306,22283400
2016-01-26,15.397012710571289,15.437617578355367,15.137147752422507,15.29956412572416,15175400
2016-01-27,15.275200843811035,15.632515927274143,15.234597525904514,15.36858971412987,15628600
2016-01-28,15.299562454223633,15.437615891772293,15.161509016674977,15.41325297376353,13311000
2016-01-29,15.742143630981445,15.754324314160957,15.307681709853039,15.425433476978268,16002000
2016-02-01,15.807122230529785,15.847725572191933,15.461989179646926,15.652826744160862,27190800
2016-02-02,15.70155143737793,15.782759671551847,15.518834846634412,15.746216043619496,23018800
2016-02-03,16.22939682006836,16.22939682006836,15.685303911608887,15.888323630453204,28828400
2016-02-04,16.680103302001953,16.78973260328735,16.282183231375186,16.294365469565154,29180400
2016-02-05,16.4892635345459,16.72476562756467,16.43241825515922,16.55422978940463,22863800
2016-02-08,16.05479621887207,16.371506415195377,15.823353914033165,16.241573947528522,23207400
2016-02-09,16.253759384155273,16.334967587417736,15.900505481218845,15.900505481218845,20513600
2016-02-10,16.099468231201172,16.489265814244444,16.05886334822714,16.322789666345678,22744400
2016-02-11,15.750275611877441,15.977656784387273,15.620343070752375,15.770577281006094,27070000
2016-02-12,16.21721649169922,16.21721649169922,15.794936603997314,15.973593419989747,17192000
2016-02-16,16.46489906311035,16.485200725426587,16.172551718137946,16.37963115203163,13573600
2016-02-17,16.789731979370117,16.883122423379138,16.59483321366854,16.598894475886866,14988400
2016-02-18,16.741003036499023,16.814090247000482,16.61919153530235,16.814090247000482,10820400
2016-02-19,16.546104431152344,16.66385622093014,16.477078481300225,16.651673986490078,11860800
2016-02-22,16.862817764282227,16.91966303912315,16.70852388940474,16.732885264955097,10721000
2016-02-23,16.448665618896484,16.736954948957635,16.42024296717358,16.728833970048466,13067400
2016-02-24,16.619192123413086,16.639493782844742,16.205031765554498,16.282178690961725,20284800
2016-02-25,16.834394454956055,16.846576691162575,16.513622932393613,16.659797375531813,10271400
2016-02-26,17.078020095825195,17.17140898493819,16.972448969754783,16.972448969754783,13506200
2016-02-29,16.972454071044922,17.28104501809047,16.964333093604978,17.11050758968781,13677600
2016-03-01,17.40691566467285,17.45158026451328,17.06584236915815,17.175473237243377,24185000
2016-03-02,17.337886810302734,17.37443042694438,17.15922844053569,17.212014008777565,19728600
2016-03-03,17.44345474243164,17.488119330634596,17.26885765159333,17.301341551710973,17211000
2016-03-04,17.646474838256836,17.760166942114463,17.406911491120695,17.463756768590688,19815600
2016-03-07,17.849498748779297,17.890103634273228,17.650540231072046,17.65459994516244,15768800
2016-03-08,17.500301361083984,17.707382367924133,17.398791488806427,17.7033211056391,12577800
2016-03-09,17.60993003845215,17.695199497832643,17.48811851651685,17.59368963806697,11225600
2016-03-10,17.70332145690918,17.808892593566515,17.500301708325736,17.654597150946127,15157800
2016-03-11,18.028154373168945,18.07687867934657,17.877918643334805,17.877918643334805,10040000
2016-03-14,17.906333923339844,18.003784044552667,17.837307980373488,17.914454895850675,10944000
2016-03-15,17.946945190429688,17.946945190429688,17.638354320563135,17.743925451960838,9968600
2016-03-16,18.097177505493164,18.097177505493164,17.662715433681527,17.662715433681527,14579400
2016-03-17,18.43012809753418,18.486973365643742,18.064693567293848,18.064693567293848,15561800
2016-03-18,18.50632095336914,18.636705979616416,18.404458768761973,18.542991401999465,15260400
2016-03-21,18.591886520385742,18.591886520385742,18.237404995988417,18.46557685090345,10149400
2016-03-22,18.38001251220703,18.449278050446686,18.20480943345624,18.23333072029534,8192200
2016-03-23,18.15184211730957,18.282225597388383,18.119247024436707,18.225183019140612,11327200
2016-03-24,18.15184211730957,18.159991279101206,17.923671804318488,18.001086509898506,7524200
2016-03-28,18.229263305664062,18.294455063328776,18.11517656403024,18.13147489201994,7898600
2016-03-29,18.331117630004883,18.335191433100903,18.04182787279739,18.102945799291767,8191200
2016-03-30,18.412607192993164,18.490023444943553,18.335192495336305,18.412607192993164,8072600
2016-03-31,18.257776260375977,18.45742524699928,18.196658335486905,18.432979320478367,11115600
2016-04-01,18.4329833984375,18.4329833984375,17.99293797218835,18.127396814973505,17181000
2016-04-04,18.192594528198242,18.42076492399033,18.15999786920266,18.31482889084318,11321200
2016-04-05,18.07849884033203,18.16813805396958,18.033679233513254,18.058126715676263,10966400
2016-04-06,18.28630256652832,18.28630256652832,17.915524220957053,18.033683191611853,11345400
2016-04-07,18.021451950073242,18.176282858074398,17.944037273219216,18.147761579533803,10134200
2016-04-08,18.139625549316406,18.343350003076527,18.119253414799243,18.119253414799243,8811400
2016-04-11,18.221107482910156,18.412607326777714,18.221107482910156,18.30259598449114,7691400
2016-04-12,18.473730087280273,18.506325185576067,18.22926141003303,18.331123617935038,9409800
2016-04-13,18.65707778930664,18.71819416645842,18.575587732144033,18.591886054435268,9651800
2016-04-14,18.669307708740234,18.77116992956675,18.628563442127284,18.738574827135217,7076600
2016-04-15,18.754865646362305,18.767090165900107,18.60003623895754,18.718195196336197,6874800
2016-04-18,18.840429306030273,18.8445031092999,18.591885340658493,18.66115087629666,8931400
2016-04-19,19.243803024291992,19.256025988622998,18.885247712411623,18.913768998712996,12652200
2016-04-20,19.18675994873047,19.280472966163188,19.13786653839459,19.26825000215259,13013400
2016-04-21,19.1012020111084,19.317149398444872,19.097126652313012,19.243808483067586,12141200
2016-04-22,19.235660552978516,19.29677850447588,19.129724531916363,19.162319632899305,10859600
2016-04-25,19.17046546936035,19.21528508544001,19.023783654661038,19.21528508544001,9203800
2016-04-26,19.325292587280273,19.349740069612697,19.170461641095258,19.186759962650207,10080000
2016-04-27,19.488279342651367,19.508651474398242,19.288628721226367,19.374192607139644,11411600
2016-04-28,19.30492401123047,19.520871371503038,19.22343394276923,19.341594464323336,11328200
2016-04-29,19.190839767456055,19.37011825203937,19.06045626282854,19.239734747411855,12743800
2016-05-02,19.260108947753906,19.27233191690902,19.072682834002826,19.268258111955365,12408000
2016-05-03,18.942296981811523,19.093052615231098,18.860806904130097,19.080829647581766,18644400
2016-05-04,18.750791549682617,18.893397989614638,18.628557236270368,18.775239034082514,16141200
2016-05-05,18.65707778930664,18.897472603074863,18.62448114472417,18.868951316211987,13942000
2016-05-06,18.80784034729004,18.824138675614794,18.555222475432902,18.61633887520952,13554600
2016-05-09,18.579662322998047,18.693749029578246,18.55521639281871,18.665227741506605,13138200
2016-05-10,18.889328002929688,18.905626329156302,18.636710163592937,18.67338062045585,13576400
2016-05-11,18.824138641357422,18.98711726142595,18.811914117989033,18.92192550253971,11365000
2016-05-12,18.90561866760254,19.227501931517413,18.84042694340915,19.166385564376096,19875200
2016-05-13,18.72226905822754,18.99525895549063,18.653001967360463,18.897472132764026,11247800
2016-05-16,19.044157028198242,19.0645291567322,18.754867207558434,18.763016369830773,11674200
2016-05-17,18.946374893188477,19.137876384106708,18.905630622662777,18.95044869852333,12844800
2016-05-18,18.65707778930664,18.97896266023747,18.57151392871801,18.84043002934911,19165600
2016-05-19,18.72226905822754,18.746714986762427,18.506320178977028,18.62040687788277,12529800
2016-05-20,18.85672950744629,18.934145772309176,18.787463959194007,18.799686925522344,9825200
2016-05-23,19.07675552368164,19.162319411353444,18.938222848944125,18.946372012669162,8569400
2016-05-24,19.203060150146484,19.24787976163092,19.105271765608297,19.137868411885574,9029400
2016-05-25,19.439382553100586,19.5656922450526,19.31307441544245,19.5656922450526,11174200
2016-05-26,19.23158073425293,19.6308803107658,19.21935621519978,19.500496839018478,6667200
2016-05-27,19.223432540893555,19.292698083743435,19.150091640056228,19.150091640056228,8625600
2016-05-31,19.125642776489258,19.313070373060754,19.097121489807552,19.313070373060754,8903800
2016-06-01,19.150096893310547,19.18676735378865,18.893403669963828,19.088978941082345,9823600
2016-06-02,19.256025314331055,19.268249832527527,19.0441533533096,19.129717209217514,6764000
2016-06-03,19.41901397705078,19.463833603503573,19.21936333765948,19.34159924772861,9948400
2016-06-06,19.618654251098633,19.639026373915335,19.471972479949034,19.50456756559709,13869400
2016-06-07,19.62681007385254,19.692003381029497,19.54124618962377,19.63495923724966,7281400
2016-06-08,19.740894317626953,19.80201070395708,19.671627214633588,19.753117284034218,7884400
2016-06-09,19.598285675048828,19.64718064768735,19.508648000465694,19.63903148558093,7931200
2016-06-10,19.45160675048828,19.56569191919401,19.402711774505384,19.47605268418588,9617800
2016-06-13,19.235660552978516,19.529024233295353,19.231586748215925,19.459757117978736,10488000
2016-06-14,19.093055725097656,19.239737577956898,18.966746006403486,19.178619621167478,15125000
2016-06-15,19.178611755371094,19.313070583444027,19.13379214601345,19.166388790743945,8335800
2016-06-16,19.243803024291992,19.251952185277172,18.93006732068336,19.09712123514577,11745400
2016-06-17,19.327749252319336,19.368697248128367,19.159859970196855,19.204903702826336,11854200
2016-06-20,19.43831443786621,19.679911408362827,19.426028787118106,19.512022094090007,11932000
2016-06-21,19.385072708129883,19.483350062843783,19.315459256443877,19.454684597750326,6126800
2016-06-22,19.405553817749023,19.47516729496339,19.37279572887519,19.401459642414594,6083400
2016-06-23,19.70448112487793,19.71267103866099,19.573445628481597,19.598015369830783,7116400
2016-06-24,18.844552993774414,19.274513143044082,18.79541509267478,19.03291624971111,24895000
2016-06-27,18.20985221862793,18.701234419897617,18.107480666352423,18.701234419897617,17979600
2016-06-28,18.365461349487305,18.476022846479637,18.17300383581893,18.357272997472812,20741200
2016-06-29,18.67667007446289,18.738092081175783,18.54563458566256,18.590678327825096,13311000
2016-06-30,18.9755916595459,18.983781571463847,18.627528994395945,18.729900550271342,11955600
2016-07-01,18.983781814575195,19.106627370785667,18.92235825543696,18.975591902552363,9928200
2016-07-05,18.63981819152832,18.959217033564755,18.574300440288376,18.885509368161518,11140200
2016-07-06,18.713520050048828,18.7380882228487,18.43097356632295,18.574294676607852,11675600
2016-07-07,18.762659072875977,18.914168541721875,18.648003427486216,18.648003427486216,8517200
2016-07-08,19.229475021362305,19.266328848445955,18.8936964021851,18.8936964021851,10483000
2016-07-11,19.32365608215332,19.37688973342852,19.245854254955812,19.294992168866546,9244600
2016-07-12,19.675806045532227,19.78227330224654,19.458778920633314,19.47106300330595,13508400
2016-07-13,19.72905158996582,19.757715508224877,19.610300178854647,19.708577585790263,7860800
2016-07-14,19.905122756958008,19.941976574339478,19.786371394054864,19.806845389918845,9951000
2016-07-15,19.9747371673584,20.03206498781347,19.921505083830663,19.9747371673584,7262200
2016-07-18,20.105777740478516,20.126253306185877,19.847802482882333,19.97474224269642,5911000
2016-07-19,19.987014770507812,20.073006466575347,19.90511724765359,19.99929885221308,7029600
2016-07-20,19.995214462280273,20.048446550425446,19.84779916142822,19.937885074786408,8024400
2016-07-21,19.872364044189453,20.011589409474006,19.79865640597611,20.007495234935856,7250600
2016-07-22,19.925601959228516,19.97064569913831,19.839610216891362,19.892843869699863,7778800
2016-07-25,19.892845153808594,19.90512924291652,19.757713925356317,19.90512924291652,9678400
2016-07-26,20.04435157775879,20.056635664985716,19.872366546251662,19.888746370598252,8344000
2016-07-27,20.068923950195312,20.138537437196927,19.92151018643834,20.06073559837522,8514200
2016-07-28,20.04025650024414,20.10577423772092,19.9256008501763,20.023878237424505,7331000
2016-07-29,19.937883377075195,19.999306934555364,19.79865800057731,19.98292711095186,8545600
2016-08-01,19.82732582092285,19.941983046692556,19.74542981088683,19.937887308950994,7131600
2016-08-02,19.774091720581055,19.86827337222005,19.64305624333845,19.81094554618467,12103200
2016-08-03,19.823230743408203,19.901032574229408,19.679911170299093,19.80685091731968,6950800
2016-08-04,19.905122756958008,19.958356395856963,19.78227721970837,19.82322521143633,7105000
2016-08-05,19.97064971923828,20.01159772990849,19.901036226619148,19.9337958848085,6312000
2016-08-08,20.011592864990234,20.06892069081844,19.96245495171836,19.991118864632462,9463600
2016-08-09,19.95017433166504,20.08939974519066,19.909224761765522,20.019786257394664,7983000
2016-08-10,19.954261779785156,20.044349241123577,19.925597871553084,19.98702142465943,4510600
2016-08-11,20.04025650024414,20.077110325203957,19.933790762619157,20.052542149941466,5391400
2016-08-12,19.82732582092285,20.060734448137556,19.78637781590484,20.040258883562288,6764400
2016-08-15,20.027973175048828,20.077111089510502,19.884653607008058,19.896937695106942,4634000
2016-08-16,19.921512603759766,20.13853988085293,19.913322688879536,20.06073803259057,6769200
2016-08-17,19.905122756958008,19.95016648509822,19.741327665914653,19.905122756958008,6152800
2016-08-18,20.032066345214844,20.032066345214844,19.90512660905298,19.91331652139666,6755800
2016-08-19,20.060731887817383,20.08939580008491,19.864177115031374,19.98292850132032,9812200
2016-08-22,20.032066345214844,20.060731819450744,19.88055687202195,19.9870241704237,6100000
2016-08-23,20.20404815673828,20.298229790564783,20.159004427067824,20.208142331223865,8259400
2016-08-24,19.97064971923828,20.17539289672229,19.946079975596266,20.17539289672229,7807800
2016-08-25,20.068923950195312,20.09349369185465,19.946078366031326,19.950174104007726,6776400
2016-08-26,19.954261779785156,20.277756243622353,19.872364229665305,20.14672078825693,11969600
2016-08-29,20.134443283081055,20.179487031966666,19.92151175354877,19.925605929780883,5967600
2016-08-30,20.08530044555664,20.232715746921855,20.048446620215337,20.12625000819481,7531600
2016-08-31,19.884654998779297,20.015690487892652,19.839611256509162,19.98293083458119,8380400
2016-09-01,19.966550827026367,19.99112056678736,19.819137074659114,19.946076824925324,9463600
2016-09-02,20.167203903198242,20.167203903198242,20.056642394859626,20.118065975736595,6608600
2016-09-06,20.122146606445312,20.240897949764904,20.03615490075823,20.187664319644828,6408600
2016-09-07,20.093488693237305,20.150816514114744,19.96654740267585,20.077108869539188,11484200
2016-09-08,20.007497787475586,20.101679434526954,19.94607422710616,20.05663569853151,5730200
2016-09-09,19.426029205322266,19.87236932781242,19.40555520305627,19.860085238866073,17347400
2016-09-12,19.61029815673828,19.663531811758652,19.274519524270538,19.31137335281291,13025600
2016-09-13,19.245851516723633,19.487448438671525,19.11891023161003,19.409646622543384,20948000
2016-09-14,19.2008113861084,19.319562781999196,19.143483556937998,19.245855126761196,15579600
2016-09-15,19.32365608215332,19.364605645467364,19.127102864444257,19.17214660305665,11751200
2016-09-16,19.24626922607422,19.279197729802338,19.15983425896412,19.19276276269224,17158000
2016-09-19,19.275089263916016,19.40268333566188,19.24216074855061,19.332712595687443,7353000
2016-09-20,19.21746826171875,19.443847925498776,19.213352981522,19.419151533963223,7998800
2016-09-21,19.509702682495117,19.534397503004787,19.287439877198334,19.32448367808113,11192400
2016-09-22,19.571441650390625,19.74019639737369,19.522050438378546,19.649646103704598,5991400
2016-09-23,19.472654342651367,19.600248405858682,19.468537493447172,19.505581285695282,8620400
2016-09-26,19.38210105895996,19.513811961568198,19.357404675926738,19.48500029975501,7515600
2016-09-27,19.439729690551758,19.45619395040276,19.2833223622037,19.31625088190571,6643200
2016-09-28,19.66199493408203,19.682574476396702,19.394456173635994,19.485008043962672,9133200
2016-09-29,19.509702682495117,19.715501227373256,19.447962490984356,19.58379028426071,9322800
2016-09-30,19.653757095336914,19.723727832909756,19.567322100646468,19.62906070966051,9390600
2016-10-03,19.629060745239258,19.719612589432224,19.60436592963607,19.666104538762017,16199400
2016-10-04,19.36152458190918,19.694917169850704,19.328596065998973,19.65787337451075,11833600
2016-10-05,19.493234634399414,19.579669629624895,19.398567510564174,19.398567510564174,13485600
2016-10-06,19.653757095336914,19.666104503116127,19.419146926824006,19.44795859172082,10459600
2016-10-07,19.287433624267578,19.678451046792976,19.221578174061452,19.678451046792976,11781800
2016-10-10,19.402681350708008,19.54262438645831,19.36152228082998,19.402681350708008,6183800
2016-10-11,19.139265060424805,19.28744026695025,19.015786245026373,19.26686072607023,22701000
2016-10-12,19.10222053527832,19.172192855762102,19.00755339472119,19.155728595634358,8116400
2016-10-13,19.00343132019043,19.0487072380353,18.752358487799683,18.896416799017146,9894200
2016-10-14,19.065174102783203,19.201001874906396,19.044594565524008,19.0857536400424,9537400
2016-10-17,19.08163833618164,19.151609076796845,19.044594541115345,19.073406207264902,6538200
2016-10-18,19.254507064819336,19.31213039332291,19.18865160794126,19.270971321568343,5839600
2016-10-19,19.394447326660156,19.4273758354377,19.22569264446953,19.29978021910129,5369600
2016-10-20,19.377986907958984,19.443842363095822,19.246274427567407,19.369754779802143,5456400
2016-10-21,19.36975860595703,19.382106015572358,19.180422761185493,19.37799073573999,7725800
2016-10-24,19.415027618408203,19.47676778972031,19.365636423429187,19.443840849773558,6041400
2016-10-25,19.238046646118164,19.40680137239472,19.196885999393313,19.32859692867657,6744000
2016-10-26,19.209232330322266,19.242160845854183,19.122797332228043,19.213349179822774,6690200
2016-10-27,19.18453598022461,19.29155050691277,19.098100989039796,19.258623564130996,9517200
2016-10-28,19.23392677307129,19.394449344770884,19.131027527610744,19.24215890112228,10611400
2016-10-31,19.242158889770508,19.299782215975558,19.20511509862185,19.238043610806383,14324200
2016-11-01,19.131032943725586,19.361527884054205,19.024018389001995,19.283323430488576,28453800
2016-11-02,19.02813148498535,19.196886213140907,19.02813148498535,19.159842415735145,11679600
2016-11-03,19.032243728637695,19.131026117733956,18.9828509639718,19.015779473749063,8482800
2016-11-04,19.098102569580078,19.20100182573058,19.00343387221774,19.03224710844848,8831400
2016-11-07,19.39033317565918,19.39033317565918,19.258622273125514,19.320360875496903,14197000
2016-11-08,19.452072143554688,19.513812317204046,19.29978170403554,19.340942343174387,10583600
2016-11-09,19.86366844177246,19.90894435823351,19.28331679556349,19.43972407876044,29530200
2016-11-10,20.094165802001953,20.19294977475937,19.94599062792482,19.95422275649777,40670600
2016-11-11,19.818391799926758,20.085928848753845,19.694911471110682,20.065349317323697,13428000
2016-11-14,19.86366844177246,19.929523892047317,19.74018966877183,19.90894435823351,16677400
2016-11-15,19.94599151611328,19.95010836564207,19.711381336750033,19.851324388485835,13921400
2016-11-16,19.908952713012695,19.978925041484825,19.84309723510163,19.900720582009004,7433000
2016-11-17,19.91717529296875,19.987147587886486,19.81427605994443,19.97068333377435,8271800
2016-11-18,19.88836669921875,19.91306308419402,19.830743371061047,19.91306308419402,7788400
2016-11-21,20.122974395751953,20.131206523068503,19.9171759231914,19.9171759231914,7598200
2016-11-22,20.2464542388916,20.28761487765702,20.118860184013368,20.176483508167127,10270200
2016-11-23,20.33700942993164,20.34935683853984,20.151790450218257,20.209413783880628,6997600
2016-11-25,20.398752212524414,20.411099622705983,20.324664611198433,20.357591561722046,3205200
2016-11-28,20.316431045532227,20.411098180511324,20.271155117907842,20.411098180511324,9059400
2016-11-29,20.33700942993164,20.419329150928487,20.168254708441246,20.246457579823304,6861400
2016-11-30,20.555152893066406,20.604545661817152,20.378166063670974,20.444021518554074,14855000
2016-12-01,20.563385009765625,20.71567702481896,20.50164640403834,20.625125185610802,16413400
2016-12-02,20.571619033813477,20.63747449472937,20.45225552024153,20.54692264717575,12528200
2016-12-05,20.73213768005371,20.80210997716506,20.60454363197884,20.65393482574596,10625800
2016-12-06,20.7568359375,20.760951216470044,20.600428644634427,20.732139553326107,13429600
2016-12-07,21.053186416625977,21.06553382374167,20.756836084906205,20.79799515537044,14901400
2016-12-08,21.193132400512695,21.275450552884553,21.069652031718686,21.077884160979494,14014200
2016-12-09,21.19724464416504,21.246635842537852,21.09023011933763,21.246635842537852,8984800
2016-12-12,21.102577209472656,21.2754471862402,21.09022980259436,21.22605598860917,9475000
2016-12-13,21.069652557373047,21.193132929247692,20.94205847594253,21.180783949989337,9274600
2016-12-14,20.818578720092773,21.098463258525552,20.781534924251687,21.065536312287964,18738400
2016-12-15,20.95440673828125,21.007914796931072,20.70744912471291,20.74449292375998,12862000
2016-12-16,20.889772415161133,21.043070182907655,20.835912575075497,21.043070182907655,10354600
2016-12-19,20.848342895507812,20.906346776633683,20.769623568335163,20.827627449461033,6404600
2016-12-20,20.86492156982422,20.88149456337235,20.753056234105824,20.823489085953895,8852800
2016-12-21,20.87319564819336,20.96020144182589,20.840049680817128,20.943628458137777,6560200
2016-12-22,20.786191940307617,20.87734178618239,20.72404561124599,20.85248388675254,6630800
2016-12-23,20.827625274658203,20.844198261959978,20.703331030869002,20.844198261959978,4314800
2016-12-27,20.939491271972656,20.964349173273714,20.802766492868397,20.88562985167518,7773000
2016-12-28,20.728185653686523,21.11764289125996,20.71161424949216,21.01820656365975,6155600
2016-12-29,20.728185653686523,20.81519303301926,20.695041264810992,20.71989916134594,5727000
2016-12-30,20.591461181640625,20.790332243802357,20.50859784395156,20.757186276532046,9859800
2017-01-03,20.711612701416016,20.82762042453966,20.562459011407505,20.645322348132975,15475000
2017-01-04,21.014060974121094,21.05134939384988,20.79447291105754,20.79447291105754,9084600
2017-01-05,20.95191764831543,21.06792538809909,20.881484829300184,20.989206076172596,7806000
2017-01-06,20.972633361816406,20.989206347853422,20.852483164265376,20.9519179195136,5894200
2017-01-09,20.968490600585938,21.16736168867696,20.935344628993974,20.956061651482408,14201200
2017-01-10,20.98091697692871,21.059637859563107,20.889767146714874,20.98091697692871,5688400
2017-01-11,21.150787353515625,21.163217882313035,20.943629785742726,20.943629785742726,13199800
2017-01-12,21.109355926513672,21.150786806802603,20.976775213004952,21.150786806802603,6312000
2017-01-13,21.076213836669922,21.134217711943926,21.022353998479527,21.113502267987077,4896800
2017-01-17,20.98091697692871,21.072066807142548,20.914626622360483,21.022349436338057,7363400
2017-01-18,21.113496780395508,21.134212218968226,20.968487129899838,21.038919937144406,6073400
2017-01-19,20.98091697692871,21.183932076817698,20.90219767478104,21.13835716171078,6606400
2017-01-20,21.1673641204834,21.204652552564767,21.038925836539324,21.05549882423929,10013800
2017-01-23,21.208791732788086,21.241937703067432,21.088641541742597,21.16736085042576,8322200
2017-01-24,21.755685806274414,21.805404757597593,21.28751086829821,21.28751086829821,15962000
2017-01-25,21.90070343017578,21.921418875691376,21.710118802652808,21.846842007445485,16441800
2017-01-26,21.958702087402344,22.066423326756535,21.85098084804815,21.904840677481843,10641200
2017-01-27,21.87998390197754,21.946274263550343,21.834408982054942,21.904841799763037,9305200
2017-01-30,21.656248092651367,21.80125772956041,21.56509827488768,21.80125772956041,12086200
2017-01-31,21.527812957763672,21.664537704103935,21.440807163085356,21.647964720216617,11053400
2017-02-01,21.635540008544922,21.676970895888193,21.457384348092184,21.51953067910709,20149800
2017-02-02,21.540246963500977,21.627252772225997,21.465670104454677,21.627252772225997,10131400
2017-02-03,21.577533721923828,21.610678111995835,21.507099324729655,21.573389685360535,11083600
2017-02-06,21.5195255279541,21.548527458249573,21.428377281519758,21.527812019536615,5445200
2017-02-07,21.34966278076172,21.49467405605344,21.316518385015158,21.461528079819743,8401600
2017-02-08,21.399377822875977,21.407662734928742,21.266797103215833,21.33722991907229,9378400
2017-02-09,21.391094207763672,21.457384576510805,21.345519282908693,21.399380701417947,16234800
2017-02-10,21.58582305908203,21.618969036435693,21.473959336731397,21.486388287995425,6955000
2017-02-13,21.76397705078125,21.821980926171264,21.6686847439995,21.6686847439995,7428200
2017-02-14,21.75983238220215,21.77226133124025,21.61896516465166,21.726686410784666,7324600
2017-02-15,21.730831146240234,21.801263967036892,21.689398680636064,21.701829210560792,6209800
2017-02-16,21.730831146240234,21.855125382078835,21.66039674495662,21.751546588798842,6408800
2017-02-17,21.668682098388672,21.71839947401178,21.589962788611512,21.689397539857726,7928200
2017-02-21,21.739118576049805,21.801264906403368,21.618966791351077,21.656255221758027,14751800
2017-02-22,21.797115325927734,21.917267071357106,21.639675162278433,21.652104108189572,10228800
2017-02-23,21.676963806152344,21.92140975469728,21.656248369255966,21.842690462296428,7070200
2017-02-24,21.72254753112793,21.739120519565343,21.55267835086234,21.585822747250006,9624600
2017-02-27,21.668682098388672,21.84683773989892,21.63553770813556,21.722543510597713,12595600
2017-02-28,21.647960662841797,21.75153942199415,21.614814701279553,21.65210311779386,7724400
2017-03-01,22.070571899414062,22.141004727989895,21.84684130190177,21.84684130190177,11802200
2017-03-02,21.83441162109375,22.06228466776195,21.83441162109375,22.05399817400293,9149400
2017-03-03,21.81783676147461,21.904842567748055,21.759832890625646,21.834409747570582,5924200
2017-03-06,21.676963806152344,21.79711555283248,21.643819423215444,21.739111697328006,7113400
2017-03-07,21.556812286376953,21.71010999809411,21.548525795433875,21.689392980493142,7676200
2017-03-08,21.556812286376953,21.780542800380474,21.52366790309118,21.573385268263113,10178200
2017-03-09,21.49052619934082,21.614820427152512,21.386947412749933,21.58581849334601,9039600
2017-03-10,21.589962005615234,21.660394820153034,21.49052567748837,21.606534990384183,9538200
2017-03-13,21.6521053314209,21.656249367283067,21.556813052916795,21.61481691109437,7070400
2017-03-14,21.465667724609375,21.581675456714578,21.440808247521055,21.565102471989032,11313000
2017-03-15,21.809555053710938,21.846843490364947,21.540251082754022,21.55682249199902,11398000
2017-03-16,21.660396575927734,21.888271183755048,21.62725218419,21.85926766781498,13080200
2017-03-17,21.753490447998047,21.832457457917748,21.73270982280445,21.7618030151675,10261200
2017-03-20,21.874021530151367,21.88648958888024,21.686992721917395,21.77011681285029,5510400
2017-03-21,21.508283615112305,21.936370685031854,21.47503333352675,21.890652340582058,14679400
2017-03-22,21.57062530517578,21.587248859124404,21.35034617165556,21.491656685712464,11302800
2017-03-23,21.662059783935547,21.7285587542174,21.48750058149337,21.537374412839632,9532800
2017-03-24,21.470876693725586,21.707779388250955,21.379440009712074,21.649592984046212,12040600
2017-03-27,21.51659393310547,21.558155195276,21.21319227997111,21.2672216037007,8577800
2017-03-28,21.765960693359375,21.84077221994246,21.49165229104148,21.545683190342647,7867200
2017-03-29,21.782588958740234,21.840775357672975,21.707777421409435,21.73271512900652,6022800
2017-03-30,21.7867431640625,21.903117540516323,21.7618070433984,21.770119612106555,5983200
2017-03-31,21.782588958740234,21.903118833935462,21.761808328472892,21.803369589007577,7425400
2017-04-03,21.699464797973633,21.878181071654907,21.52490560161171,21.790901473473948,9031000
2017-04-04,21.778427124023438,21.786738105341477,21.624647016819708,21.682833398805982,6526600
2017-04-05,21.761802673339844,22.02364298595448,21.74102204847266,21.844926758268624,10009800
2017-04-06,21.87818145751953,21.96130556530765,21.711934827403777,21.782589288474362,6164000
2017-04-07,21.85739517211914,21.9322066912276,21.790896220184965,21.81583392170781,5061800
2017-04-10,21.861555099487305,21.923898573216153,21.778432581796036,21.8573996077869,6923000
2017-04-11,21.80336570739746,21.844928545993255,21.678680362530436,21.795053139678302,7831400
2017-04-12,21.533218383789062,21.811682319442916,21.52074873716811,21.774276550501007,7779600
2017-04-13,21.325408935546875,21.5332184109394,21.30878379700496,21.49165556458461,8387000
2017-04-17,21.479183197021484,21.487495764625844,21.342028209739755,21.383591047761563,7702000
2017-04-18,21.454248428344727,21.520747392814027,21.358656266011383,21.383593972235012,5073800
2017-04-19,21.483346939086914,21.591408773986185,21.44594116323113,21.529065285739623,6260400
2017-04-20,21.720239639282227,21.807520799661354,21.56230562336959,21.578929171835107,8138800
2017-04-21,21.695310592651367,21.75349699488914,21.637124190413594,21.703623162322558,7183200
2017-04-24,21.94468116760254,22.002867569380694,21.89480733542991,21.932213105924518,11133600
2017-04-25,22.297954559326172,22.327047755411247,22.123393797355426,22.135861856974664,15884600
2017-04-26,22.29379653930664,22.368608064777618,22.21067244595442,22.264703344452393,6333800
2017-04-27,22.243928909301758,22.310427885402156,22.09846130907794,22.264709542059258,9210000
2017-04-28,22.05689239501953,22.26470182145496,22.05689239501953,22.198202868414025,8080000
2017-05-01,22.069368362426758,22.160805050174446,22.007026463430247,22.160805050174446,7949600
2017-05-02,22.106775283813477,22.140025566706537,22.0070276060558,22.077682079012426,6931600
2017-05-03,21.89064598083496,22.065206737523745,21.82830409916486,22.01533291509562,13197800
2017-05-04,21.915586471557617,21.969617377577105,21.844932012921728,21.952992239500272,7487000
2017-05-05,22.2273006439209,22.24392578197379,21.95714928513331,21.95714928513331,11447400
2017-05-08,22.048587799072266,22.2065234641915,22.002869455054014,22.177430260809096,10216200
2017-05-09,21.882335662841797,22.06936289899202,21.853242466753528,22.02780164328314,9386400
2017-05-10,21.952991485595703,21.982084683500833,21.861554814773655,21.915585718937624,6388000
2017-05-11,21.919742584228516,21.969616410803884,21.720244107006323,21.89480487821065,6680600
2017-05-12,21.865711212158203,21.932210174654205,21.84908607516912,21.903116977653475,4718400
2017-05-15,22.05689239501953,22.123391348060462,21.932207056250295,21.932207056250295,6526200
2017-05-16,22.061058044433594,22.115087374771576,22.031963254802974,22.065213536974703,6068800
2017-05-17,21.595558166503906,21.923897485662216,21.59140267500964,21.907272348764508,16264800
2017-05-18,21.608034133911133,21.66206346644592,21.342036622104125,21.512440361510976,13926600
2017-05-19,21.795055389404297,21.88649205829313,21.645433911395767,21.649589402954195,9978600
2017-05-22,21.819997787475586,21.923902538844516,21.757654302469952,21.869871624203682,5743200
2017-05-23,21.836618423461914,21.91974252450127,21.807525225917193,21.865711621006636,7096000
2017-05-24,21.982086181640625,22.031960012096974,21.878181443337947,21.882338520727927,6011400
2017-05-25,21.9571475982666,22.115081641254456,21.90727218793962,22.06105232492402,9707600
2017-05-26,21.99871253967285,22.019493171393165,21.89896328777055,21.923900997111268,4240200
2017-05-30,21.994550704956055,22.036113544867824,21.91974076403533,21.96545750974793,5597600
2017-05-31,22.061058044433594,22.065213536974703,21.849091459240622,22.02365226972076,12339000
2017-06-01,22.327049255371094,22.351985376284812,22.044428258306112,22.048583749971606,15808200
2017-06-02,22.381080627441406,22.43095604476491,22.273020394161538,22.31873873397782,9810800
2017-06-05,22.310422897338867,22.406015055019836,22.281329700890762,22.36029672189844,5658600
2017-06-06,22.322895050048828,22.385238531274283,22.198209673058507,22.24808350676252,8257200
2017-06-07,22.35198211669922,22.430950715971047,22.28132767046669,22.393544954594958,8331200
2017-06-08,22.418487548828125,22.489143600934142,22.310427309999678,22.314582802259743,7152400
2017-06-09,22.705257415771484,22.730193531194406,22.468354806493508,22.468354806493508,14996600
2017-06-12,22.61798095703125,22.800854297266916,22.56810713035805,22.67616893785374,11520800
2017-06-13,22.900602340698242,22.908914909528765,22.605513281786475,22.605513281786475,6725000
2017-06-14,22.6595401763916,22.950473692131744,22.59719671392582,22.93384855741285,11182400
2017-06-15,22.460052490234375,22.58473788063514,22.364460304745098,22.50161375854771,9720200
2017-06-16,22.55692481994629,22.569451295391598,22.43165528682759,22.56527633453934,9150200
2017-06-19,22.73647689819336,22.765706400892185,22.64043687605601,22.669666378754837,5012800
2017-06-20,22.61121368408203,22.690550700280376,22.60703712945172,22.690550700280376,6916800
2017-06-21,22.373191833496094,22.661311861727626,22.343960741782425,22.640433875836337,9522600
2017-06-22,22.398244857788086,22.481758394533703,22.356488885859388,22.373191911786158,6704200
2017-06-23,22.485939025878906,22.552749553548423,22.36484603958884,22.452534558488463,6690800
2017-06-26,22.552749633789062,22.590330655292412,22.46088615347203,22.561101148888543,8108200
2017-06-27,22.414947509765625,22.62790551167035,22.40659599694157,22.598676013230254,7226400
2017-06-28,22.619552612304688,22.673836645889427,22.536040674959672,22.57779664363218,6592000
2017-06-29,22.34814453125,22.648792722679822,22.289685514669475,22.61121169875109,8811600
2017-06-30,22.469234466552734,22.569449447687933,22.38154436694893,22.385720920347797,6258400
2017-07-03,22.665485382080078,22.72394437601777,22.502634872428477,22.523512856993634,6217000
2017-07-05,22.590328216552734,22.698896308236893,22.515166181660152,22.690544794039,11411400
2017-07-06,22.490114212036133,22.611208783849996,22.423303688429954,22.465059668350616,9858800
2017-07-07,22.60703468322754,22.632089229631738,22.44000915253232,22.527697675613965,5246800
2017-07-10,22.749004364013672,22.84086942957748,22.510991778587897,22.602856844151706,7711800
2017-07-11,22.715599060058594,22.774058065843622,22.577801466803795,22.749003523554993,4017200
2017-07-12,22.978668212890625,22.999547797870864,22.79911461370368,22.83669563662394,5802400
2017-07-13,22.9536075592041,23.041296052304627,22.920201508753525,22.999540082129567,4266000
2017-07-14,23.07052993774414,23.116462469405423,22.974489913765304,23.03712388094013,6508800
2017-07-17,23.116456985473633,23.174915978123924,23.032943456164038,23.08305093659456,5979600
2017-07-18,23.020418167114258,23.057999177590162,22.932728080745044,23.053822624821635,4634600
2017-07-19,23.24173355102539,23.258436580544476,23.02877549976704,23.02877549976704,6846200
2017-07-20,23.07052993774414,23.19579946498225,22.999544456368312,23.18744795078125,9041000
2017-07-21,23.074705123901367,23.078881677486915,22.970313584701348,23.00371964183182,5447000
2017-07-24,23.05382537841797,23.0872314330036,22.957785360816818,23.049650418038944,5522200
2017-07-25,23.300186157226562,23.350293639122842,23.225024137938078,23.254253635118253,9110400
2017-07-26,23.158220291137695,23.28348982834846,23.124815824562834,23.28348982834846,7624000
2017-07-27,23.074705123901367,23.22502919521155,22.966138624004277,23.183273216686935,7578600
2017-07-28,22.991191864013672,23.16656887534517,22.903501765459534,23.09558339729815,9382400
2017-07-31,22.815813064575195,23.07052865847205,22.803286590412522,23.041299156833563,9019600
2017-08-01,22.83251190185547,22.911848878473197,22.71976887641675,22.911848878473197,21064400
2017-08-02,22.8533992767334,22.886805339281445,22.66549415712247,22.765710751877876,6439000
2017-08-03,22.682191848754883,22.9285559269393,22.657137307741966,22.9285559269393,7983600
2017-08-04,22.790756225585938,22.815809169634438,22.736472192000686,22.748998664024935,5272600
2017-08-07,22.80328369140625,22.88679722527978,22.78658066605391,22.82416167665259,5056200
2017-08-08,22.623733520507812,22.77823254580652,22.577800990392095,22.75735455745076,8324000
2017-08-09,22.644611358642578,22.673840860724418,22.569449326749734,22.607030342696156,6909800
2017-08-10,22.385719299316406,22.598677313473946,22.364841312499127,22.56109630004752,12957600
2017-08-11,22.331436157226562,22.414949700742053,22.302206655929393,22.318909683210162,7830000
2017-08-14,22.540218353271484,22.577799366764665,22.448353299646303,22.448353299646303,7159600
2017-08-15,22.544397354125977,22.586153332368358,22.477586833205084,22.556923829020995,3973000
2017-08-16,22.76570701599121,22.76570701599121,22.615382944970875,22.619557905659896,10653400
2017-08-17,22.419124603271484,22.728124235615002,22.41494964290624,22.69054322077442,8904000
2017-08-18,22.42748260498047,22.527699204510004,22.327267598339745,22.339794075947633,7537400
2017-08-21,22.4483585357666,22.510994103827862,22.394076075861417,22.465061566301426,5403200
2017-08-22,22.74065589904785,22.74065589904785,22.51099479723012,22.51099479723012,6240800
2017-08-23,22.69890022277832,22.77406227063298,22.6153866592855,22.640441206199966,8219200
2017-08-24,22.65713882446289,22.736477413204053,22.627909321101978,22.694719842053846,5330400
2017-08-25,22.728120803833008,22.778228285091803,22.682188282309063,22.740647275925678,5828800
2017-08-28,22.761531829833984,22.81164091844343,22.66549179933207,22.81164091844343,4621600
2017-08-29,22.6529598236084,22.68218932175619,22.56527132916501,22.623730325460603,6019600
2017-08-30,22.819992065429688,22.84504501644207,22.57362795884714,22.63626192926664,10283800
2017-08-31,22.9953670501709,23.0454745406305,22.90350199025463,22.924381571427162,9280600
2017-09-01,23.145692825317383,23.17074736884336,23.02042329346453,23.074705748438035,10567400
2017-09-05,22.882627487182617,23.22503164443626,22.857574534581246,23.166572631181538,13656000
2017-09-06,22.941085815429688,22.974491875085555,22.77406029581614,22.903504794761133,12517000
2017-09-07,22.978668212890625,22.991196282456507,22.832520675361106,22.970316697476267,8885200
2017-09-08,22.970312118530273,22.995366659778924,22.87009713931242,22.9619621976691,5438400
2017-09-11,23.270967483520508,23.333603059689157,23.05383283712843,23.095590418870486,10144600
2017-09-12,23.46721649169922,23.54655348183402,23.371176474308132,23.375351434678027,13287400
2017-09-13,23.458866119384766,23.47974410802669,23.341948108679247,23.471392593992235,8780600
2017-09-14,23.538196563720703,23.575777569974374,23.4045755621272,23.458859591802057,8557600
2017-09-15,23.539043426513672,23.581024315362132,23.4592790971143,23.522250430386986,9401800
2017-09-18,23.669193267822266,23.694381167486142,23.54324896509679,23.585229865515718,8851400
2017-09-19,23.790931701660156,23.80352724935118,23.643996990833514,23.744753365020525,6064000
2017-09-20,23.874895095825195,23.925274083686414,23.744753380854313,23.866498597848327,8864800
2017-09-21,23.82451820373535,23.912679032119257,23.82032075539395,23.828715652076756,6344800
2017-09-22,23.740549087524414,23.816115951157446,23.702765655707896,23.782531568136033,5887200
2017-09-25,23.782535552978516,23.782535552978516,23.614608805331123,23.72376007027422,10978000
2017-09-26,23.677593231201172,23.83292450723184,23.669196729595605,23.80353755234682,5490600
2017-09-27,23.677593231201172,23.740564591039533,23.505468951959372,23.70698018608619,7937200
2017-09-28,23.845510482788086,23.84970953292079,23.593621924751343,23.65659326352633,8713400
2017-09-29,23.845510482788086,23.87909647797613,23.73216015123103,23.828717485194066,8288800
2017-10-02,24.105791091918945,24.105791091918945,23.807722646228747,23.816119143476538,15031800
2017-10-03,24.206544876098633,24.219138819893285,24.072204137395907,24.13937450674727,7337600
2017-10-04,24.214948654174805,24.286316492429567,24.198155656420127,24.231741651929482,7681000
2017-10-05,24.361881256103516,24.361881256103516,24.231739538526273,24.26532392963811,7340000
2017-10-06,24.307308197021484,24.319902144425402,24.21074926203017,24.256929204469046,5262400
2017-10-09,24.30310821533203,24.345090707516476,24.223343882384075,24.332495159126978,3339000
2017-10-10,24.319902420043945,24.39546930826062,24.235939032973373,24.39546930826062,5144000
2017-10-11,24.332489013671875,24.332489013671875,24.206544771863886,24.30730112619103,4033600
2017-10-12,24.37867546081543,24.412261455060356,24.273721631002562,24.28211812956379,6376200
2017-10-13,24.496219635009766,24.559192564223224,24.48362568975432,24.534003072244218,6715800
2017-10-16,24.47943115234375,24.61796937102971,24.408061717318382,24.605375424276886,6626200
2017-10-17,24.41645622253418,24.46683360690148,24.353483290973923,24.450042213091166,5482200
2017-10-18,24.357683181762695,24.441646559586804,24.336692737673726,24.424853563728334,8878600
2017-10-19,24.450040817260742,24.450040817260742,24.223340198347756,24.30730356847865,5450800
2017-10-20,24.65995216369629,24.65995216369629,24.534006288757325,24.54240278718448,9474800
2017-10-23,24.613771438598633,24.84047048303317,24.601175890625186,24.735516658241306,6293000
2017-10-24,24.75230598449707,24.79008941987866,24.65994772137276,24.676739113733884,8450400
2017-10-25,24.62216567993164,24.781694325935984,24.51301281533064,24.752307385805285,11317800
2017-10-26,24.949626922607422,25.029391264317915,24.73971924303069,24.832079134514373,13985800
2017-10-27,24.819482803344727,24.928635690110507,24.676745521667637,24.928635690110507,10382200
2017-10-30,24.701927185058594,24.928627784321506,24.65154980793393,24.928627784321506,10491400
2017-10-31,24.769100189208984,24.83207311841286,24.72292025465522,24.731316751980277,8011800
2017-11-01,24.890850067138672,24.9706143993591,24.79849018664363,24.895047515584668,11202000
2017-11-02,24.710323333740234,24.9244283846079,24.655746908433603,24.9244283846079,25637600
2017-11-03,24.697731018066406,24.7271179563684,24.580181663390412,24.7271179563684,7582000
2017-11-06,24.592782974243164,24.769104645386847,24.56759347773618,24.664150812143685,7396600
2017-11-07,24.617969512939453,24.668346901709448,24.542402629050308,24.630563459764875,7251600
2017-11-08,24.643156051635742,24.68933598641319,24.575985674178032,24.655749996950274,5133400
2017-11-09,24.433250427246094,24.55919469513261,24.35768354622053,24.517213806326524,9454200
2017-11-10,24.39547348022461,24.462643881074452,24.345096079954395,24.35349097877553,5700000
2017-11-13,24.521411895751953,24.55499788884956,24.22334341361803,24.303107745022402,5408400
2017-11-14,24.298906326293945,24.399661086187322,24.235933400259558,24.374473196947996,7373400
2017-11-15,24.151968002319336,24.21494092305978,24.038617705867278,24.151968002319336,10961200
2017-11-16,24.44584083557129,24.47522777377606,24.214942777618955,24.235933218984073,7014800
2017-11-17,24.47943115234375,24.559195484225466,24.36188177726696,24.382873823812737,5651800
2017-11-20,24.513011932373047,24.584381356882687,24.42485111515649,24.458435502038387,8318200
2017-11-21,24.643156051635742,24.764902861236628,24.61376911158975,24.65155254900147,6200400
2017-11-22,24.575986862182617,24.676741632505614,24.575986862182617,24.668345134733997,4751600
2017-11-24,24.701927185058594,24.731314121836977,24.61796382220552,24.630557766119704,2446400
2017-11-27,24.554996490478516,24.714525144202334,24.5507974408463,24.714525144202334,7602400
2017-11-28,24.827871322631836,24.84046526649226,24.58437933301196,24.596973276872383,8801400
2017-11-29,24.86565589904785,24.882448892612548,24.777495085035206,24.857259402265502,7738200
2017-11-30,25.00419807434082,25.17632227109645,24.874054764025818,24.920234699991404,15017200
2017-12-01,24.798486709594727,25.083961207944853,24.60956952664713,25.050375219212796,16367800
2017-12-04,25.05457878112793,25.26028739402372,24.966417947029733,24.974814445725045,13046800
2017-12-05,24.928634643554688,25.10495631274074,24.92023814481225,25.062975420496933,16453600
2017-12-06,24.78169059753418,24.937023373675952,24.773294101407497,24.882446949586466,8077400
2017-12-07,24.949626922607422,24.953824371552816,24.706133245593534,24.75651224174927,7160600
2017-12-08,24.949626922607422,25.062977261755076,24.89505047750629,24.979013869630684,10270400
2017-12-11,24.983211517333984,25.088165357957326,24.94542807065084,25.01679751503834,10457400
2017-12-12,24.987409591674805,25.06717393090397,24.96222009438054,25.033589535980067,12029000
2017-12-13,25.05457878112793,25.088163174440798,24.995804891729133,25.004201390424445,8363400
2017-12-14,24.777503967285156,25.117555002265867,24.764910018330955,25.117555002265867,8369000
2017-12-15,24.9243106842041,24.9960284744414,24.835715942476394,24.873684657696494,10058000
2017-12-18,25.291339874267578,25.312433246775658,25.071965259676983,25.088840601411913,9742600
2017-12-19,25.261808395385742,25.350401523985056,25.240715023241304,25.308214779696183,6309600
2017-12-20,25.270252227783203,25.392594459780238,25.270252227783203,25.379938755271947,9517000
2017-12-21,25.358840942382812,25.41368500119499,25.261810136374347,25.38415234697209,6423800
2017-12-22,25.455869674682617,25.476963046562435,25.350401205962406,25.401025620338196,6011200
2017-12-26,25.43478012084961,25.498060245988125,25.41790477708413,25.468529199059212,3319600
2017-12-27,25.468524932861328,25.519150955677475,25.44743156134848,25.48118224322591,8373200
2017-12-28,25.582433700561523,25.586653340890603,25.443216146805714,25.49805859651372,3130800
2017-12-29,25.536029815673828,25.6794670238171,25.510718408503575,25.6794670238171,4969600
2018-01-02,25.898836135864258,25.907273806224474,25.60352411054103,25.671023864101677,17958400
2018-01-03,26.080244064331055,26.109775108240086,25.9072758317262,25.96633791954427,9904600
2018-01-04,26.30805778503418,26.362901844986354,26.177276291093232,26.189933602972218,8240200
2018-01-05,26.518993377685547,26.54852442167949,26.362900486671688,26.42196257465957,9344000
2018-01-08,26.556964874267578,26.58227628072993,26.42618337336709,26.544307561715033,9078200
2018-01-09,26.514780044555664,26.713061337955335,26.49790630777481,26.590717492695045,9511000
2018-01-10,26.35446548461914,26.468371641269027,26.29962142193852,26.464152000659016,8440800
2018-01-11,26.70040512084961,26.70040512084961,26.438842089244115,26.45993707612829,11642600
2018-01-12,26.742586135864258,26.8185235662475,26.649773363324474,26.801648224090957,9097400
2018-01-16,26.430397033691406,26.85648890905166,26.265864882307323,26.822739838297668,17025800
2018-01-17,26.552743911743164,26.67086970353171,26.443057400783747,26.620243674484637,21698800
2018-01-18,26.535865783691406,26.632896575981334,26.37977130062755,26.472584062522703,11787400
2018-01-19,26.69618034362793,26.708837655187583,26.548525119775615,26.65821162759144,9866400
2018-01-22,26.632898330688477,26.658209733366782,26.48946114800062,26.658209733366782,11438000
2018-01-23,26.628679275512695,26.649772647981578,26.43883570465044,26.57805485972315,8043000
2018-01-24,26.742586135864258,26.8775856544742,26.628679990289395,26.696179749594368,11488400
2018-01-25,26.91977310180664,27.03367924353922,26.810084990810314,26.86492904630848,15536600
2018-01-26,27.03790283203125,27.071653524152328,26.742592322579696,26.936653974311167,7762600
2018-01-29,26.729930877685547,27.05055594669817,26.713055535248834,27.016805261824743,10662200
2018-01-30,26.535865783691406,26.742583068776593,26.476802092917474,26.61602123576021,17635000
2018-01-31,26.556964874267578,26.64555801552854,26.37977698242429,26.62024499974482,19825200
2018-02-01,26.194149017333984,26.54430349746168,26.147742633496563,26.37133527272655,18972200
2018-02-02,25.506498336791992,26.088684831692092,25.48540496139938,26.050716112256836,19349400
2018-02-05,24.53197479248047,25.679471027197714,24.53197479248047,25.401034239667293,37141400
2018-02-06,25.333520889282227,25.37570923407728,24.10586821886012,24.173367961211408,38680600
2018-02-07,25.1057186126709,25.56556129273258,25.1057186126709,25.219624774813308,33502000
2018-02-08,24.223997116088867,25.198526346133782,24.215561054796304,25.143682291805426,25600000
2018-02-09,24.645875930786133,24.81040812674951,23.886503125881013,24.48978301644909,52835000
2018-02-12,25.143686294555664,25.29134313981962,24.76821874374049,24.839938150713582,20940400
2018-02-13,25.080406188964844,25.194312346492442,24.9833753753646,25.042437469788975,13552600
2018-02-14,25.41790199279785,25.46852640922752,24.823059869455427,24.873684285885094,15999400
2018-02-15,25.607746124267578,25.62462146655238,25.295558729283567,25.599308453125175,12298200
2018-02-16,25.514934539794922,25.763840217468353,25.401028388047287,25.48962152518835,16917000
2018-02-20,25.40102767944336,25.590871260393413,25.308216513784306,25.405247319754054,10487400
2018-02-21,25.312435150146484,25.763840114911726,25.308217119056156,25.422121661029085,9994600
2018-02-22,25.481185913085938,25.71743428296864,25.38837313387698,25.422122211293942,9058800
2018-02-23,25.856653213500977,25.86509088510779,25.498059412157264,25.62884090808092,7064000
2018-02-26,25.970563888549805,25.987437625380405,25.71322049235451,25.966344247350964,6509000
2018-02-27,25.611963272094727,25.983212742953903,25.611963272094727,25.945244028782838,11837200
2018-02-28,25.156343460083008,25.708997290798365,25.15212381946853,25.683685884396965,11141400
2018-03-01,24.899002075195312,25.249156635876496,24.71337810646373,25.14368814264506,19925000
2018-03-02,24.873680114746094,24.941179861773485,24.624774495834927,24.751336320346166,16019400
2018-03-05,25.20274543762207,25.2744632222959,24.72602751891109,24.75977659131022,13161200
2018-03-06,25.481185913085938,25.671027893364162,25.194311513095812,25.31665372921879,17615000
2018-03-07,25.38836669921875,25.455866446266246,25.168992118984153,25.2111788573935,16786600
2018-03-08,25.409465789794922,25.493840894933005,25.236497548456423,25.443216475578662,10334600
2018-03-09,25.86930274963379,25.881958449366543,25.472741934571893,25.5697727209385,11726400
2018-03-12,25.806028366088867,26.025403009952125,25.75540394345008,25.898841148694462,9550400
2018-03-13,25.700557708740234,26.04649579395458,25.671026663919207,25.94524534791017,12138400
2018-03-14,25.384151458740234,25.818682664399084,25.333527042011863,25.814463024234357,10858800
2018-03-15,25.050874710083008,25.43899795779595,25.046655069513193,25.417904582910914,10470600
2018-03-16,25.049175262451172,25.184690532659165,24.956007908382134,25.002591585416653,11053000
2018-03-19,24.6892147064209,24.994124911557307,24.50711573562773,24.977185096723137,12682400
2018-03-20,24.663808822631836,24.858611864373746,24.61298937354888,24.77814854439397,7228800
2018-03-21,24.94330406188965,25.167750927118064,24.638393893677872,24.723091342122196,9707400
2018-03-22,24.197978973388672,24.833207689660913,24.18527491601368,24.74427605709564,15399400
2018-03-23,23.723665237426758,24.320779912390883,23.70249127897516,24.253022276064083,15817800
2018-03-26,24.210676193237305,24.231851770175485,23.778722209777428,24.003169109188697,11684200
2018-03-27,23.965055465698242,24.42665493634595,23.8422442268402,24.27419982817317,14582000
2018-03-28,23.660144805908203,24.09633616066505,23.583917253250487,24.007402938917924,23688400
2018-03-29,24.11327362060547,24.240320614783997,23.74907729909856,23.77025125963843,12421400
2018-04-02,23.588153839111328,24.151388980688303,23.380645135075763,24.03281350150783,18658800
2018-04-03,23.922712326049805,23.990469985956384,23.494990785320102,23.6432117770014,13572800
2018-04-04,24.079395294189453,24.100569254454406,23.389113204358587,23.52462848861783,12873400
2018-04-05,24.528291702270508,24.612989167897947,24.155625438261442,24.193739217020298,15388600
2018-04-06,23.93117904663086,24.401248488095888,23.778725533466737,24.286907141620347,15822800
2018-04-09,24.06245994567871,24.350430382043076,23.89306500118088,24.06245994567871,12578400
2018-04-10,24.557937622070312,24.69345292327943,24.350428908392075,24.384308541429267,25605200
2018-04-11,24.37584114074707,24.477476819374406,24.28267375578036,24.380075287577384,12914800
2018-04-12,24.634157180786133,24.73579443808555,24.422414375592634,24.485937863338446,7073600
2018-04-13,24.608762741088867,24.837445485377394,24.519831101244538,24.76968781471453,8643600
2018-04-16,24.93906593322754,24.977179700635464,24.66380127125413,24.79084662412411,12664200
2018-04-17,25.222803115844727,25.294794892985358,24.98988474163827,25.099991903166664,9562400
2018-04-18,25.404905319213867,25.515010879422185,25.307502196318197,25.366791545397607,9472400
2018-04-19,25.121171951293945,25.43455208454827,25.028004579021353,25.43455208454827,11639200
2018-04-20,24.985660552978516,25.20163758593474,24.879789109957418,25.12541163319197,8702200
2018-04-23,24.913658142089844,25.015293779463388,24.845898896548377,24.934832098586888,6195400
2018-04-24,24.240320205688477,25.006828226395477,23.98622783708929,25.006828226395477,17448400
2018-04-25,24.371601104736328,24.44782865807485,24.062456745294412,24.28266949766462,15901000
2018-04-26,24.524057388305664,24.62569466945776,24.346194165626716,24.48594360980735,9875200
2018-04-27,24.460535049438477,24.591816207283177,24.2869059647896,24.528292701607064,15796800
2018-04-30,24.14291763305664,24.583343122990332,24.117509526444465,24.498645664853907,9750400
2018-05-01,24.12174415588379,24.13021406341417,23.808365654608235,24.011638588928246,12562200
2018-05-02,24.066692352294922,24.25302547288706,24.020108668279462,24.159858104856145,12740600
2018-05-03,24.176799774169922,24.333489037945117,23.838011521897958,24.096338069089647,19521600
2018-05-04,24.47747230529785,24.612987595456218,24.00740293579303,24.02010860488079,8905800
2018-05-07,24.468997955322266,24.621453032939254,24.38430212595229,24.502877579445773,9891600
2018-05-08,24.41817855834961,24.51981580868978,24.286897446549652,24.409708652865486,7349200
2018-05-09,24.769678115844727,24.80355613017566,24.51135159275899,24.51135159275899,24065800
2018-05-10,24.947538375854492,25.091523554541528,24.773909332332142,24.790849145229316,9666000
2018-05-11,24.93906593322754,25.142338820913373,24.90518792634789,24.96447564998926,7105000
2018-05-14,25.036476135253906,25.11693945859375,24.939074610315558,25.011068025121215,5571600
2018-05-15,24.96024513244629,25.002594669278157,24.75697220206228,24.9094273037177,14327600
2018-05-16,25.256689071655273,25.290568706007885,24.960248732949438,24.960248732949438,6724800
2018-05-17,25.315977096557617,25.40914447658881,25.19740160595057,25.19740160595057,20734600
2018-05-18,25.349855422973633,25.42184721984957,25.273627864240396,25.286331918872666,6550800
2018-05-21,25.485366821289062,25.544654554453796,25.396435221541957,25.485366821289062,10592000
2018-05-22,25.27362823486328,25.56159865752958,25.24821850975631,25.48537109767851,7705000
2018-05-23,25.214340209960938,25.22281011823527,24.989891679365687,25.108468779736516,7298800
2018-05-24,25.125402450561523,25.25668195802789,24.998355472992305,25.16351460526898,7098800
2018-05-25,24.98988914489746,25.06611669616565,24.900957540241127,25.019534628585898,8115400
2018-05-29,24.557937622070312,24.92636974626574,24.477474301341896,24.778148774932763,11699800
2018-05-30,24.845903396606445,24.922130946177504,24.659570284026984,24.73579783359804,8706200
2018-05-31,24.638397216796875,24.91366355750028,24.625693163231073,24.875549781333188,11556600
2018-06-01,25.01529884338379,25.095760540548383,24.820495819425506,24.820495819425506,7605400
2018-06-04,25.159290313720703,25.21010815536991,25.095766800056648,25.112706619096404,9079800
2018-06-05,25.349855422973633,25.43878703633914,25.15505237975306,25.188930397262375,6651400
2018-06-06,25.81992530822754,25.828395216629197,25.30750635048119,25.379499764160368,16384800
2018-06-07,25.688640594482422,25.853799746773017,25.574299270095942,25.832625786435436,10314600
2018-06-08,25.76064109802246,25.807223177415665,25.52348847665948,25.663237945779223,7572000
2018-06-11,25.798744201660156,25.86226769332666,25.680168740383476,25.726752418876316,5773600
2018-06-12,25.832626342773438,25.9215579473883,25.735224830747207,25.836860488744293,8955800
2018-06-13,25.553123474121094,25.87497184835299,25.523479608684056,25.862267796156974,8118400
2018-06-14,25.59123992919922,25.718285310887488,25.489602654566802,25.658997573797606,5079400
2018-06-15,25.412548065185547,25.497639795308174,25.233856892618814,25.425311256657526,13055200
2018-06-18,25.348731994628906,25.395530907143463,25.187057860065433,25.216839723933724,17983000
2018-06-19,24.88498306274414,25.10196543971771,24.672254542068565,25.050911049192717,14423400
2018-06-20,24.80414581298828,24.987092475231623,24.702037029357957,24.987092475231623,10670400
2018-06-21,24.540363311767578,24.770110513321235,24.497818255030925,24.74458250548531,14373000
2018-06-22,24.897748947143555,24.957312679695743,24.723311606245012,24.723311606245012,14228400
2018-06-25,24.510581970214844,24.7743648981858,24.31061662870997,24.7743648981858,19581200
2018-06-26,24.604177474975586,24.680758236801328,24.502067087558686,24.553121469772364,7416200
2018-06-27,24.527599334716797,24.995601435808343,24.5190899990437,24.73607237824328,11575600
2018-06-28,24.621200561523438,24.6807642925524,24.361671485191582,24.53610882162923,11778800
2018-06-29,24.706289291381836,25.00410953323232,24.672253573364788,24.672253573364788,10085800
2018-07-02,24.574398040771484,24.629707910688815,24.399960718407424,24.52759912944585,15365800
2018-07-03,24.53184700012207,24.884977037984335,24.47653714370003,24.731812280501398,6778800
2018-07-05,24.744585037231445,24.765857567776276,24.51058395525822,24.702039976141787,11118400
2018-07-06,24.867971420288086,24.94029835872525,24.587169758549777,24.702043386941394,9061800
2018-07-09,25.08919906616211,25.101962256427345,24.96581615029945,24.987088675071384,9075600
2018-07-10,25.301931381225586,25.314694573418457,25.080693519606676,25.080693519606676,11946600
2018-07-11,24.87647247314453,25.110473509493794,24.765852739095237,25.03814497215545,22691200
2018-07-12,24.9360408782959,25.05091448999766,24.833930460230988,25.02964195960623,13238000
2018-07-13,24.923276901245117,25.01262249987474,24.85520220934828,24.89349341204526,6924000
2018-07-16,24.723308563232422,24.987091470492125,24.66799869424594,24.936037080729875,8983200
2018-07-17,25.046653747558594,25.131745474235675,24.650978598051402,24.744579659695162,15364000
2018-07-18,24.812650680541992,25.161525270601878,24.812650680541992,25.016869834016834,11774400
2018-07-19,24.902002334594727,24.931784200309547,24.727564996983656,24.902002334594727,12835000
2018-07-20,24.799890518188477,24.889236104430427,24.68501692602464,24.799890518188477,14633600
2018-07-23,24.66374397277832,24.79989008936134,24.642469823383067,24.791380754201185,8299000
2018-07-24,24.982839584350586,25.123239573015855,24.838184116125507,24.838184116125507,14233600
2018-07-25,25.17854881286621,25.212584533538752,24.821164819360224,24.995602148155413,9467200
2018-07-26,25.323209762573242,25.370010308751333,25.09346251205727,25.174298786280197,12395400
2018-07-27,25.229598999023438,25.421054967729784,25.16578142478106,25.399782442982325,11041400
2018-07-30,25.182798385620117,25.412545547290755,25.14025333626908,25.2551269171044,6944400
2018-07-31,25.412548065185547,25.476367268524957,25.229601413468313,25.238110748779555,10475200
2018-08-01,25.15302085876465,25.412549924279517,25.10622032262395,25.357240052205068,12120800
2018-08-02,24.987091064453125,24.99985425593884,24.70203563467377,24.944546010840902,18536200
2018-08-03,25.225343704223633,25.238106893746078,25.055160269973307,25.07217893799624,10659200
2018-08-06,25.216833114624023,25.314688016399273,24.948794787072167,25.0296326446613,9262200
2018-08-07,25.301931381225586,25.45084070010858,25.276403373849995,25.289166566042866,9514800
2018-08-08,25.1955623626709,25.39552603557225,25.182797549897526,25.323199129477825,13012400
2018-08-09,25.331714630126953,25.472114620895077,25.27640475595045,25.27640475595045,8488200
2018-08-10,24.965822219848633,25.208332631783552,24.936040353329606,25.161532092113653,12104600
2018-08-13,24.714801788330078,25.089204472352414,24.621200711577007,24.987094059259068,10872200
2018-08-14,24.923276901245117,25.05516755932028,24.799893956667077,24.816912629641287,8272000
2018-08-15,24.527599334716797,24.685017987194524,24.259560941478636,24.676508651521427,16990400
2018-08-16,24.676504135131836,24.812650235003748,24.621194274874643,24.621194274874643,12689400
2018-08-17,24.859455108642578,24.906255642968702,24.62119858070494,24.629707916308767,10518000
2018-08-20,25.033889770507812,25.0806902998601,24.906252995994993,24.906252995994993,9683000
2018-08-21,25.13174819946289,25.24662179948512,25.042402607108894,25.084947663566073,9916000
2018-08-22,25.004112243652344,25.161530905398433,24.974330378537946,25.118985847517845,10865400
2018-08-23,24.833919525146484,24.95304856426463,24.765846484074395,24.95304856426463,8884000
2018-08-24,25.157272338867188,25.191308054201514,24.940288364526072,24.965816368269035,9903200
2018-08-27,25.501895904541016,25.582733785644866,25.208331113820986,25.208331113820986,11218200
2018-08-28,25.40403938293457,25.655059100604902,25.323203129884387,25.54018550543477,7686200
2018-08-29,25.595489501953125,25.64229002513469,25.297669318698144,25.408289032216288,8557000
2018-08-30,25.293418884277344,25.595492963681146,25.21683649471164,25.47636552346323,11678600
2018-08-31,25.216833114624023,25.416798396463125,25.161523257798212,25.25512430427429,8561400
2018-09-04,25.042396545410156,25.161523973046474,24.91475978394418,25.148760783796718,11944400
2018-09-05,25.20832633972168,25.255126867710047,24.948797319414986,25.02112585075781,9280800
2018-09-06,25.259384155273438,25.40829509392161,25.0849468327923,25.238111627749362,12008200
2018-09-07,25.093460083007812,25.187061166303405,24.927532070249313,25.072187552165197,14598200
2018-09-10,25.12323760986328,25.259383731320078,25.11047441816102,25.16152880795987,9543000
2018-09-11,25.174291610717773,25.23811081422267,24.850944983001053,24.940290569516097,15498000
2018-09-12,25.187055587768555,25.30192917646408,25.07218199907303,25.1700369176678,12482600
2018-09-13,25.284914016723633,25.472114544852257,25.27215082387098,25.387022805524726,8205800
2018-09-14,25.276405334472656,25.387023462367537,25.21258612257832,25.340224546366997,9707400
2018-09-17,25.365747451782227,25.51465838477059,25.26789253049889,25.26789253049889,7766800
2018-09-18,25.391271591186523,25.527417689022148,25.301926018792425,25.43807211662805,8157000
2018-09-19,25.66782569885254,25.77418996588311,25.416805963740796,25.416805963740796,15854400
2018-09-20,25.94437026977539,26.020952667302605,25.83800600909757,25.84651534471057,11195200
2018-09-21,25.88837242126465,26.097838189019477,25.819975202915558,26.05081479564479,16272400
2018-09-24,25.525007247924805,25.83706961423306,25.48225960404842,25.802871825275567,9201400
2018-09-25,25.392488479614258,25.61050407172687,25.362564802867784,25.584854507065,10138000
2018-09-26,25.14027976989746,25.379669243877313,25.088980627714506,25.26852436391788,17022600
2018-09-27,24.92225456237793,25.123172061868146,24.892330887651894,25.123172061868146,12559800
2018-09-28,24.76409149169922,24.888061958934898,24.717068098560286,24.849588421886526,10761800
2018-10-01,25.01203155517578,25.114628200660515,24.90088668405915,24.90088668405915,8773000
2018-10-02,25.118900299072266,25.183023401197683,24.99065572553966,25.029129260671265,7347600
2018-10-03,24.939353942871094,25.238592316912346,24.917980122736278,25.204392900122283,7870000
2018-10-04,24.823938369750977,24.930809122722426,24.627296575655894,24.930809122722426,11157800
2018-10-05,24.640119552612305,24.870960761113487,24.537524547090584,24.7769139804534,10704000
2018-10-08,24.62729263305664,24.670040275114413,24.439199094279207,24.54179571822308,12580200
2018-10-09,23.810800552368164,24.306680707290617,23.772327021782885,24.306680707290617,22714800
2018-10-10,23.186674118041992,23.836446716358306,23.178124264022316,23.823622750687747,26403400
2018-10-11,22.917360305786133,23.374766913773243,22.836137504832738,23.169575301559043,36573600
2018-10-12,22.981487274169922,23.35339868922403,22.814769151216602,23.28500146876322,21301000
2018-10-15,22.904539108276367,23.122554713007872,22.895989252894207,22.97721043294748,10256000
2018-10-16,23.272178649902344,23.323477794417123,22.89599470777199,22.977215907175886,11053000
2018-10-17,23.1225528717041,23.297820816285974,22.97293449122618,23.246523318796118,17070000
2018-10-18,22.861791610717773,23.23797712322083,22.73782114410497,23.015685758138037,15387800
2018-10-19,22.69934844970703,23.01141249951237,22.66087491142407,22.806219208191,14211800
2018-10-22,22.519807815551758,22.878893652524596,22.44286073400626,22.797672457879223,26653000
2018-10-23,22.297513961791992,22.412934571345048,21.81445769900733,22.156445415039332,40403800
2018-10-24,21.592166900634766,22.327438226329594,21.545145137632844,22.21629335721491,41268000
2018-10-25,21.870033264160156,22.03675139649113,21.69049116187094,21.72041484558581,28511600
2018-10-26,21.741788864135742,21.96835436589425,21.412626709651256,21.566520873380988,47958600
2018-10-29,21.690486907958984,22.177817239419035,21.468195564873707,22.019647364268,34825400
2018-10-30,22.186365127563477,22.229112769062937,21.609262183012778,21.630636003762508,46345200
2018-10-31,22.489879608154297,22.63522388509299,22.344535331215607,22.43858210768127,26335400
2018-11-01,23.1225528717041,23.178126111903634,22.7378175637351,22.900261541624015,27448600
2018-11-02,23.066980361938477,23.34484494101689,22.763467848661993,23.280721844085537,26879600
2018-11-05,23.135377883911133,23.190951126622085,22.96438567431161,23.08408038410309,15713600
2018-11-06,23.515836715698242,23.537212168094193,23.13965288815685,23.20377435319051,13145200
2018-11-07,23.93904685974121,23.95187082730055,23.55003741349914,23.69538169180487,13562200
2018-11-08,23.83645248413086,23.943323239159763,23.712483647643246,23.806528803180232,12894800
2018-11-09,23.50301170349121,23.695379351472383,23.32774376437903,23.695379351472383,18024800
2018-11-12,23.156749725341797,23.520111197253726,23.109727972459105,23.473087813653056,20119600
2018-11-13,23.088359832763672,23.455995532916564,23.054162035226785,23.208056200939016,19012400
2018-11-14,23.062705993652344,23.391868068188963,22.94300965609116,23.2251499748809,19452600
2018-11-15,23.379043579101562,23.490190067055998,22.98576002041517,22.98576002041517,24067800
2018-11-16,23.61415672302246,23.67400406965233,23.242245416306183,23.306368505248408,17462000
2018-11-19,23.276451110839844,23.691108537509788,23.21232800460018,23.562863955748792,24568400
2018-11-20,22.853240966796875,23.10118189147463,22.75064595919923,23.054158500193108,22518600
2018-11-21,23.037057876586914,23.25934922520501,22.930187129985033,22.930187129985033,14026800
2018-11-23,22.789119720458984,22.94301223337979,22.720722504476985,22.823317513090856,6302200
2018-11-26,23.049884796142578,23.131107617621126,22.913090353431578,22.98576331840089,10714600
2018-11-27,22.767744064331055,23.002861020990064,22.613851552770036,22.874614815278516,11742200
2018-11-28,23.11827850341797,23.11827850341797,22.519801726705044,22.827589969668036,17062000
2018-11-29,23.28499984741211,23.41751853554847,23.062708488713202,23.114005992807332,14276400
2018-11-30,23.3448429107666,23.413240113876583,23.096902030294206,23.12255159297968,12116400
2018-12-03,23.755229949951172,23.99889512713872,23.50301491716007,23.827902907222278,17150200
2018-12-04,23.049884796142578,23.772332179348336,23.011412887928596,23.72530878390673,18091600
2018-12-06,22.737821578979492,22.737821578979492,22.177819858256637,22.665150247262428,26450600
2018-12-07,22.190641403198242,23.084080895685926,22.1179700794195,22.716445272358243,28052600
2018-12-10,22.25048828125,22.344535056559653,21.848654876167313,22.199190781407513,23329800
2018-12-11,22.17781639099121,22.77201744366156,22.088043730168565,22.643772881981022,20142200
2018-12-12,22.370187759399414,22.630951038091307,22.357362159601333,22.5069821986444,14902000
2018-12-13,22.109418869018555,22.511252258107724,22.02819606422277,22.438580938783133,29257200
2018-12-14,21.938432693481445,22.160724102504552,21.85721149105168,21.938432693481445,15958800
2018-12-17,21.562240600585938,22.117969770821382,21.421172067276203,21.968349751635635,30503200
2018-12-18,21.68193817138672,21.946977173435563,21.549417855003185,21.724685818881678,23365800
2018-12-19,21.386978149414062,22.139349289707983,21.288657235878098,21.716140319452833,39400800
2018-12-20,21.10056495666504,21.53232214722643,20.88682341801279,21.327130465806494,46346200
2018-12-21,20.910812377929688,21.56481331176898,20.88929952406058,21.216300811642995,41112200
2018-12-24,20.368688583374023,20.936636674361797,20.35578119445535,20.7731359689786,22656400
2018-12-26,21.280839920043945,21.28944539007781,20.243904580184463,20.463339962734,34232200
2018-12-27,21.672380447387695,21.68098591768684,20.928024500430972,21.018379476583526,29847200
2018-12-28,21.55621337890625,21.904727609877483,21.474463856675154,21.78855619955374,18906000
2018-12-31,21.736923217773438,21.77564701802412,21.495974944955204,21.62935728833552,15596000
2019-01-02,21.84878921508789,21.930540364997917,21.298052228149853,21.418525533711126,18192600
2019-01-03,21.229209899902344,21.73261761441851,21.18618418871018,21.73261761441851,19668000
2019-01-04,22.063919067382812,22.14997212416823,21.5389985395103,21.573418777429143,17901200
2019-01-07,22.141368865966797,22.403829976781978,21.926237023177396,22.072526741927216,14936600
2019-01-08,22.37371253967285,22.408134423724103,22.124158804278593,22.248935671975723,20657200
2019-01-09,22.382320404052734,22.468373482056844,22.17149044500896,22.429649679021292,16250400
2019-01-10,22.580238342285156,22.59314572781125,22.2016058340376,22.223120331682065,16942800
2019-01-11,22.489885330200195,22.54582007458723,22.343595596567404,22.46406891556175,12372400
2019-01-14,22.31777572631836,22.438250667984633,22.180091485550285,22.291960957002857,23006400
2019-01-15,22.171485900878906,22.313473696683644,22.033801660821613,22.17578945662635,15094200
2019-01-16,22.257543563842773,22.37371497316254,22.141372154523008,22.175794042318174,27437400
2019-01-17,22.649078369140625,22.700709547787746,22.13706521435321,22.13706521435321,20411000
2019-01-18,23.023405075073242,23.130970977695444,22.773853034478947,22.838393232582437,17514800
2019-01-22,22.705015182495117,22.954567269911767,22.5716328473405,22.91584347204918,14866800
2019-01-23,22.550121307373047,22.799675050682733,22.334989449206418,22.739436751682387,11410000
2019-01-24,22.429643630981445,22.56732786213179,22.33068319242498,22.425340075512402,10499400
2019-01-25,22.855607986450195,22.980384857200963,22.679199929684764,22.773858471816492,9834000
2019-01-28,22.821184158325195,22.83839509806867,22.623263275251862,22.69210539290022,11943600
2019-01-29,23.05783462524414,23.12237484482619,22.87712299520998,22.87712299520998,16446000
2019-01-30,23.303083419799805,23.48809695396305,23.05783322638822,23.15249177167896,14146600
2019-01-31,22.954565048217773,23.053527131986186,22.558723278446397,22.803973427397263,24950600
2019-02-01,23.023405075073242,23.079339804007905,22.838393232582437,22.94165557995752,11079000
2019-02-04,22.984683990478516,23.006198486596208,22.829790451180177,22.980382076050347,7115600
2019-02-05,23.15248680114746,23.208419891969477,23.02340639752617,23.036315422683607,8857800
2019-02-06,23.014806747436523,23.13097650566503,22.97177939130947,23.040621519786942,9909800
2019-02-07,22.696409225463867,22.911541066463524,22.511395710898107,22.86851535479387,12736000
2019-02-08,22.674894332885742,22.67919624713602,22.386616838351,22.57163033629816,9042800
2019-02-11,22.70931053161621,22.786758104950106,22.60174463991083,22.75663978657862,8316600
2019-02-12,23.21702766418457,23.247145990329724,22.855606109117044,22.920146317328477,20139600
2019-02-13,23.247146606445312,23.41494918265147,23.238541135700675,23.346107058020078,14694200
2019-02-14,23.126670837402344,23.29447339575001,23.062130634349142,23.139578221482765,9770000
2019-02-15,23.440765380859375,23.501002034196134,23.26866089151516,23.380528727522613,15294400
2019-02-19,23.587051391601562,23.698920851348625,23.333195791499154,23.354708644119608,24529000
2019-02-20,23.991500854492188,24.137790563905426,23.595659076859654,23.630079316019806,22618000
2019-02-21,23.896846771240234,24.07755674102854,23.79788631521438,24.021623640661186,17103800
2019-02-22,24.000106811523438,24.073252488376824,23.914055391214465,24.017317752115485,9581600
2019-02-25,24.154998779296875,24.22384089117691,24.047432876901485,24.099064050480155,12375800
2019-02-26,24.017316818237305,24.172211994891597,24.00871134827589,24.099066320882372,12384600
2019-02-27,23.978593826293945,24.05173950275031,23.82369864445753,23.965686441582786,9262400
2019-02-28,23.686017990112305,23.974295542481194,23.634386802123053,23.952781042936955,17525000
2019-03-01,23.65589141845703,23.98289265821972,23.57414192917901,23.85811582617013,19683000
2019-03-04,23.763460159301758,23.862420597539874,23.402038643363404,23.707525427662652,15920800
2019-03-05,23.651594161987305,23.77206746281902,23.625777751240957,23.711830812403164,10463400
2019-03-06,23.70322036743164,23.871022898751228,23.668798493660812,23.720431304317053,9231000
2019-03-07,23.509601593017578,23.655891274902547,23.33319359203794,23.651589361314148,23923800
2019-03-08,23.54833221435547,23.56554315635428,23.260056321841375,23.384831548018322,14289200
2019-03-11,23.883935928344727,23.89254139882228,23.612870994267237,23.647291234851792,13715400
2019-03-12,23.97429847717285,24.111982756215355,23.918363725897436,23.918363725897436,14432200
2019-03-13,24.09046173095703,24.241053347208943,24.04313246832771,24.10767102901045,11036800
2019-03-14,23.909753799438477,24.073254465842208,23.853819058582452,24.02162328115052,10079600
2019-03-15,23.939571380615234,24.125384065018018,23.848824462630656,24.008710869108217,14518000
2019-03-18,23.99574089050293,24.03031145147816,23.814250390628207,23.956849833613337,8691000
2019-03-19,23.96549415588379,24.26365949576921,23.85746361787665,24.112415753510103,10542600
2019-03-20,23.94388771057129,24.069203526786254,23.714863503872667,23.952530351180783,22470000
2019-03-21,24.198841094970703,24.28958635345719,23.835858412609532,23.861786335783627,15919400
2019-03-22,23.477197647094727,23.991422421941852,23.433984442224034,23.987100277247176,18247400
2019-03-25,23.433984756469727,23.645725342137485,23.395093695772186,23.46423317607723,13125400
2019-03-26,23.576581954956055,23.65004191942544,23.40805295425018,23.58954509023537,11799600
2019-03-27,23.546335220336914,23.6327583262517,23.377806207606888,23.516085155168643,19565200
2019-03-28,23.775362014770508,23.78832515239047,23.57226406717636,23.580906708394757,9741600
2019-03-29,23.98278045654297,23.991423097760563,23.693259393622224,23.801289936219266,12654600
2019-04-01,24.341442108154297,24.37601102384103,24.121058883042362,24.151307302423966,12908600
2019-04-02,24.423542022705078,24.527250406704734,24.30254835856713,24.401936246739734,14224600
2019-04-03,24.743316650390625,24.89888090741773,24.54886297752213,24.622322960887495,34729000
2019-04-04,24.993946075439453,25.00258871654441,24.747636573401596,24.76059971085141,12205600
2019-04-05,24.985301971435547,25.08468986570046,24.911841998967404,24.99826510812636,7337200
2019-04-08,24.993946075439453,25.019873998754317,24.86430975569562,24.968018152124593,13149400
2019-04-09,24.812458038330078,24.924810742976867,24.738998049335688,24.89024017280385,12221600
2019-04-10,24.799497604370117,24.881601893280926,24.704430174437896,24.834068178314816,7594800
2019-04-11,24.78652572631836,24.87727097831275,24.71738625121571,24.790846222330664,6989200
2019-04-12,25.114938735961914,25.114938735961914,24.911842447682,24.989624566058197,7217400
2019-04-15,24.99827003479004,25.132228517851214,24.955058471694418,25.114943233246777,5410200
2019-04-16,25.110618591308594,25.114939087538787,24.855666454932102,24.972339634129668,7475000
2019-04-17,24.955060958862305,25.279152659626753,24.94641831569871,25.162479449541674,6740400
2019-04-18,24.985301971435547,25.050120951719908,24.855665659281968,24.976659330836622,7268800
2019-04-22,24.81678009033203,24.97234435869361,24.782209520289232,24.89024007904972,11976200
2019-04-23,24.929128646850586,25.006910773233265,24.717389696020774,24.777886539115006,15290400
2019-04-24,24.773561477661133,24.980979893657057,24.773561477661133,24.903197781606707,7616400
2019-04-25,24.458118438720703,24.695786992505223,24.380336302648594,24.66121642162182,10360200
2019-04-26,24.661212921142578,24.7260319081406,24.410582911475206,24.458114967069733,9900200
2019-04-29,24.613677978515625,24.682817458573776,24.522932720017156,24.596392696397277,12113000
2019-04-30,24.82541275024414,24.85566116266058,24.553175390081307,24.678491183472197,6798400
2019-05-01,24.376012802124023,24.85998919595202,24.371692305503704,24.85998919595202,13101800
2019-05-02,24.250696182250977,24.388975147420133,24.082168796477024,24.25933882362596,21946200
2019-05-03,24.488353729248047,24.501318510583193,24.276614865611737,24.29822063661743,12066800
2019-05-06,24.138349533081055,24.233416957087712,23.905003118745938,23.905003118745938,31202200
2019-05-07,23.714866638183594,23.952533516903312,23.589550805406073,23.909321956559857,19502000
2019-05-08,23.693262100219727,23.805613152052345,23.59387253907126,23.697582597114444,12319400
2019-05-09,23.507448196411133,23.5981934622396,23.23953124718134,23.425343923924594,13428800
2019-05-10,23.82721519470215,23.91363995477492,23.364844623990308,23.464232521128675,12945800
2019-05-13,23.2913875579834,23.8099328863446,23.114217519496396,23.386453322361408,14097600
2019-05-14,23.490163803100586,23.667333844800748,23.312993761400428,23.373490607578713,12203800
2019-05-15,23.429662704467773,23.59819007349561,23.235207413891374,23.334595307204836,10524400
2019-05-16,23.758071899414062,23.835854006141755,23.606829829896288,23.606829829896288,9810600
2019-05-17,23.615478515625,23.784005907211405,23.511768463963563,23.57658745230388,12166600
2019-05-20,23.278419494628906,23.498802711739067,23.239528435633886,23.40373531232565,10032600
2019-05-21,23.637081146240234,23.67165005991125,23.41237743792567,23.446946351596686,8743200
2019-05-22,23.472877502441406,23.680295958248482,23.472877502441406,23.593871189558364,10617000
2019-05-23,23.114219665527344,23.30003071477858,23.010509601176945,23.222250227035218,9845400
2019-05-24,23.24384880065918,23.416696656414317,23.118532992556553,23.347557184429252,8180800
2019-05-28,23.0105037689209,23.312989594157813,22.993218487841045,23.239527973776,9652200
2019-05-29,23.01482582092285,23.049396385419737,22.772838463105636,22.833335302559938,17477600
2019-05-30,23.053714752197266,23.157424787692506,22.993217918331332,23.0234663352643,8950200
2019-05-31,22.794448852539062,22.893836772948795,22.69506093212933,22.781485712438187,11983600
2019-06-03,23.511770248413086,23.520412890742094,22.794447419260187,22.85926641252001,26310800
2019-06-04,24.17291259765625,24.220446298138818,23.628439411254107,23.76671836806783,35555800
2019-06-05,24.35008430480957,24.40626065004541,23.987101605866613,24.324158028866343,39408000
2019-06-06,24.63960838317871,24.721711008886665,24.384656215709867,24.471080986590312,39823200
2019-06-07,24.8599910736084,24.95073799364266,24.747640020425436,24.799494225862535,46422200
2019-06-10,24.9031982421875,25.050119828953786,24.88159246586615,25.01554926810757,28725200
2019-06-11,24.885915756225586,25.12790476407706,24.842704198730623,25.03283735948983,15737400
2019-06-12,24.968015670776367,25.002586231760525,24.86862778056953,24.898876197223128,7100800
2019-06-13,25.114938735961914,25.145187154395416,25.02851397683112,25.058764043679798,14784200
2019-06-14,25.006908416748047,25.08901268042355,24.920483656865237,25.063084757934153,7875400
2019-06-17,24.77788543701172,24.985303882001258,24.743314871972494,24.968018599481645,15014000
2019-06-18,24.972341537475586,25.14518942291579,24.885916770547823,24.911844695150748,13775600
2019-06-19,24.834060668945312,24.98098226695246,24.704422704268563,24.972339626079663,14332800
2019-06-20,25.14951515197754,25.21865464568984,24.933454028074667,25.14951515197754,13487600
2019-06-21,25.069520950317383,25.1781975661761,25.043439623806368,25.134727583142038,11652000
2019-06-24,25.165163040161133,25.217327364178473,24.96954475225365,25.078221394616254,9203400
2019-06-25,25.17820167541504,25.278185637603794,25.0956080308611,25.195590334776025,11431800
2019-06-26,25.134729385375977,25.243406009027126,25.09995372810992,25.165158707336406,8369600
2019-06-27,25.21732521057129,25.26079685876815,25.15646656136951,25.17385522064825,6878000
2019-06-28,25.430330276489258,25.46510759249686,25.230365684266655,25.256447012998656,10017000
2019-07-01,25.625944137573242,25.63029047219179,25.412937259249308,25.617249810062734,11940200
2019-07-02,25.59987449645996,25.625957492584686,25.434685504218592,25.625957492584686,12640200
2019-07-03,25.730274200439453,25.730274200439453,25.534657624391624,25.58247394098261,4951600
2019-07-05,25.61290740966797,25.61290740966797,25.360778489905314,25.482495785082197,7620200
2019-07-08,25.317310333251953,25.565092935378136,25.273838683061634,25.50858061926767,19583600
2019-07-09,25.069520950317383,25.2607928555238,25.013010304027812,25.226015542477704,10388200
2019-07-10,25.017358779907227,25.273835681613008,24.986929457524653,25.21732337221378,14628200
2019-07-11,25.12603759765625,25.130385591675296,24.8956436628621,24.9956259677402,22183000
2019-07-12,25.37381935119629,25.382513680672442,25.182549077542237,25.195589742619575,8810000
2019-07-15,25.39120864868164,25.408597308071236,25.27818567919692,25.36077932388676,9076600
2019-07-16,25.452064514160156,25.67376575144183,25.38251154248375,25.408594528715025,9052000
2019-07-17,25.226015090942383,25.491186294214963,25.221668756026197,25.456410640064895,14334800
2019-07-18,25.33469581604004,25.356432468968862,25.108648223425398,25.139079205870996,7545600
2019-07-19,25.39120864868164,25.521620277555957,25.312961339702284,25.312961339702284,7622400
2019-07-22,25.326005935668945,25.482500577915413,25.286882275107327,25.447724912012912,5828600
2019-07-23,25.847646713256836,25.847646713256836,25.443369557159773,25.443369557159773,8403400
2019-07-24,25.830263137817383,25.87808112499777,25.70854583101198,25.769404484414682,7529800
2019-07-25,25.64333724975586,25.743319546094877,25.378166018551912,25.743319546094877,12271000
2019-07-26,25.67376136779785,25.682455695057104,25.408590190347464,25.57812542621945,15275400
2019-07-29,25.58682632446289,25.638990643141415,25.504231023425287,25.591172660072022,5783200
2019-07-30,25.756362915039062,25.773751574908363,25.356433687688398,25.39555568498351,8028400
2019-07-31,25.36077308654785,25.804173842287682,25.130379210258166,25.68245657304384,16205400
2019-08-01,25.21732521057129,25.71723838605533,25.104302241807098,25.3303498376093,19565800
2019-08-02,24.921724319458008,25.112994581546882,24.74784105699635,25.082565259357146,14996000
2019-08-05,24.452241897583008,24.79131245458188,24.28270661908357,24.70437247667617,20582200
2019-08-06,24.482669830322266,24.560917132610175,24.187069279073203,24.556570797271377,22989200
2019-08-07,24.821744918823242,24.856522241004402,24.25228036343569,24.27401536066192,46538800
2019-08-08,25.295570373535156,25.304264702437095,24.947805508826068,24.947805508826068,11470200
2019-08-09,25.095603942871094,25.23470987855143,24.960844342186085,25.195586230499238,9249200
2019-08-12,24.704368591308594,25.086909077096454,24.65655061601673,25.06082775113618,45067400
2019-08-13,24.969545364379883,25.278188296544247,24.5826567734083,24.7261107408152,14111200
2019-08-14,24.178377151489258,24.708719657888114,24.156642156268976,24.60438935924738,18258600
2019-08-15,24.18706703186035,24.3174786374658,24.013185443810926,24.313132302530818,17831000
2019-08-16,24.61308479309082,24.66959710981767,24.260973543215158,24.29140286954333,11667600
2019-08-19,24.808700561523438,24.899988531257712,24.769576909026785,24.830435555516303,6656000
2019-08-20,24.517446517944336,24.730451767835405,24.50005786048729,24.70437043992348,9478000
2019-08-21,24.643512725830078,24.739148693609785,24.5174490917168,24.6826363800787,6404600
2019-08-22,24.47831916809082,24.80434898390212,24.421806869033645,24.69132438578777,5214800
2019-08-23,23.887128829956055,24.47398209699593,23.769757844893252,24.369653438011753,18181200
2019-08-26,23.965373992919922,24.11752063117048,23.852349354556093,24.08274496740206,14902600
2019-08-27,23.982759475708008,24.20446074399258,23.921900824264835,24.056660451227494,11189800
2019-08-28,24.16968536376953,24.221851347713322,23.83496275397061,23.904515740954984,7545000
2019-08-29,24.47831916809082,24.586995773361256,24.43484753101861,24.469624840676378,8186800
2019-08-30,24.643512725830078,24.76957801821718,24.56526541733283,24.67394205043747,10142600
2019-09-03,24.44789695739746,24.504407614606848,24.28270800505539,24.45224329323131,11615800
2019-09-04,24.747838973999023,24.765227630436346,24.586998047637685,24.665245343332078,11884000
2019-09-05,24.786968231201172,25.017362177176988,24.76523323487261,24.926074197632676,11648200
2019-09-06,24.88260269165039,24.9478076766704,24.73045441005606,24.834784707671425,7904600
2019-09-09,24.752185821533203,24.94780406481999,24.704369502750726,24.934763401358733,13704000
2019-09-10,24.995624542236328,24.99997087773366,24.686983315439633,24.730453303507936,9959000
2019-09-11,25.234712600708008,25.24775492364803,24.88260138852837,25.052136662285047,10816000
2019-09-12,25.430330276489258,25.53466056623836,25.239060013268556,25.408595283121358,21448400
2019-09-13,25.70854377746582,25.786791085097327,25.565091485657266,25.591172816018567,10948000
2019-09-16,25.28687858581543,25.72593311898041,25.260797254762277,25.63029714972193,9467600
2019-09-17,25.491188049316406,25.543352363269857,25.19558750645746,25.273834806524455,8162200
2019-09-18,25.504230499267578,25.54335415204086,25.27383657642146,25.499884163747772,8159200
2019-09-19,25.54770278930664,25.695503074809054,25.499884806015597,25.565091448371348,6528200
2019-09-20,25.488279342651367,25.689249262633155,25.374688155977967,25.641190875983003,10378400
2019-09-23,25.4271240234375,25.50576474549872,25.30916294034567,25.313531128632924,6141600
2019-09-24,25.20867347717285,25.53634253883469,25.130032769045126,25.479546101495547,18071400
2019-09-25,25.339744567871094,25.38780297077831,25.0994542199463,25.208677256876776,9181000
2019-09-26,25.28294563293457,25.383430617024608,25.16935441901878,25.370324387198856,8078000
2019-09-27,25.213041305541992,25.431487343538254,25.112556328057032,25.32226432454012,12372200
2019-09-30,25.4271240234375,25.475182427653948,25.22178417509861,25.22615402999719,7754200
2019-10-01,24.828577041625977,25.55381780834432,24.8242071876408,25.466439061361548,14609000
2019-10-02,24.382946014404297,24.631974350636828,24.151392093621958,24.597022186514618,23360800
2019-10-03,24.47032356262207,24.47469341652694,24.072751854437424,24.32178019546457,16530000
2019-10-04,24.601388931274414,24.658183690879053,24.46595181233343,24.48779607884373,12585800
2019-10-07,24.514015197753906,24.767411740847688,24.439742676539684,24.535859468718897,17257200
2019-10-08,24.08586311340332,24.35673576195238,24.077125070984167,24.339259677114068,15613800
2019-10-09,24.35674285888672,24.44412164192703,24.186355148594526,24.321790679025927,17766400
2019-10-10,24.579545974731445,24.69750702810497,24.369837990937704,24.43537246501552,13538800
2019-10-11,25.055761337280273,25.28731528421279,24.841685140993594,24.872267454748833,20600800
2019-10-14,24.876632690429688,25.03391409485609,24.863526462264456,24.968381287419028,9404600
2019-10-15,25.0513916015625,25.1737208490243,24.92032431262329,25.003333206742223,9787600
2019-10-16,25.103816986083984,25.2873125151329,25.038284178046524,25.05575859355663,7689200
2019-10-17,25.169347763061523,25.361579638318926,25.125657564177562,25.226144188305337,6221000
2019-10-18,25.125661849975586,25.23488486590014,25.025176875318312,25.103817580112867,6164200
2019-10-21,25.047021865844727,25.317894468456544,25.047021865844727,25.239253766632,5849800
2019-10-22,24.942171096801758,25.11255875625631,24.83294806724256,25.029549853771343,8107000
2019-10-23,25.099445343017578,25.208668341319125,25.007698424430846,25.033910877392373,7993000
2019-10-24,25.178089141845703,25.33537054546458,25.04265200726036,25.19556355710599,9324600
2019-10-25,25.453336715698242,25.514503018550172,25.156251577759857,25.1824640409422,8075000
2019-10-28,25.531970977783203,25.663039926974214,25.448962087691694,25.55381691372232,6809000
2019-10-29,25.68925666809082,25.807217742070243,25.361587573685043,25.418384016699846,8291000
2019-10-30,25.711101531982422,25.750421890879263,25.48828727597446,25.610616540715206,12694400
2019-10-31,25.422748565673828,25.732943197268327,25.28294323873446,25.680514949707845,14273400
2019-11-01,25.78099822998047,25.78099822998047,25.527601716534942,25.553815838592417,9332600
2019-11-04,25.98197364807129,26.034400233274408,25.846536497467884,25.973235606102254,6178600
2019-11-05,26.025659561157227,26.169834739159352,25.925174588584955,25.97323298125233,7481000
2019-11-06,26.00818634033203,26.07808901009936,25.912071211033894,26.003818152613935,7988600
2019-11-07,26.18294334411621,26.20915746975359,26.08245836242289,26.152361030844812,8387800
2019-11-08,26.287797927856445,26.292167782336666,26.104304038355174,26.126148310922776,5760200
2019-11-11,26.248477935791016,26.27906024919161,26.09993455644052,26.14799128706211,8242600
2019-11-12,26.3839168548584,26.475663807008104,26.248481354050153,26.331490263145895,9920600
2019-11-13,26.230998992919922,26.370804315116345,26.18294060092536,26.274687531127217,10682000
2019-11-14,26.39264678955078,26.414491057169045,26.156724699407658,26.169832593267248,7162400
2019-11-15,26.370805740356445,26.567407506136636,26.300903075480267,26.523717298957152,6821800
2019-11-18,26.305267333984375,26.383908028550817,26.230996492788705,26.261578799941127,5833200
2019-11-19,26.248477935791016,26.418865586626065,26.16109918324171,26.418865586626065,7262400
2019-11-20,25.920812606811523,26.196053467163317,25.890228622383333,26.14799506299072,11225400
2019-11-21,25.877120971679688,25.95139350131237,25.81158815135686,25.91207314247418,6347200
2019-11-22,25.920812606811523,26.034403834901124,25.890228622383333,25.93828702655593,5749400
2019-11-25,26.091201782226562,26.099939825906773,25.97324069246082,26.008191200570252,6228600
2019-11-26,26.22226333618164,26.252845649029585,26.01255533381958,26.073719959515465,7871200
2019-11-27,26.327119827270508,26.348965767728934,26.13051969603478,26.270325048590138,10083000
2019-11-29,26.230998992919922,26.31400788215814,26.143620249894433,26.23536718009629,7067200
2019-12-02,25.968868255615234,26.23537272822716,25.968868255615234,26.187314326069433,13946400
2019-12-03,25.802841186523438,25.83342349208822,25.610607646846915,25.741674908783217,17312600
2019-12-04,25.859638214111328,26.147986882322723,25.80284345114102,25.973231073273553,11218600
2019-12-05,25.9907169342041,26.0081913550569,25.77227084073549,25.90333816349437,10409200
2019-12-06,26.257217407226562,26.30090762195851,26.139257993978514,26.20479081615951,13194400
2019-12-09,26.20478630065918,26.348961484514007,26.169835801507432,26.28342700701436,5500400
2019-12-10,26.047502517700195,26.20041572908104,25.9994441274551,26.16109537948149,7099600
2019-12-11,26.244102478027344,26.27031659817836,26.11740339721351,26.16983163751555,6985400
2019-12-12,26.611095428466797,26.646047593398364,26.21352371873049,26.274688340749776,14450800
2019-12-13,26.4057559967041,26.75527098448241,26.397017955348545,26.646047967454436,10166800
2019-12-16,26.519351959228516,26.672263534249073,26.493137832105916,26.64605107373765,17986000
2019-12-17,26.55866813659668,26.676629190165983,26.471289393218207,26.563036323790694,10051600
2019-12-18,26.523717880249023,26.584882505029785,26.32274792265194,26.584882505029785,7347400
2019-12-19,26.615463256835938,26.65478360854819,26.51934813779227,26.54556059452648,6191200
2019-12-20,26.74462127685547,26.784158398300807,26.626009912519457,26.626009912519457,8337800
2019-12-23,26.819303512573242,26.84126820922978,26.66554896017854,26.731443050148155,6288000
2019-12-24,26.850055694580078,26.911557518450476,26.788553870709677,26.832484941902116,2901400
2019-12-26,26.96866226196289,26.96866226196289,26.814907729716296,26.907160449064254,5604800
2019-12-27,26.867624282836914,27.06530988544992,26.854445801262305,27.06530988544992,13605400
2019-12-30,26.784160614013672,26.9291289541065,26.753409703212192,26.924736685048696,6015400
2019-12-31,26.98184585571289,27.0082044987206,26.740230826772194,26.779767953384237,5390000
2020-01-02,26.66554832458496,27.210280162198323,26.634797414838992,27.161958501025296,14714800
2020-01-03,26.23503875732422,26.551334126809046,26.22625254208864,26.393187279966234,24846400
2020-01-06,26.120813369750977,26.283355798923136,26.09884867483006,26.16035049092815,31528800
2020-01-07,26.09006118774414,26.270174358578963,26.006594680800738,26.076882706594844,40533800
2020-01-08,26.182313919067383,26.28774679570494,26.00659469240308,26.094455143634594,16159200
2020-01-09,26.278959274291992,26.327282603852726,26.19549277146804,26.265780793793116,7572400
2020-01-10,26.17353057861328,26.406359360590994,26.129599513089975,26.34046360020544,11274800
2020-01-13,26.51179313659668,26.520579350553174,26.16913917128823,26.195497813157708,8818600
2020-01-14,26.401968002319336,26.564510446979057,26.34486012524329,26.485436197090262,11010200
2020-01-15,26.58207893371582,26.705084242948306,26.393181214856472,26.39757348356532,7797000
2020-01-16,26.740222930908203,26.784153989615735,26.58646841492819,26.674328856544715,18799800
2020-01-17,26.858840942382812,26.86323488724346,26.700692443378568,26.770980478958347,10894400
2020-01-21,26.568904876708984,26.722661119907222,26.529367748549337,26.674337777067752,7614800
2020-01-22,26.463468551635742,26.647973996953517,26.450288394256777,26.62600930238694,5475000
2020-01-23,26.432720184326172,26.45907882748956,26.063709234833055,26.25260697887399,6925200
2020-01-24,26.24382209777832,26.485437124992714,26.133996933062775,26.472256965683513,10493400
2020-01-27,25.677122116088867,25.861627575999492,25.677122116088867,25.778161059725484,13869200
2020-01-28,25.967060089111328,26.050526604179115,25.747409777649786,25.804519327853473,8982200
2020-01-29,26.05052375793457,26.19549375204343,26.037345276942382,26.0549177021311,7138400
2020-01-30,25.887983322143555,25.92312649714,25.540935461635502,25.707870151315117,17398200
2020-01-31,25.316892623901367,25.668332748983552,25.23342444208274,25.650760323779767,22041400
2020-02-03,25.848451614379883,25.96266905177864,25.391578513186715,25.413543211632735,24321200
2020-02-04,26.305320739746094,26.445896799512635,26.059311797255234,26.16474467997955,27190200
2020-02-05,26.792945861816406,26.841267522905646,26.344859023124965,26.53375842597917,34300800
2020-02-06,26.77976417541504,26.92473417780716,26.683119182952424,26.92473417780716,24751800
2020-02-07,26.397579193115234,26.612837273981285,26.30532644808658,26.612837273981285,15666600
2020-02-10,26.384397506713867,26.45468554332074,26.30092931113141,26.358038864561674,9051200
2020-02-11,26.52936363220215,26.77097863311096,26.511791205569075,26.5249713634433,8116800
2020-02-12,26.67433738708496,26.727052998594083,26.586476917370373,26.70948056949135,6487000
2020-02-13,26.57769012451172,26.744624845757176,26.50740208542927,26.639191949233982,8235600
2020-02-14,26.58207893371582,26.683119547806413,26.511790903782465,26.586472878223493,7255000
2020-02-18,26.516183853149414,26.608436574762457,26.39318022433202,26.542540816010995,9416200
2020-02-19,26.586475372314453,26.68751432008474,26.56011673019217,26.577689158273692,13654800
2020-02-20,26.630403518676758,26.810516708573854,26.437111846235624,26.489827452210676,10361200
2020-02-21,26.507396697998047,26.60404336051834,26.44589488577557,26.520575178960378,13041000
2020-02-24,25.76058578491211,25.953879112937233,25.641974427023616,25.835267755048744,18589800
2020-02-25,24.649158477783203,25.786947170069258,24.583262713336957,25.76498247385348,40124000
2020-02-26,24.565692901611328,25.110426475075826,24.526157449692832,24.780950969362376,28607200
2020-02-27,23.414722442626953,24.442685948683692,23.414722442626953,24.16153382323208,41394400
2020-02-28,23.159927368164062,23.199464487830152,22.470225584054663,22.672303450881895,61483400
2020-03-02,24.152746200561523,24.157140144902183,23.120390485942963,23.379577900682765,33634600
2020-03-03,23.941884994506836,24.662337779424714,23.62119572686895,24.231823351261564,56780400
2020-03-04,24.934709548950195,24.947889710843807,24.025357140860425,24.36361891560773,28159600
2020-03-05,24.143957138061523,24.486612696843945,23.9945948882842,24.214245157027406,28354600
2020-03-06,23.515762329101562,23.71344794895051,23.058890944760464,23.515762329101562,37882200
2020-03-09,21.314865112304688,22.637159168496886,21.24457708399877,21.824453736472286,28490000
2020-03-10,22.18029022216797,22.21104113314143,21.10400331069999,22.11439445533972,33436000
2020-03-11,21.125967025756836,21.609197040706512,20.831634736950154,21.547695221618252,29909600
2020-03-12,19.09200668334961,20.431873389397833,18.613168886836743,19.579630694343333,30731600
2020-03-13,20.431869506835938,20.445049663952197,18.977785640446676,20.326438304698307,24228000
2020-03-16,18.18265151977539,18.9909646887581,16.55723896873639,16.55723896873639,28854200
2020-03-17,19.307262420654297,19.504948033139954,17.936644967085194,18.463804365981794,22089800
2020-03-18,18.072824478149414,18.797671060752705,16.87792643800776,18.055252053841773,19751800
2020-03-19,18.53409194946289,18.824030282165836,17.38312483186015,17.760923620854648,17973800
2020-03-20,17.87075424194336,18.71860480442931,17.580815820499414,18.69224615673465,30497400
2020-03-23,16.959745407104492,17.884018468356878,16.875721196807373,17.760192961183012,37354800
2020-03-24,18.954225540161133,19.078051017020343,17.87959247457415,18.029952705187014,23758600
2020-03-25,19.39646339416504,20.17922100038736,18.6888850678136,18.883469908883242,27152800
2020-03-26,20.307466506958008,20.40475891982966,19.586623389577298,19.62642467784337,26767800
2020-03-27,19.5733585357666,19.99348294262224,19.400886819277513,19.5512470800365,28151200
2020-03-30,20.196908950805664,20.276511532818127,19.652959098384343,19.816587565296494,19508400
2020-03-31,19.918302536010742,20.41802781800293,19.838699950260583,20.134997151778297,17017400
2020-04-01,19.02056312561035,19.564514704505324,18.967495296082507,19.188613220610392,20480800
2020-04-02,19.308015823364258,19.7812080155508,18.958649120872657,18.998450412131138,23569200
2020-04-03,18.843666076660156,19.56893245595596,18.759640202256865,19.175342897947544,18531600
2020-04-06,20.24555015563965,20.395910363714975,19.652954239930462,19.652954239930462,20933400
2020-04-07,20.785085678100586,21.5059306112106,20.683371631477055,20.992937074720295,22422600
2020-04-08,21.802223205566406,21.899515615170763,20.771814734830286,21.00619915397287,32927200
2020-04-09,22.739763259887695,22.86359042687166,22.01892014481778,22.041031596673463,61476000
2020-04-13,22.24003791809082,22.6247825767023,21.930472532784588,22.562869837040182,31714600
2020-04-14,22.527488708496094,22.850320606577725,22.297525913904618,22.704383684949697,16524000
2020-04-15,21.492658615112305,21.83318037420263,21.320186927766894,21.811068922208847,11401200
2020-04-16,21.368839263916016,21.576690683669337,21.015050869545778,21.532466080000475,9255800
2020-04-17,22.226770401000977,22.29752806099677,21.86856048533289,21.872982101022014,12609200
2020-04-20,21.67840003967285,22.19139352199291,21.616487294961154,21.837605204357658,9686400
2020-04-21,21.143295288085938,21.382101350198685,21.046002867264882,21.125605450301055,11975400
2020-04-22,21.558996200561523,21.722622981417224,21.346723209641638,21.576686038220455,7665200
2020-04-23,21.709352493286133,22.151588232251427,21.682817741629847,21.682817741629847,12767200
2020-04-24,22.049880981445312,22.111793733981102,21.647446402966697,21.886254180172728,8291400
2020-04-27,22.6380558013916,22.722081704621672,22.085260909598524,22.116217288579247,9722200
2020-04-28,23.05817222595215,23.195265918689035,22.775141609846163,23.00952602249727,13503800
2020-04-29,23.646352767944336,23.76575665659273,23.438501366927213,23.535793799232415,11752600
2020-04-30,22.943193435668945,23.274870280743784,22.907813762436373,23.274870280743784,10813600
2020-05-01,22.46115493774414,22.642471534144505,22.253303588091686,22.54517912588241,10134000
2020-05-04,22.54075813293457,22.57171450241904,22.067565985676982,22.288683874563542,10141000
2020-05-05,22.598251342773438,22.90339516006577,22.54960681617224,22.73976668033085,9034000
2020-05-06,22.209083557128906,22.832635999692467,22.186970416395987,22.66016429874873,7506400
2020-05-07,22.664583206176758,22.868011255441065,22.39924241904902,22.430198787980736,8245800
2020-05-08,23.208534240722656,23.239490611308376,22.921081987141562,22.991839646622598,7567000
2020-05-11,22.854745864868164,22.960881510227566,22.62036143495346,22.8237894943887,8857200
2020-05-12,22.505380630493164,23.07586524369465,22.505380630493164,22.929926613203016,8400000
2020-05-13,22.032188415527344,22.487690770249145,21.828760343223994,22.394821652936194,10532200
2020-05-14,22.30195426940918,22.30195426940918,21.36883634682895,21.62533395210514,10842000
2020-05-15,22.496540069580078,22.514229910702067,22.049882546724522,22.1604415232428,9761200
2020-05-18,23.52252197265625,23.7082618888786,23.212958257278544,23.270447697565416,8851400
2020-05-19,23.29698371887207,23.62423728919039,23.274872264714748,23.43407743384077,9785800
2020-05-20,23.6684627532959,23.924958667528458,23.60212670139313,23.60655000458445,7598600
2020-05-21,23.44291877746582,23.72595110366568,23.354472967961275,23.597702318090136,10491400
2020-05-22,23.407543182373047,23.451766091643123,23.22622655517237,23.416388101626232,7465200
2020-05-26,24.048786163330078,24.177033278608956,23.85420130829361,23.938227200057867,8228800
2020-05-27,24.29201889038086,24.451224089336314,23.982453413189265,24.322975269400406,13983400
2020-05-28,24.51755142211914,24.716557863653314,24.278745379273776,24.632533671448062,10969400
2020-05-29,24.521974563598633,24.605998755251854,24.230099013597997,24.521974563598633,14772600
2020-06-01,24.69002914428711,24.778474967660188,24.49544428407607,24.53082396302206,6466800
2020-06-02,25.13667869567871,25.172056676468117,24.743089170047362,24.769622233890562,8655400
2020-06-03,25.70716667175293,25.892904891820336,25.419712736510736,25.450669106521968,9448200
2020-06-04,25.800033569335938,25.870791221436114,25.56122586087453,25.601027145618097,9007400
2020-06-05,26.458969116210938,26.66239718234932,26.37494323328738,26.47665726635657,11260000
2020-06-08,26.494342803955078,26.644703021264437,26.25995840435345,26.560678838972173,10513000
2020-06-09,26.171512603759766,26.34398428150577,26.01673076142247,26.189202439168472,12017800
2020-06-10,25.875215530395508,26.28207333757446,25.769079884693642,26.28207333757446,10384800
2020-06-11,23.876310348510742,25.216284213319028,23.774594635219035,25.14110325397241,58196800
2020-06-12,24.340660095214844,24.805007371821006,23.880734434559162,24.70329333500219,27863800
2020-06-15,24.597152709960938,24.743091321771402,23.566744257554525,23.69941464929414,13771400
2020-06-16,25.11014747619629,25.556806566320603,24.725402813402724,25.446247619437745,19004800
2020-06-17,24.902297973632812,25.295887557310024,24.83154031462338,25.26935280255811,8050800
2020-06-18,24.919986724853516,25.061502046289398,24.765204869219176,24.809427774544503,7135200
2020-06-19,24.84480857849121,25.379913517447633,24.66791357515227,25.335690610110788,14837000
2020-06-22,24.936853408813477,25.039126316830135,24.621139470897226,24.839026411464918,6738800
2020-06-23,24.994659423828125,25.332606317011937,24.985765905979594,25.310371674258068,6232000
2020-06-24,24.265403747558594,24.754535271207445,24.194257313277582,24.72785641851756,11306000
2020-06-25,24.567781448364258,24.59446200267404,23.98082282367016,24.198708080272063,10509400
2020-06-26,24.229833602905273,24.51886527658981,24.083093114580628,24.474399387181403,16345800
2020-06-29,24.7011775970459,24.807898104063337,24.37657186192085,24.434378873899668,9878200
2020-06-30,25.056917190551758,25.203657718987888,24.545552537513906,24.61669899777419,7877800
2020-07-01,25.110273361206055,25.19475923603843,24.7678805585721,25.083592807765005,16292200
2020-07-02,25.581623077392578,25.790616547391895,25.40820368580396,25.461563107154593,16065800
2020-07-06,25.94624137878418,26.092981865294785,25.612742123549086,26.066301314220603,15728400
2020-07-07,25.95513153076172,26.030725567538774,25.741692238635164,25.759479270378556,14897400
2020-07-08,25.5860652923584,26.13744982138142,25.297031903122175,25.999604537258197,18333600
2020-07-09,25.345943450927734,25.74169562989948,25.061357690600406,25.706123257991027,31458800
2020-07-10,25.78616714477539,25.817293611038124,25.385967298161418,25.403754334958748,9314200
2020-07-13,25.78616714477539,26.3108711601751,25.76838010797806,26.052965911674576,18069200
2020-07-14,26.435380935668945,26.470953315977887,25.70168172084513,25.732808189714955,18868200
2020-07-15,26.880043029785156,26.991209459439965,26.697730153001878,26.89783006563355,16457200
2020-07-16,26.968975067138672,27.173520879635582,26.835574001691548,26.93340099734877,11128800
2020-07-17,27.195756912231445,27.266903363622387,27.06235752790658,27.160184534668577,8155600
2020-07-20,26.960081100463867,27.25356038628037,26.91561351396744,27.182413944151065,7186400
2020-07-21,27.195756912231445,27.32915629655631,27.12905637193641,27.12905637193641,7554200
2020-07-22,27.5114688873291,27.52036240569013,27.142397204804887,27.151290723165914,5899400
2020-07-23,27.426979064941406,27.6982253990357,27.235772688326247,27.48923198825519,8828000
2020-07-24,27.33360481262207,27.475897720134476,27.177970778848014,27.329157205113102,11727000
2020-07-27,27.72935676574707,27.831629685891507,27.42253630904851,27.511469799341793,7281800
2020-07-28,27.120159149169922,27.64486306352541,27.0934785991119,27.64486306352541,9140200
2020-07-29,27.342493057250977,27.422531318055935,27.164626109036796,27.209091997957877,8223000
2020-07-30,26.81334114074707,27.013441043283656,26.5910082926542,26.93340108226902,14042200
2020-07-31,26.84002113342285,26.906719968700695,26.50207426146119,26.862254078515466,10541400
2020-08-03,26.68883514404297,26.98676034466631,26.684387537196795,26.97786682723897,11077800
2020-08-04,27.066801071166992,27.129053998654953,26.528755973575244,26.582115383384203,15835000
2020-08-05,27.462553024291992,27.75158640925723,27.244667780100386,27.320260135274808,11793000
2020-08-06,27.346940994262695,27.498127402569384,27.240220478172365,27.42698095726418,13939400
2020-08-07,27.44032096862793,27.444768575703087,27.075695216659394,27.204648681597437,7971600
2020-08-10,27.70711326599121,27.70711326599121,27.426973471941288,27.466993442519847,6678200
2020-08-11,27.6582088470459,28.107320489642138,27.604849434203754,27.94724055485056,8975200
2020-08-12,27.82272720336914,28.022827067994967,27.7560266830723,27.99170061086036,7929000
2020-08-13,27.81829071044922,27.925009543532205,27.653763157026276,27.689337232230784,16852000
2020-08-14,27.849409103393555,27.960575511777876,27.658202745271346,27.693775113896645,5179600
2020-08-17,27.973918914794922,28.174018817586163,27.858306579996107,28.067298304009164,3719600
2020-08-18,27.85831069946289,28.116215959658025,27.831630143057076,28.062856543111664,4764000
2020-08-19,27.778263092041016,28.03172237130805,27.69822314108671,27.96502184675786,6209400
2020-08-20,27.680444717407227,27.69823175565462,27.493685904605574,27.569278272759007,4662400
2020-08-21,27.52035903930664,27.56927253617645,27.369172638193138,27.471445542436836,5512600
2020-08-24,28.005043029785156,28.009490636288174,27.77826428981268,27.87164367119753,7063200
2020-08-25,27.893877029418945,28.19624981805207,27.773817096026537,28.10287043527961,5754800
2020-08-26,28.187355041503906,28.236268533988778,27.796048797889753,27.867195233431886,4762800
2020-08-27,28.11176300048828,28.3429893425721,28.027275441184383,28.285182332984935,7297600
2020-08-28,28.44526481628418,28.471943672153536,28.120659065175357,28.249610826495577,4845800
2020-08-31,28.009490966796875,28.46305014835865,28.009490966796875,28.39634962014534,6109400
2020-09-01,28.796552658081055,28.827679122435004,27.898327710080373,28.009494138848797,18465600
2020-09-02,29.450210571289062,29.49467646243212,28.729850921663395,28.91660969998226,22911200
2020-09-03,28.6364688873291,29.410186177845503,28.33409610594469,29.410186177845503,28891200
2020-09-04,28.65425682067871,28.956629611560647,28.222930578571997,28.805441519854764,27926400
2020-09-08,28.116212844848633,28.39190511210552,27.90277350604346,28.36967216569635,16465800
2020-09-09,28.841012954711914,29.03221931079273,28.44526081649131,28.463047848746445,13236200
2020-09-10,28.56977081298828,29.090028860278295,28.516409708446993,28.983310043725734,14234600
2020-09-11,28.934396743774414,29.076689630993638,28.663150397429945,28.79655146342986,19443800
2020-09-14,29.35239028930664,29.436874484044314,29.058909234077692,29.174523291519172,11562800
2020-09-15,29.49467658996582,29.69032719034727,29.481337161818225,29.499120804328317,8611200
2020-09-16,29.516904830932617,29.854851677190812,29.432420663765345,29.56137411026557,19141200
2020-09-17,29.734792709350586,29.797045627843918,29.05000721339431,29.20563950962764,23226600
2020-09-18,29.223432540893555,29.828178209700127,29.192306075257786,29.828178209700127,18910000
2020-09-21,28.23966407775879,28.65961904630911,27.91352988778479,28.63281116185641,16070800
2020-09-22,28.293275833129883,28.36475727455106,28.060960722448062,28.262001104771873,11727400
2020-09-23,27.46230697631836,28.266473734471063,27.439967637944257,28.239667550973486,14883600
2020-09-24,27.658878326416016,27.940337265706255,27.22105425654904,27.44890083313973,22009400
2020-09-25,27.904598236083984,27.993950477815336,27.301473586838824,27.399761223168536,8869000
2020-09-28,28.355825424194336,28.58814056390223,28.18605634051314,28.302213058240984,8570600
2020-09-29,28.145849227905273,28.463048072088103,28.069900928982182,28.373695828926834,11333400
2020-09-30,28.431774139404297,28.66409098679477,28.20839439072356,28.27094044767381,12347200
2020-10-01,28.02968406677246,28.699821428114447,27.935863302357987,28.56579395584605,29154800
2020-10-02,28.279870986938477,28.498783852932817,27.627602641795093,27.71248631818983,27853200
2020-10-05,28.820453643798828,29.01256034743786,28.498786288077277,28.507721681764217,18641400
2020-10-06,28.458572387695312,29.20019287835982,28.404961740150775,28.96341095614067,31358800
2020-10-07,29.191259384155273,29.26721107736452,28.775776388354245,28.820451649445374,14277800
2020-10-08,29.486125946044922,29.597815817052666,29.33422935755648,29.414642792517867,12583200
2020-10-09,29.713973999023438,29.843534657374075,29.53080097595739,29.731844787261902,9547600
2020-10-12,29.664831161499023,29.919483937410124,29.64696037267138,29.88374235975484,8131200
2020-10-13,29.401235580444336,29.620150144715538,29.28954572832777,29.454847936521656,10341200
2020-10-14,29.486125946044922,29.678232660518418,29.392306863418938,29.43251358089963,8767000
2020-10-15,29.401235580444336,29.436977151162548,29.039361550307866,29.07510312102608,8749800
2020-10-16,29.606746673583984,29.74524441816213,29.49059167297527,29.575473649034862,20165000
2020-10-19,29.262746810913086,29.807793938095383,29.173396275655584,29.70503775489526,10827600
2020-10-20,29.32975959777832,29.642489860290635,29.240405659557503,29.43698091513908,8399800
2020-10-21,29.21807289123535,29.669300954662965,29.21807289123535,29.325294220191807,7800400
2020-10-22,29.378908157348633,29.414646329905644,28.91427782905972,29.204672210303386,7066400
2020-10-23,29.486125946044922,29.700571998121713,29.33869449827365,29.588882127113965,8233000
2020-10-26,28.748966217041016,29.11977733074554,28.525586520858095,29.115308782440856,14833600
2020-10-27,28.476449966430664,28.798115632702718,28.458579178234395,28.757908915639355,9313000
2020-10-28,27.67228126525879,28.052027841522882,27.565059945650493,27.77950428911923,15424600
2020-10-29,28.244129180908203,28.463040327625226,27.493573269374764,27.591859176282647,15086800
2020-10-30,28.22626495361328,28.342421672126147,27.779505459829284,28.127977319620094,14679800
2020-11-02,29.164459228515625,29.267215411897155,28.57473683266345,28.650685128616853,15868400
2020-11-03,29.620147705078125,29.772044255364015,29.311882647905165,29.51292300175496,17784200
2020-11-04,29.11531639099121,29.669300636417237,28.847261367223048,29.481659052125426,22194600
2020-11-05,30.30368995666504,30.53153478929901,29.76311150887086,29.78544743305855,17707400
2020-11-06,30.379640579223633,30.65216409827639,30.254548486905097,30.47792819704645,12151400
2020-11-09,31.063180923461914,32.34985019292689,31.01850566460633,31.836076194828237,32868400
2020-11-10,31.429527282714844,31.501010432290897,31.152538599368064,31.192745314626464,19650600
2020-11-11,30.96042823791504,31.451862903428783,30.750450771471876,31.451862903428783,12835400
2020-11-12,30.30815887451172,30.844272249400586,30.111587038039435,30.821932913924535,11053200
2020-11-13,30.830873489379883,30.920224024355154,30.52707689855776,30.536010588653518,11077200
2020-11-16,31.438467025756836,31.478673744398048,31.085526614164618,31.326777151525288,10964200
2020-11-17,31.322303771972656,31.393783508035657,30.924688153704885,31.241886938586816,13893800
2020-11-18,31.063180923461914,31.518877425898683,31.049778686655618,31.425054951247056,9243000
2020-11-19,31.192739486694336,31.24188329071999,30.737046423051545,30.982762034676277,7465400
2020-11-20,31.165945053100586,31.308907963084803,31.02744728419067,31.183815842911695,8858000
2020-11-23,31.425058364868164,31.61716506646862,31.282095475898352,31.411656126606015,8959000
2020-11-24,32.20688247680664,32.300704947280344,31.679709673880524,31.71544783427131,12274400
2020-11-25,31.871828079223633,32.162222499569886,31.813750558556478,32.148820256993254,7890200
2020-11-27,32.03712844848633,32.15328689140423,31.885231830328717,32.01479251502464,4594600
2020-11-30,31.71546173095703,32.019258382666024,31.545694317077487,31.992453898502173,9913400
2020-12-01,32.06393051147461,32.31411817029563,31.916502454540975,32.25603724896881,10474200
2020-12-02,31.652912139892578,32.07733574011911,31.594834627832093,31.965645857191824,10779600
2020-12-03,31.433992385864258,31.849478773842574,31.362509244124254,31.74225746973637,11470200
2020-12-04,32.06840133666992,32.072869886744,31.55909570038522,31.56803280053338,11538400
2020-12-07,31.858409881591797,32.13987046876336,31.74672003804842,32.04605140920735,8008800
2020-12-08,32.03712844848633,32.11307675756513,31.67078573636529,31.68418797814331,7046600
2020-12-09,32.054988861083984,32.224756216143994,31.751192314631812,32.16221016909536,13517800
2020-12-10,31.858409881591797,32.130933372517916,31.751188586171143,31.885217761824606,7156600
2020-12-11,31.67523765563965,31.82266905480031,31.438455752534896,31.643964638408892,6851600
2020-12-14,31.27315902709961,32.00137564595498,31.259756790020038,31.95223183766066,10226400
2020-12-15,31.84053611755371,31.920952933718635,31.492064383673448,31.572481199838368,8021400
2020-12-16,31.751192092895508,31.956701018692097,31.61716290243934,31.91202575804134,8139200
2020-12-17,32.11753463745117,32.14433911210213,31.929896497886666,32.05052004231988,7591400
2020-12-18,32.26050567626953,32.34092252906662,31.876292202739553,32.148815792301626,10906600
2020-12-21,32.08943557739258,32.17025421595692,31.429417266706206,31.68983326047294,10098600
2020-12-22,31.891874313354492,32.12535187473332,31.846975836330632,32.084940847537894,6653800
2020-12-23,31.936782836914062,32.27352665882577,31.918822755347872,32.066990859117496,8219200
2020-12-24,32.13882827758789,32.13882827758789,31.8380046460259,31.963721780079567,2732600
2020-12-28,32.01311111450195,32.48005949041068,31.999638485407004,32.43965187973079,5322600
2020-12-29,31.936782836914062,32.25556657725958,31.77514552835362,32.183729676530106,6852800
2020-12-30,32.376792907714844,32.44414235020709,32.0265799173971,32.04453999709737,5655000
2020-12-31,32.502506256103516,32.5563864889315,32.15678418234393,32.421687619628806,6500800
2021-01-04,32.19268798828125,32.95597556535067,32.008603261371846,32.78984748330736,18266000
2021-01-05,32.915584564208984,33.005384970806574,32.13883074396749,32.13883074396749,26812000
2021-01-06,34.262550354003906,34.50500624643474,33.23435910529203,33.27027925799311,48521400
2021-01-07,34.51847457885742,34.74746126464781,34.392757473100886,34.46908522651961,18577800
2021-01-08,34.35234832763672,34.612760852628725,33.925804251664566,34.581331577602064,16988400
2021-01-11,34.35234832763672,34.49153462767848,33.71926852641309,33.84498562651972,12240200
2021-01-12,34.78787612915039,34.91808069909341,34.208676463281506,34.32092438087932,17845800
2021-01-13,34.43317413330078,34.83277646719965,34.2894969281409,34.751957825201295,9809200
2021-01-14,34.31643295288086,34.576848939646055,34.27602192191787,34.54541966024574,11074000
2021-01-15,33.827030181884766,34.06050776450045,33.47232978325916,33.997649205842656,19709000
2021-01-19,33.94375991821289,34.19070663673091,33.800082761675206,34.10090627293635,9912400
2021-01-20,34.05601501464844,34.159284598494544,33.912337827689306,34.109895244333494,10326600
2021-01-21,33.557640075683594,34.082962989643484,33.54417087221654,34.015613546773245,12646600
2021-01-22,33.395999908447266,33.53069878259353,33.1266055856894,33.18048582045484,12131800
2021-01-25,33.22088623046875,33.355585075434114,32.637199228531315,33.26129725417193,24149400
2021-01-26,32.7629280090332,33.553154435241666,32.75394625588058,33.427433869851,13554800
2021-01-27,31.797590255737305,32.26005113245466,31.433908095509988,32.26005113245466,24779000
2021-01-28,32.34535217285156,32.54739700326001,32.03105602767498,32.11636551966392,14483400
2021-01-29,31.716766357421875,32.37678455766266,31.55512910734111,32.2106564324313,17979800
2021-02-01,32.08943557739258,32.14780326198113,31.57309446576119,32.04453709497564,16012000
2021-02-02,32.51148223876953,32.67311605750376,32.1477967263992,32.32739404508982,15789200
2021-02-03,32.57434844970703,32.76741501325057,32.45311877521925,32.6012868549111,12846200
2021-02-04,32.45760726928711,32.632713741332424,32.17923120898032,32.48005479679822,12994200
2021-02-05,33.01436233520508,33.05926082442593,32.70455693617145,32.771906382770304,12575600
2021-02-08,33.288238525390625,33.404977306065064,33.202929021182285,33.29722027611478,12635600
2021-02-09,33.04129409790039,33.33313935743862,32.96047888887865,33.30620095443137,14514000
2021-02-10,33.005374908447266,33.29272927088325,32.794348299197736,33.256809119195196,10917400
2021-02-11,33.036808013916016,33.22538369383379,32.753941068504744,33.10415744975368,13346000
2021-02-12,33.37803649902344,33.395996575486144,32.92006653859449,32.9649650169841,6575800
2021-02-16,33.315185546875,33.61601261435782,33.26579618171521,33.503764680001055,12385800
2021-02-17,33.2972297668457,33.360088337694506,32.86619467311792,33.22089856607056,11821200
2021-02-18,33.0906867980957,33.24783663294564,32.9380312649138,33.21191647494938,12117600
2021-02-19,33.69683074951172,33.84499541719327,33.270286550148946,33.27926830305998,11360800
2021-02-22,33.827030181884766,33.96621992651376,33.5441666679247,33.656414583461405,12198600
2021-02-23,33.94375991821289,34.03356028200745,33.20741406276558,33.80906451082147,22024400
2021-02-24,34.24010467529297,34.38378186831572,33.836011499436935,33.96172861514004,14763400
2021-02-25,33.449886322021484,34.23113102998995,33.31518742299386,34.172763334030144,20375400
2021-02-26,33.023345947265625,33.46784683898291,32.80782839112477,33.36457722498023,16280200
2021-03-01,33.858463287353516,34.03805721390953,33.45885755182304,33.45885755182304,15016000
2021-03-02,34.04703140258789,34.35683325495399,33.93478351065706,33.95723103372294,15129200
2021-03-03,33.71029281616211,34.16377190164173,33.70580194065741,33.92131943293695,17340400
2021-03-04,33.05476379394531,33.791109765483064,32.48005165165332,33.65641091132175,37034800
2021-03-05,33.813560485839844,33.92580839973578,32.695572222586,33.39599810912559,23513000
2021-03-08,34.26704406738281,34.778894296393254,33.8674417557086,33.92580943953099,29673000
2021-03-09,34.47806167602539,34.7564376713516,34.24458415077536,34.4960217491626,15732600
2021-03-10,35.04828643798828,35.322171613335634,34.62623662435768,34.648684151111205,14336600
2021-03-11,35.236873626708984,35.51973719264054,35.21442266926284,35.37156909478037,9525000
2021-03-12,35.33115768432617,35.35360521382431,35.138091117861315,35.23237896303697,9627600
2021-03-15,35.371559143066406,35.39401009419602,34.94501847587726,35.33115154167413,9292800
2021-03-16,35.079715728759766,35.37605185650389,34.88216173579806,35.34013170304381,13154200
2021-03-17,35.39401626586914,35.47932235886132,34.962984648188026,35.04829074118021,11091200
2021-03-18,35.19646072387695,35.71280188796862,35.129111280641524,35.308708654091014,13173600
2021-03-19,35.0213508605957,35.25931590169113,34.60827933924007,35.129107904093985,17836800
2021-03-22,35.04299545288086,35.18727939105019,34.75893397710968,34.9663453632285,12876400
2021-03-23,34.312557220458984,34.912238755891586,34.19081904108572,34.88518659158653,20470200
2021-03-24,34.560543060302734,35.0429927640382,34.46585705564439,34.46585705564439,13470600
2021-03-25,35.061031341552734,35.1241553494413,34.22237987674704,34.42076814153949,15393400
2021-03-26,35.931243896484375,35.95829605917706,35.27294823095967,35.39017656262821,15219200
2021-03-29,35.809505462646484,36.14767128632043,35.606607344442374,35.8004892209488,12979600
2021-03-30,35.70579528808594,35.89516728176441,35.6111092912467,35.795971445075715,13140600
2021-03-31,35.52995300292969,35.881644867110936,35.439773396729215,35.77342933967037,14174400
2021-04-01,35.84105682373047,35.86811242078926,35.372133274707,35.588560851179224,14325800
2021-04-05,36.282936096191406,36.4136939503768,36.034946469287995,36.210792408364824,17460600
2021-04-06,36.364097595214844,36.49485545504643,36.188251648544906,36.219813653331805,12551800
2021-04-07,35.737361907958984,36.368605408508415,35.660708380606316,36.305477962453175,17575600
2021-04-08,35.782447814941406,35.85458805747147,35.484860284504585,35.8185196562065,10828600
2021-04-09,36.093563079833984,36.102579320563365,35.75990369284219,35.868119221596416,10617600
2021-04-12,36.21980667114258,36.26038490947456,36.061996677629544,36.07101291725892,8856400
2021-04-13,36.13414001464844,36.24235209948388,35.9718201673952,36.16119217585726,9311800
2021-04-14,36.39564895629883,36.54444269535196,36.14765939121026,36.16118546930609,9953200
2021-04-15,36.824005126953125,36.891638983716405,36.43173494972765,36.57601890548891,10863000
2021-04-16,37.270389556884766,37.3695819895588,37.117085906386464,37.18471976866509,12927600
2021-04-19,37.099037170410156,37.33800708661237,36.89162925370635,37.270376687687175,12112600
2021-04-20,36.74284362792969,37.10355522202917,36.607579360142914,37.031411527208995,10643200
2021-04-21,37.41014862060547,37.45523669730385,36.70676499211142,36.7518530688098,10809000
2021-04-22,36.778907775878906,37.36506313358201,36.73381969605559,37.36506313358201,16101000
2021-04-23,37.38310241699219,37.50484058746833,36.805963247326645,36.94123093896707,9370000
2021-04-26,37.604034423828125,37.820458590871674,37.45524065898561,37.5318907414802,8192000
2021-04-27,37.50484085083008,37.613052940902115,37.274887149426725,37.43720700453494,8882800
2021-04-28,37.60854721069336,37.76635722819409,37.45073375319224,37.5228774411928,7793600
2021-04-29,37.84300231933594,37.86103823895434,37.45523864754006,37.83849247943135,11571000
2021-04-30,37.441715240478516,37.85653110131229,37.35604547617582,37.68068517248058,10352600
2021-05-03,38.000816345214844,38.22626020434877,37.73479424263695,37.761846404932925,12405600
2021-05-04,38.41563034057617,38.41563034057617,37.7212663156222,37.75282831675647,15622200
2021-05-05,38.9025993347168,38.965723352329846,38.56894332161912,38.56894332161912,15113400
2021-05-06,39.23175048828125,39.25429281545694,38.59599700590771,38.97925096790541,14774400
2021-05-07,39.61949920654297,39.696149281757684,39.06941572088485,39.240751790188284,15089400
2021-05-10,39.44365310668945,40.22368681421785,39.43914326699282,40.079402903923594,18238200
2021-05-11,39.57441711425781,39.628524883765955,38.85750722827804,39.128039195817564,18997000
2021-05-12,38.577945709228516,39.515792834090476,38.532857632840866,39.42561668131517,18269200
2021-05-13,39.16862106323242,39.28584940437207,38.54639375102688,38.63657336728887,22130400
2021-05-14,39.637550354003906,39.74125262737174,39.30840072809485,39.34447257970153,11112600
2021-05-17,39.98472213745117,40.05686238202923,39.46169074425933,39.66008243684937,15624000
2021-05-18,39.5428466796875,40.07489425976995,39.51579452070022,40.05235194061384,13594800
2021-05-19,38.938663482666016,39.10999957658223,38.496792006776445,38.99277124706074,24960000
2021-05-20,38.96120834350586,39.13254443345987,38.807904734599475,39.00629642612532,11750000
2021-05-21,39.046878814697266,39.46169472284403,39.02433649099397,39.177636676178416,13533000
2021-05-24,39.394065856933594,39.547366048131124,39.114514200043125,39.27683407307621,10218400
2021-05-25,39.060401916503906,39.560887560536244,39.015313832537096,39.47071139260262,9688800
2021-05-26,39.07392501831055,39.19566316902084,38.80789951861067,39.07392501831055,12616400
2021-05-27,39.38504409790039,39.57892596713106,39.28134184226568,39.39406377926025,11654600
2021-05-28,39.34445571899414,39.520301620218184,39.18664573584431,39.470703705514005,10690800
2021-06-01,39.894535064697266,39.95765905144526,39.62399976149239,39.799845644575996,13700800
2021-06-02,39.56089401245117,39.957677472070564,39.51129607999874,39.94865778980602,11410200
2021-06-03,39.55187225341797,39.56990817543051,39.06942251958354,39.28134030323051,12528600
2021-06-04,39.637550354003906,39.77732447897843,39.475230461774935,39.71870686011729,10291600
2021-06-07,39.155086517333984,39.655572143375466,38.9792405881843,39.655572143375466,12097600
2021-06-08,39.22722244262695,39.38954225896882,38.88004049322877,39.17311469051317,11581600
2021-06-09,38.920623779296875,39.26329937383191,38.911607539440666,39.15057745562959,19761200
2021-06-10,38.68616485595703,39.27231678407756,38.68165501589455,39.218212463328,12269000
2021-06-11,38.8304443359375,39.10548606828445,38.62303643679056,38.96120216279094,8715600
2021-06-14,38.35250473022461,38.81691848744224,38.14509681146722,38.72223248800952,12375600
2021-06-15,38.27134323120117,38.433663063529536,38.000811323987186,38.41112074459494,20967400
2021-06-16,37.84751510620117,38.28938313125798,37.76184534134314,38.27134721023522,16649000
2021-06-17,37.00434494018555,37.743800323905646,36.55345734328308,37.7392904847368,30323200
2021-06-18,36.40467834472656,36.77440618622611,36.40467834472656,36.62110599243397,23531600
2021-06-21,37.16047286987305,37.21481553306272,36.81631303447501,36.82989783653883,18014200
2021-06-22,37.309898376464844,37.47292284893947,37.04724745359649,37.31442779373722,11156800
2021-06-23,37.06990432739258,37.5136906404913,37.06537490850217,37.41859357339871,10336800
2021-06-24,37.187644958496094,37.405008695713704,37.065374833243666,37.34614006999525,10540600
2021-06-25,37.192176818847656,37.54086957436146,37.1604777915223,37.3914298219984,20219000
2021-06-28,37.192176818847656,37.341616571210714,36.902356153320135,37.309917543885355,10148200
2021-06-29,37.174049377441406,37.55444102502505,37.08348174726768,37.35518809272249,9840000
2021-06-30,37.273677825927734,37.32802047988227,37.065369501502744,37.06989891973241,9728400
2021-07-01,37.47746658325195,37.62237689692841,37.2872689894174,37.57256365270203,14184600
2021-07-02,37.531803131103516,37.57709040805142,37.278210963879204,37.527277167356054,12341200
2021-07-06,36.97480392456055,37.527275511580974,36.716682350043435,37.51368725613565,12216600
2021-07-07,37.35972213745117,37.39142115743104,36.89329221991851,36.9838598613084,13178600
2021-07-08,36.852542877197266,37.05179588021103,36.53102318456542,36.74839041102906,15825600
2021-07-09,37.577091217041016,37.67671424564236,37.25556812747284,37.32802500820207,14981600
2021-07-12,37.69934844970703,37.81255970631276,37.21027499198628,37.350659299532076,20226200
2021-07-13,37.355194091796875,37.71747158053916,37.237456844649685,37.63142989960267,24708800
2021-07-14,37.2782096862793,37.699355780948515,37.16952782618422,37.400476347019506,12376600
2021-07-15,37.28274154663086,37.53180430294997,37.065374357270244,37.08801799645119,12688200
2021-07-16,36.72121047973633,37.37783800096732,36.65328647317296,37.35066839834197,19222200
2021-07-19,35.933265686035156,36.105349072029746,35.62986023327109,36.07365004644148,23013400
2021-07-20,36.340824127197266,36.60347514945036,35.724954432572126,35.83816572268801,21231400
2021-07-21,36.73931884765625,36.85705953183506,36.54912474970608,36.59440856517988,13671200
2021-07-22,36.75291442871094,36.861596298501354,36.449505549188906,36.825367856926434,9453400
2021-07-23,37.01102828979492,37.04725326886086,36.60799300768367,36.93404200381245,10392800
2021-07-26,37.3234977722168,37.35972621470017,37.02009234002107,37.101604608141436,11820600
2021-07-27,37.37331008911133,37.54086404023658,36.73932618112869,37.09254830417119,16864400
2021-07-28,37.481990814208984,37.617845738532736,37.11971677423605,37.38689374915606,12214400
2021-07-29,37.894081115722656,38.03446200229276,37.65407374645084,37.7446413916701,12574800
2021-07-30,38.04804611206055,38.283527513245474,37.82162354819342,37.82162354819342,11172400
2021-08-02,37.58613967895508,38.45107539499554,37.58613967895508,38.229178829820604,17010000
2021-08-03,37.97559356689453,37.98012298565824,37.3008552783395,37.62237491187826,13131600
2021-08-04,37.613319396972656,38.02088074835321,37.595205175251905,37.817101800130196,10539600
2021-08-05,37.55897903442383,38.04804918614115,37.52275059209383,37.79445699969999,13964800
2021-08-06,38.102386474609375,38.152199712052465,37.744638430669866,37.780866867889195,14054200
2021-08-09,38.057106018066406,38.15220308296894,37.74917118436258,38.03446237907018,10743600
2021-08-10,38.63221740722656,38.78165713113854,38.04352080398679,38.04352080398679,16047400
2021-08-11,39.17563247680664,39.20733149715349,38.74995695649117,38.92656627769991,16544800
2021-08-12,39.112239837646484,39.21639229534104,38.763547110741406,39.18016385138877,9612600
2021-08-13,39.14845275878906,39.229965005087465,39.07599934815354,39.16656697518132,7815800
2021-08-16,38.953739166259766,39.00355241028422,38.54165186697989,38.908455341219636,12273400
2021-08-17,38.50541687011719,38.786182065465766,38.05710120514916,38.7408982481344,14924000
2021-08-18,38.057106018066406,38.600518804633516,38.03446237907018,38.36957027055632,14712800
2021-08-19,37.71746826171875,37.885022190132204,37.51368589663203,37.62689717003558,15936200
2021-08-20,37.93935775756836,38.02087000481159,37.67218083628606,37.73104944904312,13973600
2021-08-23,38.26541519165039,38.369571096366805,38.05710683715186,38.15220390410113,8095600
2021-08-24,38.50541687011719,38.623157559125794,38.38767618110858,38.44654825307978,11059200
2021-08-25,38.68202590942383,38.80882197905084,38.25182446534164,38.4012641709451,9824400
2021-08-26,38.41484832763672,38.71825369701402,38.39673411014549,38.66844046264656,11541800
2021-08-27,38.92204284667969,39.03525414461062,38.56882414992473,38.60958201374587,10357400
2021-08-30,38.881282806396484,39.15298919109102,38.881282806396484,39.08053576747507,9012600
2021-08-31,38.76807403564453,38.85864168476353,38.58240586353591,38.85864168476353,10608800
2021-09-01,38.6684455871582,38.8224147287715,38.33334115649516,38.727314210605954,14017600
2021-09-02,38.917510986328125,38.99449382807398,38.768071266515044,38.78165606741912,10631000
2021-09-03,38.65939712524414,38.989972196378176,38.65033828620949,38.876760892988614,22878200
2021-09-07,38.405792236328125,38.550702531681175,38.35145303490446,38.523532930969346,13864600
2021-09-08,38.03898620605469,38.32880677694422,37.90766072003698,38.29257834184959,12420000
2021-09-09,38.052574157714844,38.310695733012516,37.93030749780922,37.93030749780922,9871400
2021-09-10,38.04352569580078,38.51448511191128,38.02088205413854,38.229190428679495,17780200
2021-09-13,38.03445816040039,38.491832668906525,37.79445081537192,38.378621396350916,15220000
2021-09-14,37.61783981323242,38.19295153175566,37.536327562464265,38.165781933144174,12087400
2021-09-15,38.0163459777832,38.06163325317743,37.64048715852297,37.71294058027247,12651600
2021-09-16,37.60425567626953,37.907661049220835,37.332549320567864,37.871432613811606,11250600
2021-09-17,36.829898834228516,37.4638827688778,36.712158121595266,37.39595530178422,19932000
2021-09-20,36.12218475341797,36.290471178492886,35.64462079583429,35.96754598716359,20155600
2021-09-21,36.035762786865234,36.4087189049518,35.88112058324845,36.34504372406169,15229000
2021-09-22,36.40873336791992,36.77259119325378,36.38144151524198,36.38144151524198,15312200
2021-09-23,36.9272346496582,37.177386262013485,36.64524196314498,36.681628787863836,9516600
2021-09-24,36.87265396118164,37.06822880410299,36.67252989771648,36.758947737856175,7251800
2021-09-27,37.159183502197266,37.36840595668111,36.96360870607885,36.968157925533994,10433000
2021-09-28,36.69981384277344,37.122801041199395,36.58610764394967,37.06822081655037,16570600
2021-09-29,36.549720764160156,36.777133161413495,36.47694713142094,36.69526455960078,13939600
2021-09-30,35.981201171875,36.80898242136285,35.9721027298808,36.65888935880873,21458800
2021-10-01,36.55427551269531,36.749850342716165,35.88113318819333,36.15402741216612,18500000
2021-10-04,36.395076751708984,36.827162367405634,36.135826770306046,36.59974998126139,17111600
2021-10-05,36.7180061340332,36.92267589767485,36.249533694298364,36.49513949269096,13584200
2021-10-06,36.6497802734375,36.6497802734375,35.958444689737995,36.34504851471982,15448600
2021-10-07,37.127349853515625,37.53214367711838,36.963612636099,36.963612636099,16938400
2021-10-08,36.92267990112305,37.30928031327426,36.85445548249917,37.218316735134465,12798000
2021-10-11,36.9272346496582,37.46847391968712,36.922685429058696,37.05003584553609,9673200
2021-10-12,36.97725296020508,37.15008511317405,36.8408041494145,36.94996111602452,15331400
2021-10-13,37.254703521728516,37.42298648814332,36.808973661143135,37.21831670248928,14431400
2021-10-14,38.15980529785156,38.21438205858208,37.51395484892702,37.61856262035264,11374200
2021-10-15,38.27350997924805,38.46908479413577,38.17799718175006,38.359924336962585,11705000
2021-10-18,38.246212005615234,38.318985632077535,37.87780506425296,37.94602947155199,12699800
2021-10-19,38.44633865356445,38.44633865356445,38.12796269098048,38.41905027678232,9591000
2021-10-20,38.75562286376953,38.80110465219377,38.387215866483764,38.478179443332245,9303800
2021-10-21,38.65555953979492,38.669203728856914,38.255314957145565,38.596433563846986,13392200
2021-10-22,38.582786560058594,38.992129552245125,38.582786560058594,38.72833034949851,11568400
2021-10-25,38.96938705444336,39.133124251859996,38.59188165650847,38.8283924839048,10799400
2021-10-26,39.07855224609375,39.23774025759836,38.71469442980298,39.03761967315188,11553800
2021-10-27,38.51911544799805,38.996679431088765,38.49182359893713,38.92845501349351,11404200
2021-10-28,38.90116500854492,38.973938642948326,38.55549718520451,38.564595624523875,8303400
2021-10-29,38.714691162109375,39.03761637820193,38.573693103787534,38.75562373159635,8699200
2021-11-01,38.80565643310547,39.03761808042729,38.669207588789504,38.778368052257576,11040400
2021-11-02,39.24683380126953,39.3241531872045,38.83294155296239,38.905715189163274,13271200
2021-11-03,39.65617370605469,39.82445665394702,39.210443894529654,39.31505512081863,19187200
2021-11-04,39.63343811035156,39.80172455813711,39.46515166256601,39.71530672413395,10073200
2021-11-05,39.942718505859375,40.05187549911679,39.692563448354626,39.733499489600064,11658800
2021-11-08,40.44302749633789,40.58402556876246,40.302032893951775,40.37935229074168,10690000
2021-11-09,40.629493713378906,40.629493713378906,40.292920916825764,40.45665809621992,15768000
2021-11-10,40.35205841064453,40.77504563021203,40.27018980459798,40.58856578920235,12872400
2021-11-11,40.674983978271484,40.84327041165831,40.4475715672267,40.53398939383588,8158400
2021-11-12,40.97971725463867,41.00245988457881,40.68862963560317,40.78414243528312,8774600
2021-11-15,40.793243408203125,41.01155740101621,40.64769958964829,40.99336398994206,8628000
2021-11-16,40.67953109741211,40.92968265462074,40.65223924987024,40.81597645497014,8776200
2021-11-17,40.41118240356445,40.72046340343911,40.37934480666726,40.61585564365025,10558600
2021-11-18,40.23835754394531,40.520346747705524,40.15648892703851,40.44302735119311,10389200
2021-11-19,40.16557693481445,40.406633523351694,40.033677326550375,40.09735599091738,10426000
2021-11-22,40.229248046875,40.661333644591615,40.165572859007284,40.183766265546275,13379800
2021-11-23,40.270198822021484,40.55673727232796,40.06552552605507,40.24291043724146,15231400
2021-11-24,39.98365783691406,40.147391605252885,39.897239997204196,40.05642801506037,10365200
2021-11-26,39.29686737060547,39.48334375296113,38.873880125215564,39.074004167777126,14215000
2021-11-29,39.47879409790039,39.68346387024756,39.21954410024298,39.59704604768247,12280400
2021-11-30,38.50092315673828,39.378735231193325,38.4281495171798,39.278673211819466,24004600
2021-12-01,38.10976791381836,39.44695384870106,38.09157450660472,39.11038102030517,22485600
2021-12-02,38.88752746582031,39.04671548073703,38.164357568039314,38.2371277448419,17957400
2021-12-03,38.80110168457031,39.36963267148543,38.45543734295312,38.95119469792497,19977200
2021-12-06,39.36962890625,39.678909872354296,39.0512529720415,39.19224753289992,16246000
2021-12-07,39.97000503540039,40.22016008131888,39.81991547788739,39.82446122778548,11307000
2021-12-08,40.13828659057617,40.22925015800717,39.906324982578155,40.10644899497156,9216400
2021-12-09,39.915428161621094,40.10645375793462,39.751690944770054,39.8381053030806,6601600
2021-12-10,40.16102981567383,40.31566857661749,39.89723060814176,40.22015578838093,9585000
2021-12-13,39.91997146606445,40.22925247116606,39.78807532671686,40.13828889850471,9406600
2021-12-14,39.87903594970703,40.21560530770496,39.76987897657968,39.888130918285306,9073600
2021-12-15,39.965457916259766,40.015488923729365,39.278671471026286,39.710753659131434,14623000
2021-12-16,40.37480163574219,40.634051669326126,40.20651865694808,40.238356258614935,13071200
2021-12-17,39.86994934082031,40.34751336715873,39.84265748928788,40.229257930620406,15645800
2021-12-20,39.15773391723633,39.3268696834062,38.65946070342646,39.3040152897302,14155400
2021-12-21,39.65143966674805,39.8068656193338,39.40916141982273,39.44116036776336,9063600
2021-12-22,39.96685791015625,39.99885685613622,39.555440399254145,39.6057249554546,6190200
2021-12-23,40.36912536621094,40.501693406510924,39.97142473293404,40.03085034232794,5745600
2021-12-27,40.97710037231445,40.981672645217664,40.437687261272714,40.4971128585251,4918600
2021-12-28,41.21481704711914,41.260529321392525,40.94968097366134,40.958822033466824,8537000
2021-12-29,41.38395309448242,41.45709552391979,41.14167490031138,41.17824611503006,5153800
2021-12-30,41.2376823425293,41.63538655785783,41.205683393316,41.397677088595756,6340000
2021-12-31,41.42052459716797,41.52566248068639,41.155388520048696,41.16453306760344,6457800
2022-01-03,40.88111114501953,41.52109345282838,40.78511432199166,41.47080890443907,15088600
2022-01-04,41.38395309448242,41.539379013225336,40.98168019544588,40.99996580280522,19937400
2022-01-05,41.3793830871582,42.19764575128572,41.36566975279334,41.59880689986554,21252800
2022-01-06,40.85826110839844,41.47538914118391,40.79883548872129,41.47538914118391,17868600
2022-01-07,40.82168960571289,40.97711205250055,40.64340927551605,40.908541889896384,16543600
2022-01-10,40.40569305419922,40.69825577703637,40.021705788333996,40.60225896057006,16819200
2022-01-11,40.84911346435547,40.862826798407845,40.11770658470291,40.46512267277343,13614800
2022-01-12,41.260536193847656,41.34738848314653,40.84911868161453,41.19196602720488,10215600
2022-01-13,40.940547943115234,41.41139112706648,40.839978818849154,41.19654302878088,12006200
2022-01-14,40.59312438964844,40.670835612405796,40.10856446880473,40.487983009500056,14588800
2022-01-18,40.05828094482422,40.222847942904416,39.747432558186446,40.15427777910043,15581800
2022-01-19,39.95771408081055,40.45598384621319,39.939428471856786,40.35541474077915,14832400
2022-01-20,39.377159118652344,40.35541657253076,39.33144683800469,40.05828151688579,17147200
2022-01-21,38.41719055175781,39.290306695767164,38.28919475997623,39.14402529264196,32542400
2022-01-24,38.44003677368164,38.54060587086773,36.98636760112171,37.69491657994757,42454000
2022-01-25,38.092620849609375,38.41718253608599,37.21036034019831,37.864055986939384,29311200
2022-01-26,37.69491958618164,38.718889271913916,37.31550104840141,38.398899835004855,26921600
2022-01-27,37.822914123535156,38.61375011691363,37.466353480466466,38.110908094954624,23174600
2022-01-28,38.04233169555664,38.05604502763707,37.132644628787695,37.6583409591915,22016000
2022-01-31,38.60460662841797,38.632036785453636,37.77720288332686,37.841200770371294,14549400
2022-02-01,39.198875427246094,39.29029998071519,38.59089203256946,38.801171295646895,18608400
2022-02-02,39.322303771972656,39.496015327656494,38.97945642275276,39.189739199383055,14158800
2022-02-03,38.63661193847656,39.26288106503455,38.57261404088656,38.97945931311894,15542600
2022-02-04,37.99663543701172,38.421766348758794,37.77263929323568,38.115486690205124,23376200
2022-02-07,37.80919647216797,38.165757074524734,37.68120071620634,38.07433253101579,25255400
2022-02-08,38.394325256347656,38.46289541374764,37.882342188023664,37.960053405519545,15501800
2022-02-09,39.23087692260742,39.29030253746704,38.76003381511824,38.77374715026866,21469200
2022-02-10,39.002315521240234,39.87086286381204,38.8103218367332,39.089171301784525,26622000
2022-02-11,38.39889907836914,39.16230492539762,38.27090330612763,38.80574427768963,25266400
2022-02-14,38.08348083496094,38.46289938918334,37.79549032926266,38.42632816977369,18896800
2022-02-15,38.78288650512695,38.84231560499571,38.307474631916286,38.34861463555782,13351000
2022-02-16,39.066314697265625,39.148598205841964,38.668610491209364,38.74175293777669,15678000
2022-02-17,38.39889907836914,38.78288639509369,38.2663310320838,38.66403517093983,13083800
2022-02-18,38.33490753173828,38.68232717643504,38.1200559552498,38.48118893672263,17929600
2022-02-22,37.79091262817383,38.31661249692116,37.48006428307634,38.1520455208329,21308800
2022-02-23,37.30636215209961,38.170337169501195,37.251505322179824,38.03319683851347,19162200
2022-02-24,37.196651458740234,37.3017893550841,36.28696068533896,36.46524102055111,31807000
2022-02-25,38.5543212890625,38.57260689750525,37.33378569840017,37.36578464126919,22258400
2022-02-28,38.115478515625,38.37604234193401,37.745204522349916,37.960056069725006,22460400
2022-03-01,37.237796783447266,38.3029101601354,37.013804135761966,38.00577506313509,26263800
2022-03-02,38.05604553222656,38.26632476470073,37.379492077099684,37.46634783159086,19142800
2022-03-03,38.10176467895508,38.53146776804661,37.717777355818775,38.394327445427486,19471600
2022-03-04,37.969200134277344,37.98748574482219,37.338362264786475,37.63549733279887,17329000
2022-03-07,36.652671813964844,37.89149329913899,36.648099538892524,37.864066623953086,21826400
2022-03-08,36.46524429321289,37.233222532136786,36.245823932162494,36.7029537532452,25989800
2022-03-09,37.59435272216797,37.81834882898116,36.86751803459134,37.068652769372015,20626200
2022-03-10,37.69491958618164,37.74520413878496,37.155506329946874,37.2057908825502,15590000
2022-03-11,37.41606903076172,38.06976470736438,37.384070088031095,37.7452030060614,13862800
2022-03-14,37.361209869384766,37.90062302534752,37.173785028590544,37.65834136801343,15630800
2022-03-15,37.79091262817383,37.86405505648992,37.128075937768244,37.37949518795318,18169600
2022-03-16,38.38518142700195,38.74631430814021,37.61263111876806,38.21604218263407,23893200
2022-03-17,39.12116622924805,39.13945183841123,38.206906696828824,38.25719125012175,14103000
2022-03-18,39.35887908935547,39.427449263860886,38.82403800593632,38.92917940519449,19242200
2022-03-21,39.68604278564453,39.86040849740932,39.4244977187545,39.52085605910797,17759400
2022-03-22,39.90169143676758,40.15406094334039,39.75485922405869,39.988874266448384,13931800
2022-03-23,39.71815872192383,39.98888275011403,39.667684809901196,39.80534157010053,11578800
2022-03-24,40.51655578613281,40.53490675048919,39.93381289626418,39.965932335022245,10905200
2022-03-25,40.970821380615234,40.99376183865636,40.53491066875464,40.60832853630208,10050000
2022-03-28,40.78727722167969,40.8469266091206,40.383489482047246,40.819396661187305,10706800
2022-03-29,41.131412506103516,41.131412506103516,40.51655370974333,40.82398310792342,15656200
2022-03-30,40.99375915527344,41.21859873435241,40.796456525857145,41.145180871610776,8967200
2022-03-31,40.44773483276367,41.131422154963445,40.44314534045501,40.823992684664674,10599400
2022-04-01,40.87445831298828,41.02588002167029,40.44313714307815,40.681741684169104,12484000
2022-04-04,40.883636474609375,40.94328936417002,40.521143648591995,40.94328936417002,11518000
2022-04-05,40.5578498840332,41.1405927620763,40.43854761360013,40.860693301111894,11457400
2022-04-06,40.089820861816406,40.31006742386921,39.74109305435083,40.2963024513354,16795600
2022-04-07,40.35136413574219,40.51655080067393,39.86039363184946,40.140293064052926,11529200
2022-04-08,40.599151611328125,40.865282619844265,40.37431202551687,40.58538313608452,10311000
2022-04-11,40.39724349975586,40.828564571098056,40.346769608396436,40.466071851678294,12266200
2022-04-12,40.406436920166016,40.93411651818783,40.24125020251124,40.59456759890055,14295600
2022-04-13,41.0029411315918,41.02129559861703,40.32383985468473,40.48444056596635,17061600
2022-04-14,40.86527633666992,41.35166086522266,40.84233588297072,41.04881747004326,12664000
2022-04-18,40.90199279785156,41.1451833565469,40.76433604727549,40.837753914451156,12443000
2022-04-19,41.28742218017578,41.374601505836104,40.68632487814367,40.78727267699285,10121200
2022-04-20,41.548973083496094,41.709570286040744,41.27365959255502,41.351666948725104,17289400
2022-04-21,40.869876861572266,41.98029594217065,40.75516405983879,41.860997148912794,15328600
2022-04-22,39.34189987182617,40.53950175235113,39.26848550215289,40.53032626892575,18824200
2022-04-25,39.23177719116211,39.332725014231215,38.14888809038645,38.9243477305475,26687800
2022-04-26,38.62608337402344,39.626378850833255,38.60772891105604,39.4061287959804,21081400
2022-04-27,39.19506072998047,39.64014686400753,38.850922399640716,38.97481415898646,26049200
2022-04-28,39.814510345458984,39.95216708246469,38.72244593455243,39.38777866164878,20703000
2022-04-29,39.016109466552734,40.273360532361075,38.91975115318938,39.94299067258222,21265600
2022-05-02,38.89680099487305,39.23176379332395,38.144285571763305,39.06657713939688,32838200
2022-05-03,39.33271789550781,39.55296446892694,38.84633683684743,38.924340685735196,22845000
2022-05-04,40.60832595825195,40.635855906456186,39.22718304431883,39.58967586561885,29811200
2022-05-05,39.351070404052734,40.45689970902642,38.924338750914146,40.3238324730202,24543600
2022-05-06,38.786678314208984,39.03904778952463,38.14428615038742,39.03904778952463,28715400
2022-05-09,37.561553955078125,38.42419282318397,37.45601665435866,38.08005447409696,27881400
2022-05-10,37.327537536621094,38.28653818817417,36.88245139457424,38.185590382667925,34030200
2022-05-11,37.34589385986328,38.34618948121844,37.26330051495299,37.43307669636758,33836600
2022-05-12,37.277061462402344,37.648733224729774,36.59796381161116,36.95586710064381,26458200
2022-05-13,37.85062026977539,38.226877972210794,37.575310353488234,37.575310353488234,17295200
2022-05-16,37.78180694580078,38.08465042472213,37.345899696663956,37.69003810411626,16692600
2022-05-17,38.85091781616211,38.91057069353398,38.240645075509065,38.630671271151925,15137400
2022-05-18,37.64414596557617,38.56643768867462,37.483548775175,38.47925485641847,13932400
2022-05-19,37.91028594970703,38.35536865599408,37.35048694706465,37.39637136515277,16195000
2022-05-20,37.81850814819336,38.42878097277838,36.9925782396799,38.2819487556589,16114400
2022-05-23,38.511375427246094,38.60314425281565,38.03875932412592,38.30030432783108,12760200
2022-05-24,38.29113006591797,38.42419732992973,37.63497273000159,38.38290240355887,14059600
2022-05-25,38.46090316772461,38.626089861419004,38.01122750138844,38.14429475468428,11071400
2022-05-26,39.167537689208984,39.36484384008666,38.65362309835729,38.72704096880328,11073000
2022-05-27,40.08523178100586,40.09899675368055,39.43366406885967,39.497902941845574,13588800
2022-05-31,39.4749641418457,39.855811439107725,39.341896887353315,39.708979210143106,18490800
2022-06-01,39.08034896850586,39.663091850110895,38.699501699520674,39.539200087546455,14350000
2022-06-02,40.15864562988281,40.15864562988281,39.41071961767495,39.49790244452496,13050800
2022-06-03,39.76862335205078,40.08523172615956,39.626380633598906,39.80074278849979,10651200
2022-06-06,40.14488220214844,40.305479388770856,39.92922162264571,40.062288863206035,11184000
2022-06-07,40.433963775634766,40.48443768116838,39.69979914996634,39.805336452652,12411400
2022-06-08,39.594261169433594,40.35595216215797,39.50707834166617,40.016403334112454,8475600
2022-06-09,38.658206939697266,39.424487471495524,38.64444196618988,39.291420226330445,10812600
2022-06-10,37.47438049316406,37.97453017266576,37.4239065759458,37.91029127816201,16668400
2022-06-13,36.01063919067383,36.59796809273981,35.79956458453474,36.51537474708951,20820400
2022-06-14,35.73532485961914,36.21711994797875,35.45542538935404,36.001459356060764,15700800
2022-06-15,35.726158142089844,36.235483303050145,35.07459021571516,36.1895988787962,20859400
2022-06-16,34.4367790222168,34.86351071705558,34.14311457638756,34.7487979335049,18569400
2022-06-17,34.37712860107422,34.624908651414316,33.78062418426132,34.38630758484047,25019600
2022-06-21,34.89691162109375,35.058620425758384,34.62893501622803,34.91539313091079,11233200
2022-06-22,34.4487419128418,34.78602327096886,34.04678056307281,34.14380583801661,16064800
2022-06-23,33.977474212646484,34.50418483791157,33.62171136269464,34.310134297021726,18934800
2022-06-24,35.32658767700195,35.335830191957065,34.171520056677586,34.208483066524764,22495000
2022-06-27,35.03551483154297,35.418998159512704,34.929247050604424,35.298870129970645,13583800
2022-06-28,34.66127014160156,35.57146405716457,34.60582914775165,35.24342525193395,9846400
2022-06-29,34.41177749633789,34.78601829255974,34.056014680805085,34.72595604285339,10594800
2022-06-30,34.00518798828125,34.319366503077305,33.53392197858038,33.87582098659813,13860000
2022-07-01,34.24544143676758,34.2962646871752,33.35372921368771,33.723348687123135,16434200
2022-07-05,33.55702590942383,33.56164716726946,32.854746291325455,33.34449387335476,19413000
2022-07-06,33.769561767578125,33.86659056838363,33.155068354062934,33.520070215466966,16602000
2022-07-07,34.069881439208984,34.421023064175586,33.97285615961047,34.18538822801494,9897200
2022-07-08,33.73721694946289,34.17614480501157,33.557026664286035,34.12070028457754,8182600
2022-07-11,33.644805908203125,33.79727566378836,33.33524866503524,33.39531090587809,8287600
2022-07-12,33.58012771606445,34.02367328194967,33.45999969041216,33.50158395986315,13606800
2022-07-13,33.38608169555664,33.58013224587294,32.86398877805532,33.030318828322805,19998800
2022-07-14,32.771575927734375,32.7992964203112,32.33265167866507,32.762336938537544,15012400
2022-07-15,33.28443145751953,33.39993822818347,32.877848893777745,33.30291296382419,10334000
2022-07-18,33.362972259521484,33.875822557828364,33.23822650925148,33.7187350556375,7533400
2022-07-19,34.37944030761719,34.45798407342855,33.69563860676226,33.732601623021935,11284800
2022-07-20,34.43950271606445,34.59197251506263,34.18538638440083,34.333234925099504,9383400
2022-07-21,34.92925262451172,34.93849514171358,34.22235163303155,34.37944270057575,9401800
2022-07-22,34.679752349853516,35.32196972485177,34.52266483078319,35.14177944121842,10807400
2022-07-25,34.82298278808594,34.86918479175127,34.541145983244405,34.77215952655799,7729800
2022-07-26,34.58735275268555,34.79064582680898,34.453364456103046,34.64279727971578,7703800
2022-07-27,35.003173828125,35.14177984212354,34.17614490214847,34.34247493893632,11703200
2022-07-28,35.62228012084961,35.65924312593926,35.09094837889097,35.16949564595303,11832000
2022-07-29,36.098182678222656,36.195207964028896,35.737802038088724,35.876411603519166,9258000
2022-08-01,35.80709457397461,35.95494308153866,35.54836056698414,35.92722258792867,10411600
2022-08-02,35.44210433959961,35.941094536966816,35.24343251240643,35.626915915474974,11367400
2022-08-03,35.479061126708984,35.72393492360398,35.17874280929575,35.636148647363505,9597400
2022-08-04,35.502159118652344,35.807098683303856,35.321968839535316,35.53450439822466,6898800
2022-08-05,35.62690734863281,35.7793771264412,35.16950154019444,35.220324799463896,5892000
2022-08-08,35.825584411621094,36.33381355428271,35.8024816449144,36.06121923707765,9414200
2022-08-09,35.65000915527344,35.899500662281675,35.52525987678264,35.88564041466863,13987200
2022-08-10,36.6618537902832,36.869768123585374,36.33381493550414,36.34305745253308,8528200
2022-08-11,36.786598205566406,37.25324302886614,36.74039267653819,36.99913024414575,6129200
2022-08-12,37.479637145996094,37.488876136391696,36.83279854371322,36.90210330913402,7447200
2022-08-15,37.45654296875,37.511987498793644,36.957552773320025,37.08230208467132,6380200
2022-08-16,37.664451599121094,37.826163921104886,37.345655263610325,37.35027299710493,5211400
2022-08-17,37.14698028564453,37.32717057623825,36.948308487683875,37.2440055555806,8159600
2022-08-18,37.26248550415039,37.35488951213243,37.02222944341796,37.294827259442805,4562800
2022-08-19,36.57868194580078,37.05919051713151,36.44469367374817,37.05919051713151,6634400
2022-08-22,35.99653625488281,36.195204541566795,35.86716569438621,36.01039650511776,7032000
2022-08-23,36.352298736572266,36.532489055135954,36.00115709206892,36.00115709206892,9840000
2022-08-24,36.43083572387695,36.56482400438171,36.20444343439711,36.3060899592619,5778200
2022-08-25,37.257869720458984,37.27172997119405,36.68033577324827,36.68033577324827,6130800
2022-08-26,36.11665725708008,37.3733715225027,36.0889367593092,37.34102976677434,8665800
2022-08-29,35.862545013427734,36.1582420774277,35.631531461866075,35.71931421446831,7198800
2022-08-30,35.2757682800293,35.97805144403173,35.06785749561334,35.95494867910239,7402600
2022-08-31,34.841468811035156,35.33583771681161,34.827605035650166,35.33583771681161,10050800
2022-09-01,34.384056091308594,34.481081359748394,33.9636132614028,34.42101910547243,11796000
2022-09-02,34.351722717285156,35.16489160237481,34.19925289039561,34.892293712634,14134200
2022-09-06,34.24544143676758,34.67512667431355,34.09297168554472,34.55037741422715,12551200
2022-09-07,35.19260787963867,35.25267366634266,34.074503000073925,34.15304677116184,12192000
2022-09-08,35.534507751464844,35.56222825087198,34.71671776908215,34.841467066388695,8796600
2022-09-09,36.07044982910156,36.17209633896109,35.793234318112425,35.890259570709304,7296600
2022-09-12,36.407745361328125,36.58331443118411,36.18597075073144,36.44008712485391,8099000
2022-09-13,35.109439849853516,35.88102781898115,35.021657094074676,35.47906295572258,9404000
2022-09-14,34.679752349853516,34.98931318005809,34.34247454714984,34.952350166752026,11562400
2022-09-15,34.222347259521484,34.90614892058424,34.16228500533513,34.54576482050499,10417400
2022-09-16,33.68178176879883,33.811148813825014,33.316779877482034,33.7603255425665,16265400
2022-09-19,34.23934555053711,34.28580887251462,33.27289285573825,33.31470878204074,10323400
2022-09-20,33.588844299316406,33.77470110941571,33.33793813742092,33.77470110941571,9549600
2022-09-21,32.854713439941406,33.900154059330426,32.84077479887072,33.83045730905303,17767400
2022-09-22,32.45977020263672,33.08238647547224,32.436536770697,32.98945983756139,11753000
2022-09-23,31.795331954956055,31.944016690847413,31.321400467091014,31.902200770560967,14010200
2022-09-26,31.279584884643555,31.97189793973853,31.121608884053412,31.567663147096603,14978000
2022-09-27,31.349287033081055,31.860390742541075,31.061208721057334,31.679181277777293,14157800
2022-09-28,32.157752990722656,32.30643773684878,31.39574322371079,31.51655068772701,13507800
2022-09-29,31.683822631835938,31.85109342047585,31.223826190614126,31.85109342047585,11454600
2022-09-30,31.600187301635742,32.18563151813926,31.502613265551826,31.6605892635189,10820800
2022-10-03,32.62704086303711,32.86865224764312,31.925433051222672,32.106642475908174,19858000
2022-10-04,33.825809478759766,33.862978002267084,33.22642316877526,33.28217772649802,30250200
2022-10-05,33.44480895996094,33.71894502397277,33.06844792209728,33.35187877687929,18429800
2022-10-06,33.091678619384766,33.53773282654249,33.00804323398496,33.1846052498629,23953600
2022-10-07,32.273921966552734,32.887247156707446,32.06483520317554,32.8175503872734,10183800
2022-10-10,32.343605041503906,32.53410568271121,32.12987097201412,32.39936314242781,10391200
2022-10-11,32.09270095825195,32.61774314875172,31.865028235193925,32.074114923421384,13918800
2022-10-12,31.85109519958496,32.13452607700509,31.832509161484133,32.10199785163542,16029200
2022-10-13,32.78501510620117,32.93369984531386,31.065847588652918,31.22847096816308,19446400
2022-10-14,31.67917823791504,33.06845184943407,31.623420121444,32.99875509007638,16595200
2022-10-17,32.46907043457031,32.68745199351632,32.27856971065305,32.32038564580867,11471400
2022-10-18,33.10561752319336,33.454097707648025,32.73855130351026,33.24965486505902,15958800
2022-10-19,32.7153205871582,33.13814135686268,32.51552514468229,32.86400532028514,8690200
2022-10-20,32.478355407714844,33.351877834455145,32.399367413020414,32.761786254487944,11416600
2022-10-21,33.602787017822266,33.649250339755035,32.38542813160802,32.41795281145338,16680600
2022-10-24,33.40763854980469,33.91874217496313,33.342589190871294,33.737532740088085,13474800
2022-10-25,34.234703063964844,34.257936500747284,33.38905772098516,33.43087365328386,12002600
2022-10-26,34.47631072998047,34.834085765730045,34.18823599695673,34.42984740642093,13530600
2022-10-27,34.388031005859375,34.79691321045526,34.32298164478558,34.52742097462137,9954000
2022-10-28,34.73186111450195,34.801557865857,34.113888688037406,34.2811594733199,9254800
2022-10-31,34.420555114746094,34.82478991685917,34.36944439690491,34.54135904334867,9583400
2022-11-01,34.508827209472656,34.97346742448867,34.22075254491378,34.93629890142926,23317600
2022-11-02,33.6120719909668,34.945590705590504,33.59813335148086,34.64822124681199,31466600
2022-11-03,33.86763000488281,34.09995014679855,33.11491146890315,33.193903011296776,17459000
2022-11-04,35.043174743652344,35.30337575315205,34.4437882599636,34.7318665564036,19279600
2022-11-07,35.31731033325195,35.34054022138801,34.89448595704011,35.2615522208619,11153200
2022-11-08,35.925987243652344,36.27911485822982,35.424174877398684,35.52174891334955,12313600
2022-11-09,35.345191955566406,36.079324573323916,35.26620394534461,35.758721591344774,13207800
2022-11-10,37.301326751708984,37.32920403834875,36.60436622631853,36.78093182816916,17436600
2022-11-11,37.752017974853516,38.184133522393395,37.64050531433716,37.719493301164434,12982400
2022-11-14,37.700904846191406,38.22130313672614,37.589392192835156,37.626564258928354,12733800
2022-11-15,37.64516067504883,38.137681870698856,37.27345051136115,38.11444843456384,14455000
2022-11-16,37.27808380126953,37.621916547426046,37.20373966970958,37.50110910610278,12797800
2022-11-17,36.920318603515625,36.94355203698299,36.46497308491875,36.70658448632791,9358600
2022-11-18,37.16658401489258,37.29668275764449,36.82275111691611,37.29668275764449,7491200
2022-11-21,37.29203414916992,37.41748547941414,36.818099023970845,36.901734425775125,7238200
2022-11-22,38.137672424316406,38.14696366951426,37.48717536782984,37.5708107543056,7214000
2022-11-23,38.28635787963867,38.323529950974425,38.00292703932026,38.10050106788374,8495800
2022-11-25,38.27242660522461,38.30030389162991,38.14697172655171,38.230607130692135,2456600
2022-11-28,37.41748046875,38.00757559827151,37.343139868726,37.99363341240081,6464000
2022-11-29,37.542938232421875,37.74737755700161,37.4407167976699,37.55687687444729,5673200
2022-11-30,38.4489860534668,38.462924695724276,37.20839726361108,37.55687749974523,14624800
2022-12-01,38.49544906616211,38.75565005093006,38.16090747497778,38.713830579569894,8215800
2022-12-02,38.918277740478516,39.0204991873768,37.99364086711654,37.99364086711654,6825000
2022-12-05,38.14696502685547,38.778876070507145,38.086563068610786,38.625543932358454,9452400
2022-12-06,37.80778503417969,38.402524091057764,37.53364539535109,38.170203925406994,9495600
2022-12-07,37.72414779663086,38.095857916625505,37.63121760793903,37.74737768511065,8167200
2022-12-08,38.002925872802734,38.198073923939525,37.88211841713169,37.97040119761327,5523800
2022-12-09,37.6265754699707,38.23525316768143,37.617280678216304,37.91000280984086,7872400
2022-12-12,37.95181655883789,37.961107804266554,37.515053580289646,37.64979968101036,6385800
2022-12-13,38.476863861083984,39.19705777685546,38.20272777316183,39.1227136239058,12576000
2022-12-14,38.063331604003906,38.56514396664077,37.77060949826111,38.31888518078863,15635200
2022-12-15,36.901729583740234,37.4546526422796,36.80880294722852,37.41748056970533,10456800
2022-12-16,36.74375915527344,36.85527184495404,36.38134025511812,36.609013030485656,14570600
2022-12-19,36.26628112792969,36.88357936309966,36.093249237567356,36.67313459354194,6460000
2022-12-20,36.50478744506836,36.71990619127375,36.31773014776924,36.33175908827775,5641800
2022-12-21,36.82278060913086,36.97710605179295,36.60766191688447,36.69651660833628,5755400
2022-12-22,36.46737289428711,36.560901529517906,35.850074625253114,36.560901529517906,6631200
2022-12-23,36.71990966796875,36.729264674453,36.26629175439099,36.46738157912735,6202200
2022-12-27,36.75263977050781,36.99581995367914,36.5936403620327,36.8087590976756,4868600
2022-12-28,36.191463470458984,36.88358761894145,36.16340558872636,36.743291074499666,5046400
2022-12-29,36.584285736083984,36.738607628538766,36.39254739422284,36.39254739422284,6446200
2022-12-30,36.32707595825195,36.453339971158925,36.023102545393854,36.31772452199127,5818800
2023-01-03,36.2896614074707,36.62637018357971,35.95763013322114,36.38786753918774,10684000
2023-01-04,36.920989990234375,37.02387362774413,36.44866575314127,36.472046127555245,9742000
2023-01-05,36.336429595947266,36.54219688503549,36.07454655011782,36.34578460066341,8212600
2023-01-06,37.585060119628906,37.669237325805135,36.6731397914049,36.6731397914049,8729200
2023-01-09,37.82356262207031,38.328625904415084,37.697298585428804,37.89371089482198,16791200
2023-01-10,38.20236587524414,38.23042376013236,37.62715425980736,37.83759910013826,8049000
2023-01-11,38.80094909667969,38.81965553833766,38.37538557671089,38.60453681110437,9845800
2023-01-12,38.945919036865234,39.05815411741752,38.50165264909114,38.889803280533535,7787600
2023-01-13,39.18442153930664,39.26392123903309,38.688713331731286,38.7214487120827,6965200
2023-01-17,38.791595458984375,39.324716577413405,38.75418614223899,39.24989437603359,6943000
2023-01-18,38.244449615478516,39.203134374524716,38.22574317109977,39.14701504138849,9444600
2023-01-19,37.9498291015625,38.108828518389274,37.65053314339154,37.95450660437778,8159800
2023-01-20,38.71209716796875,38.74015504852411,37.8469446945831,38.04803449697126,6897400
2023-01-23,38.83835983276367,39.00203672836067,38.47358959243341,38.6606504307823,12497400
2023-01-24,38.86174774169922,38.917867074450285,38.30056868574629,38.62324503736899,9361000
2023-01-25,38.94124221801758,38.955274725235675,38.30524103846594,38.4361825627233,7203800
2023-01-26,39.12831115722656,39.14701760282929,38.49230627829249,38.61389639076539,11506200
2023-01-27,39.002037048339844,39.277949022054315,38.824327644900514,38.86174052645498,6839400
2023-01-30,38.7354736328125,39.226504287145744,38.68403181646971,38.76353150794912,10421400
2023-01-31,39.58660888671875,39.600637828498996,38.76354314601176,38.76354314601176,7742600
2023-02-01,39.84848403930664,40.17116390750147,39.10024422773566,39.35745333541109,14447200
2023-02-02,39.72222137451172,39.83913396055124,39.12830343941313,39.67545348578473,12327800
2023-02-03,39.0067138671875,39.600628187933225,38.9505945458389,39.28730333815311,11875800
2023-02-06,38.576473236083984,38.81497589420178,38.370709524977855,38.660650434955635,12524600
2023-02-07,39.095558166503906,39.19376428578338,38.50631788293899,38.525024320119094,15105800
2023-02-08,38.7822380065918,39.26391722591163,38.75418013141231,38.88979914126066,10531800
2023-02-09,38.2210578918457,39.165709861316415,38.04802600861559,39.08153267054073,16661200
2023-02-10,38.36135482788086,38.41747415020755,37.90773345076752,38.13688467435161,7016000
2023-02-13,38.56244659423828,38.64194629571604,38.17897345829321,38.4268275675409,5498600
2023-02-14,38.65129852294922,38.75885609536296,38.20702859130369,38.39876692944189,8215000
2023-02-15,38.81966018676758,38.82901162477188,38.291212958345895,38.394096615840006,7956800
2023-02-16,38.380062103271484,38.8290059879815,38.188327324957804,38.28185596298075,8673600
2023-02-17,38.01996994018555,38.15091145030306,37.81420267120742,38.11349857087276,7452400
2023-02-21,37.3933219909668,37.954504558200185,37.33720266387674,37.823559461656714,11800600
2023-02-22,37.673912048339844,37.86097290685344,37.36994216713051,37.56167696038734,11868800
2023-02-23,37.715999603271484,37.97320514250509,37.1594945721641,37.814205743839466,11192400
2023-02-24,37.96853256225586,38.01997438551502,36.883583907143695,37.07999619528467,18648200
2023-02-27,38.09479904174805,38.45489182778244,38.05738615553085,38.211711635259874,12939600
2023-02-28,38.267822265625,38.51567633666615,38.015290692897686,38.08543894663667,17093600
2023-03-01,38.5671272277832,38.94124538928729,38.34733097935632,38.35200848214328,15481600
2023-03-02,39.0067138671875,39.10024250154647,38.277176961210486,38.36603166137359,12669800
2023-03-03,39.56321716308594,39.586601106717055,38.95994780986958,39.26392123762976,11994600
2023-03-06,38.922542572021484,39.408895825913895,38.857068236574065,39.408895825913895,10962800
2023-03-07,38.15559768676758,38.77757362825711,38.01998219891139,38.77757362825711,13520600
2023-03-08,38.3426513671875,38.43618357833486,38.043355427294,38.17429695501128,11590400
2023-03-09,37.35590744018555,38.49697539823556,37.23899485654563,38.37071137777557,12851800
2023-03-10,36.56090545654297,37.37929359032652,36.36449316072831,37.369942152954486,26124800
2023-03-13,36.18678665161133,36.68249850155765,35.91555213132682,36.19614165762527,40704800
2023-03-14,36.64975357055664,37.07531346822601,36.25224797995392,36.715224324044236,16477200
2023-03-15,35.461917877197266,35.78459411046133,34.966206206115,35.70509442747512,28524400
2023-03-16,35.86878204345703,35.91554993488782,35.01765851059874,35.125219665844696,21605600
2023-03-17,35.312286376953125,35.75187537252384,35.25148953517851,35.74252393342224,19087000
2023-03-20,36.03887939453125,36.05766361390403,35.58797929463084,35.58797929463084,14785800
2023-03-21,36.475685119628906,36.630678218050974,36.23144727249111,36.46159158031154,9498000
2023-03-22,35.827518463134766,36.687041607325966,35.81812635366797,36.41462384849921,14654600
2023-03-23,35.785247802734375,36.50386420515707,35.50813220360924,35.98721219416225,13439600
2023-03-24,36.076454162597656,36.16099748983802,35.25450654130806,35.5128343699334,13465200
2023-03-27,36.34416961669922,36.60249741344652,36.081147557034186,36.452198581722676,10614000
2023-03-28,36.5179557800293,36.579013451435635,36.3019014234296,36.33947702894441,10248000
2023-03-29,37.02521896362305,37.04870103158172,36.860830154283164,36.98764335480042,8270200
2023-03-30,37.27884292602539,37.43383601641832,37.14263405360207,37.41035395225295,8433400
2023-03-31,37.884742736816406,37.90352695808534,37.283543737397935,37.283543737397935,13526200
2023-04-03,38.124271392822266,38.222904659660784,37.84246154708269,37.959882614758065,16128600
2023-04-04,37.57474899291992,38.04913120230958,37.429147987262695,38.030343397804245,17497400
2023-04-05,37.490203857421875,37.541869421469585,37.15203055943948,37.29293729473452,18561000
2023-04-06,37.400962829589844,37.43853843693356,37.123850788096036,37.24127187348978,19031400
2023-04-10,37.579444885253906,37.64520040589875,37.21778593830016,37.25536154535639,9267200
2023-04-11,37.87064743041992,38.07730968881798,37.73443854042186,37.748532080827594,7715400
2023-04-12,37.898834228515625,38.21821975412533,37.83307870119076,38.13367642136372,11888000
2023-04-13,38.28867721557617,38.415494031827386,37.84247839314134,37.922323894687246,18003000
2023-04-14,38.01155090332031,38.46244740559352,37.818978618456235,38.19472749538734,8826200
2023-04-17,38.2323112487793,38.241703360171364,37.927015669126476,38.030346811477365,7366200
2023-04-18,38.391998291015625,38.51881507395907,38.21351952559986,38.37790833366797,6766000
2023-04-19,38.283966064453125,38.31684382020013,38.04442608206405,38.1336672405516,7309600
2023-04-20,38.241695404052734,38.363814327188756,38.00215898761004,38.0115510970481,8052000
2023-04-21,37.903526306152344,38.13367422192259,37.69216977814249,38.09140076627626,10844200
2023-04-24,38.16184997558594,38.17124208503474,37.91761571244122,37.964583426499026,7731000
2023-04-25,37.335205078125,37.80019512855998,37.31641727557548,37.76261952346094,11966000
2023-04-26,36.89371109008789,37.31172991983139,36.77159214261221,37.1849131249969,11910400
2023-04-27,37.39627456665039,37.4103645258133,36.79038123879112,37.00173779305024,11826400
2023-04-28,37.83307647705078,37.89883200051,37.27884879117505,37.38217633989149,10143200
2023-05-01,37.81428527832031,38.06321739241443,37.743831914250464,37.88004079587699,8416400
2023-05-02,37.44793701171875,37.513692537925905,36.851435845315685,37.46202696970494,11681000
2023-05-03,37.034603118896484,37.68746395247067,37.020513164466415,37.50428737806678,12701400
2023-05-04,36.79507064819336,37.35399617729614,36.70583305746628,37.1144561529082,16655000
2023-05-05,37.41505432128906,37.54656535638421,37.16611862382245,37.198996382596235,10267200
2023-05-08,37.29294204711914,37.69687091747155,37.236578629137085,37.6452053468399,7680000
2023-05-09,36.95476531982422,37.14733404265427,36.80446646905176,37.086276366324206,15114400
2023-05-10,36.97825241088867,37.400965481553456,36.57432356182051,37.400965481553456,11730200
2023-05-11,36.61658477783203,36.738703689780515,36.442800310190215,36.62598046981621,12849800
2023-05-12,36.682342529296875,36.846731314998266,36.36765491332467,36.780975800717705,8287200
2023-05-15,36.99234390258789,37.02052381955865,36.640080606823226,36.870224956702025,6487200
2023-05-16,36.38174819946289,36.83264473155438,36.36765824274239,36.79506912469498,8346400
2023-05-17,36.62128448486328,36.766885467358335,36.38644234101617,36.55552897125863,10505600
2023-05-18,36.83734130859375,36.874916914158035,36.278415821897696,36.45220031007728,13352400
2023-05-19,36.93126678466797,37.119141178442874,36.729302438456,37.105051226005806,9943000
2023-05-22,36.738712310791016,37.109763396291875,36.67765104878502,37.00643226065779,8288600
2023-05-23,36.17039489746094,36.56962590146496,36.09524367706104,36.47099261224567,10494200
2023-05-24,35.757076263427734,36.048281915508234,35.68662646191537,36.01540414699979,14127600
2023-05-25,35.630245208740234,35.80402966013169,35.432978696397214,35.799331814578885,11713000
2023-05-26,35.80873107910156,36.03418112641418,35.64904013245228,35.89327439891793,15882600
2023-05-30,35.61616516113281,35.84630948954124,35.343747377804426,35.78055396713883,12780600
2023-05-31,35.235713958740234,35.53161735565731,35.090112975118664,35.414196282825266,13816800
2023-06-01,35.70540237426758,35.808733503640255,35.25450583251995,35.41420037338877,14559600
2023-06-02,36.903099060058594,36.987642385991435,36.35356923319873,36.409929061549164,17659000
2023-06-05,36.874916076660156,37.288236978259064,36.73870719713842,36.97824719791161,14321400
2023-06-06,37.10975646972656,37.20369189363858,36.70112985055517,36.72461549823654,15206800
2023-06-07,37.55126190185547,37.584139662627564,37.02521772950192,37.02521772950192,13330800
2023-06-08,37.41505432128906,37.67807639147936,37.156726514204344,37.570047422132944,11719200
2023-06-09,37.105064392089844,37.325816614349975,36.96415765090887,37.26945320119613,11621400
2023-06-12,37.27415466308594,37.321122386898885,36.884315746963985,37.147337867042594,9691200
2023-06-13,38.138362884521484,38.16184853236564,37.47610989951594,37.55595536873527,16467200
2023-06-14,37.978675842285156,38.47184583035234,37.776711433688995,38.43896448663455,13956600
2023-06-15,38.30275344848633,38.45305227075202,37.89882469175854,37.93170244714771,11778200
2023-06-16,38.39669418334961,38.41548198665918,38.11958214719937,38.36381642340963,16966800
2023-06-20,37.87703323364258,38.08942637212989,37.664640095155264,38.009189284344224,11739600
2023-06-21,37.99974822998047,38.1602223933906,37.58439655812925,37.69767625098797,13355400
2023-06-22,37.910072326660156,37.94311133940559,37.551360473293826,37.862874251449874,8650000
2023-06-23,37.60327911376953,37.67407802646882,37.32008706395465,37.513603851933894,11953400
2023-06-26,37.995033264160156,38.04695223123327,37.61744143107981,37.70712030165748,8335800
2023-06-27,38.53309631347656,38.56141443842941,37.96671220852571,38.08942648397626,13676200
2023-06-28,38.2687873840332,38.43870334980208,38.09415053005335,38.43870334980208,10987000
2023-06-29,38.75020980834961,38.769089758386386,38.079987786464336,38.16494576113869,10564000
2023-06-30,39.1136474609375,39.21276451035164,38.81629271171235,38.95789055429411,12966600
2023-07-03,39.25996017456055,39.429876134807785,39.02868707349499,39.094765102370864,7865600
2023-07-05,38.29238510131836,38.86821103683908,38.216868893912824,38.830451132644974,23658800
2023-07-06,38.013916015625,38.03751325631633,37.43336915967884,37.80151924350588,17904200
2023-07-07,38.34430694580078,38.72661970272621,37.938396947720854,37.99031591963686,13663000
2023-07-10,38.33486557006836,38.56613867958461,38.03751082827912,38.07055344490693,11196200
2023-07-11,38.71245574951172,38.74077747933142,38.39622464089046,38.566140615877394,9412000
2023-07-12,39.22220230102539,39.340199301690916,38.896533027856755,39.18444239657658,23076800
2023-07-13,39.52899169921875,39.57618977508105,39.21276062986077,39.35435485744765,9610000
2023-07-14,39.2977180480957,39.547871087493476,39.123081208807484,39.547871087493476,11252000
2023-07-17,39.33547592163086,39.41571661374731,39.09476464822889,39.16556356433989,9072800
2023-07-18,39.64226531982422,39.760262302584366,39.18915733814311,39.18915733814311,11795400
2023-07-19,39.42987060546875,39.694182683907165,39.30715274005863,39.590344767097214,10383400
2023-07-20,39.52427673339844,39.61395561166135,39.25052641198721,39.55731575155063,9853400
2023-07-21,39.52899169921875,39.590348837741494,39.21276062986077,39.41099470907183,9048000
2023-07-24,39.651710510253906,39.72250942620443,39.401557461413496,39.57619070631136,8705600
2023-07-25,40.364410400390625,40.515446409708936,39.81218532891264,39.87354607084298,17521000
2023-07-26,40.227535247802734,40.3360904616008,39.91130057917233,40.08121653214372,12335200
2023-07-27,39.96794509887695,40.487131193162234,39.93018519358787,40.369134189870906,14101400
2023-07-28,40.24641036987305,40.4068881432219,40.03873812333874,40.402167255510456,8129600
2023-07-31,40.45880889892578,40.52488692588671,40.227535804562535,40.34081190778378,11001200
2023-08-01,40.27945327758789,40.44465195462567,40.11897908970073,40.260576926880944,15073400
2023-08-02,39.779144287109375,40.14257702915444,39.72722532396008,39.911300338404914,20370600
2023-08-03,39.53372573852539,39.86411598045258,39.46292680068854,39.66116094584486,18758800
2023-08-04,39.444034576416016,40.019860476959416,39.41099556249873,39.73194752668772,16990000
2023-08-07,39.70362854003906,39.769706566441165,39.41571559600888,39.58563154989497,10322200
2023-08-08,39.28356170654297,39.35907791188303,38.863489085592896,39.057005888557676,12857600
2023-08-09,39.12308120727539,39.51483207321393,39.07116224427234,39.43459498529369,15928200
2023-08-10,39.15140151977539,39.543152407602996,39.06172625219959,39.31660019364228,11144800
2023-08-11,39.042850494384766,39.241084603137935,38.90597353329818,39.047571382969245,7974600
2023-08-14,39.127803802490234,39.132524690509875,38.73605291945705,38.94844606756867,7753400
2023-08-15,38.490623474121094,38.83517270324362,38.405665488683,38.75021471780553,11392600
2023-08-16,38.23101806640625,38.622768868853186,38.21685900624244,38.42925211066311,10564400
2023-08-17,38.15550994873047,38.73605679989917,38.11775364373848,38.495341900538214,10530800
2023-08-18,38.15079116821289,38.24046644016517,37.848719134201374,37.933677118828534,9817800
2023-08-21,38.15550994873047,38.3018286841372,37.87703874437752,38.245188825174964,9705200
2023-08-22,38.122474670410156,38.40094950305955,38.00919854235807,38.3348714616139,7218200
2023-08-23,38.1838264465332,38.31598249835346,38.02334866862122,38.11774842062307,7004600
2023-08-24,38.02334976196289,38.35374350199618,37.97143079711455,38.00919069900106,8140400
2023-08-25,38.13663101196289,38.31126426354048,37.815679034895524,38.19798815427629,10757800
2023-08-28,38.415103912353516,38.5991789484937,38.22159070042939,38.24046705199727,10101800
2023-08-29,39.05228805541992,39.07116800847753,38.30654971505015,38.438705785470546,11751000
2023-08-30,39.141963958740234,39.212762877082234,38.98620705858435,39.05228508877486,7597400
2023-08-31,39.12308120727539,39.30715622120173,39.08060401989961,39.20803918300926,6560000
2023-09-01,39.562042236328125,39.66588019406124,39.41100618898452,39.495964190676766,11825400
2023-09-05,38.83045196533203,39.533716692343106,38.83045196533203,39.500677675710435,12926400
2023-09-06,38.74549102783203,38.92484876244492,38.4434190127795,38.69357566363524,9306200
2023-09-07,38.57085418701172,38.72661106803135,38.28294126184772,38.589734136315506,8874400
2023-09-08,38.60861587524414,38.77381093808189,38.490618887362565,38.495336174170575,6986400
2023-09-11,38.77381134033203,39.047565219293034,38.69829153883286,38.858769316527436,8070600
2023-09-12,38.684139251708984,38.863493410209365,38.59918126063344,38.64637934434586,8421400
2023-09-13,38.457584381103516,38.74549375236693,38.34902555509976,38.66525665544135,9171000
2023-09-14,39.0003662109375,39.080606905765336,38.71717413790668,38.85877197491338,8669000
2023-09-15,38.566139221191406,39.06172806381156,38.50478207726944,38.891812094969374,13975600
2023-09-18,38.40583801269531,38.60502770117982,38.28727220502482,38.519660174923416,7366600
2023-09-19,38.37263488769531,38.55285359000348,38.04064849711814,38.3821185590417,8168200
2023-09-20,37.969512939453125,38.61451122008154,37.94580194901815,38.519660021659064,9299400
2023-09-21,37.20595169067383,37.7276441768297,37.19172437165895,37.71341323947326,13559600
2023-09-22,37.16801452636719,37.49051370124198,37.101617956687825,37.30555131165779,12035200
2023-09-25,37.46205520629883,37.48102617156423,37.00201924905233,37.0257338602195,8245600
2023-09-26,36.921390533447266,37.43359567362416,36.81705204729925,37.234405991891315,10951800
2023-09-27,36.91664505004883,37.15852029059046,36.69848441639322,37.10635105011401,11032000
2023-09-28,37.31502914428711,37.44782226285984,36.98304634785528,36.98304634785528,9398200
2023-09-29,37.253379821777344,37.6754738257951,37.15378135490443,37.670730180148425,11714400
2023-10-02,36.76014709472656,37.1585265049815,36.508788140397854,37.106357255780274,22598800
2023-10-03,36.66054916381836,37.125325103422426,36.38547562173522,36.38547562173522,26358000
2023-10-04,37.092124938964844,37.15377785319508,36.594150743241165,37.03995569679268,17954000
2023-10-05,36.64158248901367,37.19646966522436,36.41867816566193,36.99727995350899,20474400
2023-10-06,36.987789154052734,37.24389173840476,36.4139310666189,36.546724195170015,16085800
2023-10-09,37.03520965576172,37.14429177824905,36.59414837594233,36.774367080116086,12974800
2023-10-10,37.42885208129883,37.737123894897444,37.19172047366008,37.24388971680789,13709800
2023-10-11,37.518959045410156,37.73237602103143,37.20594362160213,37.58061195388411,9858800
2023-10-12,36.95933532714844,37.68021387722205,36.674778099970474,37.68021387722205,12126600
2023-10-13,36.82179641723633,37.30554693192625,36.66054865790052,37.1442955542492,11269200
2023-10-16,37.18223571777344,37.428850990460184,36.97355875126391,37.09686819677782,12363800
2023-10-17,37.54741668701172,37.67546977732164,36.91190573562225,36.91190573562225,11636600
2023-10-18,36.5751838684082,37.300806076372965,36.52775464779385,37.300806076372965,13017200
2023-10-19,36.14834976196289,36.745922540653794,36.10092415503165,36.44239069594172,18466200
2023-10-20,35.71202087402344,36.20525142432887,35.69778993843097,36.1341148380721,14322400
2023-10-23,35.31364059448242,35.683565344615396,35.25198767557406,35.36580984061311,18276000
2023-10-24,35.73099136352539,35.94441199610641,35.541288959019724,35.60294187864992,14848400
2023-10-25,35.31364059448242,35.72150727240888,35.285185957808004,35.65985435350051,12540000
2023-10-26,35.560264587402344,35.8827637830406,35.4559260802338,35.56974826153498,17553400
2023-10-27,35.54602813720703,35.811618010185406,35.460660609882076,35.57448639187624,16473200
2023-10-30,35.911216735839844,36.053493551193384,35.655114126193396,35.90647308982554,11954200
2023-10-31,36.07246780395508,36.176806315727056,35.75945588698119,35.84956345941349,11162600
2023-11-01,36.0914306640625,36.17205454383293,35.72150592785347,36.020290456712786,17561000
2023-11-02,36.78860092163086,36.80282824049164,36.30485398865676,36.32856498064422,13101200
2023-11-03,37.36720657348633,37.623309194706195,37.092132985693674,37.092132985693674,12129600
2023-11-06,37.18223571777344,37.400396356242005,37.10161184192788,37.3766817488328,9337600
2023-11-07,36.46135711669922,36.85025283439828,36.41393151568059,36.82179819745539,15016000
2023-11-08,36.5751838684082,36.67477871868361,36.33805223870252,36.55146925810103,10941600
2023-11-09,36.26216506958008,36.82653945462032,36.23845407977928,36.82179580932369,13878000
2023-11-10,36.68901062011719,36.71746526136667,36.247945589040384,36.29537119723684,7248200
2023-11-13,36.636837005615234,36.78860110478833,36.42816001237415,36.475589233268245,8079400
2023-11-14,37.71815872192383,37.888893795099314,37.05893304096248,37.06367668697895,10995800
2023-11-15,37.8841438293457,38.23035756395865,37.76557802710501,37.8035199522239,9819800
2023-11-16,37.99797439575195,38.0406563531365,37.775070080499525,37.87466493273839,7165600
2023-11-17,38.06911087036133,38.19716397879103,37.95528869935615,38.11654009175993,6890000
2023-11-20,38.1355094909668,38.254075302912334,37.80826669212785,38.01220003340784,9634600
2023-11-21,38.28252410888672,38.42480089054554,38.22086758032777,38.249325831332236,7363000
2023-11-22,38.306243896484375,38.36315679322663,38.111797831379654,38.282532903264716,7523000
2023-11-24,38.47224044799805,38.60028994775772,38.31098904341499,38.31098904341499,3689800
2023-11-27,38.42481231689453,38.46749789692416,38.16396966378306,38.329961100916165,6524600
2023-11-28,38.50069046020508,38.70936744634247,38.31098443811122,38.42480660403097,6996200
2023-11-29,38.69988250732422,38.87536122163636,38.6097749455675,38.64771325761903,6244400
2023-11-30,39.08403015136719,39.11722842902185,38.59553603967592,38.72358912373024,11482400
2023-12-01,39.52984619140625,39.66738298559974,39.050839234848496,39.14095042167848,16782800
2023-12-04,39.06980895996094,39.48716297551829,39.05083799394998,39.202605722037596,21230000
2023-12-05,38.53388214111328,38.89906318594988,38.443770981929624,38.87535219871367,17533400
2023-12-06,38.45326614379883,38.832674582319285,38.42006786019902,38.70462509367474,16910000
2023-12-07,38.71410369873047,38.75678926825165,38.486459389087706,38.60028154390909,8559600
2023-12-08,38.856388092041016,39.04135046947776,38.6856530331238,38.6856530331238,8247000
2023-12-11,39.1314582824707,39.13619830934233,38.71410434393496,38.78524454876184,9205800
2023-12-12,39.35910415649414,39.648405014144046,39.16939814221435,39.49664092638846,20435000
2023-12-13,39.83810806274414,39.857079024593986,38.832668794748315,38.932263630704256,16392600
2023-12-14,40.497337341308594,40.72024164066087,40.07998699717201,40.07998699717201,12713400
2023-12-15,40.39300537109375,40.64436434724807,40.27443954322156,40.27443954322156,10811200
2023-12-18,40.4555549621582,40.785084321077186,40.426901502643176,40.69912029890806,8052800
2023-12-19,40.82807540893555,40.92359303885638,40.675250844687234,40.718234689057866,7285400
2023-12-20,40.20244598388672,40.81852096532698,40.19289604376054,40.718230197691305,9358800
2023-12-21,40.62749099731445,40.63704093782311,40.3552721475082,40.54152695823749,7544400
2023-12-22,40.88059616088867,40.97133696947712,40.70866812547048,40.780305414165376,5386600
2023-12-26,41.0716438293457,41.1910381428031,40.8806121990888,40.93314598850009,6731400
2023-12-27,41.17192840576172,41.2149122468086,40.94746654733566,40.99522353679073,6819600
2023-12-28,41.01432800292969,41.171929351012004,40.98089774518115,41.100292043372335,7214000
2023-12-29,40.85194778442383,40.96656527441858,40.77076054749523,40.8758244545429,6992200
2024-01-02,40.78031539916992,40.84717591335616,40.49854660990288,40.555853539991226,19924800
2024-01-03,40.3409423828125,40.546300702748646,40.059169970051514,40.355269114311035,23358600
2024-01-04,40.21200180053711,40.4603440036056,40.1355913374873,40.274089173116806,20424200
2024-01-05,40.27885818481445,40.50332004558508,40.0543999676686,40.10215695762251,14692800
2024-01-08,40.450782775878906,40.46033635922085,39.9254486444307,40.06872324556406,10366200
2024-01-09,39.98754119873047,40.192899543759836,39.85859331223823,40.192899543759836,12910400
2024-01-10,39.93500900268555,39.97321241166106,39.74397738330767,39.84426816366541,8202800
2024-01-11,39.815608978271484,39.98276025486381,39.52428662037147,39.98276025486381,8542200
2024-01-12,39.85380935668945,40.13558175323558,39.681881301351815,40.04484093413397,8267800
2024-01-16,39.39533996582031,39.6818855407882,39.299825988705905,39.61025187976473,10552800
2024-01-17,39.10879898071289,39.247296814320336,38.93687088682951,38.994181465999006,9287600
2024-01-18,39.232967376708984,39.29027430830409,38.903437945537725,39.18521038583811,9320800
2024-01-19,39.27116394042969,39.34279758579552,38.89387761913285,39.27116394042969,11653600
2024-01-22,39.38579177856445,39.45742908640107,39.046712408004296,39.046712408004296,10785200
2024-01-23,39.51473617553711,39.6914410497563,39.36668841074189,39.57204675076019,7891600
2024-01-24,38.9798469543457,39.638902086978646,38.95596664021705,39.538611326162176,10317800
2024-01-25,39.390567779541016,39.40966766053064,39.051484772166674,39.166105919852974,9734400
2024-01-26,39.4048957824707,39.62935764939518,39.32370488933587,39.53384002324387,7799400
2024-01-29,39.6006965637207,39.61502329529874,39.19475671330352,39.37623471933281,7125800
2024-01-30,39.78218460083008,39.968439428498755,39.44310156212547,39.51951566764344,10851400
2024-01-31,39.261619567871094,39.89679809234457,39.22341251896486,39.84426431100467,13478400
2024-02-01,39.9159049987793,39.9779887257936,39.385793992070546,39.86337121298834,19793800
2024-02-02,39.681884765625,39.87291635974679,39.247291441531914,39.624577837925685,22920400
2024-02-05,38.6742057800293,38.91776754449506,38.55958462114823,38.82703034824561,24886800
2024-02-06,39.35713577270508,39.44309616421119,38.989399316569695,38.989399316569695,19053000
2024-02-07,39.672340393066406,39.78218475927971,39.5624960268531,39.58159955330868,10820400
2024-02-08,39.61980438232422,39.734421890999,39.33803558107685,39.72964874237186,6798600
2024-02-09,39.70576858520508,39.724872110665565,39.41444619827626,39.52906370741426,7636600
2024-02-12,40.02096939086914,40.207224200739944,39.76785042324688,39.801280680310235,6796400
2024-02-13,39.457427978515625,39.753523498610114,39.17087875521489,39.63890599546466,12864600
2024-02-14,39.71054458618164,39.78695504287607,39.45742925521751,39.65801080311835,8762000
2024-02-15,40.4603385925293,40.522422313180904,39.93022764014933,39.93022764014933,11984000
2024-02-16,40.67524719238281,40.95224282884375,40.589283154985445,40.63226699549647,9313400
2024-02-20,40.58927536010742,40.71822321325232,40.46988108907459,40.65136271296385,9019000
2024-02-21,40.813751220703125,40.83763154057888,40.42691481536751,40.57973938914673,8122400
2024-02-22,41.22446060180664,41.286544321348096,40.83762426538564,40.89015804485326,9448600
2024-02-23,41.468021392822266,41.53010510550297,41.210129315832546,41.31042007183563,7079000
2024-02-26,41.21968460083008,41.391612674454734,41.17192761229538,41.33430574566296,6653600
2024-02-27,41.37251281738281,41.477580387646654,41.253118513651174,41.37251281738281,8254600
2024-02-28,41.50145721435547,41.65428176452995,41.143274333294215,41.25311504305651,8994000
2024-02-29,41.816650390625,41.93127151989987,41.61129208853774,41.754566678319236,12247600
2024-03-01,42.007686614990234,42.1127541733168,41.78322476649705,41.81665502199872,10401600
2024-03-04,42.313331604003906,42.38496889988348,42.007682542300316,42.05543952501196,9349200
2024-03-05,42.0888671875,42.442276853793786,41.94559624818068,42.17005806110068,8493800
2024-03-06,42.3993034362793,42.547351203029066,42.25603246176739,42.31811618636006,10224000
2024-03-07,42.919864654541016,43.120446205841496,42.728833044129885,42.73360983638701,7942200
2024-03-08,42.67151641845703,43.07745625576578,42.66196647892156,43.05357958511491,10311200
2024-03-11,43.15386962890625,43.33534762605738,42.71927269296957,42.8720972283664,23270600
2024-03-12,43.14909744262695,43.20640801587654,42.938965961294585,43.14909744262695,10149400
2024-03-13,43.57414245605469,43.7747276480508,43.28282007424768,43.28282007424768,14529200
2024-03-14,43.344905853271484,43.55503733469156,43.153874252651185,43.45474656418147,19452000
2024-03-15,43.364009857177734,43.555037816285534,43.034480433554684,43.063133898695895,18702600
2024-03-18,43.44309616088867,43.78818753862025,43.423924011379846,43.50061260941514,15242400
2024-03-19,43.44788360595703,43.52456853579484,43.26095974713059,43.390367166043866,10832800
2024-03-20,43.884037017822266,44.04220448130091,43.32805940535446,43.41433223482345,13252400
2024-03-21,44.06616973876953,44.133270420776846,43.82652340111116,43.999069056762224,9384200
2024-03-22,43.79297637939453,44.07575732404258,43.76901028112702,43.97031234240663,5874600
2024-03-25,43.8073616027832,43.984697594241666,43.73067300139614,43.76901730208967,5662600
2024-03-26,43.773807525634766,43.960731404703175,43.74504747420722,43.87925251520432,5434400
2024-03-27,44.401676177978516,44.416054374144856,43.84569853817189,43.88403917571108,8444400
2024-03-28,44.52150344848633,44.67487698288446,44.320201370222556,44.4064742118661,9025200
2024-04-01,44.416053771972656,44.7323887101962,44.33457489032591,44.7323887101962,7647000
2024-04-02,44.25309753417969,44.41126500874383,44.06137971562132,44.37292071368951,9570800
2024-04-03,44.516700744628906,44.57421717998743,44.26267622104281,44.30102051128182,10022800
2024-04-04,44.06616973876953,44.91931011575927,43.96551871575856,44.761142655293646,12658600
2024-04-05,44.463985443115234,44.52150188776584,44.02303700426742,44.06138130070116,9804200
2024-04-08,44.49753189086914,44.6556993572697,44.37770871754382,44.60777081928218,6522000
2024-04-09,44.60297775268555,44.85700230009696,44.14765114770808,44.84262410408697,11350600
2024-04-10,43.90800857543945,44.171621047355224,43.74984109228999,43.91759282136665,14113000
2024-04-11,43.874454498291016,44.061378360038425,43.649186342668976,43.95113942932714,9900600
2024-04-12,43.097999572753906,43.831316833421106,42.90628175755733,43.74504399941831,12113000
2024-04-15,42.89189910888672,43.72107701943478,42.743319554471654,43.558115613584526,11506200
2024-04-16,42.56119918823242,42.791257668719,42.412615943841494,42.65705627898289,13555600
2024-04-17,42.65705490112305,43.040490565166856,42.53243776180179,42.848772733144955,9156800
2024-04-18,42.67143249511719,43.03569600513585,42.47492437119115,43.00214565926001,7497800
2024-04-19,42.637882232666016,42.963801446117564,42.47971474892185,42.781671519108606,10109000
2024-04-22,42.6810188293457,42.906283339540664,42.24006674112143,42.40302816989663,8284600
2024-04-23,42.31196212768555,42.51805815033023,42.06752180856897,42.149004352750076,11470000
2024-04-24,42.34071731567383,42.379061611053544,42.01480177508609,42.13941525000025,9553800
2024-04-25,42.64266586303711,42.73852292632255,41.9620712062578,42.340709165934086,9220200
2024-04-26,42.90628433227539,43.08841791316253,42.65225976599954,42.66184766852697,6274400
2024-04-29,43.2657470703125,43.318469555767656,43.05486078520472,43.097995369642845,5676800
2024-04-30,42.47970962524414,43.00693450746694,42.47012538043691,42.90627982506948,9871800
2024-05-01,42.700191497802734,43.38558031117001,42.53243975817725,42.63788475357431,15456200
2024-05-02,42.47970962524414,42.66184318699857,42.129828010728666,42.47012538043691,15567400
2024-05-03,42.91107940673828,43.02610864308452,42.68102093404581,42.83439446807862,8999400
2024-05-06,43.169891357421875,43.33764306336464,42.978173554896024,43.174685308081074,6615600
2024-05-07,43.682735443115234,43.7546300779069,43.32805987664616,43.33285382742241,8862200
2024-05-08,43.48143768310547,43.68273975502218,43.4382994352871,43.519781979674384,6522600
2024-05-09,43.965518951416016,44.00385958654505,43.54373905458026,43.596461541684725,7070000
2024-05-10,44.018245697021484,44.1955853361445,43.9894893013256,44.15245074260067,5472600
2024-05-13,43.98948669433594,44.25309916163749,43.951142397871465,44.09972563249296,5030600
2024-05-14,44.03262710571289,44.19079093715231,43.88883781526227,44.10931204569661,7480400
2024-05-15,44.109310150146484,44.36333471654107,43.9080080775372,44.33457832237214,7922200
2024-05-16,43.79297637939453,44.15723620741102,43.76901028112702,44.12368586386442,7245800
2024-05-17,44.16682052612305,44.16682052612305,43.888829898311485,43.95593057996077,7256200
2024-05-20,44.229129791259766,44.305818378517316,43.989483441149595,44.10451266532281,4544600
2024-05-21,44.229129791259766,44.23871769302352,44.03262168566024,44.229129791259766,5425000
2024-05-22,43.79777145385742,43.97511109293793,43.59646937060728,43.81694360322128,8703200
2024-05-23,43.409549713134766,43.90322072301676,43.32327686095153,43.860086125282116,5688000
2024-05-24,43.78818130493164,43.845697745270066,43.61084168975633,43.61084168975633,4598000
2024-05-28,43.62043380737305,43.85528622887194,43.467060275026945,43.797769782974605,4223000
2024-05-29,42.997352600097656,43.318477868245694,42.96380225352568,43.20824258238641,8145000
2024-05-30,43.347232818603516,43.37119525949851,42.91107470778532,42.91107470778532,6599400
2024-05-31,43.869659423828125,43.87924732540779,43.08361970309521,43.39036673280986,8203000
2024-06-03,43.6108512878418,43.87925774511353,43.237003485146566,43.86008559411455,11900200
2024-06-04,43.12676239013672,43.342442660631306,42.87752811736926,43.260963772374545,6779000
2024-06-05,43.423919677734375,43.443091825329844,42.954214860141754,43.136344777228835,6820800
2024-06-06,43.47185134887695,43.48143925172176,43.23220497174596,43.423922804793456,4238800
2024-06-07,43.03569412231445,43.39516366527727,42.84877025251085,43.021315925670066,8359000
2024-06-10,42.992557525634766,43.03569577393677,42.824805797156806,42.9206665396538,5223600
2024-06-11,42.97817611694336,42.97817611694336,42.58036229291222,42.752907959800105,6457200
2024-06-12,43.059654235839844,43.62521976578438,42.94941896305215,43.4958123462699,8174200
2024-06-13,43.04528045654297,43.09800295127285,42.661848452805174,42.82001228028136,7937200
2024-06-14,42.647464752197266,42.86793894865684,42.37905836183139,42.7960443145104,5694400
2024-06-17,42.963802337646484,43.035696982359646,42.39344278809255,42.49409748471909,7631200
2024-06-18,42.91587829589844,43.13155859595234,42.7193664901798,42.97339474904597,6872200
2024-06-20,42.959007263183594,43.169897240372215,42.85835622590178,42.89190657166238,6441000
2024-06-21,42.963802337646484,43.04528122852175,42.6426770688697,42.84397914869573,8209800
2024-06-24,43.2407112121582,43.4188956619803,43.02399979900158,43.14439380382189,8065200
2024-06-25,42.69171142578125,43.16847061793818,42.55205395047606,43.15884071494234,7292200
2024-06-26,42.66281509399414,42.70134205489895,42.3546067550221,42.47981754089612,6474600
2024-06-27,42.542423248291016,42.67726761827741,42.436479611644664,42.658004136850785,16279600
2024-06-28,42.52797317504883,42.84099829361457,42.39794927842192,42.547236654944136,7750600
2024-07-01,41.873023986816406,42.72059861883273,41.74300010748023,42.5616776864298,8647400
2024-07-02,41.9500846862793,42.065661894855985,41.612982963708454,41.771900247701446,13117200
2024-07-03,42.26310729980469,42.36905459891973,42.0512127015746,42.08973966018607,4591200
2024-07-05,42.33052444458008,42.383498090138374,42.003052669370945,42.23902384331889,8846800
2024-07-08,42.45574188232422,42.605029266456484,42.30645082405866,42.45574188232422,10496800
2024-07-09,42.02231979370117,42.35460471160759,42.01268621687314,42.26792089082048,5951000
2024-07-10,42.58576202392578,42.60984229142866,42.16678961865332,42.23420995870181,7915400
2024-07-11,43.1684684753418,43.23107202704042,42.768759549389955,42.797656605209525,11914000
2024-07-12,43.582618713378906,43.78969649621993,43.29849069750513,43.41406788412052,9796000
2024-07-15,43.47186279296875,43.765624439395786,43.37073227644795,43.587443675392414,6485200
2024-07-16,44.31461715698242,44.35314411464791,43.41407248488223,43.43333596371498,7465600
2024-07-17,44.223121643066406,44.48798621870966,44.20385816361604,44.29054198407618,8790400
2024-07-18,43.78488540649414,44.44464579445866,43.731911756957345,43.96306983440272,8910200
2024-07-19,43.39480972290039,43.674124659389925,43.264782157164625,43.5778072636351,9365200
2024-07-22,43.539283752441406,43.59225372716415,43.178101787043296,43.50556990850328,7526200
2024-07-23,43.712646484375,43.7897003984067,43.40443817651389,43.6693064133318,6493400
2024-07-24,43.15402603149414,43.842679864484644,43.1106822805656,43.78970621009051,8549000
2024-07-25,43.2744140625,43.7993300710923,42.9180488973028,42.95657217998395,10052000
2024-07-26,43.982337951660156,44.15088882062691,43.45741818929697,43.55854871067702,7069800
2024-07-29,44.059383392333984,44.17977738189867,43.81859541320462,44.01122653133471,7049600
2024-07-30,43.914913177490234,44.2375681904366,43.82341256893144,43.90527960072983,8502200
2024-07-31,44.372406005859375,44.7817448125438,44.14606473033912,44.290538979349044,10466800
2024-08-01,44.19422149658203,44.9743758261717,43.91491024941486,44.5698538083989,17134400
2024-08-02,43.361106872558594,43.79933915628737,42.788030212010455,43.69820862927303,20945200
2024-08-05,42.393131256103516,42.73986653586136,42.03194928537793,42.580945586950186,19482800
2024-08-06,42.60984420776367,43.15402374095271,42.2631089152728,42.33534604689726,11812200
2024-08-07,42.031951904296875,43.14920805638983,42.003058520561105,42.97102729117494,11097400
2024-08-08,42.68207550048828,42.77357610751404,42.21976302532592,42.248660080989964,10759000
2024-08-09,42.64836502075195,42.78802248735904,42.258289676384784,42.70615545752717,5722000
2024-08-12,42.46055221557617,42.754313849978566,42.36423849163209,42.696527085265345,5561800
2024-08-13,42.884342193603516,42.97583913076347,42.50870984551607,42.60984403385743,6236000
2024-08-14,42.884342193603516,43.01436609069035,42.66763079961463,42.990285822202765,7241000
2024-08-15,43.56336212158203,43.654862732268924,43.202180141459785,43.29368075214668,7728600
2024-08-16,43.616336822509766,43.64523020589247,43.29368179429237,43.48631292315444,5803200
2024-08-19,43.82341766357422,43.86194462682872,43.62115661768821,43.62115661768821,4586400
2024-08-20,43.66448974609375,43.96306815259419,43.62114967493053,43.84749095535941,4834600
2024-08-21,44.16532897949219,44.20385593645178,43.78970033446823,43.80896381294803,4611000
2024-08-22,44.07383346557617,44.24238800320848,43.91972929407229,44.16533408038991,5684400
2024-08-23,44.65653991699219,44.767300329110924,44.227933936904904,44.25683099261093,5797800
2024-08-26,44.85398483276367,45.18627342245895,44.78174770359517,44.85398483276367,7663000
2024-08-27,44.858795166015625,44.86842506725695,44.56985036505346,44.820268212785344,8845400
2024-08-28,44.666168212890625,44.906956181693275,44.50243415768858,44.70950828369135,6524000
2024-08-29,44.91176986694336,45.19108109911631,44.54095436309196,44.82508605719794,6051200
2024-08-30,45.402976989746094,45.4703973243779,44.82027056949538,45.03697826307866,8647400
2024-09-03,44.372406005859375,44.95992922977167,44.23274854491852,44.743221530389555,9503400
2024-09-04,44.189414978027344,44.67099098009001,44.14125811264774,44.48317663321624,6313400
2024-09-05,43.842674255371094,44.33388010020656,43.741543748320645,44.28090645258972,7587000
2024-09-06,43.28886413574219,44.04012148166037,43.20218031320292,43.7800736881757,10616400
2024-09-09,43.70783615112305,43.934177445325375,43.539285296121236,43.539285296121236,6412400
2024-09-10,43.72710037231445,43.73673027527796,43.37554829094981,43.68857341219416,6299800
2024-09-11,43.83304214477539,43.881202679952345,42.807286675420094,43.72709852013184,7392800
2024-09-12,44.23756790161133,44.24719780417585,43.72228177228426,43.972699654424666,5962800
2024-09-13,44.63727569580078,44.878063669261124,44.3338804977957,44.36759066711483,6459000
2024-09-16,45.05143737792969,45.13330441815164,44.70470206153858,44.83472596811855,5838600
2024-09-17,45.13812255859375,45.47040751830697,45.02735845593368,45.0706985347136,5881400
2024-09-18,44.94548416137695,45.47521696997203,44.83472007658849,45.23442899568946,11155400
2024-09-19,45.624507904052734,45.80750913025487,45.37409000784612,45.69192824819041,8351800
2024-09-20,45.301849365234375,45.57153072089095,45.12366494145677,45.57153072089095,9617400
2024-09-23,45.697547912597656,45.736246837764135,45.383125604052125,45.47986922643569,5159800
2024-09-24,46.32154846191406,46.39894261205799,46.016799077417126,46.10870809058695,7918800
2024-09-25,46.011962890625,46.4860117315258,45.905542708638116,46.44731281252474,5815400
2024-09-26,46.96489715576172,47.03262210682212,46.510197790860715,46.510197790860715,10243400
2024-09-27,46.882667541503906,47.29867170434263,46.78592393222928,46.96006538134931,8498600
2024-09-30,46.621456146240234,46.858484266825236,46.268338645013095,46.805274173676125,7373600
2024-10-01,46.5053596496582,46.69885054771841,46.29251929273879,46.66982820469555,11546800
2024-10-02,46.326385498046875,46.694017879549115,46.20545413352281,46.38927216954011,10571400
2024-10-03,45.813636779785156,46.06033779184343,45.687867129839255,46.05066121617635,13542600
2024-10-04,46.03614807128906,46.22963898048729,45.750751840384076,46.09903473883446,11380200
2024-10-07,45.90070724487305,46.01196572121253,45.64433334915038,45.82814768991532,7800600
2024-10-08,45.687862396240234,45.745910772631554,45.39278960801519,45.63465230718116,8933800
2024-10-09,45.97810363769531,46.10870788007474,45.58144893237167,45.65400479450904,8562000
2024-10-10,46.08452224731445,46.157081803313986,45.765265367661776,45.95875628681642,6764600
2024-10-11,46.38442611694336,46.515034035463955,46.10870279960534,46.17642405715982,6631200
2024-10-14,46.65048599243164,46.67950833996277,46.10387384371201,46.17643340307234,6217000
2024-10-15,46.60210418701172,46.984247703439905,46.54405949980318,46.54405949980318,7717600
2024-10-16,46.96489715576172,47.056806162421196,46.635967427784436,46.65531319605094,7465800
2024-10-17,47.03745651245117,47.14387669014397,46.88750282053781,47.066482545796774,5043600
2024-10-18,47.226112365722656,47.34220912601587,46.98908793855528,47.17774056086656,6035600
2024-10-21,46.86331558227539,47.24545909243469,46.70368900453852,47.17289954408233,4343200
2024-10-22,46.43280029296875,46.90201452327601,46.176426420458256,46.829454974887845,6954000
2024-10-23,46.30703353881836,46.56340740686185,46.08935489744666,46.31186813556991,6782600
2024-10-24,45.74107360839844,46.30703514314736,45.55242099365947,46.215126134237394,5092000
2024-10-25,45.45083999633789,45.90554307186807,45.42665593966991,45.721725050424595,7406600
2024-10-28,45.828147888183594,45.891034558334084,45.624984085848816,45.673355892519155,7701600
2024-10-29,45.53307342529297,45.80396217582132,45.47986333271769,45.60079469029202,7315600
2024-10-30,45.77976989746094,46.084515559797254,45.53306891907528,45.53306891907528,10643600
2024-10-31,45.17511749267578,45.65884292139319,45.155768032663225,45.47019029943597,8106800
2024-11-01,45.049346923828125,45.36860747168851,45.03483575174939,45.208977197758315,6928000
2024-11-04,45.247676849365234,45.552422539547415,45.04451305591045,45.29604865392131,15308600
2024-11-05,45.315391540527344,45.49920584738969,44.996131033810464,45.141250116960244,7972800
2024-11-06,45.93939971923828,46.403775639053244,45.600789740465956,46.31186663630291,12702800
2024-11-07,46.118377685546875,46.282846239985126,45.96358570576894,46.06033299971259,19949800
2024-11-08,45.697547912597656,45.99262075855995,45.61531546451836,45.949083545114505,8805600
2024-11-11,45.499210357666016,45.83782035507094,45.450838555331586,45.649167742594294,7693600
2024-11-12,44.72525405883789,45.33958743872178,44.61399927354167,45.27670076913219,7078400
2024-11-13,44.83167266845703,44.92358168044758,44.61399770277976,44.75911311638723,6310000
2024-11-14,44.46403884887695,44.817160022387505,44.415667045931784,44.768788219442335,5911400
2024-11-15,44.15445327758789,44.53659678087873,44.08189373053968,44.44468777524887,6395600
2024-11-18,44.49789810180664,44.49789810180664,44.15445351384146,44.23668594535456,7875200
2024-11-19,44.352783203125,44.425339060856764,43.93194077562114,44.16413059195856,6540600
2024-11-20,44.715576171875,44.76878625994532,44.202824749609334,44.37696618501551,8345800
2024-11-21,45.26218795776367,45.27669913005679,44.5946481985554,44.72525243972558,8402400
2024-11-22,45.51372528076172,45.566935374875,45.19446840661431,45.223490752300734,5857200
2024-11-25,45.982933044433594,46.050654301805785,45.64432675757262,45.69753684415531,7524600
2024-11-26,45.639488220214844,45.86683973608848,45.46534679063213,45.86683973608848,6104600
2024-11-27,45.61531066894531,46.03131484441854,45.557262287298265,45.707215993387834,14047400
2024-11-29,45.847496032714844,45.88619495315301,45.552423222805125,45.620144488305826,4265200
2024-12-02,45.81846618652344,45.924886355039824,45.494371084610115,45.89586032419708,12785600
2024-12-03,45.67335510253906,46.04098746983304,45.58628437582555,46.00228854895321,11099200
2024-12-04,45.22832107543945,45.5233938397303,45.08804027843793,45.49437149915468,10865800
2024-12-05,44.63334655761719,45.05418903628864,44.4253444622553,44.98646776715057,12762800
2024-12-06,44.459205627441406,44.807484833740965,44.439856167558304,44.74460185701996,7131000
2024-12-09,44.44953155517578,45.05902665895172,44.439858669955605,44.8123256447156,9417600
2024-12-10,43.99482345581055,44.43017705195784,43.72393841399974,44.39631642173149,7718600
2024-12-11,43.840030670166016,44.1399417398943,43.81100832780039,44.1399417398943,12288200
2024-12-12,43.535282135009766,43.80616715399083,43.515932677863745,43.68523581472691,7294000
2024-12-13,43.16282272338867,43.44338067435849,43.01770361487872,43.380497695621365,8098800
2024-12-16,42.780677795410156,43.22570430096789,42.76132833553389,43.075750600091986,10486600
2024-12-17,42.54364776611328,42.90160722192415,42.53397488187631,42.59202325889396,8289800
2024-12-18,41.3343391418457,42.664584158810726,41.31499337108562,42.51946873491579,14797400
2024-12-19,40.88930892944336,41.6584342619435,40.87963604493251,41.37303434669083,12495600
2024-12-20,41.39722442626953,41.639087148520886,40.792567620641144,40.81675167854692,14684600
2024-12-23,41.36512756347656,41.41375163368946,40.971267772039724,41.345677193435655,11338400
2024-12-24,41.58879852294922,41.62283574084074,41.17548838861547,41.37484817632908,5502400
2024-12-26,41.52559280395508,41.681192063758765,41.316505950802096,41.41861761725649,6517600
2024-12-27,41.301918029785156,41.67632746375093,41.141455253894584,41.31650488036087,8568000
2024-12-30,40.74759292602539,41.0344775289933,40.55309294090921,41.0344775289933,7528200
2024-12-31,40.91291427612305,41.049063148691275,40.69896392792809,40.8837405776523,8883200
2025-01-02,40.4607048034668,41.24356455764977,40.40235369472406,41.10741568036207,20004200
2025-01-03,40.45098114013672,40.6454774147853,40.37804318225418,40.59199353610199,19348400
2025-01-06,40.72328186035156,41.112281857556034,40.66493074783722,40.849707415909855,16602000
2025-01-07,40.69896697998047,41.16090492915359,40.49474365581323,40.74759476078309,23069000
2025-01-08,40.922645568847656,40.92750537924553,40.43639742497701,40.72814556934361,15743000
2025-01-10,40.50446701049805,40.80107863946782,40.397491838111776,40.6357523612949,18553600
2025-01-13,41.40888977050781,41.43319994951961,40.431530055636344,40.46556727407572,20014800
2025-01-14,41.924312591552734,41.95834981082407,41.535312620070044,41.64228779771672,13084600
2025-01-15,42.323036193847656,42.64395801929083,42.04587491787363,42.532123030794985,12564200
2025-01-16,42.67313766479492,42.677997475138135,42.240377118400495,42.357075632878605,11550400
2025-01-17,42.95029067993164,43.22745191702748,42.78982793482927,42.9551504893385,11589000
2025-01-21,43.49976348876953,43.62132553866318,43.29554013529525,43.35389125476477,10348000
2025-01-22,43.149654388427734,43.56296452221117,43.139931058948186,43.548377673102586,11894200
2025-01-23,43.38792419433594,43.38792419433594,42.92112270425075,43.149659929039814,8568400
2025-01-24,43.27607727050781,43.59700277028605,43.23231672587166,43.58241221229572,6300000
2025-01-27,43.30039978027344,43.33929681332548,42.94057347375463,43.18856107207888,12938800
2025-01-28,43.159385681152344,43.407369559994734,43.06213382787985,43.40250974966527,9287600
2025-01-29,43.08158493041992,43.28580826109327,42.974609744892284,42.99406011587721,9020200
2025-01-30,43.49003601074219,43.519209712805846,42.91626304155649,42.99406081698592,12398200
2025-01-31,43.173973083496094,43.56783289239163,42.99892345514721,43.436547526019424,13902800
2025-02-03,43.217735290527344,43.34416085134888,42.26955285881348,42.73635064902485,21249600
2025-02-04,43.34415817260742,43.524071316896865,43.22259613965535,43.358745022997056,19718400
2025-02-05,43.310123443603516,43.519210300701964,43.0183752896887,43.159387701199655,14194200
2025-02-06,43.460853576660156,43.572692271278704,43.12048139265342,43.339291552403665,15303000
2025-02-07,42.930850982666016,43.41709914822828,42.88708671868029,43.349024701831894,13545600
2025-02-10,43.149654388427734,43.29066677944157,42.921117192983886,43.242042712486786,8950400
2025-02-11,43.40250778198242,43.6796690591307,43.22259464391895,43.2858055633462,9441800
2025-02-12,43.09130859375,43.31011875806922,42.67313492479351,42.819007131080106,11027200
2025-02-13,43.84012985229492,43.89361372953686,43.27121676396601,43.329567870655225,10430600
2025-02-14,43.68939208984375,44.185367241203345,43.67966875991336,43.966553365093404,9631400
2025-02-18,44.243717193603516,44.243717193603516,43.54352239506873,43.81095664604267,7115800
2025-02-19,43.72343063354492,43.8595795153661,43.572694901497016,43.708843783318194,7608000
2025-02-20,43.62131881713867,43.776918068635375,43.33929401449502,43.606731966963785,9868600
2025-02-21,42.823875427246094,43.713710452978745,42.77525135306061,43.70884693262647,9954000
2025-02-24,42.775245666503906,43.02323323459508,42.65368364231117,42.93084490907946,9454200
2025-02-25,43.105899810791016,43.24204870103093,42.765523875412214,42.804424618274766,9281200
2025-02-26,43.08644485473633,43.49003167198876,43.042680596227946,43.26149446921259,7965000
2025-02-27,42.794700622558594,43.378196917315165,42.76552321097549,43.10589914106596,7089000
2025-02-28,43.159385681152344,43.193422902353,42.62937328270915,42.96002216427789,9316600
2025-03-03,42.293861389160156,43.71856847118653,42.19174602350946,43.5629655177297,16883200
2025-03-04,41.72008514404297,42.3911061331263,41.66173404116596,42.3911061331263,22518600
2025-03-05,42.809288024902344,42.921123023111434,42.045878569702246,42.10908949435178,17368600
2025-03-06,42.585609436035156,42.994056058839696,42.35707223575131,42.59533276572063,18493600
2025-03-07,42.70231246948242,42.882225620860446,42.19661394730384,42.39597746989399,15654600
2025-03-10,41.812477111816406,42.56616322339818,41.5207289656418,42.32303914995618,16672800
2025-03-11,41.49155044555664,41.919447429602585,41.258149729854345,41.88541021166459,15426200
2025-03-12,41.29705047607422,41.661736543962625,41.1122775371977,41.603385437580215,12607200
2025-03-13,41.267879486083984,41.74926408855081,41.01016486498236,41.32622688651708,10283000
2025-03-14,41.807613372802734,41.87082429043742,41.4380637771587,41.60824987062023,9507400
2025-03-17,42.332759857177734,42.46404892617648,41.720089901112665,41.720089901112665,8615000
2025-03-18,42.25982666015625,42.50781053483551,42.09450036725793,42.50781053483551,10023800
2025-03-19,42.40083312988281,42.56129589434151,42.00210983351121,42.29386166335563,10253600
2025-03-20,42.133399963378906,42.49322253022486,42.075048853980086,42.27441236209203,7606200
2025-03-21,41.71522903442383,41.78330347831636,41.199807185014976,41.78330347831636,16808800
2025-03-24,42.280494689941406,42.36355000081907,41.98735588672124,42.138810127434866,9204400
2025-03-25,42.27072525024414,42.500351848007234,42.08995823048701,42.41240982604398,7622200
2025-03-26,42.34889602661133,42.6029486765176,42.14369922544138,42.31469655974967,8160800
2025-03-27,42.3293571472168,42.47592843545054,41.93361988743347,42.226758736438256,6049200
2025-03-28,41.55253982543945,42.44661277330909,41.49879726719787,42.43195638969098,9147200
2025-03-31,42.006900787353516,42.20721088269003,41.07373806107828,41.40596304641942,8881800
2025-04-01,42.16324996948242,42.18278933055646,41.523225934149046,41.899423865426854,12197600
2025-04-02,42.51012420654297,42.5687497347648,41.77238858089846,41.77238858089846,11863800
2025-04-03,40.59006118774414,41.42062183564167,40.482576079259466,41.147026088562484,18958600
2025-04-04,38.04951477050781,39.71063974278689,37.9566897748618,39.6178110196785,29389600
2025-04-07,37.43880844116211,39.021764846676945,36.27113608659275,37.20429886606083,50243800
2025-04-08,36.28579330444336,38.43060136285224,35.72394541545333,38.31334284513968,27497400
2025-04-09,39.45658874511719,39.65689885435506,36.03174025483273,36.08548280968101,40440200
2025-04-10,38.19608688354492,38.84099380133654,37.2971235792964,38.82633741893758,28167600
2025-04-11,39.329559326171875,39.61781145006372,38.08860135479593,38.279141778800266,17207000
2025-04-14,39.803470611572266,39.97935466091035,39.319791339623805,39.79369720468538,10426400
2025-04-15,39.49078369140625,40.00866236704129,39.45658422655228,39.637351229010946,8028800
2025-04-16,39.182987213134766,39.79369464306182,38.91427818044426,39.52498561037132,10726400
2025-04-17,39.45170593261719,39.759501181907616,39.2465090997569,39.295364956038455,9535800
2025-04-21,38.85076141357422,39.42238638896037,38.489223666271364,39.42238638896037,7885800
2025-04-22,39.75949478149414,39.871866587568924,39.24650278192397,39.24650278192397,7293800
2025-04-23,39.808353424072266,40.780598576383554,39.68132523919682,40.20409063267158,13337000
2025-04-24,40.66823196411133,40.74151760810423,39.725299454308164,39.871870742293964,9995400
2025-04-25,40.36532211303711,40.47769019967604,40.03798007759147,40.35066200274881,9400400
2025-04-28,40.438602447509766,40.72197159594639,40.04286521682365,40.419063089480446,7779600
2025-04-29,40.77571105957031,40.946708385338404,40.326231309705,40.52165842235231,9526800
2025-04-30,40.98579406738281,41.11770895102701,40.08194787550102,40.29691806961033,9867400
2025-05-01,40.80502700805664,41.10793924268553,40.50211850089018,40.521661586427115,11208400
2025-05-02,41.4939079284668,41.66979197564028,41.14702653750313,41.29359409183934,8572400
2025-05-05,41.18611145019531,41.48413698060012,41.12748219377616,41.308252938805076,5679200
2025-05-06,40.888084411621094,41.23496577918249,40.78059930921514,41.04930833776774,6111200
2025-05-07,40.66334915161133,41.02000023836913,40.50700818327996,40.93205821071631,8746400
2025-05-08,41.205650329589844,41.611160961655095,40.84411257119381,40.946710973138806,8063200
2025-05-09,41.31313705444336,41.37176631248015,41.07862747722125,41.21053864847587,6360000
2025-05-12,42.27072525024414,42.7397518523565,42.05575876236032,42.44172631834004,8798800
2025-05-13,42.060638427734375,42.37820702246593,42.04598204647113,42.2902650074243,6839000
2025-05-14,41.67467498779297,41.874985079215925,41.44993138161765,41.82124252914733,7891200
2025-05-15,42.099727630615234,42.12415741945631,41.53299305863413,41.562305823273476,7114600
2025-05-16,42.5296630859375,42.534546061164846,41.86032646105192,42.10460941105165,6426800
2025-05-19,42.63714599609375,42.68600556983174,42.10461093500134,42.290264641834426,10166600
2025-05-20,42.563865661621094,42.64203427305556,42.38309492351909,42.573635340252046,5128600
2025-05-21,41.99713134765625,42.45638456332999,41.933619111909664,42.22675795549312,9612400
2025-05-22,41.953163146972656,42.13393017874695,41.64536418590794,41.94338973973675,7651000
2025-05-23,41.87010192871094,42.02155991332834,41.557420007671006,41.63559235166225,7343200
2025-05-27,42.60294723510742,42.61272064100142,42.158354180948045,42.29026534081932,6898600
2025-05-28,42.02156066894531,42.55898249743002,41.98247449624686,42.55409579397707,10597000
2025-05-29,42.17790222167969,42.251187864647754,41.75773517795625,42.23652775408403,9869600
2025-05-30,42.18278503417969,42.24141429381934,41.63559352072675,42.065530242363,12114200
2025-06-02,42.431949615478516,42.45149269967022,42.10949804497081,42.44660599675675,15811000
2025-06-03,42.86677551269531,42.88143189483668,42.07041435416114,42.27072445586379,13218200
2025-06-04,43.02800750732422,43.1452623037339,42.847236745284604,42.92052239083919,13268000
2025-06-05,42.77395248413086,43.213658878446715,42.67623705292312,43.19411951966774,14234800
2025-06-06,42.88631820678711,43.2136564964993,42.788606508427826,43.09151500981902,9348400
2025-06-09,43.17457580566406,43.45794123338994,42.94006250163789,42.98891835280011,11667000
2025-06-10,43.44328308105469,43.47748254822132,43.16968734372161,43.16968734372161,7875200
2025-06-11,43.01335144042969,43.37488923970829,42.86678014824125,43.33092008852944,10307800
2025-06-12,43.19411849975586,43.22343126469475,42.66157966277018,42.85700679310862,8660000
2025-06-13,42.69089126586914,43.23808647043226,42.57363648184218,42.778833285754956,14289400
2025-06-16,43.052433013916016,43.277172904445464,42.881431948818424,42.881431948818424,10504000
2025-06-17,42.63227081298828,42.98403893440978,42.56875484650434,42.93517935174127,9158000
2025-06-18,42.51012420654297,42.84234920049539,42.456381654031375,42.676234839787995,8554000
2025-06-20,42.221866607666016,42.817917636283454,42.16324108187559,42.75440540752309,13409800
2025-06-23,42.69230270385742,42.73158423797206,42.00482527976871,42.225798426659466,10120600
2025-06-24,43.04586410522461,43.1096998783356,42.72667774676834,42.785601923039806,8768200
2025-06-25,42.63337707519531,42.962382888104095,42.58427234507398,42.962382888104095,8744000
2025-06-26,43.10478210449219,43.24227682468991,42.84452370605363,42.84452370605363,10508600
2025-06-27,43.15879821777344,43.3503092552041,42.918182458569554,43.11951294177481,9375600
2025-06-30,43.11951446533203,43.222635508634454,42.903452932605646,43.20299661639135,8533800
2025-07-01,44.23421096801758,44.484646182819425,43.1587999106852,43.23737046576439,15844200
2025-07-02,44.89713668823242,44.91186773154508,44.3667966502738,44.44536720987529,14644200
2025-07-03,44.86767578125,45.024813158133895,44.784193622865914,44.86276418453315,6766000
2025-07-07,44.435546875,44.79401851995202,44.1998426739349,44.63688113709171,11761600
2025-07-08,44.79893112182617,44.941333717170025,44.474833155027795,44.528849482827525,16347600
2025-07-09,45.06900405883789,45.11810878422451,44.64669667690229,44.91677828620427,13435600
2025-07-10,45.30961990356445,45.5993441527448,45.083735169287614,45.17703677017711,12865600
2025-07-11,44.94132995605469,45.01990051589724,44.59268152626697,44.823477862741356,11563200
2025-07-14,44.690895080566406,44.85785190188042,44.52884610944361,44.75964244774871,12949400
2025-07-15,43.77261734008789,44.789100458284565,43.75788629795391,44.76454997021133,14653600
2025-07-16,43.890472412109375,43.93958088450002,43.37977502014032,43.82663664303216,13615200
2025-07-17,44.19983673095703,44.234210411759356,43.73824409179706,43.797172007365425,11840800
2025-07-18,44.30295944213867,44.33733312423576,44.03778943176811,44.273497356469846,13623200
2025-07-21,44.52884292602539,44.92168820736833,44.47973820247009,44.57303605329008,10631000
2025-07-22,45.142662048339844,45.181947326383586,44.460096264743676,44.48464675368328,13651000
2025-07-23,45.29488754272461,45.54041490933199,45.2163207335644,45.319441777965466,13494400
2025-07-24,44.82838821411133,45.17703663421437,44.69580133467261,44.882404535890004,17343400
2025-07-25,45.358726501464844,45.383276989955384,44.823474900647625,44.94623858245108,15752800
2025-07-28,44.700714111328125,45.16230678364185,44.57303882498487,45.098467267244985,15015000
2025-07-29,44.52884292602539,44.627052373135996,44.26858451937705,44.622144523295646,14205800
2025-07-30,43.63021469116211,44.37170842801387,43.443615231022484,44.327511551444964,23629400
2025-07-31,43.08023452758789,43.61548240258787,43.031126055813246,43.114608209959904,23230600
2025-08-01,42.58427047729492,42.805243626374256,42.240529888620785,42.78560098589711,28581800
2025-08-04,43.148983001708984,43.19317613170191,42.81506561588839,42.82979665921937,15497000
2025-08-05,43.453433990478516,43.541823995767736,43.05076924337216,43.37486717824945,16047000
2025-08-06,42.98202133178711,43.51727295325365,42.97220188530213,43.40924030966681,13141000
2025-08-07,43.16862869262695,43.47308026685257,42.90345865457671,43.40433289548222,15272600
2025-08-08,43.38468933105469,43.5270956677063,43.193178265390614,43.325765154820004,10402600
2025-08-11,43.28647232055664,43.60565862312315,43.04094497188241,43.419055440402715,12035600
2025-08-12,43.851192474365234,43.89047400867604,43.31594082673047,43.360137704199666,12501200
2025-08-13,44.67616271972656,44.69580161281339,43.95921948919355,44.07707532641703,16882200
2025-08-14,44.20965576171875,44.28331471887475,43.87082680667126,44.268583676733584,16098600
2025-08-15,44.20965576171875,44.499379994145634,44.11144631647754,44.499379994145634,16132200
2025-08-18,43.95431137084961,44.24403187274209,43.89538345259757,44.14582242210575,9423000
2025-08-19,44.219486236572266,44.435547800975904,43.98868988115061,43.98868988115061,11980200
2025-08-20,44.25385665893555,44.52884612777799,44.09671928438979,44.229302422167244,13436000
2025-08-21,44.38644027709961,44.48956132903159,44.023060796989235,44.081984971550035,13017600
2025-08-22,45.26542663574219,45.49131136932616,44.51411347380082,44.57303764559205,11434200
2025-08-25,45.01498794555664,45.27524636311698,44.94132898391022,45.221230041006294,12563800
2025-08-26,45.137752532958984,45.17703781281389,44.86276306687558,44.897136750136006,8414200
2025-08-27,45.250694274902344,45.30471059510472,44.89713426865054,44.94132739620687,8967800
2025-08-28,45.250694274902344,45.39310059666767,44.93150795001112,45.3783695541489,8557200
2025-08-29,45.31452941894531,45.53059469678735,45.20158893021897,45.260513099484804,8288800
2025-09-02,44.975704193115234,45.02481266684671,44.70562631984487,44.93151106249756,13028600
2025-09-03,44.67124938964844,45.00025515961596,44.55830515330497,44.95115043590369,10157600
2025-09-04,44.84312057495117,44.86767481155415,44.302961087740066,44.6663405614711,12530000
2025-09-05,45.15739440917969,45.52077387556589,44.838208072045,45.010080231890896,15054400
2025-09-08,45.196678161621094,45.240871289379754,44.67124974616087,45.240871289379754,13605800
2025-09-09,44.4600944519043,45.132840761783775,44.33733077286097,44.95606076424538,12112400
2025-09-10,44.543575286865234,44.79892585123119,44.37170687610952,44.42572319755423,10671600
2025-09-11,45.47658157348633,45.52077470354166,44.47482941460991,44.50429150131347,11685200
2025-09-12,45.0198974609375,45.41274274059159,44.936419056607335,45.240870589211525,11069400
2025-09-15,44.65652084350586,45.09355927794125,44.582861880594734,45.073916638068255,9791400
2025-09-16,44.51902389526367,44.852937517135295,44.406079658227455,44.76455126178125,9700400
2025-09-17,44.62214279174805,45.40291798139533,44.35697279909893,44.55830328179819,13319600
2025-09-18,44.62214279174805,44.75963751094756,44.27349439764925,44.48464432609842,15116000
2025-09-19,44.60250473022461,44.76455370010107,44.46009840031352,44.735087866927756,16468200
2025-09-22,44.58720779418945,44.73028990869798,44.37998321483587,44.58720779418945,8882400
2025-09-23,44.444129943847656,45.02632450236211,44.389857282646595,44.69082248958718,8228800
2025-09-24,43.90140151977539,44.48852714438355,43.847128865467965,44.26650538711066,10669600
2025-09-25,43.329078674316406,43.75339015501981,43.26000506250232,43.743524109430446,11077200
2025-09-26,43.83232498168945,43.90633349025655,43.4030824076127,43.43761920971346,9944600
2025-09-29,44.00007629394531,44.14315840164718,43.75338378361017,44.11355650496023,9378800
2025-09-30,44.21717071533203,44.25170751918391,43.81752625449822,43.90140457604933,9408200
2025-10-01,43.75339126586914,44.266512226822435,43.64978084551746,44.16290180647076,13749800
2025-10-02,44.261573791503906,44.28624455048023,43.68924907270066,43.68924907270066,10673800
2025-10-03,44.33557891845703,44.57240162393539,44.207297757189316,44.25170436710965,9827600
2025-10-06,44.296112060546875,44.53786969674734,44.20236769041162,44.36025453031497,8937800
2025-10-07,44.11848831176758,44.542799737095756,43.96060525333586,44.365180825831445,11308800
2025-10-08,44.355316162109375,44.52306527006414,44.1530264874507,44.330645404243484,12184200
2025-10-09,43.748451232910156,44.61680996998818,43.639905920246754,44.528000510920776,13231800
2025-10-10,42.85049057006836,43.93100502732385,42.84555566561523,43.832325759407155,22262600
2025-10-13,43.53136444091797,43.81259376770633,43.30933891078241,43.432685172781326,11979800
2025-10-14,43.965545654296875,44.157965538185245,43.04784908610796,43.13172364796094,10797400
2025-10-15,43.768192291259766,44.40465952955765,43.53136954840405,44.14810093075902,10555800
2025-10-16,43.44255447387695,43.98527726748205,43.22052894633682,43.98527726748205,13389600
2025-10-17,43.35867691040039,43.605369435807326,43.12678909847041,43.41294956712825,12791000
2025-10-20,43.87673568725586,43.91127249257972,43.60537238526162,43.74352337078653,8425400
2025-10-21,43.708984375,43.866871221284704,43.41295406667538,43.5511012929449,9335800
2025-10-22,43.575767517089844,43.83726099162317,43.40308350223096,43.556031663358944,13133000
2025-10-23,44.0987548828125,44.21223510178007,43.78298874859306,43.891534063023975,10682600
2025-10-24,43.916202545166016,44.202363001562205,43.87673083937722,44.03461389830337,13450400
2025-10-27,43.89646911621094,44.09875503214783,43.70898038547563,43.89646911621094,11936600
2025-10-28,43.95567321777344,44.177698753458515,43.79285900867952,43.866867520574544,13049400
2025-10-29,43.09225082397461,43.92113790401198,43.0133111690436,43.78792558946553,20990000
2025-10-30,42.514991760253906,42.94423813820803,42.49032476460586,42.80115601222332,20798600
2025-10-31,42.26829528808594,42.48045100492504,41.95746406937107,42.28803114130692,17528800
2025-11-03,42.006805419921875,42.273233814891945,41.58742885466932,42.22389605972625,24127400
2025-11-04,41.799583435058594,41.977202360132274,41.478882388996155,41.705839067872674,22164800
2025-11-05,42.0462760925293,42.253496917651056,41.917994920879444,42.04134118786563,18828400
2025-11-06,41.83905792236328,42.357110018041396,41.80945225673197,42.14988917977015,22407400
2025-11-07,42.342308044433594,42.42618260586529,41.79465029635451,41.94759846887461,17975200
2025-11-10,42.741947174072266,42.835691541739436,42.26829795952067,42.623535811491706,15233400
2025-11-11,43.18599319458008,43.274802654910864,42.82088930843318,42.919564813587726,11641400
2025-11-12,43.49189376831055,43.74845234311083,43.27973804205618,43.31920975024985,13923800
2025-11-13,43.20573043823242,43.63497680434343,43.17119363389448,43.50176072744755,17940400
2025-11-14,42.81101989746094,43.15145679259939,42.746881194937004,42.899829358617524,12830000
2025-11-17,42.15975570678711,42.82582860976644,42.10055190330779,42.707413474348556,14150800
2025-11-18,42.19429016113281,42.490324218943336,41.967333477246314,42.20415997064885,20615000
2025-11-19,42.302833557128906,42.48045247804799,42.03640517575029,42.45085057930455,15385800
2025-11-20,41.671302795410156,42.78141920916832,41.65650184550341,42.59393423663396,22669200
2025-11-21,42.603797912597656,42.929433849354616,41.79464673937204,41.8785212936655,20989200
2025-11-24,42.68767166137695,42.786350927121156,42.39164139260254,42.57419521105749,14549600
2025-11-25,43.32413864135742,43.42281790671849,42.8800951220344,42.909697019528174,12455800
2025-11-26,43.856998443603516,43.970478665634374,43.33894261591854,43.35867847036866,9895200
2025-11-28,44.10862731933594,44.281311346112766,43.86686968184837,43.97541123851562,4786800
2025-12-01,44.00007629394531,44.3849160077915,43.97540553722021,44.04941404316655,13367800
2025-12-02,43.600440979003906,44.08889115538791,43.34387862882179,44.08889115538791,12905800
2025-12-03,43.90633773803711,44.03461891434888,43.758324470812276,43.79286127625436,11841600
2025-12-04,43.649776458740234,43.91620484039564,43.54123114426256,43.792858576530875,9912600
2025-12-05,43.50669479370117,44.04941760750813,43.50669479370117,43.753387323997906,7134000
2025-12-08,42.904762268066406,43.51655865856846,42.87516037046716,43.49682656965502,11389100
2025-12-09,42.815956115722656,43.240267580464135,42.796220261056845,42.84555801560668,8801100
2025-12-10,43.65471267700195,43.75338818537156,42.776484089903285,42.776484089903285,10919500
2025-12-11,44.523067474365234,44.62174674648517,43.70405021903111,43.70405021903111,11009200
2025-12-12,44.55267333984375,44.97698480130735,44.375054413452965,44.90790742839596,14078600
2025-12-15,44.523067474365234,44.83883361669036,44.25663908598541,44.819097762266374,9228800
2025-12-16,44.40465545654297,44.61187627859181,44.128361027144514,44.58227437950748,9742300
2025-12-17,44.59214401245117,44.769762949707335,44.34545146228756,44.41452507519501,10935000
2025-12-18,44.57240295410156,45.026320054234475,44.53293501149669,44.67108222118661,8978100
2025-12-19,44.76976013183594,44.937513012787974,44.49346569759652,44.60201101511325,10358000
2025-12-22,45.298423767089844,45.33809923228094,44.96119366394741,45.02070307807343,9862300
2025-12-23,45.37777328491211,45.42736572302691,45.16948277463366,45.40752799104889,8424800
2025-12-24,45.467041015625,45.51663345355289,45.238912774228304,45.357935381987346,2767600
2025-12-26,45.73484420776367,45.76459891345452,45.48687823724547,45.57614613797844,5035800
2025-12-29,45.367855072021484,45.48687767697929,45.16948154131822,45.367855072021484,6370400
2025-12-30,45.357933044433594,45.47695564605872,45.25874817368937,45.4372839679572,4432100
2025-12-31,44.98102569580078,45.29842183648093,44.96119174771117,45.23891242489118,5704300
2026-01-02,45.74475860595703,45.80427179764806,44.90167586713199,45.14964182368762,18031000
2026-01-05,46.201019287109375,46.34979659228125,45.625736446196065,45.64557417695104,22033700
2026-01-06,47.1135368347168,47.2424802054789,46.310125686575375,46.34980115198843,18351400
2026-01-07,46.300209045410156,47.173050372478485,46.250616605117095,46.954839094796235,16963400
2026-01-08,47.1135368347168,47.2424802054789,45.89354465072025,46.03240499600529,14918900
2026-01-09,47.86735153198242,47.89711002273123,47.173049808853825,47.20280451594202,11769700
2026-01-12,48.12523651123047,48.21450441288908,47.80784036836887,47.97645541391264,12672800
2026-01-13,48.333526611328125,48.363281317075575,47.996292739435326,48.204583246988406,10797500
2026-01-14,48.353363037109375,48.7401893360206,48.234340433673694,48.353363037109375,16029700
2026-01-15,48.56165313720703,48.710434228015785,48.2145023035337,48.37320036802156,17883600
2026-01-16,48.283931732177734,48.323607193608275,47.96653560805389,48.17482610507386,10769100
2026-01-20,47.79792022705078,48.12523713190726,47.62930517933237,47.956618300528326,17363800
2026-01-21,48.83938217163086,48.978242518132944,48.27401624369133,48.42279734846394,16940400
2026-01-22,49.11709976196289,49.42457892669487,48.948480934961346,48.968318666588615,14648300
2026-01-23,49.56344223022461,49.58327996303893,48.95840462219999,49.05758950261096,19550700
2026-01-26,49.622947692871094,50.06928718649382,49.61303071908408,50.00977399279067,13900900
2026-01-27,49.57335662841797,49.77173016259086,49.275798218988854,49.464250995439855,10123800
2026-01-28,49.543601989746094,49.801484935958186,49.1369379467875,49.71221703464237,13517200
2026-01-29,49.59319305419922,50.20814758864639,48.888970620908076,50.03953254841908,20503700
2026-01-30,48.86913299560547,49.2460423230595,48.412876526596065,48.81954055917581,28082600
2026-02-02,49.24604415893555,49.40474223162287,48.79970464710854,48.849297085386986,25155300
2026-02-03,50.28750228881836,50.80327198934057,49.652709975455835,49.771732588296146,34077400
2026-02-04,51.46781921386719,51.59676258542366,50.59497788770598,50.59497788770598,35878600
2026-02-05,50.08912658691406,51.10082821161971,49.95026624730632,50.961967872011954,25667300
2026-02-06,51.09090805053711,51.20001368540616,50.44619878287716,50.44619878287716,14367300
2026-02-09,51.75545883178711,51.884402198777835,50.85286283017309,51.05123636777562,12325200
2026-02-10,52.47951889038086,52.55886981867811,51.695945499917826,51.72570398985955,18381400
2026-02-11,53.183738708496094,53.23333114438611,52.6778898085614,52.6778898085614,24891300
2026-02-12,52.40017318725586,53.69951251275337,52.31090528229598,53.23333525533392,30108100
2026-02-13,52.87626647949219,53.203579602754665,52.01334215232814,52.11253081366567,19918900
2026-02-17,52.2712287902832,52.53903249990233,51.656274225784024,52.2712287902832,20404700
2026-02-18,52.588623046875,52.90601918382207,52.31090237296142,52.568785315358255,11992700
2026-02-19,52.40017318725586,52.73740329081472,52.00342610217625,52.221637377336094,18340200
2026-02-20,52.529109954833984,52.816751386897465,51.89431767970107,52.19187608571207,17810500
2026-02-23,52.529109954833984,52.66797029206175,51.93399314281198,52.062936506092235,17353800
2026-02-24,52.92585754394531,53.06471788255136,52.4795180386684,52.52911047621907,13452200
2026-02-25,52.628299713134766,53.31268443963745,52.241469615204906,53.29284670766716,12379300
2026-02-26,52.56878662109375,52.687809229490156,51.92407357359727,52.45968098687184,15645100
2026-02-27,52.97544860839844,53.05479953335113,52.24146768722744,52.429924242159906,12122700
2026-03-02,52.81675338745117,52.9556137299386,52.082772426739794,52.638217580350044,19444500
2026-03-03,51.51741027832031,51.66619137873228,50.27758038708913,51.24960656777511,27307900
2026-03-04,51.4975700378418,51.953830291174825,51.259524829169266,51.894317097176504,17141500
2026-03-05,50.41644287109375,51.35871053081089,50.09904294830872,51.18017472959575,19897300
2026-03-06,49.4543342590332,49.95026620501844,49.03774945690216,49.90067376715201,23170700
2026-03-09,49.583274841308594,49.781644581639824,48.20458093058083,48.85921091119059,22461900
2026-03-10,49.47417449951172,50.00977815275172,49.22620851394593,49.58328013854637,19215000
2026-03-11,49.43449783325195,49.48409027242865,48.87905267695543,49.32539219686687,12570900
2026-03-12,49.27579879760742,49.82132318524334,49.226206359396976,49.38490443186671,19572900
2026-03-13,48.7897834777832,49.722137957661076,48.6112476745581,49.6229492982802,17240300
2026-03-16,48.998077392578125,49.36506597030446,48.69059822636066,49.057586804086995,15641100
2026-03-17,49.11709976196289,49.57335623840872,49.07742429870836,49.27579783132059,12770300
2026-03-18,48.08556365966797,48.8790540599277,48.08556365966797,48.77986917876799,16432400
2026-03-19,47.35158157348633,47.609464508094646,46.8358119206094,47.25239291889829,23546600
2026-03-20,46.5977668762207,47.56979307147165,46.34980089425891,47.460687434022766,19735100
2026-03-23,47.372867584228516,47.970634764764505,47.18357673399324,47.223428639459684,19208000
2026-03-24,48.26951599121094,48.60824958344875,47.064024366080154,47.10387247067701,15814600
2026-03-25,49.2259407043457,49.26579261088182,48.48869563537551,48.81746816356798,15047100
2026-03-26,48.90713119506836,49.54474647347552,48.78757928048873,48.78757928048873,12903500
2026-03-27,48.72780227661133,49.10638777998053,48.598285483263744,48.857319069958905,10746100
2026-03-30,48.90713119506836,49.55471134997448,48.717840346943376,49.325564796340494,16612900
2026-03-31,49.78385543823242,50.042885226849464,49.106388236634686,49.335530995927016,20487800
2026-04-01,50.27202606201172,50.471281784352946,49.98310545464127,50.152474148801694,19966800
2026-04-02,50.22221374511719,50.7303122333382,49.72407633292579,49.89344502932403,13799900
2026-04-06,50.03292465209961,50.24214146044367,49.664300217794,50.022959775233524,8885600
2026-04-07,49.8934440612793,50.132547886219385,49.494932619063455,49.93329216511146,9953400
2026-04-08,51.55722427368164,51.58711130348156,50.580875361852,50.88972193823682,14354000
2026-04-09,51.47751998901367,51.87603145163732,51.27826805818882,51.36793294725479,7658500
2026-04-10,51.76643753051758,52.02547110596269,51.686737523025286,51.736550502768814,6138500
2026-04-13,51.995582580566406,52.065321515393364,51.367932167123776,51.49744516009561,9890600
2026-04-14,51.816253662109375,52.06532237646394,51.457597905847855,52.06532237646394,8273900
2026-04-15,51.188602447509766,51.706665821422504,51.04912457770382,51.706665821422504,20300500
2026-04-16,51.55722427368164,51.7764059601797,51.29819448094602,51.32808151074594,12382700
2026-04-17,51.68674087524414,52.17491342907326,51.27826833407638,51.407781329711945,11796000
2026-04-20,52.03543472290039,52.20480342288369,51.47751944126125,51.646888141244546,8558000
2026-04-21,51.5771484375,52.3741675419024,51.447631645382465,52.05535990014144,9557700
2026-04-22,51.636924743652344,52.22472322758824,51.50740795542722,52.04539725991305,8933000
2026-04-23,51.617000579833984,51.70666546702137,51.08897233284745,51.51737081602195,13728200
2026-04-24,51.726585388183594,51.80628919579537,51.13878690923702,51.55722049773866,7420300
2026-04-27,51.58710861206055,51.98562005754083,51.417743718047845,51.80629028712338,8025900
2026-04-28,51.208526611328125,51.786364023262884,50.81997624410324,51.68673806273555,9073000
2026-04-29,50.770164489746094,51.31811488685093,50.70042555559567,51.29819273465384,7053300
2026-04-30,51.27826690673828,51.51737073855383,50.610760791905534,50.730312707813304,15282700
2026-05-01,51.15871047973633,51.577147880331665,51.148749403751914,51.447631089613246,9358200
2026-05-04,50.46132278442383,51.06904725186039,50.31188003639816,50.96942128683458,10041600
2026-05-05,51.33803939819336,51.59707297532547,50.70042413215552,50.8498668728461,10775100
2026-05-06,52.21476364135742,52.47379342471042,51.94576898144073,52.12509875471852,10500300
2026-05-07,51.208526611328125,52.57342203308391,51.188600659125306,52.404053339603294,13026600
2026-05-08,51.39781951904297,51.71662716610786,51.30815463077553,51.61700120158269,7600000
2026-05-11,52.0653190612793,52.214761800571274,51.63692439631488,51.66681142397859,8586900
2026-05-12,51.945770263671875,52.095213011921174,51.26830305911911,51.80629239223224,11594700
2026-05-13,51.86606979370117,52.324355310238595,51.82621788778829,51.93580872880526,8455400
2026-05-14,51.47751998901367,52.05536122976926,51.40778105312758,51.92584443434353,10703400
2026-05-15,50.11262130737305,50.99930526470369,50.0628083278407,50.81997549799786,11192800
2026-05-18,50.03292465209961,50.5310620817685,49.883481903004146,50.14251549470468,10543700
2026-05-19,48.85731887817383,49.67426393979896,48.70787613255272,49.5945601286712,11881300
2026-05-20,49.534786224365234,49.59456028240946,48.71784116020765,48.80750604776089,20467000
2026-05-21,49.83366775512695,50.062810511359324,48.956944835269304,49.355456289882845,10235900
2026-05-22,50.1026611328125,50.311877930903385,49.80377944975598,50.14251303734985,6954600
2026-05-26,50.80005645751953,50.97938243472038,50.461322855274446,50.49120988472676,8241700
2026-05-27,50.98934555053711,51.17863639800927,50.790089826600365,50.819976855020485,9010300
2026-05-28,51.16867446899414,51.27826530535669,50.42146836705319,50.87975386412681,10566000
2026-05-29,50.95945739746094,51.387855864299965,50.91960549345574,51.08897038474772,11728000
2026-06-01,50.73031234741211,50.85982913900943,49.94325812274991,50.461321488652324,24538000
2026-06-02,51.32807922363281,51.47751816646059,50.531060127090825,50.63068608897601,19926800
2026-06-03,51.43767166137695,51.836179321795534,51.049125077261884,51.1587121185483,12438500
2026-06-04,51.427703857421875,52.005545062796614,51.24837409027018,51.63692445275668,9689200
2026-06-05,50.4413948059082,51.457595570412344,50.31187801618567,51.21848794326975,12395700
2026-06-08,49.773887634277344,50.6207234867158,49.72407465483666,50.42146776846635,10994300
2026-06-09,50.580875396728516,50.630688379925054,49.65433946742221,50.401545616831356,13510500
2026-06-10,49.41522979736328,50.67053820507388,49.38534276877055,50.560947366251405,9676500
2026-06-11,51.029197692871094,51.1387885315706,49.8137411916393,49.883480125268655,12442900
2026-06-12,51.98562240600586,52.16495218452458,51.328081151599534,51.5173720064862,15194700
2026-06-15,52.30442810058594,53.00182123535779,52.27454107211282,52.67304872020613,14993300
2026-06-16,52.52360916137695,52.89222977667411,52.443905352400925,52.49371833276754,8430000
2026-06-17,51.82621765136719,53.11141310754303,51.66681382892973,52.324355071545085,16228500
2026-06-18,51.617000579833984,52.23468991352102,51.56718379768452,52.02547311024609,11934100
2026-06-22,51.619998931884766,51.81999969482422,51.150001525878906,51.18000030517578,9088400
2026-06-23,50.869998931884766,51.47999954223633,50.790000915527344,51.06999969482422,10273400
2026-06-24,51.15999984741211,51.529998779296875,50.790000915527344,50.869998931884766,12425600
2026-06-25,51.84000015258789,52.189998626708984,51.27000045776367,51.40999984741211,9655000
2026-06-26,51.599998474121094,51.88999938964844,51.380001068115234,51.56999969482422,9233700
2026-06-29,50.65999984741211,51.400001525878906,50.25,51.279998779296875,12726100
2026-06-30,50.83000183105469,51.189998626708984,50.66999816894531,51.06999969482422,8329100
2026-07-01,51.02000045776367,51.470001220703125,50.47999954223633,50.720001220703125,14128800
2026-07-02,52.0099983215332,52.029998779296875,51.29999923706055,51.400001525878906,12373700
2026-07-06,51.97999954223633,52.040000915527344,51.349998474121094,51.91999816894531,20090500
2026-07-07,51.5099983215332,52.119998931884766,51.29999923706055,51.959999084472656,12304900
