Date,IVV,IJH,IWM,EFA,EEM,AGG,SPTL,HYG,SPBO,IYR,DBC,GLD
2012-01-03,99.52356719970703,14.336217880249023,61.81382369995117,33.38433074951172,28.759424209594727,74.44100952148438,23.226757049560547,40.908084869384766,18.46546173095703,36.0584831237793,23.36789321899414,155.9199981689453
2012-01-04,99.60906219482422,14.29574203491211,61.47579574584961,33.18748474121094,28.597606658935547,74.33950805664062,23.058496475219727,40.839664459228516,18.37114715576172,35.65472412109375,23.545438766479492,156.7100067138672
2012-01-05,99.93556213378906,14.40583610534668,61.82207107543945,32.69538879394531,28.47256088256836,74.44100952148438,23.001293182373047,40.661827087402344,18.329891204833984,35.91337585449219,23.22416877746582,157.77999877929688
2012-01-06,99.71788024902344,14.394501686096191,61.665428161621094,32.24920654296875,28.11216163635254,74.50186157226562,23.105609893798828,40.534175872802734,18.388839721679688,35.85029983520508,23.32562255859375,157.1999969482422
2012-01-09,99.84229278564453,14.473834991455078,61.97871780395508,32.373878479003906,28.406362533569336,74.44100952148438,23.13589859008789,40.588890075683594,18.58922576904297,35.74937057495117,23.35098648071289,156.5
2012-01-10,100.74405670166016,14.672974586486816,62.88568878173828,32.865970611572266,29.024215698242188,74.42070770263672,23.07868003845215,40.73025131225586,18.624591827392578,36.14679718017578,23.52007293701172,158.63999938964844
2012-01-11,100.82177734375,14.702110290527344,63.13304901123047,32.7609977722168,29.046281814575195,74.68457794189453,23.378189086914062,40.68918228149414,18.459558486938477,36.46852111816406,23.452438354492188,159.6699981689453
2012-01-12,101.06278228759766,14.734487533569336,63.32268524169922,32.898780822753906,29.163969039916992,74.62364196777344,23.337804794311523,40.63450622558594,18.630483627319336,36.228797912597656,23.122718811035156,160.3800048828125
2012-01-13,100.67408752441406,14.66325569152832,62.98463821411133,32.54446792602539,28.899169921875,74.79277038574219,23.546457290649414,40.588890075683594,18.71299171447754,36.392822265625,23.07199478149414,159.25999450683594
2012-01-17,100.86843872070312,14.682682991027832,62.959896087646484,32.93159103393555,29.450817108154297,74.81311798095703,23.633956909179688,40.67097091674805,18.754249572753906,36.582069396972656,23.232624053955078,160.5
2012-01-18,101.99569702148438,14.930394172668457,64.08125305175781,33.48275375366211,30.193714141845703,74.71836853027344,23.405101776123047,40.78495788574219,18.754249572753906,36.81547927856445,23.24108123779297,161.60000610351562
2012-01-19,102.57097625732422,15.053427696228027,64.47698974609375,33.896121978759766,30.458513259887695,74.59662628173828,23.061851501464844,40.844234466552734,18.72477912902832,37.04888153076172,23.342533111572266,161.22000122070312
2012-01-20,102.54763793945312,15.029143333435059,64.51823425292969,34.07327651977539,30.436445236206055,74.40715789794922,22.85658073425293,40.844234466552734,18.677635192871094,37.225521087646484,23.173446655273438,162.07000732421875
2012-01-23,102.64093017578125,15.037243843078613,64.435791015625,34.204498291015625,30.730648040771484,74.34627532958984,22.70850372314453,40.98556900024414,18.6953125,37.339073181152344,23.44398307800293,163.16000366210938
2012-01-24,102.54763793945312,15.102007865905762,64.80681610107422,34.01422119140625,30.774795532226562,74.40715789794922,22.738792419433594,41.09044647216797,18.583335876464844,37.54723358154297,23.486257553100586,162.00999450683594
2012-01-25,103.40280151367188,15.2493314743042,65.35923767089844,34.36853790283203,31.120481491088867,74.51539611816406,22.859952926635742,41.450660705566406,18.72477912902832,38.026676177978516,23.680707931518555,166.4199981689453
2012-01-26,102.87417602539062,15.148958206176758,65.28501892089844,34.381656646728516,30.995458602905273,74.66424560546875,22.964258193969727,41.550968170166016,18.801403045654297,38.24746322631836,23.748340606689453,167.27000427246094
2012-01-27,102.81198120117188,15.234755516052246,65.73029327392578,34.44071578979492,31.157251358032227,74.78599548339844,23.085424423217773,41.4005012512207,18.866235733032227,38.34208679199219,23.832887649536133,168.97000122070312
2012-01-30,102.454345703125,15.15705680847168,65.21907806396484,34.03390121459961,30.708600997924805,75.00249481201172,23.421926498413086,41.26827621459961,18.878021240234375,38.007755279541016,23.587711334228516,168.02999877929688
2012-01-31,102.43876647949219,15.121437072753906,65.15308380126953,34.2110595703125,30.97338104248047,75.13109588623047,23.546457290649414,41.37313461303711,18.978227615356445,38.20330047607422,23.528528213500977,169.30999755859375
2012-02-01,103.3017349243164,15.427416801452637,66.55477142333984,34.74909210205078,31.65743064880371,74.99882507324219,23.32113265991211,41.44971466064453,18.998323440551758,38.487186431884766,23.604618072509766,169.55999755859375
2012-02-02,103.5271987915039,15.461427688598633,66.93406677246094,34.82126235961914,31.745691299438477,75.01919555664062,23.3177490234375,41.47722625732422,18.921476364135742,38.56918716430664,23.66379737854004,171.0500030517578
2012-02-03,104.98091125488281,15.720463752746582,68.3934555053711,35.365867614746094,32.27528762817383,74.98527526855469,22.86914825439453,41.59642028808594,18.897836685180664,39.12432861328125,23.942792892456055,167.63999938964844
2012-02-06,104.84877014160156,15.689703941345215,68.17084503173828,35.19526290893555,32.00313186645508,75.03951263427734,23.02767562866211,41.605621337890625,18.868270874023438,38.9350700378418,24.061153411865234,167.17999267578125
2012-02-07,105.12859344482422,15.709125518798828,68.12960815429688,35.41180419921875,32.069339752197266,74.96487426757812,22.778072357177734,41.68812942504883,18.826904296875,38.903541564941406,24.04424476623535,169.6999969482422
2012-02-08,105.43960571289062,15.74798583984375,68.27800750732422,35.53646469116211,32.2973518371582,74.90384674072266,22.83540916442871,41.72480010986328,18.838714599609375,38.928768157958984,24.154151916503906,168.5
2012-02-09,105.58734130859375,15.764172554016113,67.93994903564453,35.628318786621094,32.28264236450195,74.78179931640625,22.65664291381836,41.74315643310547,18.838714599609375,38.64488983154297,24.280967712402344,168.02000427246094
2012-02-10,104.8565673828125,15.59255599975586,67.00827026367188,34.95249557495117,31.569175720214844,74.88353729248047,22.95347785949707,41.38092803955078,18.850540161132812,38.323177337646484,24.05270004272461,167.13999938964844
2012-02-13,105.58734130859375,15.756080627441406,67.87401580810547,35.352745056152344,32.08404541015625,74.91065979003906,22.950101852416992,41.50014877319336,18.880096435546875,38.75844192504883,24.111881256103516,167.50999450683594
2012-02-14,105.47071075439453,15.749600410461426,67.56893920898438,35.09028625488281,31.819246292114258,74.97164916992188,23.142372131347656,41.50014877319336,18.880096435546875,38.3736457824707,24.103425979614258,167.1199951171875
2012-02-15,105.00424194335938,15.705893516540527,67.00827026367188,35.12965393066406,31.907512664794922,74.94454193115234,23.08164405822754,41.3671760559082,18.880096435546875,38.184383392333984,24.187969207763672,168.11000061035156
2012-02-16,106.13151550292969,15.940642356872559,68.26976776123047,35.615203857421875,32.25321578979492,74.93098449707031,22.896135330200195,41.54141616821289,18.86236572265625,38.499794006347656,24.29787826538086,168.0
2012-02-17,106.3880386352539,15.932549476623535,68.26154327392578,35.77267837524414,32.312068939208984,74.8360366821289,22.859033584594727,41.52766799926758,18.86236572265625,38.56288146972656,24.255603790283203,167.35000610351562
2012-02-21,106.46574401855469,15.864545822143555,67.7998275756836,35.77923583984375,32.17966079711914,74.72073364257812,22.717357635498047,41.68354797363281,18.850540161132812,38.08345413208008,24.636051177978516,171.02000427246094
2012-02-22,106.1081314086914,15.803021430969238,67.2638931274414,35.674251556396484,32.23850631713867,74.93098449707031,22.845537185668945,41.81651306152344,18.844635009765625,37.77434539794922,24.86431884765625,172.94000244140625
2012-02-23,106.61347198486328,15.930927276611328,68.26976776123047,35.969512939453125,32.17966079711914,74.99200439453125,22.90962028503418,41.96782684326172,18.820981979370117,38.215919494628906,24.94040870666504,173.02000427246094
2012-02-24,106.79226684570312,15.945501327514648,68.13784790039062,36.18604278564453,32.5032958984375,75.01241302490234,23.014190673828125,42.09621047973633,18.832801818847656,38.323177337646484,25.092588424682617,172.22999572753906
2012-02-27,107.02552795410156,15.937402725219727,68.02242279052734,36.0023193359375,32.17966079711914,75.249755859375,23.226699829101562,42.105369567871094,18.832801818847656,38.279014587402344,24.88968276977539,171.6999969482422
2012-02-28,107.3208999633789,15.91312026977539,67.84101867675781,36.336952209472656,32.62833786010742,75.1954574584961,23.149112701416016,42.187904357910156,18.99241828918457,37.98881530761719,24.881229400634766,173.49000549316406
2012-02-29,106.75341796875,15.806267738342285,66.82688903808594,35.86452865600586,32.60627365112305,75.12086486816406,23.024307250976562,42.24292755126953,18.886003494262695,37.93834686279297,24.78822898864746,164.2899932861328
2012-03-01,107.44529724121094,15.945501327514648,67.17317199707031,36.27134323120117,32.915191650390625,74.96927642822266,22.84177017211914,42.31537628173828,18.92987060546875,38.14023208618164,25.17713165283203,166.61000061035156
2012-03-02,107.16544342041016,15.822458267211914,66.16728973388672,35.936710357666016,32.83428955078125,75.13243865966797,22.970216751098633,42.140098571777344,18.983238220214844,38.12760925292969,24.923500061035156,166.33999633789062
2012-03-05,106.72232818603516,15.754450798034668,66.24148559570312,35.74642562866211,32.26792907714844,75.023681640625,22.899227142333984,41.9049072265625,18.98915672302246,38.436702728271484,24.80514144897461,165.64999389648438
2012-03-06,105.07418823242188,15.451704978942871,64.9222183227539,34.60475540161133,31.186687469482422,75.17327117919922,23.075010299682617,41.3468132019043,18.864656448364258,37.919437408447266,24.399330139160156,162.6999969482422
2012-03-07,105.85938262939453,15.603887557983398,65.53238677978516,35.0312385559082,31.56182289123535,75.1052474975586,23.010784149169922,41.46210479736328,18.959514617919922,38.08345413208008,24.509235382080078,163.6300048828125
2012-03-08,106.90110778808594,15.791692733764648,66.38165283203125,35.78579330444336,32.22379684448242,74.93524169921875,22.807947158813477,41.784969329833984,18.953588485717773,37.99513244628906,24.712142944335938,165.27999877929688
2012-03-09,107.3208999633789,15.9422607421875,67.2803726196289,35.667686462402344,32.20908737182617,74.92167663574219,22.720069885253906,41.83109664916992,18.90616798400879,38.1717643737793,24.779775619506836,166.3800048828125
2012-03-12,107.33647155761719,15.885600090026855,67.14845275878906,35.575836181640625,31.85603141784668,74.98970031738281,22.8045711517334,41.83109664916992,18.918025970458984,38.436702728271484,24.745960235595703,165.07000732421875
2012-03-13,109.27220916748047,16.193206787109375,68.48413848876953,36.15323257446289,32.723960876464844,74.73805236816406,22.456384658813477,42.13547134399414,18.83501625061035,39.12432861328125,24.855865478515625,162.3000030517578
2012-03-14,109.1323013305664,16.070167541503906,67.92346954345703,35.831722259521484,32.20908737182617,74.3301010131836,21.935794830322266,42.02939987182617,18.686809539794922,39.029693603515625,24.686779022216797,159.57000732421875
2012-03-15,109.78528594970703,16.2191162109375,68.49239349365234,36.17291259765625,32.46652603149414,74.29609680175781,21.983118057250977,41.88640594482422,18.704591751098633,39.004478454589844,24.703685760498047,161.0800018310547
2012-03-16,109.93302917480469,16.198068618774414,68.4346694946289,36.422245025634766,32.42974090576172,74.30294036865234,21.989887237548828,41.73423385620117,18.62158966064453,39.23787307739258,25.00804328918457,161.3000030517578
2012-03-19,110.38388061523438,16.248254776000977,69.01184844970703,36.61253356933594,32.3046875,74.06492614746094,21.78030776977539,41.89103317260742,18.657155990600586,39.47128677368164,24.96577262878418,161.58999633789062
2012-03-20,110.04964447021484,16.13006591796875,68.3934555053711,36.17948532104492,31.745691299438477,74.1737289428711,21.81072235107422,41.85874557495117,18.586029052734375,39.37664794921875,24.661413192749023,160.1300048828125
2012-03-21,109.84747314453125,16.112255096435547,68.37698364257812,35.94326400756836,31.804548263549805,74.35053253173828,22.03384017944336,41.724998474121094,18.704591751098633,39.288352966308594,24.60223388671875,160.2100067138672
2012-03-22,109.09339141845703,15.945501327514648,67.71736145019531,35.69393539428711,31.31908416748047,74.41849517822266,22.111589431762695,41.82648849487305,18.6927433013916,38.8215217590332,24.407785415649414,159.57000732421875
2012-03-23,109.46656036376953,16.05721664428711,68.37980651855469,35.94326400756836,31.5544490814209,74.5884780883789,22.26032066345215,41.73885726928711,18.704591751098633,38.97923278808594,24.644506454467773,161.52999877929688
2012-03-26,110.93623352050781,16.292253494262695,69.80235290527344,36.402565002441406,32.106117248535156,74.53409576416016,22.219758987426758,41.99250030517578,18.704591751098633,39.38202667236328,24.754413604736328,164.39999389648438
2012-03-27,110.63163757324219,16.2257080078125,69.3143539428711,36.17291259765625,31.93693733215332,74.6156997680664,22.34144401550293,42.066314697265625,18.734235763549805,39.36293411254883,24.65296173095703,163.24000549316406
2012-03-28,110.1084976196289,16.138042449951172,68.90911865234375,35.923580169677734,31.39999008178711,74.60205841064453,22.324541091918945,41.92793655395508,18.734235763549805,39.27384948730469,24.416236877441406,161.50999450683594
2012-03-29,109.88201141357422,16.116947174072266,68.71062469482422,35.69393539428711,31.363218307495117,74.8060302734375,22.432727813720703,41.923309326171875,18.811298370361328,39.312034606933594,24.078062057495117,161.27999877929688
2012-03-30,110.2724380493164,16.1055850982666,68.48731231689453,36.01544952392578,31.59124183654785,74.69044494628906,22.14200210571289,41.840328216552734,18.757946014404297,39.64292907714844,24.348602294921875,162.1199951171875
2012-04-02,111.1392593383789,16.186744689941406,69.33094024658203,36.435367584228516,32.025203704833984,74.6993408203125,22.335159301757812,41.912254333496094,18.709184646606445,39.89744567871094,24.661413192749023,162.94000244140625
2012-04-03,110.71755981445312,16.23381233215332,68.86775207519531,35.79891586303711,31.841310501098633,74.37908172607422,21.93191146850586,41.87510299682617,18.63187026977539,39.712913513183594,24.551509857177734,159.88999938964844
2012-04-04,109.53842163085938,16.0130615234375,67.76779174804688,34.9984245300293,31.267589569091797,74.53583526611328,22.12505531311035,41.72199630737305,18.786495208740234,39.312034606933594,24.17106056213379,157.2100067138672
2012-04-05,109.56180572509766,15.946502685546875,67.47010040283203,34.78845977783203,31.436763763427734,74.70616149902344,22.29788589477539,41.619911193847656,18.840009689331055,39.14021682739258,24.26405906677246,158.30999755859375
2012-04-09,108.3045654296875,15.746857643127441,66.36184692382812,34.63755798339844,30.97338104248047,75.03324127197266,22.762130737304688,41.40647888183594,18.851917266845703,38.764793395996094,24.154151916503906,159.3699951171875
2012-04-10,106.51628875732422,15.380003929138184,64.79871368408203,33.896121978759766,30.370241165161133,75.04005432128906,23.012910842895508,41.20232391357422,18.82218360900879,38.0139274597168,23.832887649536133,161.10000610351562
2012-04-11,107.25032806396484,15.558560371398926,65.71672058105469,34.36853790283203,30.70123291015625,75.046875,22.78926658630371,41.45286178588867,18.851917266845703,38.46572494506836,23.892066955566406,161.07000732421875
2012-04-12,108.78094482421875,15.837751388549805,66.6595687866211,34.9984245300293,31.488252639770508,74.97189331054688,22.687599182128906,41.824092864990234,18.727027893066406,39.0129508972168,24.204877853393555,162.6999969482422
2012-04-13,107.44554138183594,15.63972282409668,65.78290557861328,34.329166412353516,31.010154724121094,75.2036361694336,23.016294479370117,41.68953323364258,18.923267364501953,38.809329986572266,23.959701538085938,160.85000610351562
2012-04-16,107.35965728759766,15.649463653564453,65.89041137695312,34.5785026550293,30.85569953918457,75.21722412109375,23.070528030395508,41.75448989868164,18.964908599853516,39.261131286621094,23.722978591918945,160.4600067138672
2012-04-17,108.96048736572266,15.901062965393066,66.84152221679688,35.12965393066406,31.208763122558594,75.23088836669922,22.95868492126465,41.9354362487793,18.964908599853516,39.59838104248047,23.832887649536133,160.25
2012-04-18,108.6325454711914,15.844244003295898,66.33698272705078,34.9459342956543,31.061656951904297,75.32627868652344,23.02646827697754,41.921470642089844,18.988683700561523,39.38840103149414,23.604618072509766,159.30999755859375
2012-04-19,107.98439025878906,15.793928146362305,65.95658874511719,34.7359733581543,30.921892166137695,75.2717514038086,23.050186157226562,41.84263229370117,18.953012466430664,39.36928939819336,23.613073348999023,159.42999267578125
2012-04-20,108.07807159423828,15.82151985168457,66.33698272705078,35.07059860229492,31.135204315185547,75.285400390625,23.050186157226562,41.907588958740234,19.024383544921875,39.78290557861328,23.706071853637695,159.5399932861328
2012-04-23,107.20348358154297,15.660825729370117,65.41900634765625,34.36853790283203,30.53942108154297,75.3603744506836,23.185741424560547,41.81943130493164,19.03032112121582,39.413841247558594,23.66379737854004,159.07000732421875
2012-04-24,107.60175323486328,15.698161125183105,65.91521453857422,34.64411926269531,30.605615615844727,75.2513427734375,23.060361862182617,41.916839599609375,19.024383544921875,39.916542053222656,23.66379737854004,159.3000030517578
2012-04-25,109.11669158935547,15.964363098144531,66.94076538085938,35.11652755737305,30.8851261138916,75.285400390625,22.995969772338867,42.22309494018555,19.012481689453125,40.35559844970703,23.799068450927734,159.6199951171875
2012-04-26,109.84293365478516,16.12506675720215,67.6023941040039,35.32648849487305,31.07635498046875,75.40122985839844,23.080684661865234,42.25092315673828,19.042217254638672,40.52739715576172,23.849794387817383,161.02999877929688
2012-04-27,110.0381851196289,16.19810676574707,68.1317138671875,35.470855712890625,31.120481491088867,75.39442443847656,23.104413986206055,42.232364654541016,18.93516731262207,40.72467041015625,23.92588233947754,161.3800048828125
2012-04-30,109.54621124267578,16.047143936157227,67.37909698486328,35.26744079589844,31.054296493530273,75.36717987060547,23.11795997619629,42.31588363647461,19.03626251220703,40.66739273071289,24.018882751464844,161.8800048828125
2012-05-01,110.2724380493164,16.134803771972656,67.44525146484375,35.41180419921875,31.260234832763672,75.3398208618164,23.004188537597656,42.34809112548828,19.05535888671875,41.02374267578125,24.018882751464844,161.32000732421875
2012-05-02,109.98348236083984,16.168893814086914,67.62721252441406,35.13622283935547,31.201396942138672,75.41495513916016,23.140043258666992,42.51138687133789,19.085168838500977,40.96009826660156,23.706071853637695,160.58999633789062
2012-05-03,109.16354370117188,15.902681350708008,66.67611694335938,34.82783508300781,30.966026306152344,75.49696350097656,23.1434383392334,42.48339080810547,19.07921600341797,40.82011795043945,23.44398307800293,158.97000122070312
2012-05-04,107.36746215820312,15.649463653564453,65.41072845458984,34.29636001586914,30.421728134155273,75.57200622558594,23.303071975708008,42.399410247802734,19.13289451599121,40.50831985473633,23.029722213745117,159.47000122070312
2012-05-07,107.41432189941406,15.719260215759277,65.58441925048828,34.545692443847656,30.532058715820312,75.59930419921875,23.333637237548828,42.46939468383789,19.01957130432129,40.73739242553711,22.978994369506836,159.0800018310547
2012-05-08,106.97701263427734,15.691659927368164,65.54307556152344,34.01422119140625,30.046613693237305,75.65396118164062,23.435529708862305,42.46007537841797,19.07921600341797,40.69921875,22.89444923400879,156.0
2012-05-09,106.33665466308594,15.625112533569336,65.1708984375,33.62053680419922,29.656774520874023,75.67442321777344,23.432125091552734,42.31076431274414,19.12691879272461,40.60377502441406,22.716909408569336,154.47000122070312
2012-05-10,106.5865478515625,15.63972282409668,65.41900634765625,33.77802276611328,29.781816482543945,75.59930419921875,23.39815902709961,42.26411437988281,19.12691879272461,40.56557846069336,22.725364685058594,154.77000427246094
2012-05-11,106.22734069824219,15.646215438842773,65.25360870361328,33.56804656982422,29.399335861206055,75.65396118164062,23.57138442993164,42.37141418457031,19.09113121032715,40.73739242553711,22.556276321411133,153.55999755859375
2012-05-14,105.12623596191406,15.472525596618652,64.38519287109375,32.9250373840332,28.729999542236328,75.82466125488281,23.873668670654297,42.05881118774414,19.198488235473633,40.24105453491211,22.260374069213867,151.3300018310547
2012-05-15,104.50933837890625,15.399491310119629,64.26942443847656,32.511661529541016,28.479915618896484,75.78369903564453,23.921228408813477,41.853511810302734,19.246212005615234,40.04379653930664,22.302642822265625,149.74000549316406
2012-05-16,104.11885070800781,15.26962947845459,63.80626678466797,32.19015121459961,28.075374603271484,75.77003479003906,23.989147186279297,41.44290542602539,19.22235679626465,39.553829193115234,22.277280807495117,149.4600067138672
2012-05-17,102.57266998291016,14.86219310760498,62.35896301269531,31.79647445678711,27.692903518676758,75.81785583496094,24.352569580078125,40.86897659301758,19.22235679626465,38.45935821533203,22.22655487060547,152.8000030517578
2012-05-18,101.69023895263672,14.677151679992676,61.771759033203125,31.56683349609375,27.4281005859375,75.79733276367188,24.40011215209961,40.86897659301758,19.264097213745117,38.06483459472656,22.20964813232422,154.5500030517578
2012-05-21,103.41604614257812,15.021269798278809,63.227317810058594,32.26233673095703,28.082721710205078,75.78369903564453,24.332183837890625,41.293582916259766,19.198488235473633,38.84751510620117,22.505550384521484,154.64999389648438
2012-05-22,103.59564971923828,15.061850547790527,62.846927642822266,32.14423370361328,27.78851318359375,75.59930419921875,24.070663452148438,41.288936614990234,19.18656349182129,38.93024444580078,22.184282302856445,152.0800018310547
2012-05-23,103.65813446044922,15.146262168884277,63.25213623046875,31.881776809692383,27.597272872924805,75.68807983398438,24.284648895263672,41.246910095214844,19.18060302734375,39.09568405151367,21.939104080200195,151.6199951171875
2012-05-24,103.7362289428711,15.207942008972168,63.38447189331055,31.67180633544922,27.457534790039062,75.6266098022461,24.16915512084961,41.256248474121094,19.120960235595703,39.216583251953125,21.947559356689453,151.41000366210938
2012-05-25,103.51757049560547,15.17385482788086,63.3431282043457,31.560272216796875,27.325124740600586,75.7426986694336,24.25408172607422,41.125614166259766,19.168676376342773,39.10203170776367,22.023649215698242,152.67999267578125
2012-05-29,104.75920104980469,15.367016792297363,64.26114654541016,31.96050262451172,28.097444534301758,75.70178985595703,24.162384033203125,41.57821273803711,19.234275817871094,39.636566162109375,21.93065071105957,151.02000427246094
2012-05-30,103.22863006591797,15.061850547790527,63.02886962890625,31.205944061279297,27.61198616027832,75.95440673828125,24.729595184326172,41.39155960083008,19.234275817871094,38.713890075683594,21.52484130859375,151.91000366210938
2012-05-31,102.96315002441406,15.019651412963867,62.946128845214844,31.33717155456543,27.72966766357422,76.17975616455078,24.906208038330078,40.95297622680664,19.228315353393555,38.95569610595703,21.33884620666504,151.6199951171875
2012-06-01,100.55010986328125,14.56190013885498,61.05221939086914,30.543243408203125,26.98678207397461,76.3700180053711,25.511381149291992,40.59709548950195,19.362903594970703,37.969390869140625,20.89921760559082,157.5
2012-06-04,100.42516326904297,14.471000671386719,60.9116325378418,30.799142837524414,27.104467391967773,76.19207763671875,25.290151596069336,40.62997817993164,19.291120529174805,37.702125549316406,21.017578125,157.32000732421875
2012-06-05,100.99523162841797,14.660928726196289,61.69731521606445,31.022228240966797,27.178020477294922,76.03469848632812,25.021242141723633,40.88816833496094,19.267202377319336,38.446632385253906,20.941490173339844,157.13999938964844
2012-06-06,103.36138916015625,14.979066848754883,63.219085693359375,31.888334274291992,27.972394943237305,75.808837890625,24.592376708984375,41.32484436035156,19.18344497680664,39.267486572265625,21.33038902282715,157.2100067138672
2012-06-07,103.49417114257812,14.91252326965332,62.805545806884766,31.93425750732422,28.14157485961914,75.9251708984375,24.629810333251953,41.479740142822266,19.225324630737305,39.07658767700195,21.186664581298828,154.5
2012-06-08,104.26721954345703,15.039128303527832,63.657386779785156,31.82927703857422,27.898849487304688,75.8909912109375,24.58555793762207,41.63937759399414,19.16550636291504,39.566566467285156,21.254301071166992,154.72999572753906
2012-06-11,103.50196838378906,14.7550630569458,62.25141906738281,31.52090072631836,27.494300842285156,75.95934295654297,24.76595687866211,41.367069244384766,19.231304168701172,38.790245056152344,20.865400314331055,155.36000061035156
2012-06-12,104.22818756103516,14.899527549743652,63.037132263183594,32.045806884765625,28.068025588989258,75.89777374267578,24.483449935913086,41.65814971923828,19.195409774780273,39.15294647216797,20.96685028076172,156.4600067138672
2012-06-13,103.52538299560547,14.691752433776855,62.309322357177734,31.789905548095703,27.965049743652344,76.09624481201172,24.755748748779297,41.53610610961914,19.195409774780273,38.96841812133789,20.80622100830078,157.1199951171875
2012-06-14,104.57962036132812,14.798895835876465,63.02055740356445,32.026123046875,28.16364097595215,76.04151153564453,24.640033721923828,41.845943450927734,19.261219024658203,39.49656677246094,21.051395416259766,157.75
2012-06-15,105.57914733886719,14.93524169921875,63.86417007446289,32.47885513305664,28.67851448059082,76.21942901611328,24.810192108154297,41.92108917236328,19.350936889648438,39.744728088378906,21.017578125,157.83999633789062
2012-06-18,105.82122802734375,15.079704284667969,63.9385871887207,32.38700485229492,28.737354278564453,76.19892120361328,24.88508415222168,41.935142517089844,19.225324630737305,40.056514739990234,21.034488677978516,157.92999267578125
2012-06-19,106.91895294189453,15.24140453338623,65.04684448242188,32.9250373840332,29.20074462890625,76.1099624633789,24.636625289916992,42.230918884277344,19.255226135253906,40.243343353271484,21.2120304107666,157.16000366210938
2012-06-20,106.69921112060547,15.225111961364746,64.94758605957031,33.11531066894531,29.105119705200195,75.99362182617188,24.70808982849121,42.395263671875,19.338973999023438,40.19197082519531,20.865400314331055,155.97000122070312
2012-06-21,104.3689956665039,14.814774513244629,63.367942810058594,32.24850082397461,28.039236068725586,76.09624481201172,24.87148666381836,42.047855377197266,19.374874114990234,39.56288146972656,20.41731834411621,152.02000427246094
2012-06-22,105.10648345947266,14.888050079345703,64.08747100830078,32.52378845214844,28.128555297851562,75.98678588867188,24.558330535888672,42.33420181274414,19.189434051513672,39.5949592590332,20.620223999023438,152.63999938964844
2012-06-25,103.39599609375,14.621002197265625,63.086734771728516,31.79865074157715,27.607519149780273,76.2262954711914,24.87148666381836,42.26848220825195,19.243261337280273,39.376712799072266,20.831581115722656,153.75999450683594
2012-06-26,103.92957305908203,14.718704223632812,63.33356857299805,32.006778717041016,27.845705032348633,76.1441879272461,24.772764205932617,42.20746994018555,19.392822265625,39.55003356933594,20.975305557250977,152.6199951171875
2012-06-27,104.91033935546875,14.858748435974121,64.36421203613281,32.30894088745117,28.02435302734375,76.17840576171875,24.816999435424805,42.46098709106445,19.207380294799805,39.80039596557617,21.09366798400879,152.8300018310547
2012-06-28,104.65925598144531,14.902711868286133,64.25617980957031,32.37607192993164,27.890363693237305,76.26734924316406,24.895299911499023,42.45629119873047,19.4287052154541,40.13419723510742,20.865400314331055,151.0500030517578
2012-06-29,107.29551696777344,15.334223747253418,66.12625885009766,33.544349670410156,29.125961303710938,76.16470336914062,24.59579849243164,42.86006164550781,19.452625274658203,41.045772552490234,21.770017623901367,155.19000244140625
2012-07-02,107.5230941772461,15.425403594970703,66.89092254638672,33.76592254638672,29.125961303710938,76.31074523925781,24.857019424438477,42.906333923339844,19.491024017333984,41.4822883605957,21.727745056152344,155.08999633789062
2012-07-03,108.25277709960938,15.598014831542969,67.76360321044922,34.07477951049805,29.706544876098633,76.25590515136719,24.693309783935547,43.0621337890625,19.44303321838379,41.713375091552734,22.33646011352539,157.4600067138672
2012-07-05,107.75846099853516,15.604533195495605,67.6888198852539,33.51077651977539,29.393922805786133,76.45478057861328,24.747892379760742,43.06689453125,19.46702766418457,41.520816802978516,22.42100715637207,155.67999267578125
2012-07-06,106.66787719726562,15.423785209655762,66.9324722290039,33.1952018737793,28.858007431030273,76.50963592529297,24.96617889404297,43.01020431518555,19.491024017333984,41.57857131958008,21.905288696289062,153.7100067138672
2012-07-09,106.58154296875,15.366782188415527,66.67481994628906,33.1213493347168,28.753799438476562,76.66046905517578,25.16399574279785,43.02439880371094,19.57501220703125,41.662025451660156,22.294187545776367,154.0399932861328
2012-07-10,105.67925262451172,15.190929412841797,65.93509674072266,32.899776458740234,28.433734893798828,76.69476318359375,25.225391387939453,42.835514068603516,19.629013061523438,41.1677360534668,22.00674057006836,152.14999389648438
2012-07-11,105.63999938964844,15.150219917297363,65.71066284179688,33.000492095947266,28.582597732543945,76.68789672851562,25.194683074951172,42.972415924072266,19.724990844726562,41.231929779052734,22.25191879272461,152.99000549316406
2012-07-12,105.15354919433594,15.099736213684082,65.48627471923828,32.671504974365234,28.106224060058594,76.82505798339844,25.368623733520508,42.87799835205078,19.688995361328125,41.41167068481445,22.302642822265625,152.58999633789062
2012-07-13,106.94243621826172,15.33095932006836,66.30081176757812,33.13478469848633,28.649593353271484,76.8523941040039,25.317461013793945,43.01020431518555,19.46702766418457,41.861026763916016,22.573184967041016,154.13999938964844
2012-07-16,106.69139862060547,15.243030548095703,66.0348129272461,33.12807083129883,28.582597732543945,76.91414642333984,25.4095516204834,42.844940185546875,19.610998153686523,42.021507263183594,22.8521785736084,154.2100067138672
2012-07-17,107.41322326660156,15.332596778869629,66.26754760742188,33.22206115722656,28.962217330932617,76.88672637939453,25.232202529907227,43.0479850769043,19.706985473632812,42.374576568603516,22.877540588378906,153.47000122070312
2012-07-18,108.28413391113281,15.4449462890625,66.67481994628906,33.48392105102539,28.88778305053711,77.03759765625,25.28337287902832,43.22739028930664,19.706985473632812,42.04719924926758,23.080446243286133,153.0500030517578
2012-07-19,108.50384521484375,15.453094482421875,66.45040893554688,33.792781829833984,29.155731201171875,76.97587585449219,25.204906463623047,43.336029052734375,19.73698616027832,41.694122314453125,23.359439849853516,153.3800048828125
2012-07-20,107.49956512451172,15.298395156860352,65.60265350341797,33.000492095947266,28.724016189575195,77.08557891845703,25.467548370361328,43.13296890258789,19.73698616027832,41.552894592285156,23.359439849853516,153.6699981689453
2012-07-23,106.44815063476562,15.102993965148926,64.55540466308594,32.32236099243164,27.972246170043945,77.15419006347656,25.597145080566406,43.0621337890625,19.82697868347168,41.30253219604492,22.86908721923828,153.02999877929688
2012-07-24,105.56155395507812,14.884799003601074,63.70761489868164,31.973220825195312,27.853147506713867,77.25013732910156,25.771087646484375,42.79773712158203,19.802976608276367,41.13563919067383,22.73381805419922,153.52000427246094
2012-07-25,105.5223159790039,14.905962944030762,63.848899841308594,32.141082763671875,27.98712730407715,77.27757263183594,25.812021255493164,42.708038330078125,19.916955947875977,41.12921142578125,22.902904510498047,155.6699981689453
2012-07-26,107.23277282714844,15.132307052612305,64.39749145507812,33.1213493347168,28.61981201171875,77.22956085205078,25.648303985595703,43.14714050292969,19.670982360839844,41.463016510009766,22.945175170898438,156.77000427246094
2012-07-27,109.31982421875,15.4400634765625,65.9267578125,33.81962966918945,29.423696517944336,76.99642944335938,25.167407989501953,43.40211486816406,19.587013244628906,41.931644439697266,23.181900024414062,157.5399932861328
2012-07-30,109.24923706054688,15.4042387008667,65.70235443115234,33.779354095458984,29.252498626708984,77.12676239013672,25.361814498901367,43.40211486816406,19.706985473632812,42.04719924926758,23.317171096801758,157.42999267578125
2012-07-31,108.62937927246094,15.300023078918457,65.1205825805664,33.571205139160156,29.1185245513916,77.20214080810547,25.4095516204834,43.29823303222656,19.73698616027832,42.002262115478516,23.03817367553711,156.49000549316406
2012-08-01,108.40185546875,15.168129920959473,64.04839324951172,33.577919006347656,29.170623779296875,77.11283111572266,25.26259422302246,43.533267974853516,19.67743682861328,41.880279541015625,23.07199478149414,155.13999938964844
2012-08-02,107.64859008789062,15.075310707092285,63.81565475463867,33.10792541503906,28.828231811523438,77.12663269042969,25.395893096923828,43.35758972167969,19.66539764404297,41.92521667480469,22.877540588378906,154.1300048828125
2012-08-03,109.74349975585938,15.371670722961426,65.336669921875,34.23591995239258,29.721431732177734,76.94107818603516,25.03705596923828,43.538028717041016,19.75563621520996,42.23334884643555,23.266441345214844,155.5500030517578
2012-08-06,110.00242614746094,15.454721450805664,65.84366607666016,34.47761917114258,29.907520294189453,77.0578842163086,25.07465171813965,43.50951385498047,19.63532257080078,42.11138153076172,23.40171241760254,156.3000030517578
2012-08-07,110.5595474243164,15.602892875671387,66.44210052490234,34.76633834838867,29.98940086364746,76.85176086425781,24.777324676513672,43.424068450927734,19.611263275146484,41.674869537353516,23.579254150390625,156.27999877929688
2012-08-08,110.7164077758789,15.62407112121582,66.34234619140625,34.74620819091797,30.048940658569336,76.75558471679688,24.65087127685547,43.45254898071289,19.647348403930664,41.42450714111328,23.646888732910156,156.47999572753906
2012-08-09,110.78704071044922,15.653376579284668,66.65821075439453,34.76633834838867,30.17547607421875,76.73497009277344,24.65087127685547,43.45730972290039,19.659391403198242,41.30253219604492,23.84134292602539,156.99000549316406
2012-08-10,110.92830657958984,15.659895896911621,66.42548370361328,34.8267707824707,30.316905975341797,76.85863494873047,24.756803512573242,43.419315338134766,19.653358459472656,41.39241027832031,23.71452522277832,157.17999267578125
2012-08-13,110.88121032714844,15.638721466064453,66.31742858886719,34.658912658691406,30.048940658569336,76.85176086425781,24.729461669921875,43.443058013916016,19.569154739379883,41.37956237792969,23.528528213500977,155.99000549316406
2012-08-14,110.94401550292969,15.619187355041504,66.15947723388672,34.73948287963867,30.041500091552734,76.6731948852539,24.418460845947266,43.50951385498047,19.617267608642578,41.36031723022461,23.553892135620117,155.1300048828125
2012-08-15,111.06950378417969,15.707117080688477,66.74132537841797,34.638763427734375,29.996841430664062,76.42578125,24.11088752746582,43.300594329833984,19.54509162902832,41.47586441040039,23.75679588317871,155.6300048828125
2012-08-16,111.85411834716797,15.848784446716309,67.43944549560547,35.068485260009766,30.27225112915039,76.32963562011719,23.936574935913086,43.46206283569336,19.502975463867188,41.777584075927734,23.849794387817383,156.55999755859375
2012-08-17,112.03456115722656,15.920429229736328,67.91324615478516,35.115478515625,30.123382568359375,76.4189224243164,24.025442123413086,43.46206283569336,19.581180572509766,41.75830841064453,23.88361358642578,156.72000122070312
2012-08-20,112.06597900390625,15.869949340820312,67.76360321044922,35.07520294189453,30.108489990234375,76.3914566040039,24.080120086669922,43.51427459716797,19.54509162902832,41.72621154785156,23.993520736694336,157.25999450683594
2012-08-21,111.70503997802734,15.905776023864746,67.72207641601562,35.27661895751953,30.063831329345703,76.49451446533203,24.155323028564453,43.60922622680664,19.54509162902832,41.72621154785156,24.21333122253418,158.8300018310547
2012-08-22,111.72858428955078,15.865065574645996,67.3979263305664,35.23634338378906,30.078718185424805,76.82430267333984,24.524412155151367,43.56649398803711,19.605247497558594,41.68769454956055,24.34014892578125,160.5399932861328
2012-08-23,110.83414459228516,15.757597923278809,66.9241714477539,35.034915924072266,29.803312301635742,76.87925720214844,24.613265991210938,43.557010650634766,19.617267608642578,41.57857131958008,24.22178840637207,161.88999938964844
2012-08-24,111.54811096191406,15.803179740905762,67.10701751708984,34.981204986572266,29.810762405395508,76.82430267333984,24.60643768310547,43.75167465209961,19.67142105102539,41.739070892333984,24.111881256103516,161.97000122070312
2012-08-27,111.50106811523438,15.79993724822998,67.30648040771484,35.0013427734375,29.505578994750977,76.92732238769531,24.726055145263672,43.718441009521484,19.701486587524414,41.82894515991211,24.00197410583496,161.36000061035156
2012-08-28,111.38336944580078,15.865065574645996,67.61400604248047,34.967769622802734,29.446029663085938,76.98918151855469,24.784133911132812,43.68040466308594,19.749622344970703,41.99583053588867,24.018882751464844,161.63999938964844
2012-08-29,111.49324035644531,15.87809944152832,67.82182312011719,34.8603401184082,29.304601669311523,76.91361999511719,24.69870948791504,43.742183685302734,19.7315731048584,42.00867462158203,24.061153411865234,160.58999633789062
2012-08-30,110.69290161132812,15.754331588745117,67.14856719970703,34.34334945678711,28.962217330932617,76.96173858642578,24.801227569580078,43.723148345947266,19.581180572509766,41.96372985839844,24.086517333984375,160.52000427246094
2012-08-31,111.32060241699219,15.834127426147461,67.42288208007812,34.645484924316406,29.237611770629883,77.20217895507812,25.088308334350586,43.837127685546875,19.77969741821289,42.130653381347656,24.34014892578125,164.22000122070312
2012-09-04,110.84980010986328,16.024639129638672,68.24567413330078,34.470916748046875,29.07386589050293,77.18769073486328,25.069133758544922,43.836151123046875,19.76039695739746,42.34248352050781,24.348602294921875,164.47999572753906
2012-09-05,111.00672912597656,15.988821029663086,68.2623291015625,34.376914978027344,28.924991607666016,77.18769073486328,24.980083465576172,43.8409423828125,19.74833869934082,42.316802978515625,24.230241775512695,164.30999755859375
2012-09-06,113.2585678100586,16.296581268310547,69.51734924316406,35.2296142578125,29.565126419067383,77.00870513916016,24.620487213134766,44.098724365234375,19.76641845703125,42.65060806274414,24.22178840637207,164.88999938964844
2012-09-07,113.76858520507812,16.386138916015625,70.03266906738281,35.76005172729492,30.24991798400879,77.02250671386719,24.521169662475586,44.17513656616211,19.694047927856445,42.72764205932617,24.492324829101562,168.44000244140625
2012-09-10,113.06240844726562,16.316123962402344,69.71685791015625,35.478050231933594,29.86285972595215,77.03623962402344,24.565690994262695,44.103515625,19.675941467285156,42.45162582397461,24.526145935058594,167.2899932861328
2012-09-11,113.34487915039062,16.334026336669922,69.8664321899414,35.88090133666992,30.22014045715332,76.94676971435547,24.442415237426758,44.404296875,19.633724212646484,42.61851501464844,24.57686996459961,167.89999389648438
2012-09-12,113.79996490478516,16.423587799072266,70.22383880615234,36.11590576171875,30.354127883911133,76.80223083496094,24.178688049316406,44.53797912597656,19.63976287841797,42.77900314331055,24.703685760498047,167.9199981689453
2012-09-13,115.59675598144531,16.573396682739258,71.14639282226562,36.66646957397461,31.172901153564453,76.9811782836914,24.099929809570312,44.824398040771484,19.754362106323242,43.298973083496094,24.872774124145508,171.30999755859375
2012-09-14,116.02825164794922,16.7590274810791,71.81130981445312,37.029048919677734,31.53762435913086,76.6645278930664,23.52800750732422,44.81962585449219,19.681987762451172,43.52363967895508,25.134859085083008,171.8000030517578
2012-09-17,115.66731262207031,16.588054656982422,71.47884368896484,36.83432388305664,31.195222854614258,76.78842163085938,23.7471866607666,44.78144454956055,19.633724212646484,43.318233489990234,24.441600799560547,170.39999389648438
2012-09-18,115.55745697021484,16.4805850982666,71.24613952636719,36.679901123046875,31.21010971069336,76.83666229248047,23.877328872680664,44.80055618286133,19.63976287841797,42.94590759277344,24.26405906677246,171.72000122070312
2012-09-19,115.64378356933594,16.519664764404297,71.12145233154297,36.83432388305664,31.21010971069336,76.98806762695312,23.99717140197754,44.74326705932617,19.712141036987305,42.74689865112305,23.908973693847656,171.74000549316406
2012-09-20,115.59675598144531,16.407304763793945,70.8056411743164,36.599334716796875,31.024028778076172,76.93992614746094,24.048559188842773,44.5331916809082,19.700069427490234,42.24619674682617,24.04424476623535,171.47000122070312
2012-09-21,115.4712142944336,16.405675888061523,71.06330871582031,36.61947250366211,31.098464965820312,77.06381225585938,24.072513580322266,44.47112274169922,19.73626708984375,42.23334884643555,24.204877853393555,171.9600067138672
2012-09-24,115.3534927368164,16.38124656677246,70.8313217163086,36.49189376831055,31.068687438964844,77.1463851928711,24.240352630615234,44.41383743286133,19.754362106323242,42.18842315673828,23.951248168945312,171.0500030517578
2012-09-25,114.20010375976562,16.128877639770508,69.8133773803711,36.23677062988281,30.607194900512695,77.27030181884766,24.44924545288086,44.017574310302734,19.784534454345703,41.56916427612305,23.97661018371582,170.77000427246094
2012-09-26,113.54539489746094,16.01291847229004,69.37113189697266,35.87419128417969,30.465778350830078,77.34601593017578,24.69240379333496,43.7979850769043,19.826740264892578,41.530338287353516,23.80752182006836,169.80999755859375
2012-09-27,114.63404083251953,16.20237922668457,70.12211608886719,36.30390167236328,30.94959831237793,77.2978286743164,24.5519962310791,44.27538299560547,19.808652877807617,41.756805419921875,24.103425979614258,172.33999633789062
2012-09-28,113.91613006591797,16.119083404541016,69.62144470214844,35.58547592163086,30.763521194458008,77.4079818725586,24.57939910888672,44.06532669067383,19.8448543548584,41.65972900390625,24.24715232849121,171.88999938964844
2012-10-01,114.32637786865234,16.060270309448242,69.85506439208984,35.87419128417969,31.068687438964844,77.3782958984375,24.6528263092041,43.9909553527832,19.868427276611328,41.3620719909668,24.280967712402344,172.2899932861328
2012-10-02,114.49201202392578,16.120716094970703,69.98861694335938,36.01519012451172,31.11334800720215,77.44042205810547,24.676851272583008,44.101348876953125,19.826091766357422,41.711517333984375,24.154151916503906,172.10000610351562
2012-10-03,114.91016387939453,16.123981475830078,69.78834533691406,35.86747741699219,30.904935836791992,77.4128646850586,24.621946334838867,44.21171188354492,19.801898956298828,41.83445739746094,23.739887237548828,172.41000366210938
2012-10-04,115.81734466552734,16.270992279052734,70.26394653320312,36.30390167236328,31.225000381469727,77.30245208740234,24.357707977294922,44.39887619018555,19.789806365966797,41.679176330566406,24.255603790283203,173.61000061035156
2012-10-05,115.7305679321289,16.277530670166016,70.18051147460938,36.35090637207031,31.225000381469727,77.14388275146484,24.10033416748047,44.374881744384766,19.807947158813477,41.86034393310547,24.12879180908203,172.6199951171875
2012-10-08,115.3519287109375,16.20237922668457,69.7383041381836,36.13604736328125,30.94959831237793,77.26109313964844,24.27192497253418,44.31249237060547,19.832143783569336,41.68563461303711,24.061153411865234,172.0500030517578
2012-10-09,114.26326751708984,16.0570125579834,68.92058563232422,35.61234664916992,30.718856811523438,77.17835998535156,24.17583656311035,44.18770980834961,19.8563289642334,41.50444030761719,24.238697052001953,170.99000549316406
2012-10-10,113.54539489746094,15.973702430725098,68.81208038330078,35.511627197265625,30.53276824951172,77.30245208740234,24.385160446166992,44.082149505615234,19.83819580078125,41.556209564208984,24.19642448425293,170.83999633789062
2012-10-11,113.61637115478516,16.04884910583496,69.06244659423828,35.73990249633789,30.815610885620117,77.39901733398438,24.47095489501953,44.32206726074219,19.89867401123047,41.56268310546875,24.475419998168945,171.32000732421875
2012-10-12,113.1351318359375,15.92469596862793,68.50340270996094,35.69961929321289,30.718856811523438,77.46112060546875,24.5635929107666,44.39887619018555,19.959157943725586,41.38148880004883,24.137243270874023,170.05999755859375
2012-10-15,114.0738754272461,16.068445205688477,68.95396423339844,36.048763275146484,30.897493362426758,77.50247955322266,24.54988670349121,44.6004524230957,19.977294921875,41.65972900390625,24.018882751464844,168.35000610351562
2012-10-16,115.33614349365234,16.241596221923828,69.46292877197266,36.646331787109375,31.21755599975586,77.3782958984375,24.244474411010742,44.763648986816406,19.959157943725586,41.8538703918457,24.035791397094727,169.4199981689453
2012-10-17,115.79371643066406,16.37063217163086,70.08869934082031,36.9887580871582,31.463191986083984,77.13697052001953,24.0111141204834,44.864402770996094,19.904722213745117,41.91859436035156,24.04424476623535,169.5399932861328
2012-10-18,115.54914855957031,16.351032257080078,69.70489501953125,36.847755432128906,31.37387466430664,77.10934448242188,23.88414192199707,44.84040451049805,19.910762786865234,42.31330108642578,24.035791397094727,168.7899932861328
2012-10-19,113.49010467529297,16.104379653930664,68.2947769165039,36.35090637207031,30.890043258666992,77.20596313476562,24.165531158447266,44.614837646484375,19.97124671936035,41.91859436035156,23.672250747680664,166.97000122070312
2012-10-22,113.61637115478516,16.09131622314453,68.27808380126953,36.606048583984375,31.18777847290039,77.10246276855469,24.110631942749023,44.62444305419922,19.934967041015625,41.769752502441406,23.562347412109375,167.5800018310547
2012-10-23,111.98331451416016,15.980241775512695,67.93600463867188,35.82046890258789,30.547658920288086,77.27488708496094,24.32337760925293,44.45649337768555,19.977294921875,41.349124908447266,23.2748966217041,165.42999267578125
2012-10-24,111.6993637084961,15.93122673034668,67.75244140625,35.840614318847656,30.577430725097656,77.21971893310547,24.23073959350586,44.41806411743164,19.959157943725586,41.37502670288086,23.20726203918457,164.86000061035156
2012-10-25,112.03862762451172,15.9671630859375,68.02776336669922,36.055477142333984,30.91237449645996,77.0541763305664,24.03856658935547,44.49007797241211,19.89867401123047,41.19384002685547,23.266441345214844,166.02000427246094
2012-10-26,111.96753692626953,15.92469596862793,67.70234680175781,36.00175857543945,30.6742000579834,77.26109313964844,24.292512893676758,44.38449478149414,19.97124671936035,40.95441436767578,23.317171096801758,165.92999267578125
2012-10-31,111.612548828125,15.998204231262207,68.11121368408203,35.974910736083984,30.629535675048828,77.37144470214844,24.518999099731445,44.43727493286133,20.049875259399414,41.41386032104492,23.30025863647461,166.8300018310547
2012-11-01,113.17460632324219,16.383708953857422,68.82878112792969,36.397891998291016,31.12824249267578,77.26985168457031,24.3165340423584,44.413265228271484,19.995441436767578,41.459163665771484,23.342533111572266,166.07000732421875
2012-11-02,112.10171508789062,16.143583297729492,67.74409484863281,36.048763275146484,30.964479446411133,77.31822204589844,24.265066146850586,44.35086441040039,19.983346939086914,41.737396240234375,22.945175170898438,162.60000610351562
2012-11-05,112.34626770019531,16.236690521240234,68.1946792602539,35.961483001708984,31.11334800720215,77.4494857788086,24.395444869995117,44.278900146484375,19.989389419555664,41.42680358886719,23.13962745666504,163.22999572753906
2012-11-06,113.21402740478516,16.37880516052246,68.7036361694336,36.30390167236328,31.358972549438477,77.2283706665039,24.2547664642334,44.3460807800293,19.983346939086914,41.51739501953125,23.553892135620117,166.3000030517578
2012-11-07,110.6422348022461,16.039045333862305,67.03484344482422,35.76005172729492,30.84539031982422,77.40805053710938,24.621946334838867,44.082149505615234,19.953113555908203,41.3103141784668,23.1142635345459,166.49000549316406
2012-11-08,109.3248291015625,15.820155143737793,66.09197998046875,35.43776321411133,30.45832633972168,77.50476837158203,24.90334129333496,43.938140869140625,20.043825149536133,40.88970947265625,23.148080825805664,167.99000549316406
2012-11-09,109.3405532836914,15.852819442749023,66.23384094238281,35.45119857788086,30.51787757873535,77.4633560180664,24.872459411621094,43.86134719848633,19.995441436767578,40.75381088256836,23.33407974243164,167.82000732421875
2012-11-12,109.55354309082031,15.836492538452148,66.04196166992188,35.42433547973633,30.629535675048828,77.44259643554688,24.968536376953125,43.87572479248047,19.959157943725586,40.68910598754883,23.22416877746582,167.4499969482422
2012-11-13,109.11967468261719,15.795652389526367,65.66646575927734,35.24977111816406,30.354127883911133,77.58086395263672,25.068037033081055,43.77496337890625,20.055917739868164,40.559688568115234,23.181900024414062,167.10000610351562
2012-11-14,107.74700164794922,15.535929679870605,64.44825744628906,34.88048553466797,29.88519287109375,77.60157775878906,25.074920654296875,43.53502655029297,20.037792205810547,39.770240783691406,23.249534606933594,167.13999938964844
2012-11-15,107.51033020019531,15.46733283996582,64.11449432373047,34.994625091552734,29.98940086364746,77.5255355834961,25.074920654296875,43.51581954956055,20.01963996887207,39.59552764892578,23.15653419494629,166.08999633789062
2012-11-16,107.95208740234375,15.578405380249023,64.64852905273438,34.9744873046875,30.078718185424805,77.55321502685547,25.02686309814453,43.640594482421875,19.947053909301758,40.04849624633789,23.25798988342285,165.8800048828125
2012-11-19,110.23990631103516,15.893657684326172,66.01688385009766,35.733192443847656,30.607194900512695,77.60855102539062,24.89988899230957,44.1924934387207,19.989389419555664,40.423789978027344,23.697616577148438,167.8699951171875
2012-11-20,110.27935791015625,15.949198722839355,66.13372039794922,35.78691101074219,30.547658920288086,77.4633560180664,24.69059181213379,44.19731521606445,19.959157943725586,40.676170349121094,23.536983489990234,167.38999938964844
2012-11-21,110.50808715820312,16.014541625976562,66.48417663574219,35.84733963012695,30.488101959228516,77.33201599121094,24.649396896362305,44.18288040161133,19.922866821289062,40.65028381347656,23.63843536376953,167.55999755859375
2012-11-23,111.88871002197266,16.19258689880371,67.1433334350586,36.61947250366211,30.986820220947266,77.38042449951172,24.628803253173828,44.33168411254883,19.92892074584961,40.98030090332031,23.722978591918945,169.61000061035156
2012-11-26,111.84920501708984,16.177888870239258,67.36026763916016,36.532188415527344,30.986820220947266,77.40805053710938,24.724905014038086,44.341270446777344,19.965200424194336,41.03853988647461,23.689163208007812,169.42999267578125
2012-11-27,111.17867279052734,16.145214080810547,67.27679443359375,36.35090637207031,30.726287841796875,77.51174926757812,24.790088653564453,44.38449478149414,20.001483917236328,40.81853485107422,23.655344009399414,168.7100067138672
2012-11-28,112.03070831298828,16.253026962280273,67.84422302246094,36.612754821777344,30.897493362426758,77.5255355834961,24.86216163635254,44.39408493041992,19.886566162109375,40.74734878540039,23.579254150390625,166.5500030517578
2012-11-29,112.58289337158203,16.365734100341797,68.62020874023438,36.92832565307617,31.12080192565918,77.62232971191406,24.83127784729004,44.590843200683594,19.89867401123047,41.01266098022461,23.739887237548828,167.17999267578125
2012-11-30,112.58289337158203,16.35430335998535,68.48670196533203,36.97533416748047,31.105915069580078,77.58086395263672,24.77635955810547,44.6580696105957,19.892627716064453,41.17444610595703,23.75679588317871,166.0500030517578
2012-12-03,112.05436706542969,16.326536178588867,68.41159057617188,37.0223274230957,31.09101676940918,77.59191131591797,24.809036254882812,44.88433837890625,19.984817504882812,41.29090881347656,23.815975189208984,166.1300048828125
2012-12-04,111.86502838134766,16.32489585876465,68.49504089355469,37.11632537841797,31.180339813232422,77.64063262939453,24.891551971435547,44.88433837890625,19.9969482421875,41.2391242980957,23.604618072509766,164.4199981689453
2012-12-05,112.07010650634766,16.355937957763672,68.41159057617188,37.1700325012207,31.515289306640625,77.71015930175781,24.891551971435547,44.95669174194336,19.954496383666992,41.12914276123047,23.579254150390625,164.1199951171875
2012-12-06,112.41719818115234,16.390241622924805,68.52007293701172,37.243892669677734,31.75348472595215,77.7032241821289,24.929353713989258,45.038719177246094,19.99087905883789,41.491493225097656,23.36789321899414,164.5
2012-12-07,112.81166076660156,16.403303146362305,68.57011413574219,37.257328033447266,31.85025405883789,77.63372039794922,24.75058364868164,44.97117233276367,20.003007888793945,41.65972900390625,23.342533111572266,165.16000366210938
2012-12-10,112.91424560546875,16.504575729370117,68.87052154541016,37.297603607177734,32.028892517089844,77.6476058959961,24.81245994567871,45.00973892211914,20.039396286010742,41.65972900390625,23.291805267333984,165.8000030517578
2012-12-11,113.56903076171875,16.576454162597656,69.59644317626953,37.5124626159668,32.19264602661133,77.61982727050781,24.668071746826172,45.05320358276367,19.91810417175293,41.711517333984375,23.249534606933594,165.64999389648438
2012-12-12,113.72679138183594,16.558488845825195,69.20427703857422,37.63331985473633,32.28939437866211,77.40424346923828,24.403335571289062,45.18830871582031,19.97268295288086,41.68563461303711,23.359439849853516,165.77000427246094
2012-12-13,113.01681518554688,16.45720672607422,68.76204681396484,37.51918029785156,32.14797592163086,77.2790756225586,24.393016815185547,45.02906799316406,19.91202735900879,41.40737533569336,23.148080825805664,164.3699951171875
2012-12-14,112.62232208251953,16.41963768005371,68.72032928466797,37.65346145629883,32.28939437866211,77.41813659667969,24.544294357299805,44.99528884887695,19.91202735900879,41.3556022644043,23.291805267333984,164.1300048828125
2012-12-17,113.8687973022461,16.571552276611328,69.688232421875,37.80789566040039,32.371280670166016,77.23040771484375,24.26238250732422,45.16895294189453,19.86957550048828,41.61445236206055,23.2748966217041,164.44000244140625
2012-12-18,115.21778869628906,16.792068481445312,70.639404296875,38.20158767700195,32.597434997558594,77.0496826171875,24.032024383544922,45.19309616088867,19.784666061401367,42.04153060913086,23.33407974243164,162.0800018310547
2012-12-19,114.35237884521484,16.771535873413086,70.79679107666016,38.33734130859375,32.582454681396484,77.1817398071289,24.076730728149414,45.14484405517578,19.91810417175293,41.98257064819336,23.418621063232422,161.69000244140625
2012-12-20,114.98756408691406,16.889812469482422,71.1502685546875,38.595279693603516,32.77714920043945,77.1887435913086,24.107675552368164,45.3040657043457,19.772525787353516,42.460750579833984,23.3087158203125,159.72999572753906
2012-12-21,113.93954467773438,16.761676788330078,70.855712890625,38.35770797729492,32.40272521972656,77.25827026367188,24.28988265991211,45.173797607421875,19.97268295288086,42.32975769042969,23.266441345214844,160.3300018310547
2012-12-24,113.5822982788086,16.715679168701172,70.51065826416016,38.25588607788086,32.33534240722656,77.26517486572266,24.283002853393555,45.00973892211914,19.796796798706055,42.388710021972656,23.19035530090332,160.6199951171875
2012-12-26,113.05030822753906,16.592472076416016,70.00566864013672,38.24909591674805,32.43269729614258,77.36972045898438,24.34833335876465,45.118896484375,19.930225372314453,42.17909622192383,23.42707633972168,160.77999877929688
2012-12-27,112.9391860961914,16.569473266601562,69.95516967773438,38.425575256347656,32.61547088623047,77.4114990234375,24.434463500976562,45.21109390258789,19.832887649536133,42.23150634765625,23.42707633972168,161.16000366210938
2012-12-28,111.66094970703125,16.45282745361328,69.4586181640625,38.018314361572266,32.735321044921875,77.52997589111328,24.5412654876709,45.089805603027344,19.814634323120117,41.97602462768555,23.359439849853516,160.5399932861328
2012-12-31,113.64578247070312,16.70747184753418,70.9651107788086,38.595279693603516,33.22223663330078,77.390625,24.155391693115234,45.283851623535156,19.82073402404785,42.36249923706055,23.486257553100586,162.02000427246094
2013-01-02,116.41670227050781,17.18552017211914,73.05235290527344,39.19260025024414,33.873939514160156,77.30004119873047,23.92453384399414,45.710777282714844,19.984983444213867,43.05031967163086,23.570798873901367,163.1699981689453
2013-01-03,116.26583862304688,17.19210433959961,72.88399505615234,38.81248474121094,33.63424301147461,77.10494995117188,23.728174209594727,45.57004928588867,19.9423885345459,43.05031967163086,23.37635040283203,161.1999969482422
2013-01-04,116.83748626708984,17.31201934814453,73.42264556884766,39.00933837890625,33.701656341552734,77.18855285644531,23.673032760620117,45.599159240722656,19.91806411743164,43.31232833862305,23.2748966217041,160.44000244140625
2013-01-07,116.47225189208984,17.26766586303711,73.1448974609375,38.83963394165039,33.446956634521484,77.14676666259766,23.70403480529785,45.637977600097656,19.91806411743164,43.37784194946289,23.317171096801758,159.42999267578125
2013-01-08,116.1546630859375,17.2183837890625,73.09442138671875,38.6224250793457,33.14732360839844,77.2164306640625,23.83497428894043,45.604007720947266,19.869386672973633,43.292686462402344,23.37635040283203,160.55999755859375
2013-01-09,116.46431732177734,17.321880340576172,73.44793701171875,38.819278717041016,33.289649963378906,77.16070556640625,23.824634552001953,45.69133758544922,19.88764190673828,43.45644760131836,23.342533111572266,160.49000549316406
2013-01-10,117.34564971923828,17.34324073791504,73.61624145507812,39.31476974487305,33.5817985534668,77.15373229980469,23.748838424682617,45.7689323425293,19.924131393432617,43.5612678527832,23.42707633972168,161.97999572753906
2013-01-11,117.40111541748047,17.331745147705078,73.50680541992188,39.396236419677734,33.31212615966797,77.23033905029297,23.921104431152344,45.85137176513672,19.924131393432617,43.55470657348633,23.32562255859375,161.05999755859375
2013-01-14,117.29793548583984,17.372802734375,73.54888916015625,39.44375228881836,33.45444107055664,77.30004119873047,23.88665008544922,45.788352966308594,19.954559326171875,43.62020492553711,23.47780418395996,161.5399932861328
2013-01-15,117.34564971923828,17.445087432861328,73.86869812011719,39.382652282714844,33.31212615966797,77.32091522216797,23.979663848876953,45.798038482666016,19.96063995361328,43.823280334472656,23.37635040283203,162.55999755859375
2013-01-16,117.29793548583984,17.415512084960938,73.64985656738281,39.19260025024414,33.28216552734375,77.36273956298828,24.03136444091797,45.72044372558594,19.948467254638672,43.77742385864258,23.40171241760254,162.64999389648438
2013-01-17,118.09197235107422,17.55844497680664,74.33158874511719,39.51162338256836,33.46942901611328,77.19549560546875,23.83497428894043,45.88536834716797,19.924131393432617,43.875694274902344,23.503162384033203,163.35000610351562
2013-01-18,118.40157318115234,17.584726333618164,74.5419692993164,39.47089767456055,33.54433059692383,77.28610229492188,23.983131408691406,45.94844436645508,19.924131393432617,44.1376953125,23.655344009399414,163.08999633789062
2013-01-22,118.98114013671875,17.737512588500977,75.08067321777344,39.49126434326172,33.49189376831055,77.24433135986328,24.007246017456055,45.9775276184082,20.009319305419922,44.360435485839844,23.722978591918945,163.6699981689453
2013-01-23,119.20340728759766,17.737512588500977,74.90388488769531,39.45052719116211,33.31212615966797,77.3278579711914,24.007246017456055,45.924163818359375,20.003238677978516,44.36698913574219,23.748340606689453,163.2100067138672
2013-01-24,119.23516082763672,17.831153869628906,75.14796447753906,39.64059066772461,33.19226837158203,77.22339630126953,23.910768508911133,46.026039123535156,19.924131393432617,44.41939163208008,23.731433868408203,161.4199981689453
2013-01-25,119.82270050048828,17.993797302246094,75.69498443603516,40.06822967529297,33.07991027832031,77.03526306152344,23.624820709228516,46.011478424072266,19.911970138549805,44.60280227661133,23.680707931518555,160.64999389648438
2013-01-28,119.82270050048828,17.972434997558594,75.74553680419922,39.87137222290039,32.84768295288086,76.923828125,23.55246353149414,45.98723220825195,19.881568908691406,44.64864730834961,23.672250747680664,160.2899932861328
2013-01-29,120.21973419189453,17.974075317382812,75.78759765625,40.14289093017578,33.21474075317383,76.87504577636719,23.43531036376953,45.909610748291016,19.84505271911621,44.73381042480469,23.80752182006836,160.99000549316406
2013-01-30,119.77510070800781,17.857431411743164,74.878662109375,40.18362045288086,33.05743408203125,76.84022521972656,23.387075424194336,45.579742431640625,19.936311721801758,44.32112503051758,24.078062057495117,162.19000244140625
2013-01-31,119.45745086669922,17.92315101623535,75.39204406738281,40.03428649902344,33.124855041503906,76.90987396240234,23.483545303344727,45.439064025878906,19.954559326171875,44.0656623840332,24.069608688354492,161.1999969482422
2013-02-01,120.70398712158203,18.072649002075195,76.0569076538086,40.35332107543945,33.342079162597656,76.74303436279297,23.223892211914062,45.58979797363281,19.9002628326416,44.360435485839844,24.16260528564453,161.4499969482422
2013-02-04,119.38603973388672,17.90672492980957,75.13953399658203,39.627017974853516,32.90010452270508,76.95947265625,23.48284912109375,45.399559020996094,19.888063430786133,44.26872634887695,24.078062057495117,162.0
2013-02-05,120.48963165283203,18.005294799804688,75.81282043457031,39.81028366088867,32.93757247924805,76.79889678955078,23.320556640625,45.50199890136719,19.863664627075195,44.209754943847656,24.17106056213379,161.9600067138672
2013-02-06,120.64842987060547,18.105501174926758,76.13264465332031,39.80350112915039,32.90010452270508,76.93151092529297,23.47593879699707,45.43373107910156,20.04668426513672,44.28837966918945,24.137243270874023,162.38999938964844
2013-02-07,120.50550079345703,18.089075088500977,75.88017272949219,39.477684020996094,32.60797119140625,76.95947265625,23.44141387939453,45.34592819213867,20.095483779907227,44.0787467956543,24.04424476623535,161.83999633789062
2013-02-08,121.11687469482422,18.19257354736328,76.41881561279297,39.728824615478516,32.84768295288086,76.9803466796875,23.49321174621582,45.35568618774414,20.119888305664062,44.517642974853516,24.137243270874023,161.57000732421875
2013-02-11,121.07711029052734,18.166288375854492,76.33463287353516,39.688114166259766,32.832698822021484,76.90357971191406,23.503562927246094,45.35081100463867,20.016176223754883,44.56349182128906,24.05270004272461,159.6999969482422
2013-02-12,121.34709167480469,18.24514389038086,76.67129516601562,39.88494873046875,32.92259216308594,76.88963317871094,23.448328018188477,45.50687026977539,20.05278205871582,44.82551574707031,24.094970703125,159.88999938964844
2013-02-13,121.42648315429688,18.304285049438477,76.9910888671875,39.97998046875,33.0873908996582,76.81285858154297,23.289493560791016,45.57514953613281,19.888063430786133,44.805870056152344,24.103425979614258,159.0500030517578
2013-02-14,121.56938934326172,18.340423583984375,77.18467712402344,39.76277160644531,33.07241439819336,76.95244598388672,23.469038009643555,45.55562973022461,20.04668426513672,44.629005432128906,24.069608688354492,158.35000610351562
2013-02-15,121.4344482421875,18.3124942779541,77.20995330810547,39.66095733642578,32.95256042480469,76.95947265625,23.38617706298828,45.56052017211914,19.894182205200195,44.681400299072266,23.968154907226562,155.75999450683594
2013-02-19,122.26809692382812,18.427494049072266,77.8916244506836,40.12931442260742,33.019981384277344,76.86871337890625,23.313657760620117,45.60442352294922,19.967365264892578,44.989280700683594,23.875158309936523,155.3300018310547
2013-02-20,120.7278060913086,18.126861572265625,76.44406127929688,39.73561096191406,32.72782516479492,76.91751861572266,23.351634979248047,45.56052017211914,19.97347068786621,44.60934829711914,23.604618072509766,151.44000244140625
2013-02-21,120.02912139892578,17.944509506225586,75.70345306396484,39.1382942199707,32.27837371826172,76.95947265625,23.479389190673828,45.60924530029297,19.97347068786621,44.26217269897461,23.33407974243164,152.6199951171875
2013-02-22,121.18035125732422,18.126861572265625,76.61237335205078,39.70167541503906,32.420711517333984,77.00132751464844,23.507028579711914,45.72145080566406,20.01007843017578,44.64209747314453,23.33407974243164,152.97000122070312
2013-02-25,118.9096450805664,17.760517120361328,74.92073822021484,38.75139236450195,31.986234664916992,77.29449462890625,23.907554626464844,45.58004379272461,20.07108497619629,43.88880920410156,23.22416877746582,154.33999633789062
2013-02-26,119.71945190429688,17.868940353393555,75.21530151367188,39.06364059448242,32.166015625,77.27356719970703,23.817781448364258,45.80434036254883,20.125995635986328,44.27527618408203,23.181900024414062,156.22000122070312
2013-02-27,121.18035125732422,18.123567581176758,76.00642395019531,39.559139251708984,32.51808547973633,77.29449462890625,23.717662811279297,45.882389068603516,20.16259002685547,44.61590576171875,23.03817367553711,154.57000732421875
2013-02-28,121.07711029052734,18.075937271118164,76.1495132446289,39.51841735839844,32.36826705932617,77.36427307128906,23.769437789916992,45.86289978027344,20.16259002685547,44.62246322631836,22.936723709106445,153.0
2013-03-01,121.37886810302734,18.0365047454834,76.49456787109375,39.43695831298828,32.44317626953125,77.3915786743164,23.86699104309082,45.95408630371094,20.16443634033203,44.707603454589844,22.776090621948242,152.44000244140625
2013-03-04,121.98224639892578,18.09400749206543,76.696533203125,39.606658935546875,32.13603973388672,77.33563232421875,23.783967971801758,45.959022521972656,20.188907623291016,45.041683197021484,22.69154167175293,152.3000030517578
2013-03-05,123.08586120605469,18.343719482421875,77.5886459350586,40.00034713745117,32.52557373046875,77.27266693115234,23.728605270385742,46.0521354675293,20.176666259765625,45.38886260986328,22.902904510498047,152.3800048828125
2013-03-06,123.33989715576172,18.363431930541992,77.79065704345703,40.102169036865234,32.68288040161133,77.18877410888672,23.52450942993164,46.022727966308594,20.097129821777344,45.21855545043945,22.776090621948242,153.22999572753906
2013-03-07,123.55426025390625,18.424211502075195,78.16096496582031,40.21755599975586,32.77278137207031,77.02787017822266,23.36190414428711,46.09138488769531,19.901369094848633,45.054805755615234,22.928268432617188,152.69000244140625
2013-03-08,124.07830810546875,18.581920623779297,78.88472747802734,40.3057975769043,33.05743408203125,76.80406951904297,23.140499114990234,46.14530944824219,20.01759910583496,45.08098602294922,22.995901107788086,152.7100067138672
2013-03-11,124.50704956054688,18.606557846069336,78.8595199584961,40.42797088623047,32.877647399902344,76.84610748291016,23.154340744018555,46.115909576416016,20.066543579101562,45.25784683227539,23.0128116607666,152.99000549316406
2013-03-12,124.21327209472656,18.588491439819336,78.69959259033203,40.224342346191406,32.50310516357422,76.98599243164062,23.29964256286621,46.09627151489258,20.127723693847656,45.09408950805664,23.06353759765625,154.19000244140625
2013-03-13,124.38789367675781,18.650920867919922,78.99414825439453,40.163246154785156,32.19597625732422,76.92298126220703,23.285795211791992,46.10609436035156,20.127723693847656,45.107200622558594,22.945175170898438,153.66000366210938
2013-03-14,125.08665466308594,18.793842315673828,79.78528594970703,40.55693817138672,32.330814361572266,77.0069580078125,23.22007179260254,46.282623291015625,20.04819107055664,45.34957504272461,23.1142635345459,153.67999267578125
2013-03-15,124.94367980957031,18.76427459716797,79.74317169189453,40.638397216796875,32.038665771484375,77.07685089111328,23.313488006591797,46.2777214050293,20.035951614379883,45.36922836303711,23.16499137878418,154.0
2013-03-18,124.1894302368164,18.683778762817383,79.30554962158203,40.19040298461914,31.679101943969727,77.14678955078125,23.486452102661133,46.28753662109375,20.091012954711914,45.244754791259766,23.029722213745117,155.3800048828125
2013-03-19,123.98303985595703,18.654211044311523,78.96891784667969,40.06822967529297,31.45438575744629,77.25870513916016,23.662887573242188,46.20905303955078,20.04819107055664,44.92378234863281,22.860633850097656,156.0800018310547
2013-03-20,124.7769775390625,18.825056076049805,79.70111083984375,40.31258773803711,31.634153366088867,77.1748046875,23.41380500793457,46.361045837402344,20.103248596191406,45.18581008911133,23.02126693725586,155.3699951171875
2013-03-21,123.74482727050781,18.67227554321289,79.00257110595703,39.946044921875,31.312034606933594,77.18877410888672,23.54180335998535,46.2777214050293,20.097129821777344,45.03513717651367,22.91981315612793,156.25
2013-03-22,124.71343994140625,18.73798179626465,79.24663543701172,40.29222106933594,31.431907653808594,77.21673583984375,23.628286361694336,46.243377685546875,20.182790756225586,45.31026077270508,22.962085723876953,155.5500030517578
2013-03-25,124.301025390625,18.69184684753418,79.29222106933594,39.7899169921875,31.40194320678711,77.18877410888672,23.607534408569336,46.174713134765625,20.091012954711914,45.279884338378906,22.978994369506836,155.24000549316406
2013-03-26,125.25029754638672,18.8088436126709,79.54541778564453,40.041072845458984,31.85139274597168,77.2796630859375,23.649059295654297,46.25809097290039,20.066543579101562,45.616798400878906,23.19035530090332,154.72000122070312
2013-03-27,125.16253662109375,18.84015655517578,79.59603881835938,39.84423065185547,31.971254348754883,77.44050598144531,23.808183670043945,46.179664611816406,20.08488655090332,45.6894645690918,23.3087158203125,155.36000061035156
2013-03-28,125.52947998046875,18.962095260620117,79.69733428955078,40.03428649902344,32.038665771484375,77.44050598144531,23.73554039001465,46.262977600097656,20.08488655090332,45.90086364746094,23.08890151977539,154.4499969482422
2013-04-01,125.11466217041016,18.775888442993164,78.62547302246094,39.498043060302734,31.69408416748047,77.51065063476562,23.862098693847656,46.345787048339844,20.12722396850586,46.04620361328125,23.08890151977539,154.6699981689453
2013-04-02,125.7050552368164,18.69515037536621,78.13597106933594,39.91889190673828,31.70907211303711,77.42652893066406,23.796213150024414,46.3112907409668,20.121091842651367,46.16511917114258,22.978994369506836,152.42999267578125
2013-04-03,124.47650909423828,18.405113220214844,76.91214752197266,39.722042083740234,31.334514617919922,77.51065063476562,24.021591186523438,46.3112907409668,20.243785858154297,45.920677185058594,22.590091705322266,150.72999572753906
2013-04-04,124.95513153076172,18.510576248168945,77.57047271728516,40.075008392333984,31.2446231842041,77.7279281616211,24.21922492980957,46.2965202331543,20.23151397705078,46.59454345703125,22.56473159790039,150.2899932861328
2013-04-05,124.42070007324219,18.494102478027344,77.41857147216797,39.8917350769043,31.169719696044922,77.9522476196289,24.64225959777832,46.34088134765625,20.243785858154297,46.720054626464844,22.547819137573242,152.80999755859375
2013-04-08,125.18651580810547,18.639122009277344,78.05996704101562,40.04785919189453,31.222143173217773,77.81907653808594,24.496618270874023,46.3901481628418,20.21924591064453,47.15606689453125,22.615455627441406,152.16000366210938
2013-04-09,125.649169921875,18.63416862487793,77.83210754394531,40.19040298461914,31.529287338256836,77.84716033935547,24.427268981933594,46.53803253173828,20.096561431884766,47.175899505615234,22.759180068969727,153.33999633789062
2013-04-10,127.22068786621094,18.8945369720459,79.2415771484375,40.787723541259766,31.82891845703125,77.68589782714844,24.156810760498047,46.685890197753906,20.13335609436035,47.4533576965332,22.708454132080078,150.75
2013-04-11,127.63549041748047,18.965391159057617,79.35126495361328,41.10675048828125,31.858884811401367,77.69991302490234,24.184555053710938,46.685890197753906,20.237659454345703,47.68458938598633,22.615455627441406,151.0500030517578
2013-04-12,127.30047607421875,18.896181106567383,79.03057861328125,41.00493240356445,31.371978759765625,77.9522476196289,24.510482788085938,46.700679779052734,20.151758193969727,47.9620475769043,22.33646011352539,143.9499969482422
2013-04-15,124.3886947631836,18.29141616821289,76.05130767822266,40.197200775146484,30.60789680480957,77.98731231689453,24.70117950439453,46.40494155883789,20.237659454345703,46.76628494262695,21.668567657470703,131.30999755859375
2013-04-16,126.19955444335938,18.579795837402344,77.367919921875,40.76736831665039,31.23714256286621,77.98731231689453,24.513961791992188,46.72532272338867,20.335798263549805,47.50620651245117,21.896833419799805,132.8000030517578
2013-04-17,124.301025390625,18.265052795410156,76.02599334716797,39.91889190673828,30.74274444580078,77.98731231689453,24.656112670898438,46.651405334472656,20.329666137695312,46.93144607543945,21.57556915283203,132.8699951171875
2013-04-18,123.58308410644531,18.17441749572754,75.60399627685547,39.796714782714844,30.74274444580078,77.9732894897461,24.728918075561523,46.577457427978516,20.42782211303711,46.93144607543945,21.803836822509766,134.3000030517578
2013-04-19,124.5801773071289,18.426546096801758,76.4732894897461,40.1157341003418,31.19219970703125,77.98027038574219,24.663040161132812,46.55283737182617,20.38486671447754,47.473175048828125,21.753108978271484,135.47000122070312
2013-04-22,125.24229431152344,18.495752334594727,76.69273376464844,40.285423278808594,31.34201431274414,78.07844543457031,24.690786361694336,46.66124725341797,20.323524475097656,47.53923034667969,21.82074546813965,137.89999389648438
2013-04-23,126.5186538696289,18.696788787841797,77.90806579589844,40.85559844970703,31.4918212890625,78.04338073730469,24.607563018798828,46.8436164855957,20.34807014465332,47.81669998168945,21.685474395751953,136.8800048828125
2013-04-24,126.51065063476562,18.766002655029297,78.31318664550781,41.20856475830078,31.679101943969727,78.02935791015625,24.669981002807617,46.927391052246094,20.286718368530273,47.96866226196289,21.922197341918945,138.3699951171875
2013-04-25,127.10896301269531,18.8516902923584,78.82803344726562,41.425777435302734,31.96375846862793,77.99433135986328,24.58330726623535,47.055564880371094,20.274457931518555,47.9091911315918,22.20964813232422,141.6300048828125
2013-04-26,126.83778381347656,18.775888442993164,78.40601348876953,41.459712982177734,31.641653060913086,78.15555572509766,24.76706314086914,47.00627899169922,20.397138595581055,47.69119644165039,22.08283042907715,140.91000366210938
2013-04-29,127.71529388427734,18.91596031188965,78.97148895263672,41.989166259765625,31.971254348754883,78.20465087890625,24.708114624023438,47.09498977661133,20.378753662109375,48.06114196777344,22.378734588623047,142.3000030517578
2013-04-30,127.99449920654297,19.075801849365234,79.4188232421875,42.04347229003906,32.42818832397461,78.19058990478516,24.728918075561523,47.242862701416016,20.378753662109375,48.53019714355469,22.20964813232422,142.77000427246094
2013-05-01,126.91754150390625,18.736339569091797,77.4945297241211,41.79231643676758,32.07611083984375,78.22713470458984,24.949190139770508,47.15272521972656,20.495609283447266,48.19988250732422,21.81229019165039,141.11000061035156
2013-05-02,128.06625366210938,18.922557830810547,78.72674560546875,41.92127990722656,32.330814361572266,78.23416900634766,24.928356170654297,47.454830169677734,20.464847564697266,48.384849548339844,22.091283798217773,141.9199981689453
2013-05-03,129.33462524414062,19.166440963745117,79.97583770751953,42.45751190185547,32.60049057006836,77.94622802734375,24.386354446411133,47.52911376953125,20.48944854736328,48.424495697021484,22.33646011352539,142.08999633789062
2013-05-06,129.6776580810547,19.263654708862305,80.49065399169922,42.40321731567383,32.64543151855469,77.8198013305664,24.313404083251953,47.558868408203125,20.28032112121582,48.616085052490234,22.361825942993164,142.14999389648438
2013-05-07,130.33975219726562,19.436681747436523,81.14897155761719,42.47108840942383,32.877647399902344,77.7777099609375,24.230009078979492,47.524192810058594,20.224971771240234,48.90013885498047,22.285734176635742,140.3800048828125
2013-05-08,130.95401000976562,19.525671005249023,81.38532257080078,42.91908264160156,33.1323356628418,77.84791564941406,24.271699905395508,47.692588806152344,20.477157592773438,49.01907730102539,22.387187957763672,142.4600067138672
2013-05-09,130.60305786132812,19.45811653137207,81.1067886352539,42.505035400390625,32.89262771606445,77.74256134033203,24.230009078979492,47.55392074584961,20.20035743713379,48.76801300048828,22.378734588623047,140.80999755859375
2013-05-10,131.0098419189453,19.58005714416504,81.72286987304688,42.55253982543945,32.637935638427734,77.58805084228516,23.9798526763916,47.306251525878906,20.18805503845215,48.78122329711914,22.277280807495117,139.60000610351562
2013-05-13,131.12147521972656,19.55204200744629,81.66381072998047,42.532188415527344,32.338294982910156,77.51780700683594,23.820045471191406,47.11306381225586,20.046586990356445,48.85390853881836,22.175827026367188,138.42999267578125
2013-05-14,132.5255126953125,19.774503707885742,82.71034240722656,42.61363220214844,32.48811721801758,77.33525085449219,23.604631423950195,47.16262435913086,20.07733154296875,49.11154556274414,22.09973907470703,137.80999755859375
2013-05-15,133.19564819335938,19.851947784423828,82.87913513183594,42.796897888183594,32.49560546875,77.44757080078125,23.708847045898438,47.167545318603516,20.07118797302246,49.54756546020508,22.049013137817383,134.6300048828125
2013-05-16,132.55743408203125,19.764617919921875,82.66812896728516,42.505035400390625,32.383243560791016,77.65824127197266,23.9798526763916,47.28153610229492,20.163440704345703,49.38900375366211,22.023649215698242,134.08999633789062
2013-05-17,133.85772705078125,19.945886611938477,83.59651947021484,42.796897888183594,32.52557373046875,77.4686508178711,23.670631408691406,47.28153610229492,20.1326904296875,49.699520111083984,22.133556365966797,131.07000732421875
2013-05-20,133.88966369628906,19.96565818786621,83.73155975341797,43.03448486328125,32.60797119140625,77.39142608642578,23.65673828125,47.33100891113281,20.126541137695312,49.6730842590332,22.277280807495117,135.1199951171875
2013-05-21,134.05714416503906,20.003557205200195,83.74844360351562,43.12272644042969,32.540557861328125,77.45457458496094,23.816558837890625,47.420162200927734,20.126541137695312,49.90430450439453,22.15046501159668,132.8800048828125
2013-05-22,133.05198669433594,19.66244888305664,82.52467346191406,42.68830108642578,32.18098449707031,77.19481658935547,23.573368072509766,47.1279411315918,19.991226196289062,48.668922424316406,22.049013137817383,131.94000244140625
2013-05-23,132.6611328125,19.649267196655273,82.62592315673828,42.07740020751953,31.9412841796875,77.16669464111328,23.496919631958008,46.999176025390625,19.954313278198242,47.988460540771484,22.15046501159668,134.61000061035156
2013-05-24,132.54141235351562,19.566871643066406,82.60906219482422,41.71086883544922,31.66411781311035,77.16669464111328,23.552505493164062,46.910003662109375,20.003530502319336,47.80348587036133,22.0659236907959,133.75999450683594
2013-05-28,133.35511779785156,19.715181350708008,83.68090057373047,41.81946563720703,31.836402893066406,76.68910217285156,23.090429306030273,46.73664093017578,19.800521850585938,47.32782745361328,22.268827438354492,133.49000549316406
2013-05-29,132.4536590576172,19.54544448852539,82.90446472167969,41.41899490356445,31.431907653808594,76.79446411132812,23.309303283691406,46.548439025878906,19.880502700805664,46.38312911987305,22.125102996826172,134.8300018310547
2013-05-30,132.98016357421875,19.695404052734375,83.46147155761719,41.58189392089844,31.431907653808594,76.7734146118164,23.267621994018555,46.64255142211914,19.880502700805664,45.94051742553711,22.125102996826172,136.6999969482422
2013-05-31,131.065673828125,19.499300003051758,82.54151916503906,40.77415084838867,30.86258888244629,76.62593078613281,23.149490356445312,46.023406982421875,19.929698944091797,45.37897872924805,21.863018035888672,133.9199981689453
2013-06-03,131.75973510742188,19.45811653137207,83.32646179199219,40.930267333984375,31.31954002380371,76.66461181640625,23.289804458618164,45.98308563232422,19.873579025268555,45.49128341674805,22.133556365966797,136.50999450683594
2013-06-04,131.161376953125,19.318038940429688,82.4402847290039,41.0796012878418,30.937501907348633,76.4957504272461,23.09831428527832,45.98308563232422,19.77488899230957,44.96275329589844,22.21809959411621,135.22999572753906
2013-06-05,129.2628173828125,19.046142578125,81.38532257080078,40.163246154785156,30.3831729888916,76.45354461669922,23.338537216186523,45.58480453491211,19.731708526611328,44.48050308227539,22.116649627685547,135.52000427246094
2013-06-06,130.4434814453125,19.28508758544922,82.24615478515625,40.387245178222656,30.637866973876953,76.65056610107422,23.32809829711914,45.943267822265625,19.77488899230957,45.312904357910156,22.20119285583496,136.52999877929688
2013-06-07,132.11862182617188,19.46800422668457,82.87913513183594,40.930267333984375,30.480558395385742,76.411376953125,22.979921340942383,45.97311782836914,19.744054794311523,45.2864875793457,22.25191879272461,133.27999877929688
2013-06-10,132.1027069091797,19.477880477905273,83.3855209350586,40.97100067138672,30.068552017211914,76.25654602050781,22.847618103027344,45.878536224365234,19.571340560913086,44.89010238647461,22.16737174987793,133.94000244140625
2013-06-11,130.80245971679688,19.2471866607666,82.48242950439453,40.468692779541016,29.499235153198242,76.26361846923828,23.07045555114746,45.594757080078125,19.5898494720459,44.203041076660156,21.972925186157227,133.25
2013-06-12,129.70953369140625,19.062625885009766,81.66381072998047,40.42118835449219,29.296987533569336,76.13695526123047,22.844131469726562,45.629638671875,19.577512741088867,43.55561447143555,21.9982852935791,134.25
2013-06-13,131.67996215820312,19.405380249023438,83.10701751708984,41.03887939453125,29.918733596801758,76.5098648071289,23.115707397460938,46.152374267578125,19.639184951782227,44.88349151611328,22.142011642456055,133.74000549316406
2013-06-14,130.84228515625,19.334510803222656,82.46559143066406,40.59088897705078,29.44680404663086,76.53099822998047,23.136611938476562,46.20713806152344,19.663867950439453,44.99580383300781,22.235008239746094,134.42999267578125
2013-06-17,131.91128540039062,19.44492530822754,83.00572967529297,41.17463302612305,29.716476440429688,76.47468566894531,23.007789611816406,46.202152252197266,19.719371795654297,45.05524444580078,22.285734176635742,133.77000427246094
2013-06-18,132.8765106201172,19.60806655883789,83.98475646972656,41.46649932861328,29.843828201293945,76.446533203125,23.004301071166992,46.316646575927734,19.682363510131836,45.1279182434082,22.3280086517334,132.1300048828125
2013-06-19,131.13742065429688,19.319692611694336,82.95508575439453,40.69269943237305,28.922441482543945,75.9328842163086,22.91028594970703,45.62460708618164,19.478830337524414,43.77362060546875,22.361825942993164,130.58999633789062
2013-06-20,127.80303192138672,18.81708335876465,80.7607421875,39.19939041137695,27.626510620117188,75.42642211914062,22.429805755615234,45.17654037475586,19.361629486083984,42.06258010864258,21.634748458862305,123.5999984741211
2013-06-21,128.19390869140625,18.74787712097168,80.99703979492188,39.3283576965332,28.02353286743164,75.00424194335938,22.081619262695312,44.882781982421875,19.164249420166016,42.55805969238281,21.49947738647461,125.05000305175781
2013-06-24,126.55062103271484,18.54848289489746,79.93364715576172,38.71066665649414,27.454221725463867,74.70172119140625,22.1373291015625,44.33017349243164,19.034732818603516,42.287200927734375,21.406478881835938,123.93000030517578
2013-06-25,127.80303192138672,18.779184341430664,80.70166015625,39.2061767578125,28.03850746154785,74.78616333007812,21.956270217895508,44.96244430541992,19.059385299682617,43.066741943359375,21.42338752746582,123.47000122070312
2013-06-26,129.06019592285156,18.922117233276367,81.08146667480469,39.36229705810547,28.480478286743164,75.10277557373047,22.074657440185547,45.335880279541016,19.102575302124023,43.710899353027344,21.36421012878418,118.27999877929688
2013-06-27,129.81385803222656,19.1917781829834,82.3389663696289,39.758426666259766,29.051956176757812,75.41936492919922,22.307937622070312,45.55488967895508,19.207416534423828,44.49110794067383,21.35575294494629,115.94000244140625
2013-06-28,128.9879608154297,19.107402801513672,81.86636352539062,39.68224334716797,29.218914031982422,75.42642211914062,22.339275360107422,45.24625778198242,19.151906967163086,44.2977180480957,21.245845794677734,119.11000061035156
2013-07-01,130.05438232421875,19.353891372680664,83.1998291015625,40.056217193603516,29.309986114501953,75.53071594238281,22.487957000732422,45.491512298583984,19.269451141357422,44.06432342529297,21.38111686706543,121.12999725341797
2013-07-02,129.84593200683594,19.317502975463867,83.14049530029297,39.855377197265625,28.786331176757812,75.53071594238281,22.515850067138672,45.35136413574219,19.318933486938477,44.57780838012695,21.465660095214844,120.05000305175781
2013-07-03,129.98216247558594,19.327430725097656,83.31006622314453,39.869232177734375,28.52069664001465,75.42496490478516,22.435588836669922,45.45644760131836,19.30038070678711,44.384403228759766,21.660112380981445,120.73999786376953
2013-07-05,131.4174041748047,19.57723045349121,84.48832702636719,40.056217193603516,28.338558197021484,74.60032653808594,21.695772171020508,44.97096633911133,19.015827178955078,43.91763687133789,21.609384536743164,118.08999633789062
2013-07-08,132.1389617919922,19.615278244018555,84.82737731933594,40.3055305480957,28.376508712768555,74.98799896240234,21.91910171508789,45.59162139892578,19.127166748046875,44.09098434448242,21.71929359436035,119.51000213623047
2013-07-09,133.0850067138672,19.838619232177734,85.61573791503906,40.527137756347656,28.748374938964844,75.0655288696289,21.898168563842773,45.61662292480469,19.21377944946289,44.65114212036133,21.854564666748047,120.62000274658203
2013-07-10,133.14114379882812,19.841922760009766,85.85310363769531,40.64486312866211,28.47516441345215,74.86817169189453,21.758573532104492,45.79678726196289,19.219955444335938,44.65114212036133,21.922197341918945,120.94999694824219
2013-07-11,135.06539916992188,20.095029830932617,86.86183166503906,41.6975212097168,29.871601104736328,75.3685531616211,21.995882034301758,46.37238693237305,19.158096313476562,45.8847770690918,22.032102584838867,124.23999786376953
2013-07-12,135.01727294921875,20.15127944946289,87.03985595703125,41.42051315307617,29.55284881591797,75.28402709960938,21.908639907836914,46.327354431152344,19.201404571533203,45.584712982177734,22.116649627685547,124.12999725341797
2013-07-15,135.6185760498047,20.232345581054688,87.80276489257812,41.67675018310547,29.856426239013672,75.44613647460938,22.06915855407715,46.52254104614258,19.232324600219727,45.75142288208008,22.057466506958008,124.18000030517578
2013-07-16,135.04934692382812,20.083457946777344,87.36196899414062,41.649051666259766,29.977853775024414,75.56597137451172,22.15291976928711,46.4074592590332,19.269451141357422,45.67808151245117,22.08283042907715,124.88999938964844
2013-07-17,135.33799743652344,20.16781997680664,87.70100402832031,41.77369689941406,30.25106430053711,75.72802734375,22.212244033813477,46.747798919677734,19.2941951751709,45.918128967285156,22.0659236907959,123.31999969482422
2013-07-18,136.10769653320312,20.351449966430664,88.28595733642578,42.050716400146484,29.894372940063477,75.58711242675781,22.002859115600586,47.028076171875,19.318933486938477,46.204856872558594,22.158920288085938,124.01000213623047
2013-07-19,136.42042541503906,20.381227493286133,88.42157745361328,42.01609420776367,29.81088638305664,75.7844467163086,22.25762176513672,46.998046875,19.44883918762207,46.15817642211914,22.175827026367188,125.11000061035156
2013-07-22,136.63685607910156,20.45567512512207,88.60807037353516,42.25155258178711,30.106868743896484,75.88311004638672,22.278562545776367,47.033050537109375,19.5045166015625,46.291534423828125,22.158920288085938,128.83999633789062
2013-07-23,136.35623168945312,20.468904495239258,88.5487060546875,42.341583251953125,30.43321418762207,75.8408203125,22.191299438476562,46.91794204711914,19.48594856262207,46.271541595458984,22.192737579345703,129.7100067138672
2013-07-24,135.8751220703125,20.303478240966797,87.81121063232422,42.286170959472656,30.12204933166504,75.59415435791016,21.957496643066406,46.52254104614258,19.25706672668457,45.37131881713867,22.015193939208984,127.4800033569336
2013-07-25,136.13177490234375,20.389495849609375,88.61654663085938,42.3692741394043,30.29659652709961,75.62236022949219,21.98192024230957,46.417449951171875,19.368427276611328,45.31796646118164,21.989831924438477,128.6699981689453
2013-07-26,136.31610107421875,20.31340217590332,88.26049041748047,42.10611343383789,30.228296279907227,75.60120391845703,22.044740676879883,46.43745040893555,19.405540466308594,45.43799591064453,21.854564666748047,128.77999877929688
2013-07-29,135.91525268554688,20.204221725463867,87.64173889160156,41.70445251464844,29.848833084106445,75.60120391845703,21.880722045898438,46.33734130859375,19.399351119995117,45.077903747558594,21.846107482910156,128.47000122070312
2013-07-30,135.8911895751953,20.24723243713379,87.7179946899414,41.6975212097168,29.78053092956543,75.572998046875,21.88770866394043,46.40241622924805,19.399351119995117,45.024559020996094,21.770017623901367,128.1199951171875
2013-07-31,135.9393310546875,20.351449966430664,87.87059783935547,41.794471740722656,29.605974197387695,75.62939453125,22.002859115600586,46.53755187988281,19.244709014892578,44.40440368652344,21.922197341918945,127.95999908447266
2013-08-01,137.5428924560547,20.76338005065918,89.06580352783203,42.36235809326172,30.14482307434082,75.20216369628906,21.611766815185547,46.09651184082031,19.052993774414062,44.15768051147461,21.972925186157227,126.61000061035156
2013-08-02,137.79136657714844,20.69058609008789,89.14207458496094,42.708621978759766,30.137224197387695,75.45638275146484,21.804176330566406,46.378108978271484,19.05919647216797,43.96430587768555,21.888378143310547,126.36000061035156
2013-08-05,137.65512084960938,20.700515747070312,89.44725036621094,42.61859130859375,29.94749641418457,75.4916763305664,21.671232223510742,46.141754150390625,19.05919647216797,43.9376220703125,21.778470993041992,125.69999694824219
2013-08-06,136.9254608154297,20.487104415893555,88.5487060546875,42.55626678466797,29.568025588989258,75.41400146484375,21.706228256225586,46.09651184082031,18.990947723388672,43.78425598144531,21.60093116760254,123.97000122070312
2013-08-07,136.38833618164062,20.338218688964844,87.92142486572266,42.3692741394043,29.249277114868164,75.51283264160156,21.870634078979492,45.95060729980469,19.04678726196289,43.604217529296875,21.45720672607422,124.1500015258789
2013-08-08,136.86131286621094,20.42259407043457,88.28595733642578,42.75017547607422,29.81088638305664,75.6187973022461,21.93709945678711,46.05122756958008,19.04678726196289,43.64421844482422,21.567113876342773,126.86000061035156
2013-08-09,136.48452758789062,20.44244384765625,88.19269561767578,42.826351165771484,29.871601104736328,75.66822814941406,21.954587936401367,46.05623245239258,18.990947723388672,44.057647705078125,21.71929359436035,126.86000061035156
2013-08-12,136.2760467529297,20.49041748046875,88.65892028808594,42.708621978759766,30.152402877807617,75.6187973022461,22.056032180786133,46.015995025634766,19.015771865844727,43.697566986083984,21.98137855529785,129.1300048828125
2013-08-13,136.76515197753906,20.475522994995117,88.54021453857422,42.98564529418945,30.334543228149414,75.31514739990234,21.55579948425293,46.015995025634766,18.953720092773438,43.097415924072266,21.972925186157227,127.73999786376953
2013-08-14,136.03553771972656,20.34648895263672,88.19269561767578,43.00642395019531,30.43321418762207,75.21627044677734,21.59427261352539,45.925479888916016,19.102624893188477,43.00406265258789,22.15046501159668,129.0
2013-08-15,134.0792236328125,19.98583984375,86.55667114257812,42.646297454833984,30.0841064453125,74.94792175292969,21.328414916992188,45.68906021118164,18.74898910522461,42.190521240234375,22.361825942993164,131.69000244140625
2013-08-16,133.67031860351562,19.926294326782227,86.1921615600586,42.72248077392578,29.82606315612793,74.73606872558594,21.22696304321289,45.53315734863281,18.76140022277832,41.21695327758789,22.37027931213379,132.5800018310547
2013-08-19,132.81240844726562,19.78567123413086,85.31904602050781,42.41775894165039,29.264455795288086,74.50297546386719,21.080039978027344,45.231407165527344,18.649715423583984,40.65681076049805,22.34491729736328,132.00999450683594
2013-08-20,133.44586181640625,20.047054290771484,86.54818725585938,42.36235809326172,29.21133804321289,74.72191619873047,21.216466903686523,45.64883804321289,18.84825897216797,41.610382080078125,22.302642822265625,132.4499969482422
2013-08-21,132.6200714111328,19.884937286376953,86.02263641357422,41.86372375488281,28.52828598022461,74.4465103149414,21.034570693969727,45.48284912109375,18.81103515625,41.52368927001953,22.277280807495117,132.07000732421875
2013-08-22,133.82266235351562,20.099990844726562,87.23483276367188,42.27232360839844,28.991243362426758,74.53836822509766,21.212970733642578,45.72932052612305,18.91029930114746,41.75708770751953,22.285734176635742,132.80999755859375
2013-08-23,134.3277587890625,20.124814987182617,87.4552230834961,42.639381408691406,29.332759857177734,74.78549194335938,21.41936683654785,45.92040252685547,18.904094696044922,42.243873596191406,22.46327781677246,134.89999389648438
2013-08-26,133.7986297607422,20.14134979248047,87.46369934082031,42.327728271484375,29.014005661010742,74.91966247558594,21.5068302154541,45.925479888916016,19.028175354003906,42.08384323120117,22.590091705322266,135.4499969482422
2013-08-27,131.641845703125,19.72116470336914,85.41230773925781,41.60750198364258,28.346139907836914,75.11741638183594,21.730703353881836,45.62870788574219,19.158466339111328,41.957130432128906,22.809904098510742,136.75
2013-08-28,132.0908966064453,19.78567123413086,85.58184814453125,41.559017181396484,28.406858444213867,74.97615814208984,21.608264923095703,45.79972839355469,19.220516204833984,41.75708770751953,22.84372329711914,136.7100067138672
2013-08-29,132.3233184814453,19.868383407592773,86.43798828125,41.489749908447266,28.634536743164062,75.12445068359375,21.748199462890625,45.985801696777344,19.077808380126953,41.82377624511719,22.60700225830078,135.8699951171875
2013-08-30,131.81019592285156,19.544145584106445,85.09017944335938,40.97728729248047,28.854631423950195,75.00440216064453,21.730703353881836,45.945594787597656,19.18328285217285,41.503692626953125,22.539363861083984,134.6199951171875
2013-09-03,132.46766662597656,19.550758361816406,85.66659545898438,41.766780853271484,29.036779403686523,74.81903076171875,21.446331024169922,45.7028694152832,19.24052619934082,41.15693664550781,22.65772819519043,136.4199981689453
2013-09-04,133.56614685058594,19.759199142456055,86.42102813720703,42.14073944091797,29.55284881591797,74.71294403076172,21.421775817871094,45.874778747558594,19.10984992980957,41.450347900390625,22.46327781677246,134.66000366210938
2013-09-05,133.702392578125,19.787322998046875,86.55667114257812,42.10611343383789,29.90195655822754,74.2105941772461,21.17631721496582,45.642208099365234,19.10984992980957,41.096920013427734,22.41254997253418,132.1999969482422
2013-09-06,133.806640625,19.833654403686523,86.79400634765625,42.334651947021484,30.342138290405273,74.48653411865234,21.21137809753418,45.79392623901367,19.053857803344727,41.85043716430664,22.539363861083984,134.14999389648438
2013-09-09,135.13755798339844,20.139705657958984,88.10790252685547,42.916385650634766,31.139022827148438,74.63510131835938,21.30955696105957,45.91017532348633,19.053857803344727,42.67731475830078,22.395641326904297,133.91000366210938
2013-09-10,136.07557678222656,20.338218688964844,88.97257232666016,43.40114974975586,31.374286651611328,74.50064849853516,21.144746780395508,46.07199478149414,19.02895736694336,42.62397003173828,22.192737579345703,131.74000549316406
2013-09-11,136.5325927734375,20.35641860961914,89.01493835449219,43.55351638793945,31.397052764892578,74.7553482055664,21.281509399414062,46.132633209228516,19.02895736694336,42.917381286621094,22.22655487060547,131.6999969482422
2013-09-12,136.25198364257812,20.31340217590332,88.3622055053711,43.304203033447266,31.032772064208984,74.67050170898438,21.235923767089844,46.077022552490234,18.87961769104004,42.64397430419922,22.33646011352539,127.66999816894531
2013-09-13,136.44444274902344,20.34979248046875,88.84541320800781,43.511966705322266,31.237674713134766,74.77657318115234,21.29553985595703,46.04165267944336,18.87961769104004,42.73733139038086,22.268827438354492,127.81999969482422
2013-09-16,137.34243774414062,20.454023361206055,89.04037475585938,43.8513069152832,31.586790084838867,74.93221282958984,21.19034194946289,46.29447555541992,19.02895736694336,43.15742874145508,21.989831924438477,126.44999694824219
2013-09-17,137.89566040039062,20.599605560302734,89.92195892333984,43.879005432128906,31.518484115600586,75.00293731689453,21.337614059448242,46.44613265991211,19.04140281677246,43.124088287353516,21.761564254760742,126.5
2013-09-18,139.51522827148438,20.81466293334961,90.77812957763672,45.04939270019531,32.83903884887695,75.63265991210938,21.660219192504883,46.891090393066406,18.892065048217773,44.63113784790039,22.235008239746094,132.00999450683594
2013-09-19,139.33078002929688,20.766677856445312,90.68486785888672,44.83470916748047,32.66447448730469,75.54067993164062,21.4884090423584,46.75459289550781,19.010290145874023,44.45777130126953,22.15046501159668,131.75
2013-09-20,138.28048706054688,20.60456657409668,90.35428619384766,44.50921630859375,31.93589973449707,75.54067993164062,21.579565048217773,46.698936462402344,19.066299438476562,43.69090270996094,21.947559356689453,127.95999908447266
2013-09-23,137.70315551757812,20.52681541442871,90.36276245117188,44.49535369873047,32.04973602294922,75.59730529785156,21.719823837280273,46.693904876708984,19.084962844848633,43.41082763671875,21.786928176879883,127.55000305175781
2013-09-24,137.40101623535156,20.556861877441406,90.66280364990234,44.42610549926758,31.776521682739258,75.7741928100586,21.93025016784668,46.59275817871094,18.898284912109375,43.12410354614258,21.778470993041992,127.66000366210938
2013-09-25,137.00633239746094,20.561838150024414,90.49280548095703,44.47459030151367,31.533666610717773,75.88033294677734,21.933731079101562,46.51184844970703,19.134746551513672,43.272186279296875,21.81229019165039,128.7899932861328
2013-09-26,137.4333038330078,20.678062438964844,90.99427032470703,44.66157150268555,31.662689208984375,75.86614990234375,21.902179718017578,46.486602783203125,19.408536911010742,43.53466796875,21.98137855529785,127.79000091552734
2013-09-27,136.84515380859375,20.60833740234375,90.58627319335938,44.50227737426758,31.29079818725586,75.9085922241211,21.968812942504883,46.436031341552734,19.290307998657227,43.37313461303711,21.871469497680664,128.97000122070312
2013-09-30,136.0797119140625,20.61165428161621,90.61178588867188,44.1837272644043,30.934106826782227,75.84492492675781,21.916213989257812,46.30458068847656,19.383655548095703,42.93564224243164,21.778470993041992,128.17999267578125
2013-10-01,137.18359375,20.88228988647461,91.66571807861328,44.41918182373047,31.548843383789062,75.7889404296875,21.83464813232422,46.505271911621094,19.260704040527344,43.588523864746094,21.634748458862305,124.58999633789062
2013-10-02,136.97413635253906,20.85240936279297,91.29173278808594,44.405338287353516,31.670276641845703,75.88814544677734,21.848705291748047,46.52559280395508,19.241973876953125,43.61545181274414,21.846107482910156,127.05999755859375
2013-10-03,135.7977752685547,20.678062438964844,90.35675811767578,44.114471435546875,31.548843383789062,75.9448471069336,21.859254837036133,46.55607986450195,19.31687355041504,42.9423713684082,21.81229019165039,127.18000030517578
2013-10-04,136.79684448242188,20.800931930541992,90.96025085449219,44.218345642089844,31.95866584777832,75.88108825683594,21.771381378173828,46.63734817504883,19.31687355041504,42.787559509277344,21.87992286682129,126.52999877929688
2013-10-07,135.62857055664062,20.575124740600586,89.89785766601562,43.76126480102539,31.685449600219727,75.86691284179688,21.904951095581055,46.51540756225586,19.354320526123047,42.97602081298828,22.032102584838867,127.63999938964844
2013-10-08,134.08169555664062,20.31610870361328,88.44446563720703,43.42192459106445,31.381885528564453,75.8314437866211,21.876832962036133,46.49512481689453,19.354320526123047,42.48466873168945,22.108192443847656,127.4000015258789
2013-10-09,134.1380157470703,20.26630401611328,88.0875015258789,43.608924865722656,31.617145538330078,75.77476501464844,21.80653190612793,46.53575134277344,19.285646438598633,42.47122573852539,21.947559356689453,126.11000061035156
2013-10-10,137.07876586914062,20.711273193359375,90.21231079101562,44.39148712158203,32.360904693603516,75.85982513427734,21.70109748840332,46.749183654785156,19.385536193847656,43.48756790161133,22.22655487060547,124.2699966430664
2013-10-11,137.93283081054688,20.89723777770996,91.52119445800781,44.6269416809082,32.50510025024414,75.88814544677734,21.750301361083984,46.83550262451172,19.4729061126709,43.90488052368164,22.108192443847656,122.5999984741211
2013-10-14,138.5531768798828,20.97195053100586,91.98018646240234,44.779300689697266,32.69483184814453,75.74639892578125,21.55698585510254,46.9066276550293,19.260704040527344,43.89140319824219,22.09973907470703,122.83000183105469
2013-10-15,137.4333038330078,20.75776481628418,91.07926177978516,44.564613342285156,32.3760871887207,75.71095275878906,21.585092544555664,46.89139938354492,19.40424346923828,43.75007247924805,22.023649215698242,123.7300033569336
2013-10-16,139.41525268554688,21.03670883178711,92.20967864990234,44.89704132080078,32.63412094116211,76.0369873046875,21.831140518188477,47.1403694152832,19.4229679107666,44.54430389404297,22.192737579345703,123.54000091552734
2013-10-17,140.30958557128906,21.19610595703125,93.01710510253906,45.49261474609375,32.83903884887695,76.24967193603516,22.045564651489258,47.3690299987793,19.504106521606445,45.23082733154297,22.074377059936523,127.41999816894531
2013-10-18,141.2602996826172,21.38039779663086,94.07952880859375,45.76270294189453,32.869388580322266,76.37724304199219,22.07367515563965,47.465545654296875,19.566526412963867,45.143333435058594,22.20119285583496,126.8499984741211
2013-10-21,141.28445434570312,21.38205909729004,93.89254760742188,45.83196258544922,32.81626510620117,76.30632019042969,21.985794067382812,47.35885238647461,19.56027603149414,44.90776062011719,22.15046501159668,126.9800033569336
2013-10-22,142.04183959960938,21.496618270874023,94.1390609741211,46.28903579711914,33.13502502441406,76.57563781738281,22.22832679748535,47.5011100769043,19.59773063659668,45.38563919067383,22.125102996826172,129.33999633789062
2013-10-23,141.49395751953125,21.343870162963867,93.82454681396484,45.8388786315918,32.360904693603516,76.55441284179688,22.30213737487793,47.54176712036133,19.666383743286133,45.479881286621094,21.786928176879883,128.69000244140625
2013-10-24,141.9612274169922,21.395339965820312,94.32601165771484,46.157447814941406,32.292598724365234,76.52608489990234,22.27402114868164,47.556983947753906,19.710065841674805,45.446224212646484,21.795381546020508,129.89999389648438
2013-10-25,142.59776306152344,21.45345687866211,94.41100311279297,46.02585983276367,32.44438934326172,76.55441284179688,22.298627853393555,47.57221603393555,19.747514724731445,45.89044189453125,21.863018035888672,130.4600067138672
2013-10-28,142.75888061523438,21.44017219543457,94.3685073852539,45.94968795776367,32.63412094116211,76.51898193359375,22.24941635131836,47.56208038330078,19.566526412963867,45.5741081237793,21.947559356689453,130.55999755859375
2013-10-29,143.6048126220703,21.539798736572266,94.64048767089844,46.046634674072266,32.7403678894043,76.61109161376953,22.24941635131836,47.638309478759766,19.71631622314453,45.1904411315918,21.888378143310547,129.77000427246094
2013-10-30,142.9038848876953,21.3936824798584,93.34857177734375,45.88043212890625,32.558223724365234,76.46932220458984,22.165054321289062,47.44524002075195,19.566526412963867,44.860652923583984,21.95601463317871,129.60000610351562
2013-10-31,142.35604858398438,21.342214584350586,92.80464172363281,45.62419509887695,32.22429656982422,76.47645568847656,22.182628631591797,47.47063446044922,19.641407012939453,44.537567138671875,21.770017623901367,127.73999786376953
2013-11-01,142.7749481201172,21.395339965820312,92.40513610839844,45.40259552001953,32.239471435546875,76.2918472290039,21.952192306518555,47.388938903808594,19.686481475830078,44.820247650146484,21.49947738647461,126.94999694824219
2013-11-04,143.2583465576172,21.53481101989746,93.46756744384766,45.62419509887695,32.43679428100586,76.36996459960938,21.969804763793945,47.47063446044922,19.54877471923828,44.880836486816406,21.406478881835938,126.80999755859375
2013-11-05,142.8555450439453,21.401988983154297,93.14456176757812,45.22944641113281,31.784122467041016,76.14273071289062,21.77602195739746,47.34300231933594,19.429834365844727,44.20103073120117,21.347299575805664,126.55999755859375
2013-11-06,143.54037475585938,21.3936824798584,92.7451171875,45.62419509887695,31.882766723632812,76.26339721679688,21.740781784057617,47.4808349609375,19.473657608032227,44.19429397583008,21.36421012878418,127.19999694824219
2013-11-07,141.7275848388672,21.00516128540039,91.1812515258789,44.903953552246094,31.305980682373047,76.32024383544922,21.92400550842285,47.511474609375,19.567550659179688,43.65582275390625,21.2120304107666,126.16000366210938
2013-11-08,143.6531982421875,21.333913803100586,92.83863067626953,45.16712188720703,31.237674713134766,75.84453582763672,21.423641204833984,47.42979431152344,19.38603401184082,43.070247650146484,21.33038902282715,124.27999877929688
2013-11-11,143.6531982421875,21.3936824798584,92.96611022949219,45.26408004760742,31.078304290771484,75.80193328857422,21.377836227416992,47.251094818115234,19.429834365844727,43.0366096496582,21.42338752746582,123.87000274658203
2013-11-12,143.3309326171875,21.375410079956055,93.04259490966797,45.11171340942383,30.91134262084961,75.77350616455078,21.43069839477539,47.18470764160156,19.348466873168945,42.888519287109375,21.279664993286133,122.44999694824219
2013-11-13,144.4427032470703,21.601228713989258,93.9350357055664,45.25715637207031,30.96446418762207,75.9723129272461,21.525836944580078,47.3634147644043,19.379758834838867,43.1914176940918,21.372663497924805,122.8499984741211
2013-11-14,145.30482482910156,21.675939559936523,93.84153747558594,45.46491241455078,31.465349197387695,76.20661926269531,21.673818588256836,47.50127029418945,19.40479278564453,43.53466796875,21.465660095214844,124.2699966430664
2013-11-15,145.92518615722656,21.747333526611328,94.1985092163086,45.83196258544922,32.06490707397461,76.2279052734375,21.631546020507812,47.57276916503906,19.52374267578125,43.642372131347656,21.431842803955078,124.31999969482422
2013-11-18,145.44174194335938,21.59624671936035,93.53560638427734,45.83196258544922,32.353309631347656,76.3770523071289,21.744295120239258,47.434898376464844,19.511211395263672,43.3394889831543,21.288118362426758,122.9000015258789
2013-11-19,145.0873260498047,21.443492889404297,92.95758819580078,45.714229583740234,32.1559944152832,76.17113494873047,21.66325569152832,47.41447830200195,19.53624725341797,43.00967788696289,21.254301071166992,122.94999694824219
2013-11-20,144.6280517578125,21.39700698852539,92.923583984375,45.395660400390625,31.715808868408203,75.9581527709961,21.321462631225586,47.36851501464844,19.28587532043457,42.63275146484375,21.271209716796875,120.12000274658203
2013-11-21,145.74790954589844,21.664321899414062,94.59796905517578,45.679595947265625,31.685449600219727,76.03622436523438,21.36726951599121,47.53190612792969,19.398542404174805,42.86160659790039,21.541749954223633,119.94000244140625
2013-11-22,146.50531005859375,21.704164505004883,95.06544494628906,45.811180114746094,31.913137435913086,76.14273071289062,21.515262603759766,47.5676383972168,19.429834365844727,42.73372268676758,21.609384536743164,119.91999816894531
2013-11-25,146.3602294921875,21.67262077331543,95.1844482421875,45.67267608642578,31.50330924987793,76.19955444335938,21.546966552734375,47.63909149169922,19.45488929748535,42.55199432373047,21.584022521972656,120.45999908447266
2013-11-26,146.38442993164062,21.68092918395996,95.889892578125,45.67267608642578,31.609560012817383,76.22083282470703,21.70906639099121,47.67483901977539,19.498699188232422,42.43083190917969,21.57556915283203,119.81999969482422
2013-11-27,146.74703979492188,21.72575569152832,96.42534637451172,45.783477783203125,31.814472198486328,76.25633239746094,21.617441177368164,47.64423370361328,19.611373901367188,42.868316650390625,21.57556915283203,119.45999908447266
2013-11-29,146.60206604003906,21.656015396118164,96.47636413574219,45.873512268066406,32.14081954956055,76.28477478027344,21.5963077545166,47.69528579711914,19.611373901367188,42.47122573852539,21.567113876342773,120.69999694824219
2013-12-02,146.28775024414062,21.642738342285156,95.50743865966797,45.53416061401367,31.465349197387695,75.99517822265625,21.47019386291504,47.71064758300781,19.55487632751465,42.249088287353516,21.541749954223633,117.58000183105469
2013-12-03,145.73182678222656,21.56636619567871,95.04844665527344,45.21560287475586,31.359107971191406,76.08769989013672,21.526710510253906,47.66450881958008,19.454435348510742,42.20199203491211,21.668567657470703,117.95999908447266
2013-12-04,145.56259155273438,21.539798736572266,94.79347229003906,44.973209381103516,31.321165084838867,75.8885269165039,21.33948516845703,47.5413703918457,19.454435348510742,42.29622268676758,21.710838317871094,119.95999908447266
2013-12-05,145.01473999023438,21.56636619567871,94.8614730834961,44.71697235107422,31.139022827148438,75.7248764038086,21.321836471557617,47.505462646484375,19.479537963867188,42.34334182739258,21.685474395751953,118.30000305175781
2013-12-06,146.62612915039062,21.748998641967773,95.60089874267578,45.27100372314453,31.82965087890625,75.8529281616211,21.325363159179688,47.63887023925781,19.485816955566406,42.67314529418945,21.761564254760742,118.55000305175781
2013-12-09,146.9484100341797,21.770578384399414,95.57540130615234,45.22251510620117,31.875179290771484,75.94544982910156,21.3995418548584,47.813297271728516,19.510940551757812,42.9491081237793,21.685474395751953,119.72000122070312
2013-12-10,146.49728393554688,21.690887451171875,94.70848083496094,45.146339416503906,31.890371322631836,76.0663070678711,21.572629928588867,47.813297271728516,19.523483276367188,42.9491081237793,21.753108978271484,121.81999969482422
2013-12-11,144.7972412109375,21.342214584350586,93.153076171875,44.723907470703125,31.18455696105957,75.94544982910156,21.459598541259766,47.669639587402344,19.454435348510742,42.0202522277832,21.753108978271484,120.86000061035156
2013-12-12,144.3540802001953,21.35715103149414,93.35708618164062,44.398414611816406,31.002416610717773,75.83160400390625,21.37483024597168,47.5824089050293,19.51720428466797,41.7375602722168,21.55020523071289,118.29000091552734
2013-12-13,144.29776000976562,21.421913146972656,93.66304779052734,44.370704650878906,31.078304290771484,75.86715698242188,21.431331634521484,47.65937805175781,19.454435348510742,41.905826568603516,21.465660095214844,119.37999725341797
2013-12-16,145.1597900390625,21.59292221069336,94.77650451660156,44.68927001953125,31.28322410583496,75.92408752441406,21.36775779724121,47.700416564941406,19.41676139831543,41.95292663574219,21.533294677734375,119.69000244140625
2013-12-17,144.66831970214844,21.579641342163086,94.64048767089844,44.49535369873047,31.010000228881836,76.05213165283203,21.466665267944336,47.70553970336914,19.485816955566406,42.175071716308594,21.431842803955078,118.6500015258789
2013-12-18,147.1740264892578,21.85194206237793,95.94087219238281,45.195289611816406,31.627235412597656,76.01658630371094,21.37835693359375,47.787601470947266,19.448144912719727,42.915443420410156,21.474111557006836,117.61000061035156
2013-12-19,147.0853271484375,21.665979385375977,95.2269515991211,45.195289611816406,31.04523468017578,75.8885269165039,21.335962295532227,47.73631286621094,19.53603172302246,42.39044189453125,21.52484130859375,114.81999969482422
2013-12-20,147.86691284179688,21.911712646484375,96.83329010009766,45.453758239746094,30.999277114868164,76.01658630371094,21.615020751953125,47.76708984375,19.6050968170166,42.72026443481445,21.69392967224121,115.94000244140625
2013-12-23,148.6921844482422,22.077016830444336,97.93141174316406,45.9217643737793,31.229013442993164,75.98104095458984,21.52317237854004,47.80299758911133,19.46070098876953,42.78071594238281,21.69392967224121,115.56999969482422
2013-12-24,149.12147521972656,22.163679122924805,98.30681610107422,46.012577056884766,31.412805557250977,75.8742904663086,21.360687255859375,47.77734375,19.55487632751465,42.85544967651367,21.761564254760742,116.0999984741211
2013-12-26,149.84230041503906,22.19200897216797,98.31535339355469,46.26405334472656,31.144786834716797,75.83153533935547,21.279438018798828,47.822235107421875,19.579988479614258,42.90299987792969,21.795381546020508,116.73999786376953
2013-12-27,149.8098907470703,22.200340270996094,98.25562286376953,46.501556396484375,31.627235412597656,75.86003875732422,21.207551956176758,47.817047119140625,19.66453742980957,42.95735549926758,21.854564666748047,117.12000274658203
2013-12-30,149.73696899414062,22.24700355529785,98.19586944580078,46.697139739990234,31.76506805419922,75.93134307861328,21.34566307067871,47.8582878112793,19.645614624023438,42.99132537841797,21.727745056152344,115.38999938964844
2013-12-31,150.3605499267578,22.298654556274414,98.42623901367188,46.87178421020508,32.01011657714844,75.86003875732422,21.19336700439453,47.88925552368164,19.525712966918945,42.85544967651367,21.69392967224121,116.12000274658203
2014-01-02,149.0323028564453,22.055360794067383,97.3597640991211,46.04052734375,30.777191162109375,75.9099349975586,21.289005279541016,47.97174072265625,19.494155883789062,42.787506103515625,21.38111686706543,118.0
2014-01-03,148.96759033203125,22.163679122924805,97.8546142578125,46.08942794799805,30.723590850830078,75.93843841552734,21.274839401245117,47.956268310546875,19.626680374145508,43.03888702392578,21.245845794677734,119.29000091552734
2014-01-06,148.5625762939453,22.032024383544922,97.06114959716797,46.033546447753906,30.432594299316406,76.0382308959961,21.363393783569336,48.059356689453125,19.740278244018555,43.21552276611328,21.271209716796875,119.5
2014-01-07,149.47784423828125,22.20866584777832,97.87168884277344,46.2919921875,30.56277847290039,76.07386016845703,21.4342098236084,48.059356689453125,19.626680374145508,43.36499786376953,21.254301071166992,118.81999969482422
2014-01-08,149.55877685546875,22.242006301879883,97.99964904785156,46.27802658081055,30.463220596313477,75.84575653076172,21.356292724609375,48.02845001220703,19.5383243560791,43.29704284667969,21.051395416259766,118.12000274658203
2014-01-09,149.6317138671875,22.276992797851562,98.02529907226562,46.24309539794922,30.302406311035156,75.95267486572266,21.480253219604492,48.100624084472656,19.5383243560791,43.27667236328125,20.882308959960938,118.45999908447266
2014-01-10,150.0204620361328,22.431974411010742,98.5627670288086,46.66919708251953,30.838459014892578,76.33758544921875,21.738794326782227,48.2450065612793,19.733963012695312,43.79300308227539,21.017578125,120.26000213623047
2014-01-13,148.03611755371094,22.113683700561523,97.21469116210938,46.26405334472656,30.470888137817383,76.40882873535156,21.813169479370117,48.19345474243164,19.797069549560547,43.50767517089844,21.009124755859375,121.0199966430664
2014-01-14,149.61546325683594,22.385316848754883,98.40923309326172,46.634273529052734,30.800180435180664,76.29481506347656,21.742340087890625,48.26561737060547,19.784454345703125,43.7794075012207,21.009124755859375,119.88999938964844
2014-01-15,150.46583557128906,22.515296936035156,99.14295196533203,46.829872131347656,30.792509078979492,76.23063659667969,21.72109031677246,48.36355972290039,19.658241271972656,43.98322296142578,21.06830406188965,119.66000366210938
2014-01-16,150.20672607421875,22.478633880615234,99.26242065429688,46.80890655517578,30.624048233032227,76.40882873535156,21.827346801757812,48.34297180175781,19.708723068237305,44.08514404296875,21.034488677978516,119.79000091552734
2014-01-17,149.6317138671875,22.410303115844727,98.91259765625,46.66919708251953,30.470888137817383,76.44449615478516,21.922969818115234,48.353271484375,19.708723068237305,43.94246292114258,21.059850692749023,120.93000030517578
2014-01-21,150.04470825195312,22.490299224853516,99.5013198852539,46.89274215698242,30.424930572509766,76.48014831542969,21.94775390625,48.41514587402344,19.809696197509766,44.24817657470703,21.110578536987305,119.69999694824219
2014-01-22,150.15005493164062,22.600292205810547,100.00472259521484,46.89274215698242,30.830801010131836,76.31620025634766,21.898176193237305,48.34297180175781,19.790773391723633,44.36368942260742,21.2120304107666,119.19000244140625
2014-01-23,148.9189910888672,22.430309295654297,99.33065795898438,46.578392028808594,30.072669982910156,76.51575469970703,22.156705856323242,48.281105041503906,19.80339241027832,44.34328842163086,21.195117950439453,121.79000091552734
2014-01-24,145.70361328125,21.848724365234375,96.7966079711914,45.300079345703125,29.28390884399414,76.67972564697266,22.291292190551758,47.96142578125,19.847558975219727,43.691097259521484,21.203575134277344,122.29000091552734
2014-01-27,144.94223022460938,21.64874839782715,95.38027954101562,45.09052658081055,29.169029235839844,76.51575469970703,22.15317726135254,47.945953369140625,19.847558975219727,43.42612075805664,21.059850692749023,120.95999908447266
2014-01-28,145.88180541992188,21.850379943847656,96.3870849609375,45.48169708251953,29.35283088684082,76.64404296875,22.2027530670166,48.15732955932617,19.847558975219727,43.86772918701172,21.161306381225586,120.94999694824219
2014-01-29,144.47254943847656,21.625415802001953,94.99639892578125,44.971763610839844,28.931638717651367,76.87210845947266,22.376298904418945,48.013004302978516,19.898046493530273,43.663909912109375,21.14439582824707,122.47000122070312
2014-01-30,146.02761840820312,21.9287052154541,96.41270446777344,45.2022819519043,29.199661254882812,76.88643646240234,22.284217834472656,48.09547805786133,19.87911605834961,44.19384002685547,21.059850692749023,119.7699966430664
2014-01-31,145.11239624023438,21.810388565063477,95.69599151611328,44.433895111083984,29.2456111907959,77.02898406982422,22.461301803588867,48.08000183105469,19.929601669311523,44.32970428466797,21.034488677978516,120.08999633789062
2014-02-03,141.87266540527344,21.083826065063477,92.70122528076172,43.525794982910156,28.41855812072754,77.29036712646484,22.708402633666992,47.93597412109375,20.08021354675293,43.684303283691406,21.034488677978516,121.31999969482422
2014-02-04,142.84461975097656,21.31379508972168,93.4008560180664,44.028743743896484,28.992900848388672,77.10462951660156,22.516679763793945,47.99296569824219,20.061227798461914,44.13947677612305,21.195117950439453,120.98999786376953
2014-02-05,142.65838623046875,21.245466232299805,92.70122528076172,44.11954879760742,28.885698318481445,76.91182708740234,22.30721092224121,47.99296569824219,20.061227798461914,44.12589645385742,21.23739242553711,121.29000091552734
2014-02-06,144.5615997314453,21.53043556213379,93.43499755859375,44.901912689208984,29.49066925048828,76.87613677978516,22.225549697875977,48.16393280029297,19.934663772583008,44.45199966430664,21.32193374633789,121.23999786376953
2014-02-07,146.44871520996094,21.748733520507812,94.49298858642578,45.48867416381836,29.65914535522461,76.99755859375,22.243303298950195,48.40747833251953,19.884033203125,44.750938415527344,21.567113876342773,122.16999816894531
2014-02-10,146.65121459960938,21.82206153869629,94.74039459228516,45.33500289916992,29.329851150512695,77.07608795166016,22.289445877075195,48.43860626220703,19.991626739501953,45.15855026245117,21.448755264282227,122.91999816894531
2014-02-11,148.27101135253906,22.037025451660156,95.58506774902344,46.05448532104492,29.965457916259766,76.92613220214844,22.17584800720215,48.52149200439453,19.839750289916992,45.3148078918457,21.55866050720215,124.36000061035156
2014-02-12,148.3925323486328,22.172014236450195,95.96046447753906,46.1313362121582,29.973121643066406,76.79759216308594,22.058683395385742,48.44377136230469,19.934663772583008,45.34198760986328,21.60093116760254,124.43000030517578
2014-02-13,149.11328125,22.315326690673828,97.18059539794922,46.27104949951172,30.00374984741211,76.96182250976562,22.1971492767334,48.58366775512695,19.96630859375,45.51865005493164,21.71929359436035,125.48999786376953
2014-02-14,149.90707397460938,22.3969783782959,97.31708526611328,46.44567108154297,30.371341705322266,76.96182250976562,22.17229461669922,48.661407470703125,19.846067428588867,45.702064514160156,21.795381546020508,127.1500015258789
2014-02-18,150.13381958007812,22.533628463745117,98.33240509033203,46.84384536743164,30.087989807128906,77.01185607910156,22.25040626525879,48.7287712097168,19.928346633911133,45.97381591796875,22.108192443847656,127.4000015258789
2014-02-19,149.1376495361328,22.393648147583008,97.32561492919922,46.52949523925781,29.881216049194336,76.9547348022461,22.15808868408203,48.604366302490234,19.877704620361328,45.960227966308594,22.16737174987793,126.2699966430664
2014-02-20,149.97994995117188,22.530290603637695,98.37509155273438,46.69017028808594,29.98843002319336,76.91182708740234,22.129684448242188,48.75464630126953,19.940990447998047,45.87870788574219,22.20964813232422,127.5999984741211
2014-02-21,149.89895629882812,22.583620071411133,98.68222045898438,46.78097152709961,30.195201873779297,76.98323059082031,22.21133804321289,48.79610824584961,19.940990447998047,45.953426361083984,22.15046501159668,127.58000183105469
2014-02-24,150.53079223632812,22.646949768066406,99.40745544433594,47.186134338378906,30.195201873779297,76.91182708740234,22.15808868408203,48.904930114746094,20.0106143951416,46.02816390991211,22.24346160888672,128.99000549316406
2014-02-25,150.60362243652344,22.658615112304688,99.50985717773438,47.074363708496094,29.85059356689453,77.11897277832031,22.34981346130371,48.96194076538086,20.0106143951416,46.04853820800781,22.142011642456055,129.2100067138672
2014-02-26,150.60362243652344,22.776927947998047,100.1241455078125,46.913700103759766,29.87356185913086,77.283203125,22.445676803588867,49.04483413696289,20.0042724609375,46.17764663696289,22.08283042907715,128.11000061035156
2014-02-27,151.40541076660156,22.860244750976562,100.67019653320312,47.074363708496094,30.44025230407715,77.36172485351562,22.559295654296875,49.138118743896484,20.04857635498047,46.130062103271484,22.015193939208984,128.1999969482422
2014-02-28,151.7293701171875,22.89691734313965,100.2691879272461,47.15818405151367,30.233484268188477,77.31885528564453,22.566394805908203,49.18991470336914,20.054901123046875,46.43580627441406,22.091283798217773,127.62000274658203
2014-03-03,150.7169647216797,22.773597717285156,99.7316665649414,46.15927505493164,29.69743537902832,77.51927947998047,22.712993621826172,49.14463424682617,20.176132202148438,46.46976852416992,22.395641326904297,130.2899932861328
2014-03-04,152.9280242919922,23.125215530395508,102.24010467529297,47.074363708496094,30.202852249145508,77.23303985595703,22.414100646972656,49.32166290283203,20.0301456451416,47.04042434692383,22.311098098754883,128.67999267578125
2014-03-05,152.8632049560547,23.063560485839844,102.18038177490234,47.03244400024414,30.225830078125,77.27593994140625,22.44611358642578,49.233150482177734,20.074583053588867,46.97929763793945,22.125102996826172,128.88999938964844
2014-03-06,153.30059814453125,23.10521697998047,102.163330078125,47.52142333984375,30.65467071533203,77.10427856445312,22.257532119750977,49.16025924682617,19.973037719726562,46.75511169433594,22.3280086517334,130.1699981689453
2014-03-07,153.39779663085938,23.14521598815918,102.12920379638672,47.26295852661133,30.264116287231445,76.88964080810547,22.125865936279297,48.9727668762207,19.973037719726562,46.22519302368164,22.22655487060547,129.08999633789062
2014-03-10,153.3330078125,23.01856231689453,101.78791809082031,46.96957778930664,30.05734634399414,76.88964080810547,22.136539459228516,48.97800064086914,19.9603328704834,46.055335998535156,22.040557861328125,129.1300048828125
2014-03-11,152.57164001464844,22.883583068847656,100.72994232177734,46.627296447753906,29.72040367126465,76.88245391845703,22.18991470336914,48.9258918762207,19.94764518737793,46.30670928955078,22.049013137817383,129.86000061035156
2014-03-12,152.587890625,22.903575897216797,101.0370864868164,46.45265579223633,29.78166961669922,77.05416870117188,22.357158660888672,49.0092658996582,19.928604125976562,46.40861892700195,21.989831924438477,131.75999450683594
2014-03-13,150.86280822753906,22.670278549194336,99.8681869506836,45.58647537231445,29.2456111907959,77.25450897216797,22.627595901489258,48.879066467285156,20.00476837158203,46.25914764404297,21.888378143310547,132.2100067138672
2014-03-14,150.44973754882812,22.741931915283203,100.28627014160156,45.48867416381836,29.406435012817383,77.21873474121094,22.63470458984375,48.8426513671875,20.0492000579834,46.27274703979492,22.00674057006836,133.10000610351562
2014-03-17,151.8265838623047,22.891916275024414,100.72994232177734,46.06147766113281,29.76634979248047,77.17584228515625,22.481706619262695,48.91032028198242,20.0492000579834,46.34748077392578,21.761564254760742,131.63999938964844
2014-03-18,152.94424438476562,23.10854721069336,102.19747161865234,46.34788131713867,30.17988395690918,77.26879119873047,22.535076141357422,49.05610275268555,20.0111141204834,46.551292419433594,21.871469497680664,130.6199951171875
2014-03-19,152.10189819335938,22.96356964111328,101.5319595336914,45.782066345214844,29.536619186401367,76.92536926269531,22.374950408935547,48.80616760253906,19.89688491821289,45.72924041748047,21.863018035888672,128.08999633789062
2014-03-20,152.99281311035156,23.031896591186523,101.66848754882812,45.6074333190918,29.666805267333984,76.86819458007812,22.332252502441406,48.9727668762207,19.9603328704834,45.79038619995117,21.761564254760742,127.86000061035156
2014-03-21,152.41781616210938,22.975236892700195,101.19917297363281,45.51662826538086,29.85059356689453,76.97544860839844,22.535076141357422,48.941551208496094,19.9603328704834,46.16404724121094,21.778470993041992,128.47000122070312
2014-03-24,151.7779541015625,22.826921463012695,100.04734802246094,45.6353759765625,30.141592025756836,77.08993530273438,22.680973052978516,48.95717239379883,19.95399284362793,45.89228820800781,21.770017623901367,126.18000030517578
2014-03-25,152.52719116210938,22.878753662109375,100.02339935302734,46.1313362121582,30.486204147338867,77.01123809814453,22.624027252197266,49.05610275268555,20.13804817199707,46.228328704833984,21.91374397277832,126.41000366210938
2014-03-26,151.38824462890625,22.58116912841797,98.10726165771484,46.124351501464844,30.555116653442383,77.25450897216797,22.780601501464844,49.0665397644043,20.169788360595703,45.71291732788086,21.896833419799805,125.41000366210938
2014-03-27,151.1280059814453,22.52264404296875,97.85920715332031,46.354854583740234,30.953338623046875,77.31178283691406,22.862438201904297,48.99361038208008,20.14438819885254,45.93283462524414,22.091283798217773,124.58999633789062
2014-03-28,151.77061462402344,22.64134979248047,97.76509857177734,46.704132080078125,31.19838523864746,77.19722747802734,22.791276931762695,49.07693099975586,20.093626022338867,46.235206604003906,22.09973907470703,124.55999755859375
2014-03-31,153.0560302734375,22.982398986816406,99.51871490478516,46.94163131713867,31.405147552490234,77.20439147949219,22.702322006225586,49.14984130859375,20.21421241760254,46.50320816040039,22.08283042907715,123.61000061035156
2014-04-01,154.06475830078125,23.186359405517578,100.82749938964844,47.242008209228516,31.772729873657227,77.086181640625,22.53858184814453,49.24140167236328,20.201473236083984,46.798728942871094,21.81229019165039,123.38999938964844
2014-04-02,154.56105041503906,23.25824737548828,101.2808837890625,47.332820892333984,31.833995819091797,76.95712280273438,22.39588737487793,49.1890754699707,20.12510871887207,46.80559158325195,21.761564254760742,124.31999969482422
2014-04-03,154.41461181640625,23.14289665222168,100.25438690185547,47.20009994506836,31.711477279663086,77.01448822021484,22.502901077270508,49.209999084472656,20.12510871887207,46.64067840576172,21.939104080200195,123.91999816894531
2014-04-04,152.5841064453125,22.80518913269043,97.93620300292969,47.05340576171875,31.627235412597656,77.2582015991211,22.645599365234375,49.325096130371094,20.150564193725586,46.82619857788086,22.040557861328125,125.56999969482422
2014-04-07,150.83506774902344,22.397268295288086,96.50764465332031,46.829872131347656,31.76506805419922,77.37289428710938,22.77045440673828,49.220481872558594,20.2714900970459,46.87430953979492,21.989831924438477,124.91000366210938
2014-04-08,151.5103302001953,22.541038513183594,97.18344116210938,46.80193328857422,32.132659912109375,77.46604919433594,22.823963165283203,49.33555603027344,20.2714900970459,47.13544464111328,22.24346160888672,126.08999633789062
2014-04-09,153.1373748779297,22.75670623779297,98.5863037109375,47.40266036987305,32.3776969909668,77.47322082519531,22.724071502685547,49.41404724121094,20.239675521850586,47.1010856628418,22.302642822265625,126.31999969482422
2014-04-10,149.87515258789062,22.26352882385254,95.77201843261719,46.56443405151367,32.0330924987793,77.65241241455078,22.930978775024414,49.27277755737305,20.258760452270508,46.681884765625,22.311098098754883,127.01000213623047
2014-04-11,148.5491180419922,21.997705459594727,94.4461441040039,46.285011291503906,32.0330924987793,77.72407531738281,23.062976837158203,49.06351089477539,20.30967903137207,46.40013885498047,22.20964813232422,126.93000030517578
2014-04-14,149.71246337890625,22.09466552734375,94.71128845214844,46.55045700073242,31.96417808532715,77.7527847290039,23.062976837158203,49.220481872558594,20.258760452270508,46.571929931640625,22.41254997253418,127.8499984741211
2014-04-15,150.79443359375,22.245126724243164,95.07913970947266,46.354854583740234,31.481731414794922,77.75997161865234,23.13789176940918,49.27277755737305,20.30967903137207,47.06671905517578,22.429460525512695,125.48999786376953
2014-04-16,152.3319091796875,22.487537384033203,96.1141586303711,46.92766571044922,31.87993621826172,77.80299377441406,23.173574447631836,49.29896545410156,20.347850799560547,47.348472595214844,22.471731185913086,125.54000091552734
2014-04-17,152.56788635253906,22.5310115814209,96.59321594238281,47.172157287597656,32.170936584472656,77.55207824707031,22.888174057006836,49.24140167236328,20.22694206237793,47.217926025390625,22.522457122802734,124.75
2014-04-21,153.12107849121094,22.61126136779785,97.04655456542969,47.23503494262695,31.971832275390625,77.54491424560547,22.930978775024414,49.24140167236328,20.335134506225586,47.41720199584961,22.446367263793945,124.23999786376953
2014-04-22,153.7637481689453,22.776771545410156,98.04740905761719,47.43061065673828,31.887605667114258,77.5306167602539,22.988067626953125,49.293724060058594,20.24602699279785,47.575279235839844,22.43791389465332,123.77999877929688
2014-04-23,153.44650268554688,22.72494125366211,97.43150329589844,47.31884002685547,31.657861709594727,77.60939025878906,23.087949752807617,49.309410095214844,20.37969398498535,47.430931091308594,22.42100715637207,123.76000213623047
2014-04-24,153.7718505859375,22.75002098083496,97.18344116210938,47.31186294555664,31.688495635986328,77.68111419677734,23.130754470825195,49.31989669799805,20.303306579589844,47.588993072509766,22.556276321411133,124.55999755859375
2014-04-25,152.49459838867188,22.470823287963867,95.47262573242188,47.08135223388672,31.259647369384766,77.69546508789062,23.216373443603516,49.30417251586914,20.411518096923828,47.4240837097168,22.46327781677246,125.43000030517578
2014-04-28,152.9990692138672,22.39559555053711,94.9166030883789,47.22803497314453,31.412805557250977,77.645263671875,23.120046615600586,49.293724060058594,20.27786636352539,47.671470642089844,22.387187957763672,124.87999725341797
2014-04-29,153.64984130859375,22.484201431274414,95.1561050415039,47.535396575927734,31.711477279663086,77.68111419677734,23.062976837158203,49.36698532104492,20.354232788085938,47.6989631652832,22.446367263793945,124.86000061035156
2014-04-30,154.19493103027344,22.61961555480957,95.78912353515625,47.7239990234375,31.650211334228516,77.83882904052734,23.145017623901367,49.35647964477539,20.405160903930664,47.91199493408203,22.3280086517334,124.22000122070312
2014-05-01,154.09727478027344,22.658071517944336,95.75491333007812,47.85672378540039,31.688495635986328,77.95223236083984,23.334209442138672,49.30551528930664,20.379621505737305,48.283084869384766,22.158920288085938,123.80000305175781
2014-05-02,153.96722412109375,22.718259811401367,95.83189392089844,47.77988052368164,31.864625930786133,78.04564666748047,23.505861282348633,49.421119689941406,20.507278442382812,48.26245880126953,22.21809959411621,125.05999755859375
2014-05-05,154.2438201904297,22.726613998413086,95.71212768554688,47.74495315551758,31.688495635986328,78.01691436767578,23.355667114257812,49.40010070800781,20.526405334472656,48.43427658081055,22.16737174987793,126.22000122070312
2014-05-06,152.90957641601562,22.55107879638672,94.15528869628906,47.661128997802734,31.833995819091797,78.07439422607422,23.46295166015625,49.410621643066406,20.539182662963867,48.255592346191406,22.184282302856445,125.9800033569336
2014-05-07,153.74752807617188,22.65138053894043,94.21515655517578,47.71700668334961,32.002471923828125,78.07439422607422,23.366369247436523,49.48420715332031,20.539182662963867,48.819095611572266,22.24346160888672,124.16999816894531
2014-05-08,153.64984130859375,22.54605484008789,93.265625,47.7239990234375,31.92588996887207,78.1246337890625,23.28056526184082,49.47368240356445,20.596628189086914,48.84659194946289,22.175827026367188,124.16999816894531
2014-05-09,153.92649841308594,22.6079158782959,94.12106323242188,47.65414047241211,31.87228775024414,78.05284118652344,23.21976661682129,49.52100372314453,20.513643264770508,48.839725494384766,22.0659236907959,124.0999984741211
2014-05-12,155.2850341796875,22.9322452545166,96.25960540771484,47.96847915649414,32.40834045410156,77.98822784423828,23.137508392333984,49.57352828979492,20.488126754760742,48.942787170410156,22.116649627685547,124.94000244140625
2014-05-13,155.49658203125,22.84363555908203,95.31868743896484,48.038333892822266,32.530860900878906,78.11744689941406,23.2769832611084,49.6523551940918,20.520036697387695,48.65416717529297,22.21809959411621,124.5999984741211
2014-05-14,154.72372436523438,22.643022537231445,93.77037048339844,47.94753646850586,32.76060485839844,78.34007263183594,23.57737922668457,49.678646087646484,20.660449981689453,48.77787399291992,22.319551467895508,125.80999755859375
2014-05-15,153.3895263671875,22.475841522216797,93.1373291015625,47.73796844482422,32.454288482666016,78.50523376464844,23.745458602905273,49.63136291503906,20.737035751342773,48.695396423339844,22.184282302856445,124.7699966430664
2014-05-16,153.95091247558594,22.584508895874023,93.72756958007812,47.84275436401367,32.88313293457031,78.41903686523438,23.681081771850586,49.731163024902344,20.596628189086914,49.0527458190918,22.20964813232422,124.5
2014-05-19,154.4634246826172,22.703208923339844,94.73695373535156,47.74495315551758,32.88313293457031,78.39030456542969,23.50943946838379,49.804744720458984,20.64130401611328,48.87407684326172,22.192737579345703,124.58000183105469
2014-05-20,153.49530029296875,22.470823287963867,93.29131317138672,47.444580078125,32.61510467529297,78.4262466430664,23.57737922668457,49.741729736328125,20.615766525268555,48.722877502441406,22.235008239746094,124.69000244140625
2014-05-21,154.78067016601562,22.582843780517578,93.77037048339844,47.81480407714844,32.8678092956543,78.39752197265625,23.46295166015625,49.7364501953125,20.609392166137695,48.530479431152344,22.277280807495117,124.38999938964844
2014-05-22,155.17112731933594,22.718259811401367,94.74552154541016,47.87767028808594,33.097557067871094,78.36161041259766,23.412883758544922,49.773231506347656,20.55195426940918,48.48925018310547,22.294187545776367,124.66999816894531
2014-05-23,155.8301239013672,22.873729705810547,95.78057098388672,48.003414154052734,33.03628921508789,78.44058990478516,23.555931091308594,49.78900146484375,20.64130401611328,48.85345458984375,22.34491729736328,124.51000213623047
2014-05-27,156.79005432128906,23.02252197265625,97.15780639648438,48.345703125,32.75294494628906,78.51246643066406,23.656064987182617,49.8363151550293,20.634925842285156,49.14896774291992,22.158920288085938,121.8499984741211
2014-05-28,156.65174865722656,22.953977584838867,96.65306091308594,48.185035705566406,32.94438552856445,78.72785186767578,23.927839279174805,49.85210037231445,20.711519241333008,48.94965744018555,22.16737174987793,121.19999694824219
2014-05-29,157.44094848632812,23.057640075683594,96.97815704345703,48.478416442871094,33.03628921508789,78.68476867675781,23.802677154541016,49.899383544921875,20.634925842285156,49.01150894165039,22.175827026367188,120.94000244140625
2014-05-30,157.7174835205078,23.00914764404297,96.54190063476562,48.48540115356445,32.584468841552734,78.75657653808594,23.799100875854492,49.95193862915039,20.609392166137695,49.252037048339844,22.00674057006836,120.43000030517578
2014-06-02,157.91268920898438,23.099424362182617,96.02005767822266,48.58319854736328,32.684024810791016,78.5169677734375,23.636341094970703,49.793033599853516,20.645870208740234,49.34138488769531,21.98137855529785,119.69999694824219
2014-06-03,157.81515502929688,23.07769203186035,95.78912353515625,48.464439392089844,32.8678092956543,78.30838012695312,23.356708526611328,49.798309326171875,20.569063186645508,49.2795295715332,21.96446990966797,120.01000213623047
2014-06-04,158.09982299804688,23.199735641479492,96.16551208496094,48.450462341308594,32.684024810791016,78.27954864501953,23.335189819335938,49.798309326171875,20.569063186645508,49.32762908935547,21.905288696289062,119.76000213623047
2014-06-05,159.1492462158203,23.425432205200195,98.18424224853516,48.7857780456543,33.028629302978516,78.38030242919922,23.36386489868164,49.91972732543945,20.5562744140625,50.0973014831543,21.93065071105957,120.66000366210938
2014-06-06,159.95462036132812,23.570878982543945,99.12521362304688,49.05121612548828,33.35792541503906,78.33709716796875,23.36386489868164,50.062232971191406,20.58827018737793,49.99422073364258,22.023649215698242,120.61000061035156
2014-06-09,160.1335906982422,23.656139373779297,99.99774932861328,49.002323150634766,33.48044967651367,78.26520538330078,23.33877182006836,50.12032699584961,20.549869537353516,49.45819854736328,22.116649627685547,120.6500015258789
2014-06-10,160.10105895996094,23.57923126220703,99.80099487304688,48.89753341674805,33.65658187866211,78.15005493164062,23.292179107666016,50.093910217285156,20.748266220092773,49.20393371582031,22.057466506958008,121.38999938964844
2014-06-11,159.58853149414062,23.5140380859375,99.31341552734375,48.653045654296875,33.541709899902344,78.2076416015625,23.256315231323242,50.099205017089844,20.735471725463867,49.004642486572266,21.9982852935791,121.41000366210938
2014-06-12,158.41714477539062,23.386980056762695,98.7060775756836,48.667015075683594,33.38089370727539,78.35869598388672,23.49652671813965,50.06753158569336,20.594680786132812,48.86032485961914,22.311098098754883,122.63999938964844
2014-06-13,158.9296417236328,23.453853607177734,98.87714385986328,48.70195007324219,33.396209716796875,78.33709716796875,23.449913024902344,50.12558364868164,20.620267868041992,48.98402786254883,22.311098098754883,122.95999908447266
2014-06-16,159.0760498046875,23.438798904418945,99.35616302490234,48.715911865234375,33.24305725097656,78.29393768310547,23.546714782714844,50.099205017089844,20.626672744750977,48.73664093017578,22.378734588623047,122.41999816894531
2014-06-17,159.4502716064453,23.65948486328125,100.05766296386719,48.680992126464844,33.25070571899414,78.15005493164062,23.335189819335938,50.062232971191406,20.549869537353516,48.791595458984375,22.404094696044922,122.27999877929688
2014-06-18,160.69497680664062,23.751434326171875,100.7333984375,49.10011291503906,33.618289947509766,78.35869598388672,23.50369644165039,50.28926467895508,20.613872528076172,49.093990325927734,22.49709701538086,122.66999816894531
2014-06-19,160.82516479492188,23.781524658203125,100.81892395019531,49.36555480957031,33.426841735839844,78.24359893798828,23.2598934173584,50.27869415283203,20.569063186645508,49.47193908691406,22.716909408569336,126.94000244140625
2014-06-20,161.12615966796875,23.828338623046875,101.15255737304688,49.281742095947266,33.35792541503906,78.38030242919922,23.36745834350586,50.32620620727539,20.613872528076172,49.643741607666016,22.759180068969727,126.5
2014-06-23,161.1586456298828,23.82499885559082,100.95579528808594,49.14901351928711,33.28900146484375,78.30838012695312,23.33877182006836,50.32093048095703,20.549869537353516,49.526920318603516,22.674636840820312,126.8499984741211
2014-06-24,160.19020080566406,23.641935348510742,99.87799835205078,48.841651916503906,33.273685455322266,78.44500732421875,23.514450073242188,50.27869415283203,20.613872528076172,49.54978561401367,22.708454132080078,126.9800033569336
2014-06-25,160.84397888183594,23.782751083374023,100.7248306274414,48.82448196411133,33.34392166137695,78.552978515625,23.61124610900879,50.352630615234375,20.613872528076172,49.54978561401367,22.742271423339844,126.98999786376953
2014-06-26,160.72959899902344,23.734130859375,100.55375671386719,48.860260009765625,33.38251495361328,78.70404815673828,23.711624145507812,50.299827575683594,20.67146110534668,49.49436569213867,22.649274826049805,126.7300033569336
2014-06-27,161.219970703125,23.87998390197754,101.22953033447266,48.888885498046875,33.459686279296875,78.70404815673828,23.66860008239746,50.299827575683594,20.63946533203125,49.79234313964844,22.60700225830078,126.66000366210938
2014-06-30,161.00746154785156,23.985591888427734,101.6315689086914,48.93183898925781,33.3670768737793,78.71122741699219,23.768980026245117,50.257572174072266,20.748266220092773,49.750762939453125,22.471731185913086,128.0399932861328
2014-07-01,162.0699920654297,24.171667098999023,102.66664123535156,49.361244201660156,33.68353271484375,78.6146240234375,23.534317016601562,50.27085494995117,20.611581802368164,49.875511169433594,22.404094696044922,127.69999694824219
2014-07-02,162.2252197265625,24.045942306518555,102.27078247070312,49.439979553222656,33.88421630859375,78.34077453613281,23.311519622802734,50.30265426635742,20.598752975463867,49.82006072998047,22.361825942993164,127.69999694824219
2014-07-03,163.05886840820312,24.159931182861328,102.8890380859375,49.54017639160156,34.084896087646484,78.29031372070312,23.228864669799805,50.22840881347656,20.49606704711914,49.58443832397461,22.319551467895508,127.16000366210938
2014-07-07,162.51943969726562,23.936979293823242,101.12870788574219,49.15370178222656,34.06174850463867,78.31195831298828,23.412141799926758,50.19133758544922,20.598752975463867,49.632957458496094,22.142011642456055,127.0199966430664
2014-07-08,161.4733428955078,23.760953903198242,99.90076446533203,48.638397216796875,33.90738296508789,78.47053527832031,23.62417221069336,50.20191192626953,20.68859100341797,49.785396575927734,22.08283042907715,127.06999969482422
2014-07-09,162.19252014160156,23.8095703125,100.02955627441406,48.79584884643555,34.100337982177734,78.53535461425781,23.692447662353516,50.16477584838867,20.70783805847168,49.89628982543945,21.93065071105957,127.83999633789062
2014-07-10,161.46517944335938,23.662046432495117,98.96478271484375,48.25907897949219,33.91508865356445,78.5714340209961,23.68885040283203,50.011043548583984,20.714258193969727,50.05568313598633,21.96446990966797,128.5399932861328
2014-07-11,161.74302673339844,23.623493194580078,98.83598327636719,48.28771209716797,33.876495361328125,78.67951202392578,23.757118225097656,50.09585189819336,20.74634552001953,50.09032440185547,21.770017623901367,128.77999877929688
2014-07-14,162.51943969726562,23.725751876831055,99.34262084960938,48.64555740356445,34.138919830322266,78.6146240234375,23.674476623535156,50.0799560546875,20.720672607421875,50.31903076171875,21.854564666748047,125.72000122070312
2014-07-15,162.2252197265625,23.646961212158203,98.36369323730469,48.523895263671875,34.11576843261719,78.51374053955078,23.69603729248047,50.00041580200195,20.669334411621094,50.30515670776367,21.651657104492188,124.52999877929688
2014-07-16,162.8791046142578,23.616788864135742,98.09751892089844,48.82448196411133,34.2006721496582,78.57862854003906,23.7535457611084,49.92092514038086,20.662919998168945,50.49228286743164,21.685474395751953,124.97000122070312
2014-07-17,161.00746154785156,23.353593826293945,96.58621978759766,48.20182418823242,33.560035705566406,78.80929565429688,24.04461097717285,49.57094192504883,20.765602111816406,50.194278717041016,21.7362003326416,127.08999633789062
2014-07-18,162.59303283691406,23.63858413696289,98.08890533447266,48.581138610839844,34.084896087646484,78.72283935546875,23.969152450561523,49.77771759033203,20.720672607421875,50.6378059387207,21.59247589111328,126.12999725341797
2014-07-21,162.29067993164062,23.554759979248047,97.69393157958984,48.4022216796875,34.2006721496582,78.75160217285156,24.091325759887695,49.69286346435547,20.778430938720703,50.49228286743164,21.69392967224121,126.33999633789062
2014-07-22,163.05886840820312,23.667078018188477,98.51824188232422,48.61692810058594,34.51712417602539,78.88139343261719,24.11649513244629,49.761810302734375,20.79767608642578,50.70709228515625,21.60093116760254,125.73999786376953
2014-07-23,163.3776397705078,23.648639678955078,98.63849639892578,48.717124938964844,34.54800033569336,78.89579010009766,24.156007766723633,49.857242584228516,20.82334327697754,50.8179931640625,21.660112380981445,125.62000274658203
2014-07-24,163.3694305419922,23.68720245361328,98.44096374511719,48.831634521484375,34.70236587524414,78.65068054199219,23.95476722717285,49.94741439819336,20.72708511352539,50.68632125854492,21.634748458862305,124.3499984741211
2014-07-25,162.65020751953125,23.51956558227539,97.54794311523438,48.63123321533203,34.563438415527344,78.80211639404297,24.1811580657959,49.86256408691406,20.906766891479492,50.402183532714844,21.71929359436035,125.79000091552734
2014-07-28,162.7074432373047,23.472618103027344,97.05848693847656,48.638397216796875,34.80270767211914,78.81646728515625,24.13446044921875,49.71408462524414,20.861839294433594,50.70709228515625,21.677021026611328,125.58000183105469
2014-07-29,161.9800567626953,23.368680953979492,97.32467651367188,48.53819274902344,34.59431457519531,78.89579010009766,24.231483459472656,49.645172119140625,20.778430938720703,50.471500396728516,21.609384536743164,125.19999694824219
2014-07-30,162.02914428710938,23.410593032836914,97.71111297607422,48.46662521362305,34.42450714111328,78.6146240234375,23.92243194580078,49.43839645385742,20.643667221069336,50.42298889160156,21.516389846801758,124.83000183105469
2014-07-31,158.7598876953125,22.926122665405273,95.4784927368164,47.65790939331055,33.82247543334961,78.51374053955078,23.857746124267578,49.035430908203125,20.630842208862305,49.69533157348633,21.406478881835938,123.38999938964844
2014-08-01,158.34310913085938,22.919416427612305,95.04056549072266,47.32867431640625,34.00770950317383,78.809814453125,24.027090072631836,49.030643463134766,20.67972755432129,49.59830856323242,21.23739242553711,124.37999725341797
2014-08-04,159.47096252441406,23.021663665771484,95.88207244873047,47.55055236816406,34.32417297363281,78.79537200927734,23.99825096130371,49.328914642333984,20.666868209838867,49.89628982543945,21.398025512695312,123.98999786376953
2014-08-05,157.90174865722656,22.907682418823242,95.6416244506836,46.94221496582031,33.799312591552734,78.79537200927734,24.066701889038086,49.23301315307617,20.692594528198242,49.45277404785156,21.29657554626465,123.87000274658203
2014-08-06,157.95896911621094,22.94288444519043,95.9421615600586,46.827693939208984,33.56775665283203,78.80256652832031,24.052309036254883,49.35029983520508,20.71190643310547,49.5428581237793,21.431842803955078,125.66999816894531
2014-08-07,157.12533569335938,22.857393264770508,95.4784927368164,46.44838333129883,33.43654251098633,78.95420837402344,24.268457412719727,49.38218307495117,20.808412551879883,49.61908721923828,21.474111557006836,126.18000030517578
2014-08-08,158.93972778320312,23.090408325195312,96.40587615966797,46.7203369140625,33.7375602722168,78.98310089111328,24.24685287475586,49.53669357299805,20.898494720458984,49.99330139160156,21.372663497924805,126.19000244140625
2014-08-11,159.43824768066406,23.19099235534668,97.32467651367188,46.89926528930664,34.1698112487793,78.9903793334961,24.232439041137695,49.77106857299805,20.898494720458984,50.2705192565918,21.406478881835938,125.95999908447266
2014-08-12,159.20944213867188,23.113872528076172,96.6548843383789,46.86348342895508,34.208396911621094,78.95420837402344,24.091922760009766,49.760414123535156,20.898494720458984,50.125,21.271209716796875,125.98999786376953
2014-08-13,160.2801055908203,23.303308486938477,97.41053771972656,47.128292083740234,34.393638610839844,79.1130599975586,24.21441650390625,49.90428924560547,20.892061233520508,50.748680114746094,21.254301071166992,126.19999694824219
2014-08-14,160.9666290283203,23.400531768798828,97.55654907226562,47.3787727355957,34.447669982910156,79.15641021728516,24.390960693359375,50.00015640258789,20.866321563720703,50.73482894897461,21.00067138671875,126.30999755859375
2014-08-15,161.02381896972656,23.38880157470703,97.36762237548828,47.32867431640625,34.35504913330078,79.35135650634766,24.62154197692871,50.101375579833984,20.917795181274414,50.78335189819336,21.085214614868164,125.4800033569336
2014-08-18,162.3314971923828,23.66037940979004,98.78449249267578,47.63642883300781,34.68693923950195,79.18528747558594,24.426992416381836,50.24520492553711,20.885629653930664,51.254581451416016,20.907672882080078,124.95999908447266
2014-08-19,163.22235107421875,23.799514770507812,99.1279525756836,47.750938415527344,34.849037170410156,79.07701110839844,24.362140655517578,50.229190826416016,20.87276268005371,51.29615020751953,20.94994354248047,124.68000030517578
2014-08-20,163.65545654296875,23.863216400146484,98.70719909667969,47.60065460205078,34.779571533203125,78.9903793334961,24.333309173583984,50.266510009765625,20.898494720458984,51.5456428527832,21.009124755859375,124.22000122070312
2014-08-21,164.07237243652344,23.898422241210938,98.92185974121094,47.80104446411133,34.632911682128906,79.12753295898438,24.4414005279541,50.266510009765625,20.898494720458984,51.49713897705078,21.059850692749023,122.87999725341797
2014-08-22,163.8352813720703,23.878305435180664,98.93043518066406,47.5720329284668,34.5402946472168,79.1130599975586,24.563915252685547,50.14398193359375,20.859888076782227,51.1506233215332,21.026033401489258,123.19000244140625
2014-08-25,164.68528747558594,23.960447311401367,99.3941421508789,47.87976837158203,34.79499816894531,79.17808532714844,24.653972625732422,50.250511169433594,20.975704193115234,51.12982177734375,21.059850692749023,122.73999786376953
2014-08-26,164.8079376220703,24.037561416625977,100.29576110839844,47.886924743652344,35.00340270996094,79.18528747558594,24.592721939086914,50.28779602050781,20.911365509033203,51.12982177734375,21.06830406188965,123.3499984741211
2014-08-27,164.77520751953125,24.004032135009766,100.0467758178711,47.9799690246582,35.18092727661133,79.28640747070312,24.71881103515625,50.23987579345703,21.00145149230957,51.213008880615234,21.102121353149414,123.31999969482422
2014-08-28,164.61990356445312,23.972187042236328,99.53154754638672,47.7652587890625,34.83359909057617,79.44523620605469,24.909767150878906,50.165279388427734,21.233081817626953,51.164493560791016,21.119028091430664,124.0
2014-08-29,165.06129455566406,24.082822799682617,100.08966827392578,47.7437858581543,34.779571533203125,79.4163818359375,24.88815689086914,50.20259475708008,21.03360939025879,51.42091369628906,21.161306381225586,123.86000061035156
2014-09-02,164.995849609375,24.163280487060547,100.63927459716797,47.83682632446289,34.72553634643555,79.17403411865234,24.500274658203125,50.26144027709961,20.963911056518555,51.448604583740234,20.85694694519043,121.6500015258789
2014-09-03,164.9713897705078,24.126405715942383,100.00382995605469,48.17320251464844,35.18092727661133,79.2608413696289,24.619455337524414,50.13304138183594,20.989727020263672,51.46247863769531,20.941490173339844,122.1500015258789
2014-09-04,164.69354248046875,24.04258918762207,99.61741638183594,47.944183349609375,35.08830642700195,79.15959930419922,24.35582160949707,49.967098236083984,21.04136085510254,51.36545944213867,20.85694694519043,121.4800033569336
2014-09-05,165.4453582763672,24.138147354125977,99.93513488769531,47.95133972167969,35.38932418823242,79.11615753173828,24.287202835083008,49.90824508666992,20.970369338989258,51.850555419921875,20.82312774658203,122.05999755859375
2014-09-08,165.0366973876953,24.114675521850586,100.08966827392578,47.44320297241211,34.97251892089844,79.03660583496094,24.31249237060547,49.86006164550781,20.815460205078125,51.760475158691406,20.7216739654541,120.7300033569336
2014-09-09,164.0069580078125,23.930274963378906,98.90470886230469,47.307212829589844,34.5402946472168,78.92806243896484,24.33414649963379,49.629974365234375,20.809005737304688,51.483272552490234,20.552589416503906,120.87000274658203
2014-09-10,164.62814331054688,23.960447311401367,99.48861694335938,47.57917022705078,34.393638610839844,78.8195571899414,24.157180786132812,49.65135955810547,20.983261108398438,50.76947784423828,20.408863067626953,120.26000213623047
2014-09-11,164.78335571289062,24.06940460205078,100.13262176513672,47.31436538696289,34.16208267211914,78.74000549316406,24.117460250854492,49.65135955810547,20.809005737304688,50.83184814453125,20.307411193847656,119.47000122070312
2014-09-12,163.8516845703125,23.846452713012695,99.06783294677734,47.24995422363281,33.799312591552734,78.5809097290039,23.87187957763672,49.59250259399414,20.725101470947266,49.369590759277344,20.146778106689453,118.37999725341797
2014-09-15,163.67189025878906,23.750900268554688,97.98589324951172,47.149757385253906,33.62950134277344,78.56645202636719,23.897151947021484,49.50151443481445,21.002649307250977,49.16863250732422,20.172143936157227,118.63999938964844
2014-09-16,164.9304962158203,23.88165855407715,98.2606430053711,47.35014724731445,34.069461822509766,78.56645202636719,23.832143783569336,49.60322189331055,20.74445152282715,49.53593444824219,20.358139038085938,118.83000183105469
2014-09-17,165.1348419189453,23.863216400146484,98.51824188232422,47.013771057128906,33.75300216674805,78.47960662841797,23.741865158081055,49.763755798339844,20.78965187072754,49.501277923583984,20.273591995239258,117.54000091552734
2014-09-18,166.0011444091797,23.943687438964844,99.11933898925781,47.3787727355957,33.799312591552734,78.48686218261719,23.80687141418457,49.779815673828125,20.6734619140625,49.14093017578125,20.079143524169922,117.77999877929688
2014-09-19,165.80499267578125,23.797836303710938,97.86565399169922,47.21418762207031,33.54460525512695,78.61701965332031,24.063276290893555,49.8547248840332,20.860639572143555,49.16863250732422,20.019962310791016,117.08999633789062
2014-09-22,164.59536743164062,23.479326248168945,96.49176788330078,47.006614685058594,33.035186767578125,78.72554779052734,24.12467384338379,49.763755798339844,20.815460205078125,48.73204040527344,19.850872039794922,116.8499984741211
2014-09-23,163.68826293945312,23.286537170410156,95.5901107788086,46.61298751831055,32.849937438964844,78.79788208007812,24.265525817871094,49.51222229003906,20.944555282592773,48.4548454284668,19.850872039794922,117.5999984741211
2014-09-24,164.95603942871094,23.397029876708984,96.45548248291016,46.84916305541992,33.320770263671875,78.74725341796875,24.12107276916504,49.362369537353516,20.796098709106445,48.4058952331543,19.935420989990234,117.05000305175781
2014-09-25,162.24632263183594,23.07581329345703,94.82806396484375,46.162105560302734,32.59522247314453,78.89913177490234,24.37388038635254,49.02525329589844,20.78965187072754,48.16813278198242,19.89314842224121,117.38999938964844
2014-09-26,163.64222717285156,23.25408363342285,95.6805191040039,46.355342864990234,32.741878509521484,78.89191436767578,24.35582160949707,48.993141174316406,20.97681427001953,48.69960021972656,19.85932731628418,117.05999755859375
2014-09-29,163.22341918945312,23.196903228759766,95.60302734375,45.92592239379883,32.07809066772461,78.97875213623047,24.50750160217285,48.89147186279297,20.796098709106445,48.685611724853516,19.97768783569336,117.02999877929688
2014-09-30,162.79649353027344,22.99677276611328,94.15644836425781,45.890140533447266,32.07809066772461,78.92806243896484,24.42803382873535,49.20718765258789,20.847728729248047,48.391910552978516,19.631061553955078,116.20999908447266
2014-10-01,160.66160583496094,22.687318801879883,92.82182312011719,45.34621047973633,31.422016143798828,79.36942291259766,24.836742401123047,49.26148986816406,20.926677703857422,48.41987991333008,19.563425064086914,116.7699966430664
2014-10-02,160.6779327392578,22.739458084106445,93.70869445800781,44.85954666137695,31.591829299926758,79.2389907836914,24.662982940673828,49.35820770263672,20.939619064331055,48.34294891357422,19.487337112426758,116.73999786376953
2014-10-03,162.4351806640625,22.885774612426758,94.41476440429688,44.85954666137695,31.86196517944336,79.20275115966797,24.760711669921875,49.52480697631836,20.90726661682129,48.671630859375,19.301340103149414,114.61000061035156
2014-10-06,162.22171020507812,22.835317611694336,93.60538482666016,45.14582061767578,32.278778076171875,79.27519989013672,24.775209426879883,49.57856750488281,20.88138198852539,48.73457336425781,19.54651641845703,116.02999877929688
2014-10-07,159.75828552246094,22.4955997467041,92.06410217285156,44.38003158569336,31.993181228637695,79.57952117919922,25.082902908325195,49.390445709228516,21.05608367919922,48.44786071777344,19.470428466796875,116.36000061035156
2014-10-08,162.53372192382812,22.818504333496094,93.82926177978516,45.0814094543457,32.471736907958984,79.80418395996094,25.097379684448242,49.62693405151367,21.191978454589844,49.370941162109375,19.394338607788086,117.47000122070312
2014-10-09,159.21636962890625,22.276960372924805,91.2977294921875,43.871891021728516,31.962318420410156,79.644775390625,25.00326156616211,49.100257873535156,21.224328994750977,49.308006286621094,19.16607093811035,117.63999938964844
2014-10-10,157.49200439453125,21.900249481201172,90.18700408935547,43.21345520019531,31.26763343811035,79.7027359008789,25.220474243164062,48.70254135131836,21.101396560668945,49.238067626953125,19.098434448242188,117.58999633789062
2014-10-13,154.83151245117188,21.61433982849121,89.82535552978516,43.15620040893555,31.584089279174805,79.93460083007812,25.368873596191406,48.460693359375,20.90726661682129,49.154144287109375,19.098434448242188,118.5199966430664
2014-10-14,155.1927947998047,21.817838668823242,90.8758544921875,43.26354217529297,31.769344329833984,80.11573791503906,25.499189376831055,48.621917724609375,21.17257308959961,49.89542007446289,18.81098747253418,118.58999633789062
2014-10-15,153.95291137695312,21.8161563873291,91.78853607177734,43.005897521972656,31.367984771728516,80.26069641113281,25.67296028137207,48.632659912109375,21.256685256958008,49.5457649230957,18.574262619018555,118.98999786376953
2014-10-16,153.9037322998047,22.01628303527832,92.82182312011719,42.60511779785156,31.082401275634766,80.19546508789062,25.484718322753906,48.90677261352539,21.360218048095703,49.67863845825195,18.7602596282959,119.22000122070312
2014-10-17,155.82518005371094,22.18110466003418,92.54629516601562,43.3995361328125,31.429733276367188,80.08676147460938,25.426795959472656,49.32059097290039,21.179044723510742,49.930381774902344,18.827898025512695,118.98999786376953
2014-10-20,157.31134033203125,22.421594619750977,93.63121795654297,43.6714973449707,31.52234649658203,80.1810073852539,25.510053634643555,49.675315856933594,21.29550552368164,50.643672943115234,18.692625045776367,119.80000305175781
2014-10-21,160.40701293945312,22.946317672729492,95.1725082397461,44.19395446777344,31.6535701751709,80.1084976196289,25.32906723022461,50.07836151123047,21.3861083984375,51.12619400024414,18.844804763793945,120.0199966430664
2014-10-22,159.29852294921875,22.71591567993164,93.81201171875,43.871891021728516,31.445173263549805,80.06504821777344,25.32906723022461,49.75053405761719,21.18551254272461,51.10520935058594,18.63344383239746,119.33999633789062
2014-10-23,161.17063903808594,23.042177200317383,95.47386169433594,44.294151306152344,31.437450408935547,79.87664031982422,25.1480655670166,49.72905349731445,21.010791778564453,51.489810943603516,18.853256225585938,118.5199966430664
2014-10-24,162.32020568847656,23.12122344970703,95.6374740600586,44.53748321533203,31.66128921508789,79.90563201904297,25.133590698242188,49.86878204345703,21.04314422607422,51.51078796386719,18.734895706176758,118.3499984741211
2014-10-27,162.1149444580078,23.124589920043945,95.58580780029297,44.2869873046875,31.414297103881836,79.93460083007812,25.180635452270508,49.664554595947266,21.081981658935547,51.818504333496094,18.68416976928711,118.05999755859375
2014-10-28,163.95425415039062,23.513084411621094,98.3067398071289,44.959739685058594,32.047210693359375,79.81143188476562,25.053945541381836,49.74518966674805,20.997865676879883,51.986328125,18.83635139465332,118.0999984741211
2014-10-29,163.76541137695312,23.47270965576172,98.07427215576172,44.616214752197266,32.093528747558594,79.63751983642578,25.1046199798584,49.707550048828125,20.887849807739258,51.60171890258789,19.056163787841797,116.41000366210938
2014-10-30,164.89036560058594,23.553442001342773,98.90951538085938,44.938270568847656,32.3945426940918,79.7679443359375,25.090137481689453,49.68604278564453,21.049625396728516,52.04227828979492,18.895530700683594,115.19000244140625
2014-10-31,166.680419921875,23.81075096130371,100.36466979980469,45.76847839355469,32.533485412597656,79.7679443359375,25.021358489990234,49.72905349731445,20.900794982910156,52.43389129638672,18.870166778564453,112.66000366210938
2014-11-03,166.77891540527344,23.866254806518555,100.19245147705078,45.374839782714844,32.263328552246094,79.61695098876953,25.065629959106445,49.833770751953125,20.93128776550293,52.83948516845703,18.701080322265625,112.1500015258789
2014-11-04,166.2205352783203,23.76871109008789,99.72750091552734,45.1171989440918,32.294212341308594,79.62419891357422,25.1273193359375,49.67721176147461,21.009119033813477,52.90243148803711,18.430538177490234,112.22000122070312
2014-11-05,167.2880096435547,23.841026306152344,99.90830993652344,45.20307540893555,32.00861740112305,79.65328216552734,25.109174728393555,49.66644287109375,20.937774658203125,52.90243148803711,18.481264114379883,109.79000091552734
2014-11-06,167.9202880859375,24.020984649658203,100.3388671875,44.959739685058594,31.614978790283203,79.51534271240234,24.95677947998047,49.79597473144531,20.91830825805664,52.678653717041016,18.498172760009766,109.87999725341797
2014-11-07,168.13377380371094,24.041160583496094,100.49381256103516,44.98121643066406,31.815654754638672,79.783935546875,25.210773468017578,49.84456253051758,20.937774658203125,52.63667297363281,18.582717895507812,112.97000122070312
2014-11-10,168.57720947265625,24.108430862426758,100.99325561523438,45.181610107421875,31.900569915771484,79.59519958496094,24.985816955566406,49.866146087646484,20.937774658203125,52.87446212768555,18.405176162719727,110.45999908447266
2014-11-11,168.75784301757812,24.108430862426758,101.0621109008789,45.45357131958008,31.869693756103516,79.63143920898438,24.99667739868164,49.9795036315918,20.82749366760254,52.74159622192383,18.498172760009766,112.04000091552734
2014-11-12,168.62646484375,24.167299270629883,101.51849365234375,45.067100524902344,31.807945251464844,79.63871002197266,25.01482582092285,49.81755447387695,20.801555633544922,52.46884536743164,18.438995361328125,111.5
2014-11-13,168.73324584960938,24.05965805053711,100.65743255615234,45.281803131103516,31.72303009033203,79.67500305175781,25.036603927612305,49.61246109008789,20.788578033447266,52.678653717041016,18.10081672668457,111.66999816894531
2014-11-14,168.80711364746094,24.056299209594727,100.47659301757812,45.34621047973633,31.985464096069336,79.74761199951172,25.15996742248535,49.3641357421875,20.944244384765625,52.35696792602539,18.295270919799805,114.47000122070312
2014-11-17,168.87283325195312,24.00585174560547,99.64139556884766,45.16729736328125,31.64585304260254,79.65328216552734,25.080150604248047,49.358734130859375,20.91830825805664,52.55277633666992,18.219179153442383,114.05000305175781
2014-11-18,169.89918518066406,24.148799896240234,100.2182846069336,45.66112518310547,31.815654754638672,79.725830078125,25.15634536743164,49.26158142089844,20.846956253051758,52.80451965332031,18.12618064880371,115.05000305175781
2014-11-19,169.64468383789062,24.052928924560547,99.15055084228516,45.525142669677734,31.800214767456055,79.53709411621094,25.01845359802246,49.250789642333984,20.8339786529541,52.47584533691406,18.033184051513672,113.68000030517578
2014-11-20,169.90744018554688,24.167299270629883,100.26134490966797,45.25318145751953,31.746187210083008,79.68228149414062,25.13820457458496,49.2562141418457,20.717241287231445,52.62270736694336,18.18536376953125,114.86000061035156
2014-11-21,170.82708740234375,24.278295516967773,100.38188934326172,45.64680480957031,32.7573127746582,79.77664947509766,25.279706954956055,49.526092529296875,20.717241287231445,53.00733184814453,18.379812240600586,115.38999938964844
2014-11-24,171.3526153564453,24.443111419677734,101.5787582397461,45.9116096496582,32.48717498779297,79.80569458007812,25.27607536315918,49.52070617675781,20.808042526245117,53.16117477416992,18.219179153442383,115.11000061035156
2014-11-25,171.2376708984375,24.459924697875977,101.65625,45.990333557128906,32.278778076171875,79.97991943359375,25.501049041748047,49.60165786743164,20.898853302001953,53.30803680419922,18.1346378326416,115.37999725341797
2014-11-26,171.648193359375,24.454883575439453,101.99208068847656,46.16926574707031,32.68785095214844,80.04525756835938,25.569988250732422,49.66644287109375,20.93128776550293,53.70661926269531,18.092365264892578,115.16000366210938
2014-11-28,171.2705078125,24.2614803314209,100.47659301757812,45.79709243774414,32.03177261352539,80.29204559326172,25.704242706298828,49.19138717651367,20.866416931152344,53.86048126220703,17.26383399963379,112.11000061035156
2014-12-01,170.12091064453125,23.950345993041992,98.90951538085938,45.75416564941406,31.483755111694336,80.11161041259766,25.60969352722168,48.69631576538086,21.017288208007812,53.6646728515625,17.618921279907227,116.58000183105469
2014-12-02,171.18838500976562,24.10507583618164,100.09773254394531,45.88298797607422,31.476045608520508,79.95144653320312,25.366044998168945,48.9620246887207,20.85471534729004,53.853477478027344,17.246929168701172,115.13999938964844
2014-12-03,171.8616943359375,24.30856704711914,101.0621109008789,45.82572555541992,31.56094741821289,79.87866973876953,25.44603157043457,49.0433464050293,20.9327449798584,53.80453872680664,17.14547348022461,116.33000183105469
2014-12-04,171.65643310546875,24.26651954650879,100.57992553710938,45.675437927246094,31.614978790283203,80.11882781982422,25.7078857421875,49.01082229614258,20.893726348876953,53.888423919677734,17.094749450683594,115.87999725341797
2014-12-05,171.97662353515625,24.305204391479492,101.337646484375,45.775634765625,31.553239822387695,79.77682495117188,25.54422950744629,48.97286605834961,20.822193145751953,53.60872268676758,17.052474975585938,114.43000030517578
2014-12-08,170.7777862548828,24.130294799804688,100.07191467285156,45.374839782714844,31.090112686157227,79.97328186035156,25.784255981445312,48.723411560058594,20.874217987060547,53.84648895263672,16.756572723388672,115.77999877929688
2014-12-09,170.66285705566406,24.258108139038086,101.7509765625,45.13151168823242,30.79681968688965,80.09700012207031,25.929712295532227,48.69631576538086,20.906742095947266,54.0283203125,16.87493324279785,118.19000244140625
2014-12-10,168.0023651123047,23.797300338745117,99.58970642089844,44.55895233154297,30.341428756713867,80.23532104492188,26.14427947998047,48.13775634765625,20.965259552001953,53.902427673339844,16.61284828186035,117.95999908447266
2014-12-11,168.77423095703125,23.930166244506836,99.98583984375,44.501705169677734,30.08671760559082,80.2061538696289,26.115205764770508,47.964237213134766,21.010774612426758,53.95138168334961,16.460668563842773,117.69000244140625
2014-12-12,166.07276916503906,23.587078094482422,98.77171325683594,43.64286804199219,29.592731475830078,80.46086120605469,26.53704071044922,47.31351089477539,21.010774612426758,53.46186447143555,16.325397491455078,117.41000366210938
2014-12-15,164.89854431152344,23.4239444732666,97.77287292480469,42.92002868652344,29.168209075927734,80.2425537109375,26.486135482788086,47.28638458251953,21.030284881591797,52.8325080871582,16.063312530517578,114.38999938964844
2014-12-16,163.61758422851562,23.38358497619629,97.63512420654297,43.227779388427734,29.12189483642578,80.4390640258789,26.78070068359375,47.11830520629883,20.991273880004883,52.58773422241211,15.970315933227539,114.94999694824219
2014-12-17,166.79534912109375,23.928483963012695,100.64881896972656,43.74449157714844,29.79132652282715,80.33718872070312,26.57342529296875,48.078121185302734,21.017288208007812,53.7625732421875,16.063312530517578,114.2699966430664
2014-12-18,170.88462829589844,24.333791732788086,102.14704895019531,44.52500534057617,30.198463439941406,80.12610626220703,26.191558837890625,48.463157653808594,20.939245223999023,54.24509048461914,16.012588500976562,115.1500015258789
2014-12-19,171.62356567382812,24.411155700683594,102.37954711914062,44.59003448486328,30.409852981567383,80.2571029663086,26.438861846923828,48.929481506347656,21.004270553588867,54.356990814208984,16.24930763244629,114.7699966430664
2014-12-22,172.4282684326172,24.51206398010254,103.07701873779297,44.80685806274414,30.83264923095703,80.3808364868164,26.493398666381836,48.810203552246094,20.952253341674805,55.25210189819336,15.95340633392334,112.55000305175781
2014-12-23,172.6992645263672,24.586063385009766,103.20614624023438,44.66230773925781,30.5507869720459,80.00965881347656,26.053361892700195,48.98374938964844,20.789682388305664,54.97237777709961,16.11404037475586,112.73999786376953
2014-12-24,172.7594757080078,24.64130210876465,103.50433349609375,44.86466598510742,30.621253967285156,80.09661865234375,26.104280471801758,49.1503791809082,20.861209869384766,54.74626541137695,15.902680397033691,112.7699966430664
2014-12-26,173.22177124023438,24.70888900756836,104.17843627929688,44.98029708862305,30.86396598815918,80.1330795288086,26.206113815307617,48.99787139892578,20.861209869384766,54.958251953125,15.885773658752441,114.83000183105469
2014-12-29,173.5188751220703,24.82377815246582,104.61919403076172,44.65508270263672,30.676067352294922,80.301025390625,26.371238708496094,49.02510070800781,21.0756778717041,55.198482513427734,15.73359489440918,113.66999816894531
2014-12-30,172.52838134765625,24.720714569091797,104.0055923461914,44.24314880371094,30.738693237304688,80.38863372802734,26.440486907958984,48.927040100097656,21.121320724487305,55.14193344116211,15.71668529510498,115.19999694824219
2014-12-31,170.76187133789062,24.463909149169922,103.3833236694336,43.968528747558594,30.76219367980957,80.41056823730469,26.560773849487305,48.79637145996094,21.134361267089844,54.29404067993164,15.5983247756958,113.58000183105469
2015-01-02,170.64630126953125,24.428430557250977,102.78697204589844,43.780635833740234,30.355051040649414,80.63690948486328,26.732065200805664,48.79637145996094,21.15390968322754,54.965301513671875,15.412327766418457,114.08000183105469
2015-01-05,167.64993286132812,24.061809539794922,101.41278839111328,42.74718475341797,29.814817428588867,80.81217193603516,27.158523559570312,48.3443717956543,21.219106674194336,55.1490364074707,15.192512512207031,115.80000305175781
2015-01-06,166.1393585205078,23.79487419128418,99.65831756591797,42.26298141479492,29.689537048339844,81.01666259765625,27.610506057739258,48.1591796875,21.414674758911133,55.55176544189453,15.048788070678711,117.12000274658203
2015-01-07,168.19476318359375,24.1175594329834,100.88563537597656,42.732730865478516,30.33156394958496,81.00204467773438,27.55948257446289,48.458736419677734,21.375553131103516,56.27248764038086,14.955790519714355,116.43000030517578
2015-01-08,171.19943237304688,24.48925018310547,102.59686279296875,43.310890197753906,30.848316192626953,80.87788391113281,27.242366790771484,48.8236083984375,21.356002807617188,56.590457916259766,15.014972686767578,115.94000244140625
2015-01-09,169.75486755371094,24.281442642211914,101.61156463623047,43.101295471191406,30.746524810791016,81.07510375976562,27.497501373291016,49.06865310668945,21.29733657836914,56.611671447753906,14.989607810974121,117.26000213623047
2015-01-12,168.46713256835938,24.132774353027344,101.27452087402344,43.0001220703125,30.49599266052246,81.14079284667969,27.63602066040039,49.008785247802734,21.388595581054688,56.922523498535156,14.65988826751709,118.55999755859375
2015-01-13,168.02964782714844,24.132774353027344,101.352294921875,43.21693420410156,30.76219367980957,81.16266632080078,27.657882690429688,49.008785247802734,21.453777313232422,56.77416229248047,14.600706100463867,118.16000366210938
2015-01-14,167.01438903808594,24.046598434448242,100.94610595703125,43.09407424926758,30.589941024780273,81.35980987548828,27.84743309020996,48.8944206237793,21.460298538208008,57.1486701965332,14.761340141296387,117.97000122070312
2015-01-15,165.44601440429688,23.777971267700195,99.2435073852539,43.36870193481445,30.660404205322266,81.73220825195312,28.32491111755371,48.594886779785156,21.505937576293945,57.22638702392578,14.55843448638916,120.94000244140625
2015-01-16,167.5673828125,24.095603942871094,100.85968780517578,43.93239974975586,30.91876983642578,81.41822052001953,27.920331954956055,48.780025482177734,21.51897621154785,57.713905334472656,14.837428092956543,122.5199966430664
2015-01-20,167.98011779785156,24.03477668762207,100.43621063232422,44.08415603637695,30.871801376342773,81.55699920654297,28.28481101989746,48.69291687011719,21.5450382232666,57.26169967651367,14.63452434539795,124.19999694824219
2015-01-21,168.8055877685547,24.202045440673828,100.11640930175781,44.431053161621094,31.552976608276367,81.41094970703125,27.964061737060547,48.95429992675781,21.532012939453125,57.17690658569336,14.727520942687988,124.2300033569336
2015-01-22,171.28184509277344,24.642995834350586,102.15608215332031,44.59727096557617,32.155845642089844,81.36712646484375,27.86200714111328,49.019649505615234,21.447269439697266,58.2933349609375,14.710614204406738,125.2300033569336
2015-01-23,170.36572265625,24.529800415039062,102.0869140625,44.34432601928711,31.913129806518555,81.57160186767578,28.19368553161621,49.019649505615234,21.636301040649414,58.173194885253906,14.6176176071167,124.2300033569336
2015-01-26,170.81971740722656,24.817014694213867,103.07220458984375,44.951377868652344,31.92877960205078,81.53507995605469,28.179128646850586,49.24294662475586,21.57764434814453,58.74552917480469,14.566888809204102,122.98999786376953
2015-01-27,168.52491760253906,24.636241912841797,102.57958984375,45.01642990112305,31.756528854370117,81.4912338256836,28.179128646850586,49.204830169677734,21.62327766418457,58.66781234741211,14.642979621887207,124.4000015258789
2015-01-28,166.34576416015625,24.347335815429688,100.85102081298828,44.34432601928711,31.412033081054688,81.83448791503906,28.580062866210938,49.10136795043945,21.694978713989258,58.25092697143555,14.431618690490723,123.41999816894531
2015-01-29,167.93887329101562,24.528108596801758,102.24248504638672,44.951377868652344,31.412033081054688,81.76873779296875,28.397815704345703,49.27560806274414,21.740615844726562,58.349849700927734,14.363984107971191,120.76000213623047
2015-01-30,165.8091278076172,24.188522338867188,99.99539947509766,44.24314880371094,30.5507869720459,82.06079864501953,28.867998123168945,49.13947296142578,21.773218154907227,57.395938873291016,14.710614204406738,123.44999694824219
2015-02-02,167.82330322265625,24.398014068603516,100.91150665283203,44.777950286865234,31.09885597229004,82.05789184570312,28.73873519897461,49.32810974121094,21.758190155029297,57.212242126464844,14.913519859313965,122.41999816894531
2015-02-03,170.20884704589844,24.837289810180664,102.71785736083984,45.493412017822266,31.686080932617188,81.74348449707031,28.187240600585938,49.60701370239258,21.699377059936523,57.74219512939453,15.327783584594727,121.05000305175781
2015-02-04,169.60626220703125,24.730850219726562,102.33760833740234,45.11761474609375,31.529481887817383,81.86776733398438,28.267621994018555,49.39924621582031,21.653635025024414,57.572628021240234,14.989607810974121,121.58000183105469
2015-02-05,171.38101196289062,24.98427391052246,103.65986633300781,45.73912048339844,31.717382431030273,81.69957733154297,27.971784591674805,49.68901824951172,21.51641845703125,58.173194885253906,15.192512512207031,121.79000091552734
2015-02-06,170.8279266357422,24.89304542541504,103.54752349853516,45.16819763183594,31.177152633666992,81.2241439819336,27.54082679748535,49.72730255126953,21.483753204345703,56.639896392822266,15.234785079956055,118.63999938964844
2015-02-09,170.09329223632812,24.773086547851562,102.72647094726562,44.951377868652344,31.130176544189453,81.20954132080078,27.522565841674805,49.60701370239258,21.35961151123047,56.37141418457031,15.386963844299316,119.16999816894531
2015-02-10,171.93408203125,24.97244644165039,103.3833236694336,45.363319396972656,31.0518856048584,81.12178039550781,27.281505584716797,49.77650451660156,21.372678756713867,56.569244384765625,15.192512512207031,118.47000122070312
2015-02-11,172.0166473388672,24.962316513061523,103.2364273071289,45.11761474609375,30.824817657470703,81.08524322509766,27.30344581604004,49.76010513305664,21.405351638793945,56.44912338256836,15.0741548538208,117.06999969482422
2015-02-12,173.61798095703125,25.190393447875977,104.41179656982422,45.8186149597168,31.482492446899414,81.09983825683594,27.219444274902344,49.754634857177734,21.49028205871582,57.056785583496094,15.302422523498535,117.33999633789062
2015-02-13,174.40219116210938,25.337377548217773,105.0340805053711,46.12215042114258,31.842662811279297,81.0047378540039,26.938236236572266,49.82574462890625,21.42493438720703,56.74589157104492,15.47150993347168,117.9800033569336
2015-02-17,174.71585083007812,25.352582931518555,105.36251831054688,46.23054885864258,31.772188186645508,80.67565155029297,26.609527587890625,49.79288101196289,21.170127868652344,56.58339309692383,15.479962348937988,116.01000213623047
2015-02-18,174.68284606933594,25.433679580688477,105.47486877441406,46.50517654418945,31.764362335205078,80.90241241455078,26.67892837524414,49.96245193481445,21.222394943237305,57.06386947631836,15.293967247009277,116.33999633789062
2015-02-19,174.54248046875,25.391447067260742,105.48350524902344,46.56298828125,31.631271362304688,80.83654022216797,26.616832733154297,49.847625732421875,21.29427146911621,55.97572326660156,15.243240356445312,115.94000244140625
2015-02-20,175.6072998046875,25.575599670410156,105.76871490478516,46.996604919433594,31.842662811279297,80.85116577148438,26.64605140686035,49.98432922363281,21.444551467895508,56.491512298583984,15.184057235717773,115.27999877929688
2015-02-23,175.54959106445312,25.580663681030273,105.87239837646484,46.83038330078125,31.521644592285156,80.99742126464844,26.9309139251709,50.02260208129883,21.418413162231445,56.936668395996094,15.08260726928711,115.43000030517578
2015-02-24,176.07781982421875,25.611082077026367,106.01067352294922,47.11946105957031,31.97575569152832,81.35578918457031,27.248661041259766,50.071807861328125,21.483753204345703,55.862674713134766,15.091059684753418,115.26000213623047
2015-02-25,175.9457550048828,25.580663681030273,106.1316909790039,47.15559768676758,31.913129806518555,81.4143295288086,27.376480102539062,50.235836029052734,21.575225830078125,55.98276901245117,15.319331169128418,115.69999694824219
2015-02-26,175.74761962890625,25.53336524963379,106.52059936523438,47.0255126953125,31.92095375061035,81.12178039550781,27.033174514770508,50.22491455078125,21.52296257019043,55.509368896484375,15.192512512207031,116.06999969482422
2015-02-27,175.1698455810547,25.418474197387695,105.9415512084961,47.04719161987305,31.89746856689453,81.3265151977539,27.26690101623535,50.235836029052734,21.470693588256836,55.90507507324219,15.361600875854492,116.16000366210938
2015-03-02,176.2842559814453,25.616147994995117,106.71073150634766,47.11946105957031,31.850486755371094,80.91336059570312,26.77661895751953,50.22649002075195,21.424184799194336,56.124107360839844,15.1417875289917,115.68000030517578
2015-03-03,175.49176025390625,25.48774528503418,106.07984161376953,46.83038330078125,31.60777473449707,80.81082153320312,26.674156188964844,50.08372497558594,21.41108512878418,55.97572326660156,15.234785079956055,115.47000122070312
2015-03-04,174.7571258544922,25.38130760192871,105.75141143798828,46.64249038696289,31.263275146484375,80.85478210449219,26.69977569580078,49.990360260009766,21.39142417907715,55.509368896484375,15.09951400756836,115.11000061035156
2015-03-05,174.93865966796875,25.403270721435547,106.06256866455078,46.75089645385742,31.216304779052734,80.89139556884766,26.68512725830078,50.08372497558594,21.4045467376709,55.693077087402344,15.040335655212402,115.0
2015-03-06,172.50360107421875,25.104228973388672,104.7229232788086,46.114925384521484,30.738693237304688,80.36393737792969,26.107004165649414,49.76525115966797,21.1949405670166,53.99729919433594,14.854339599609375,111.86000061035156
2015-03-09,173.22177124023438,25.198841094970703,105.18101501464844,46.18718719482422,30.621253967285156,80.56902313232422,26.333881378173828,49.66087341308594,21.29973602294922,54.47776794433594,14.812067985534668,111.97000122070312
2015-03-10,170.39048767089844,24.879528045654297,103.97103881835938,45.182655334472656,29.940086364746094,80.759521484375,26.65951919555664,49.468658447265625,21.27353858947754,54.209259033203125,14.6176176071167,111.41999816894531
2015-03-11,170.02723693847656,25.061996459960938,104.61058044433594,45.298282623291016,30.167137145996094,80.92073059082031,26.846126556396484,49.60595703125,21.34558868408203,54.28697967529297,14.693703651428223,110.75
2015-03-12,172.14871215820312,25.339067459106445,106.34776306152344,45.86198043823242,30.355051040649414,80.98664855957031,26.82782745361328,49.704803466796875,21.378341674804688,55.184349060058594,14.626070976257324,110.72000122070312
2015-03-13,171.09207153320312,25.185325622558594,105.96747589111328,45.59458541870117,29.987056732177734,80.83279418945312,26.750995635986328,49.53456497192383,21.352136611938477,54.97944259643555,14.330169677734375,110.87999725341797
2015-03-16,173.4611358642578,25.47760772705078,106.58976745605469,46.10770034790039,30.347219467163086,81.00862121582031,26.988845825195312,49.48513412475586,21.378341674804688,55.580039978027344,14.313258171081543,110.80999755859375
2015-03-17,172.87509155273438,25.53167152404785,106.87495422363281,45.99205780029297,30.699560165405273,80.99394226074219,27.182762145996094,49.23800277709961,21.37179183959961,55.53055953979492,14.21180534362793,110.20999908447266
2015-03-18,174.91392517089844,25.786788940429688,107.73058319091797,46.97492218017578,31.451189041137695,81.58735656738281,27.662099838256836,49.67732620239258,21.64031410217285,56.62579345703125,14.600706100463867,112.37000274658203
2015-03-19,174.16278076171875,25.717512130737305,107.93800354003906,46.4256706237793,30.91876983642578,81.30168914794922,27.534021377563477,49.28194046020508,21.522438049316406,56.5410041809082,14.35552978515625,112.29000091552734
2015-03-20,175.6981658935547,25.96587562561035,108.88868713378906,47.45189666748047,31.380720138549805,81.55075073242188,27.702350616455078,49.66635513305664,21.5748291015625,57.91175842285156,14.549980163574219,113.56999969482422
2015-03-23,175.4092254638672,25.979385375976562,108.79362487792969,47.69038391113281,31.47467803955078,81.56536102294922,27.632814407348633,49.704803466796875,21.54863166809082,57.82698440551758,14.71906852722168,114.29000091552734
2015-03-24,174.31137084960938,25.85605812072754,108.76769256591797,47.58921432495117,31.59994125366211,81.78514862060547,27.896265029907227,49.78169250488281,21.607576370239258,57.36063003540039,14.600706100463867,114.56999969482422
2015-03-25,171.8414764404297,25.437602996826172,106.16957092285156,47.36518096923828,31.09885597229004,81.6313247680664,27.680381774902344,49.649864196777344,21.58137321472168,56.413177490234375,14.642979621887207,114.7300033569336
2015-03-26,171.4184112548828,25.374897003173828,106.0395736694336,46.95323944091797,30.809160232543945,81.33833312988281,27.292524337768555,49.64439392089844,21.39798927307129,56.09259033203125,14.820520401000977,115.4800033569336
2015-03-27,171.7667999267578,25.4935302734375,106.71575927734375,47.07609558105469,30.895288467407227,81.45549774169922,27.596235275268555,49.682823181152344,21.535531997680664,56.284934997558594,14.524618148803711,115.05999755859375
2015-03-30,173.8568572998047,25.842666625976562,108.16344451904297,47.10500717163086,31.490331649780273,81.49212646484375,27.464500427246094,49.82013702392578,21.535531997680664,56.9189453125,14.600706100463867,113.75
2015-03-31,172.37220764160156,25.757930755615234,107.81671142578125,46.375083923339844,31.419858932495117,81.6313247680664,27.523048400878906,49.75971984863281,21.535531997680664,56.50577926635742,14.431618690490723,113.66000366210938
2015-04-01,171.83309936523438,25.671483993530273,107.86006927490234,46.70752716064453,31.81134605407715,81.89632415771484,27.896316528320312,49.86231231689453,21.612993240356445,56.4986572265625,14.693703651428223,115.5999984741211
2015-04-02,172.31419372558594,25.761316299438477,108.05944061279297,47.11223220825195,32.28894805908203,81.78620910644531,27.602983474731445,49.90093231201172,21.61957550048828,56.876190185546875,14.6176176071167,115.27999877929688
2015-04-06,173.57484436035156,25.99519920349121,108.5362548828125,47.58921432495117,32.70389938354492,81.83757019042969,27.456310272216797,50.02781295776367,21.63269805908203,57.44610595703125,14.80361270904541,116.69000244140625
2015-04-07,173.0606231689453,25.761316299438477,107.84270477294922,47.524173736572266,32.539485931396484,81.85220336914062,27.701988220214844,50.29261779785156,21.72461700439453,56.512908935546875,14.879700660705566,116.11000061035156
2015-04-08,173.68267822265625,25.89859390258789,108.7702865600586,47.72652816772461,33.22066116333008,81.85954284667969,27.635969161987305,50.28156280517578,21.586742401123047,56.66963577270508,14.592253684997559,115.47000122070312
2015-04-09,174.44573974609375,25.89689826965332,108.38016510009766,47.79155731201172,33.54949188232422,81.65404510498047,27.335309982299805,50.231903076171875,21.475116729736328,55.67228698730469,14.592253684997559,114.66999816894531
2015-04-10,175.35804748535156,25.9460506439209,108.90035247802734,47.88551712036133,33.57299041748047,81.65404510498047,27.375640869140625,50.34776306152344,21.61957550048828,55.63666915893555,14.74443244934082,115.97000122070312
2015-04-13,174.5535430908203,25.859615325927734,108.96965789794922,47.58198165893555,33.37724685668945,81.74211120605469,27.415971755981445,50.253990173339844,21.59330177307129,55.479942321777344,14.676797866821289,115.13999938964844
2015-04-14,174.86045837402344,25.88334083557129,108.94367218017578,47.93610763549805,33.5260009765625,81.8302230834961,27.602983474731445,50.276039123535156,21.612993240356445,55.59391403198242,14.74443244934082,114.44000244140625
2015-04-15,175.75619506835938,26.007064819335938,109.7065658569336,48.15291213989258,33.76089096069336,81.9403305053711,27.577308654785156,50.47463607788086,21.68522834777832,55.266231536865234,15.040335655212402,115.43000030517578
2015-04-16,175.6732177734375,25.9324893951416,109.6458740234375,48.28299331665039,34.02709197998047,81.89632415771484,27.496641159057617,50.36982345581055,21.66551971435547,55.49419403076172,15.200966835021973,115.02999877929688
2015-04-17,173.64120483398438,25.629119873046875,107.86871337890625,47.67594909667969,33.43205261230469,81.96234130859375,27.742334365844727,50.21535110473633,21.711477279663086,55.20211410522461,15.167152404785156,115.5999984741211
2015-04-20,175.23367309570312,25.8443603515625,108.92634582519531,47.72652816772461,33.40073776245117,81.90359497070312,27.514986038208008,50.32568359375,21.66551971435547,55.27336883544922,15.09951400756836,114.72000122070312
2015-04-21,175.05113220214844,25.849441528320312,108.81363677978516,48.15291213989258,33.596473693847656,81.8155288696289,27.40497398376465,50.35877990722656,21.639253616333008,55.31608963012695,14.989607810974121,115.37999725341797
2015-04-22,175.8971710205078,25.927404403686523,108.97832489013672,48.246856689453125,33.956634521484375,81.57331085205078,27.00897979736328,50.309139251708984,21.553909301757812,55.479942321777344,15.040335655212402,113.83000183105469
2015-04-23,176.33677673339844,26.05113410949707,109.47248077392578,48.42752456665039,34.20717239379883,81.69810485839844,27.118986129760742,50.29261779785156,21.560483932495117,55.57968521118164,15.226332664489746,114.66000366210938
2015-04-24,176.72659301757812,25.94266128540039,109.10840606689453,48.70939636230469,34.33245086669922,81.83757019042969,27.316972732543945,50.375343322753906,21.783702850341797,55.67228698730469,15.217878341674805,113.05000305175781
2015-04-27,176.02989196777344,25.732501983642578,107.90338897705078,48.94786834716797,34.465545654296875,81.86686706542969,27.28030776977539,50.391849517822266,21.61957550048828,55.52271270751953,15.217878341674805,115.33000183105469
2015-04-28,176.5109100341797,25.832496643066406,108.50153350830078,49.005680084228516,34.52033996582031,81.55133056640625,26.946651458740234,50.314659118652344,21.53421401977539,55.5084228515625,15.243240356445312,116.33000183105469
2015-04-29,175.82257080078125,25.683353424072266,107.32254791259766,48.57929992675781,34.0897331237793,81.36783599853516,26.623973846435547,50.220890045166016,21.422607421875,54.41850280761719,15.344691276550293,115.51000213623047
2015-04-30,174.047607421875,25.391841888427734,105.05128479003906,48.066200256347656,33.57299041748047,81.36783599853516,26.704641342163086,50.19329833984375,21.42916488647461,53.78449249267578,15.463055610656738,113.47000122070312
2015-05-01,175.93032836914062,25.585052490234375,105.73614501953125,48.600982666015625,33.776554107666016,81.13693237304688,26.33685302734375,50.305206298828125,21.262020111083984,54.06944274902344,15.446146011352539,113.08000183105469
2015-05-04,176.4943084716797,25.68165397644043,106.1175765991211,48.550392150878906,33.97229766845703,80.98249053955078,26.120073318481445,50.29413986206055,21.22911834716797,54.21192169189453,15.437689781188965,114.0999984741211
2015-05-05,174.45407104492188,25.374897003173828,104.76519012451172,47.82771301269531,33.60430145263672,80.90898895263672,26.153146743774414,50.227657318115234,21.05802345275879,53.02226638793945,15.564506530761719,114.41999816894531
2015-05-06,173.73240661621094,25.376588821411133,105.12931060791016,47.95055389404297,33.189334869384766,80.63688659667969,25.67915153503418,50.0780143737793,20.96589469909668,52.8797721862793,15.564506530761719,114.36000061035156
2015-05-07,174.41258239746094,25.461328506469727,105.528076171875,47.79155731201172,33.142356872558594,80.83541870117188,25.973112106323242,50.072513580322266,21.05802345275879,53.577903747558594,15.319331169128418,113.41999816894531
2015-05-08,176.68505859375,25.69521713256836,106.31695556640625,48.897281646728516,33.565155029296875,81.10015106201172,26.04657745361328,50.46590042114258,21.22911834716797,54.39713668823242,15.403871536254883,113.97000122070312
2015-05-11,175.83079528808594,25.67827033996582,106.37763977050781,48.47089385986328,33.24414825439453,80.58545684814453,25.469736099243164,50.15006637573242,20.97247886657715,53.60639572143555,15.336236953735352,113.52999877929688
2015-05-12,175.29173278808594,25.618946075439453,106.18693542480469,48.44198989868164,33.13452911376953,80.57807159423828,25.513816833496094,50.14453887939453,20.90666961669922,53.76309585571289,15.496868133544922,114.5
2015-05-13,175.35804748535156,25.6680965423584,106.18693542480469,48.80333709716797,33.197166442871094,80.57073211669922,25.3521671295166,50.072513580322266,20.90666961669922,53.31432342529297,15.513779640197754,116.55000305175781
2015-05-14,177.2324981689453,25.92910385131836,107.31389617919922,49.38871383666992,33.5260009765625,80.69571685791016,25.403608322143555,50.31631088256836,20.96589469909668,54.28317642211914,15.606778144836426,117.18000030517578
2015-05-15,177.4149627685547,25.91554069519043,107.19253540039062,49.44652557373047,33.78438949584961,81.03399658203125,25.870216369628906,50.4271240234375,21.071191787719727,54.73195266723633,15.5983247756958,117.52999877929688
2015-05-18,177.9374542236328,26.120620727539062,108.40618133544922,49.280303955078125,33.439884185791016,80.72514343261719,25.469736099243164,50.343997955322266,20.97247886657715,54.5681037902832,15.556050300598145,117.5199966430664
2015-05-19,177.90432739257812,26.08841323852539,108.2587890625,49.0924072265625,33.49468231201172,80.44573211669922,25.26398277282715,50.26645278930664,20.959308624267578,54.49687957763672,15.226332664489746,115.88999938964844
2015-05-20,177.73008728027344,26.090110778808594,108.45819091796875,49.18635177612305,33.47120666503906,80.57073211669922,25.33011245727539,50.205501556396484,20.985639572143555,54.38288116455078,15.192512512207031,116.08000183105469
2015-05-21,178.2443389892578,26.118927001953125,108.33684539794922,49.44652557373047,33.35376739501953,80.82074737548828,25.64240837097168,50.277523040771484,21.05802345275879,54.133548736572266,15.378511428833008,115.69000244140625
2015-05-22,177.87110900878906,26.09520149230957,107.86871337890625,49.12854766845703,33.46337127685547,80.73246765136719,25.609352111816406,50.31631088256836,21.02511978149414,54.14780807495117,15.20942211151123,115.5999984741211
2015-05-26,175.9386444091797,25.807077407836914,106.83709716796875,48.246856689453125,32.930965423583984,80.93102264404297,26.068628311157227,50.211036682128906,21.090930938720703,53.82011032104492,14.913519859313965,113.91000366210938
2015-05-27,177.6222686767578,26.039264678955078,108.1461181640625,48.716609954833984,32.93880081176758,81.01190185546875,26.14944839477539,50.321834564208984,21.13698387145996,54.22616958618164,14.710614204406738,113.88999938964844
2015-05-28,177.39010620117188,25.98503303527832,108.05076599121094,48.629886627197266,32.50817108154297,80.98249053955078,26.009843826293945,50.2996940612793,21.13041114807129,54.19056701660156,14.786703109741211,114.0199966430664
2015-05-29,176.31187438964844,25.81554412841797,107.40057373046875,48.16014099121094,32.19498825073242,81.01190185546875,26.09434700012207,50.37169647216797,21.077760696411133,53.60639572143555,14.972698211669922,114.0999984741211
2015-06-01,176.61874389648438,25.857921600341797,107.73867797851562,48.03004837036133,32.06972122192383,80.78794860839844,25.850210189819336,50.456329345703125,21.00322914123535,54.12644958496094,14.938882827758789,114.0
2015-06-02,176.47776794433594,25.879953384399414,107.94671630859375,48.25407409667969,32.19498825073242,80.47116088867188,25.540904998779297,50.36167526245117,20.87789535522461,53.684757232666016,15.116423606872559,114.45999908447266
2015-06-03,176.97535705566406,26.013837814331055,109.02169799804688,48.521484375,32.03057098388672,80.15435028076172,25.11374855041504,50.08898162841797,20.778945922851562,53.03650665283203,14.921975135803223,113.63999938964844
2015-06-04,175.54881286621094,25.78504753112793,107.9294204711914,48.00114440917969,31.545127868652344,80.32380676269531,25.404645919799805,49.927589416503906,20.86469841003418,52.986637115478516,14.786703109741211,112.83999633789062
2015-06-05,175.15902709960938,25.856225967407227,108.7096176147461,47.43022155761719,31.404207229614258,79.97019958496094,25.12845230102539,49.777347564697266,20.84490966796875,52.34549331665039,14.854339599609375,112.23999786376953
2015-06-08,174.08074951171875,25.69182777404785,108.2068099975586,47.36518096923828,31.396373748779297,80.08805084228516,25.106367111206055,49.777347564697266,20.85809898376465,52.2386360168457,14.86279296875,112.56999969482422
2015-06-09,174.02268981933594,25.635894775390625,107.87737274169922,47.10500717163086,31.208465576171875,79.8597183227539,24.92225456237793,49.693843841552734,20.745954513549805,51.86107635498047,15.09951400756836,112.81999969482422
2015-06-10,176.08792114257812,25.917238235473633,109.22106170654297,48.0950927734375,31.662572860717773,79.6607894897461,24.712360382080078,49.76063919067383,20.752565383911133,52.231510162353516,15.158696174621582,113.77999877929688
2015-06-11,176.68505859375,26.066381454467773,109.49849700927734,48.22517776489258,31.505990982055664,80.08805084228516,25.202123641967773,49.86078643798828,20.792131423950195,52.644691467285156,15.023427963256836,113.26000213623047
2015-06-12,175.34149169921875,25.952835083007812,109.16908264160156,47.84214782714844,31.505990982055664,79.9922866821289,25.191068649291992,49.67715072631836,20.825124740600586,52.544952392578125,14.871248245239258,113.2300033569336
2015-06-15,174.61160278320312,25.8002986907959,108.82231140136719,47.553077697753906,31.153667449951172,80.08805084228516,25.249977111816406,49.443424224853516,20.831724166870117,52.27425765991211,14.80361270904541,113.7300033569336
2015-06-16,175.58197021484375,25.976551055908203,109.59384155273438,47.53861618041992,31.16148567199707,80.220703125,25.426727294921875,49.72166061401367,20.87789535522461,52.71592330932617,14.8458833694458,113.31999969482422
2015-06-17,175.82257080078125,25.95452880859375,109.42912292480469,47.43022155761719,31.34939193725586,80.22801208496094,25.268400192260742,49.67715072631836,20.75914764404297,53.04361343383789,14.888155937194824,113.8499984741211
2015-06-18,177.58914184570312,26.17486000061035,110.89423370361328,47.85661315917969,31.639089584350586,80.2059555053711,25.13214683532715,49.86078643798828,20.838308334350586,53.777366638183594,14.888155937194824,115.31999969482422
2015-06-19,176.53578186035156,26.090110778808594,110.8421859741211,47.740989685058594,31.365060806274414,80.4563980102539,25.448829650878906,49.88862991333008,20.897686004638672,53.428287506103516,14.752885818481445,115.12000274658203
2015-06-22,177.79649353027344,26.24095344543457,111.60503387451172,48.644344329833984,31.819171905517578,80.05860900878906,24.992210388183594,49.98880386352539,20.86469841003418,52.90114212036133,14.80361270904541,113.63999938964844
2015-06-23,177.87942504882812,26.26297950744629,111.83914184570312,48.77442169189453,32.132354736328125,79.87442779541016,24.83387565612793,49.955413818359375,20.811920166015625,52.644691467285156,14.98115348815918,112.88999938964844
2015-06-24,176.62094116210938,26.01358985900879,110.89423370361328,48.355262756347656,31.90530014038086,79.9996337890625,25.014314651489258,49.82183074951172,20.831724166870117,52.348548889160156,14.879700660705566,112.58999633789062
2015-06-25,176.06219482421875,25.93538475036621,110.83349609375,48.333953857421875,31.79566192626953,79.91124725341797,24.93329620361328,49.67154312133789,20.785547256469727,51.85258865356445,14.896610260009766,112.44000244140625
2015-06-26,176.11221313476562,25.984683990478516,110.53012084960938,48.31189727783203,31.495912551879883,79.71971893310547,24.679214477539062,49.526859283447266,20.686599731445312,52.10416793823242,14.964245796203613,112.55999755859375
2015-06-29,172.40927124023438,25.440683364868164,107.73867797851562,46.82741928100586,30.79391098022461,80.19124603271484,25.279443740844727,49.187400817871094,20.811920166015625,51.270381927490234,14.896610260009766,113.06999969482422
2015-06-30,172.8179168701172,25.496782302856445,108.24150848388672,46.65839385986328,31.25139808654785,80.13963317871094,25.157909393310547,49.421142578125,20.778945922851562,51.24881362915039,15.217878341674805,112.37000274658203
2015-07-01,174.16897583007812,25.574987411499023,108.56222534179688,46.9597053527832,31.227739334106445,79.93738555908203,24.856769561767578,49.429527282714844,20.672481536865234,52.03229522705078,15.031879425048828,111.9800033569336
2015-07-02,173.9604949951172,25.535886764526367,107.76041412353516,47.01850128173828,31.377605438232422,80.04810333251953,24.91948890686035,49.613975524902344,20.804731369018555,52.14729309082031,15.006518363952637,111.76000213623047
2015-07-06,173.5018310546875,25.457685470581055,107.7256088256836,46.07048034667969,30.502058029174805,80.33601379394531,25.340242385864258,49.45188903808594,20.936992645263672,52.38448715209961,14.51616382598877,112.05999755859375
2015-07-07,174.56936645507812,25.576684951782227,107.84748840332031,46.08517074584961,30.044567108154297,80.44666290283203,25.532146453857422,49.490989685058594,20.950223922729492,53.18951416015625,14.431618690490723,110.76000213623047
2015-07-08,171.6253662109375,25.217985153198242,106.20208740234375,45.012229919433594,29.01127052307129,80.63870239257812,25.75728988647461,49.24504470825195,20.976665496826172,52.90919876098633,14.363984107971191,111.08999633789062
2015-07-09,171.93394470214844,25.234983444213867,106.58513641357422,45.75447463989258,29.571298599243164,80.34339904785156,25.277502059936523,49.356868743896484,20.884092330932617,52.65763473510742,14.533074378967285,111.36000061035156
2015-07-10,174.1273193359375,25.496782302856445,108.06512451171875,47.253662109375,30.320636749267578,80.0038070678711,24.89366340637207,49.641937255859375,20.7915096282959,53.02421569824219,14.600706100463867,111.48999786376953
2015-07-13,176.04550170898438,25.726287841796875,109.2839584350586,47.43002700805664,30.525724411010742,79.88569641113281,24.816165924072266,49.686668395996094,20.745220184326172,53.10324478149414,14.609162330627441,110.98999786376953
2015-07-14,176.7793731689453,25.829992294311523,109.89334106445312,47.826873779296875,30.580936431884766,80.01860046386719,24.901052474975586,49.6363525390625,20.751832962036133,53.24701690673828,14.55843448638916,110.73999786376953
2015-07-15,176.71270751953125,25.68378448486328,109.31007385253906,47.6505012512207,30.233875274658203,80.23268127441406,25.159387588500977,49.6363525390625,20.76505470275879,53.29734420776367,14.389348983764648,110.16000366210938
2015-07-16,178.0970916748047,25.778987884521484,109.96299743652344,48.062042236328125,30.612485885620117,80.299072265625,25.329164505004883,49.71464538574219,20.857635498046875,53.678287506103516,14.321714401245117,109.76000213623047
2015-07-17,178.28884887695312,25.57158660888672,109.48417663574219,47.981204986572266,30.573036193847656,80.30651092529297,25.421443939208984,49.58046340942383,20.798126220703125,53.4698371887207,14.245624542236328,108.6500015258789
2015-07-20,178.35565185546875,25.569887161254883,108.89220428466797,48.10612869262695,30.375856399536133,80.16624450683594,25.32548713684082,49.351253509521484,20.751832962036133,53.563270568847656,14.017354965209961,105.69999694824219
2015-07-21,177.6634063720703,25.387990951538086,108.37854766845703,47.966514587402344,30.383745193481445,80.299072265625,25.484180450439453,49.26179504394531,20.784894943237305,53.36922836303711,14.07653522491455,105.37000274658203
2015-07-22,177.3214569091797,25.44748878479004,108.7790298461914,47.599056243896484,29.949914932250977,80.33601379394531,25.609661102294922,48.943153381347656,20.811351776123047,53.52014923095703,13.87363052368164,104.80000305175781
2015-07-23,176.3623809814453,25.28258514404297,107.57759094238281,47.474124908447266,29.658063888549805,80.5648193359375,25.897537231445312,48.91520309448242,20.857635498046875,53.13919448852539,13.755270004272461,104.33000183105469
2015-07-24,174.51092529296875,25.054786682128906,105.84515380859375,46.95235824584961,29.23213005065918,80.550048828125,25.978740692138672,48.77543640136719,20.831192016601562,53.15357971191406,13.645362854003906,105.3499984741211
2015-07-27,173.46011352539062,24.871187210083008,104.96586608886719,46.6069450378418,28.679983139038086,80.65340423583984,26.111602783203125,48.568607330322266,20.857635498046875,53.26857376098633,13.38327693939209,104.86000061035156
2015-07-28,175.62014770507812,25.12618064880371,105.86258697509766,47.19486618041992,28.97182846069336,80.57223510742188,25.923364639282227,48.831356048583984,20.824581146240234,53.36922836303711,13.493185043334961,105.0199966430664
2015-07-29,176.79611206054688,25.411787033081055,106.15853881835938,47.3638916015625,29.255794525146484,80.50574493408203,25.834800720214844,49.1164436340332,20.884092330932617,53.64236068725586,13.535456657409668,105.16999816894531
2015-07-30,176.85443115234375,25.47129249572754,106.46327209472656,47.32715606689453,28.963939666748047,80.51312255859375,26.008258819580078,49.26179504394531,20.92377471923828,53.44108200073242,13.484729766845703,104.2699966430664
2015-07-31,176.60423278808594,25.501880645751953,107.04656982421875,47.606407165527344,29.279457092285156,80.83060455322266,26.200178146362305,49.1779670715332,20.910539627075195,53.786109924316406,13.298731803894043,104.93000030517578
2015-08-03,176.00379943847656,25.42368507385254,106.5155029296875,47.481475830078125,28.790409088134766,80.91412353515625,26.466463088989258,49.08587646484375,20.96889877319336,54.052040100097656,13.078920364379883,104.0999984741211
2015-08-04,175.6367950439453,25.41008186340332,106.2630386352539,47.51823043823242,28.892948150634766,80.67747497558594,26.26304054260254,49.11395263671875,20.88932991027832,53.771728515625,13.155010223388672,104.30999755859375
2015-08-05,176.29568481445312,25.54778480529785,106.50679779052734,47.76808166503906,28.90083885192871,80.52957916259766,26.078113555908203,49.046539306640625,20.816410064697266,53.54172134399414,13.104283332824707,103.93000030517578
2015-08-06,174.87791442871094,25.3063907623291,105.0703353881836,47.56966018676758,28.648427963256836,80.62571716308594,26.266742706298828,48.844390869140625,20.91585922241211,53.54172134399414,13.095827102661133,104.38999938964844
2015-08-07,174.45254516601562,25.267290115356445,104.36515045166016,47.481475830078125,28.632654190063477,80.7662582397461,26.603303909301758,48.69278335571289,20.869449615478516,53.72862243652344,13.0451021194458,104.6500015258789
2015-08-10,176.66262817382812,25.6497802734375,105.5665512084961,48.062042236328125,29.11381721496582,80.66275787353516,26.285247802734375,48.83315658569336,20.9224796295166,53.73579406738281,13.324095726013184,105.72000122070312
2015-08-11,175.06971740722656,25.396486282348633,104.66116333007812,47.32715606689453,28.474903106689453,80.92896270751953,26.677288055419922,48.6085205078125,20.955617904663086,54.09518814086914,13.146553993225098,106.26000213623047
2015-08-12,175.23648071289062,25.336986541748047,104.46094512939453,46.98909378051758,28.033180236816406,80.87718963623047,26.540424346923828,48.54117965698242,20.955617904663086,54.17426681518555,13.104283332824707,107.75
2015-08-13,175.06141662597656,25.333585739135742,104.11268615722656,46.9597053527832,27.98586082458496,80.70703125,26.462766647338867,48.479373931884766,20.82966423034668,54.282066345214844,13.0451021194458,106.86000061035156
2015-08-14,175.66183471679688,25.498477935791016,104.78305053710938,47.0331916809082,28.025293350219727,80.67003631591797,26.52193832397461,48.50742721557617,20.90260124206543,54.59113693237305,12.96055793762207,106.8499984741211
2015-08-17,176.69598388671875,25.727983474731445,105.8886947631836,46.945011138916016,27.717668533325195,80.81060791015625,26.632892608642578,48.50742721557617,20.862810134887695,55.00083541870117,12.909832000732422,107.12999725341797
2015-08-18,176.19558715820312,25.598783493041992,105.04423522949219,46.59225082397461,27.417938232421875,80.66275787353516,26.451663970947266,48.44565963745117,20.90260124206543,55.04396438598633,12.842196464538574,107.11000061035156
2015-08-19,174.77781677246094,25.323383331298828,103.95602416992188,46.18071365356445,27.07876968383789,80.91412353515625,26.677288055419922,48.40077209472656,20.942365646362305,54.7420654296875,12.69847297668457,108.55000305175781
2015-08-20,171.0666046142578,24.753887176513672,101.32682800292969,45.06367874145508,26.652822494506836,81.0399169921875,26.921398162841797,48.164894104003906,20.955617904663086,54.3179931640625,12.732291221618652,110.44000244140625
2015-08-21,165.80418395996094,24.17587661743164,100.1428451538086,44.03482437133789,25.832489013671875,81.1803970336914,27.021240234375,47.9908447265625,20.982141494750977,53.25421142578125,12.5209321975708,111.12999725341797
2015-08-24,158.89041137695312,23.274869918823242,96.23397064208984,42.51359176635742,24.70453453063965,81.15081787109375,27.065624237060547,47.59772872924805,20.882701873779297,50.767250061035156,12.208118438720703,110.52999877929688
2015-08-25,157.02227783203125,22.945068359375,95.49395751953125,42.917789459228516,25.020050048828125,80.95853424072266,26.599609375,47.69316864013672,20.7103328704834,49.48781204223633,12.258845329284668,109.16000366210938
2015-08-26,163.19378662109375,23.570674896240234,97.92285919189453,43.93193435668945,25.8482666015625,80.58131408691406,26.12250518798828,48.091888427734375,20.763370513916016,50.724117279052734,12.182756423950195,107.66999816894531
2015-08-27,167.20523071289062,24.146976470947266,99.67276000976562,44.468414306640625,26.99199867248535,80.69229125976562,26.12250518798828,48.451290130615234,20.756744384765625,51.74476623535156,12.622382164001465,107.7300033569336
2015-08-28,167.1969451904297,24.24387550354004,100.6565170288086,44.40226364135742,26.644935607910156,80.6183090209961,26.207569122314453,48.49623107910156,20.71695899963379,51.687278747558594,12.952104568481445,108.69999694824219
2015-08-31,165.75411987304688,24.07387924194336,100.29085540771484,44.07156753540039,26.692258834838867,80.55917358398438,26.037431716918945,48.4288215637207,20.743488311767578,50.659420013427734,13.264915466308594,108.81999969482422
2015-09-01,160.73355102539062,23.392169952392578,97.41796112060547,42.59443283081055,25.658958435058594,80.79776000976562,26.191242218017578,48.27260208129883,20.748798370361328,49.69626235961914,12.825287818908691,109.19999694824219
2015-09-02,163.9110107421875,23.74407196044922,99.16780090332031,43.22644805908203,26.029685974121094,80.69405364990234,26.01705551147461,48.470035552978516,20.815269470214844,50.228153228759766,12.935196876525879,108.62000274658203
2015-09-03,164.0527801513672,23.857973098754883,99.01112365722656,43.32932662963867,26.132230758666992,80.81262969970703,26.12082862854004,48.53767776489258,20.85513687133789,50.32878494262695,13.01973819732666,107.83999633789062
2015-09-04,161.50912475585938,23.572376251220703,98.2624282836914,42.33722686767578,25.351337432861328,80.9830322265625,26.32466697692871,48.486942291259766,20.901649475097656,49.37282943725586,12.85910701751709,107.48999786376953
2015-09-08,165.68739318847656,24.143571853637695,100.50850677490234,43.57918930053711,26.15589714050293,80.79039001464844,25.965173721313477,48.75203323364258,20.868427276611328,50.12034225463867,12.952104568481445,107.5199966430664
2015-09-09,163.38563537597656,23.88007164001465,99.35062408447266,43.40281677246094,26.02179718017578,80.8200454711914,26.091167449951172,48.68998336791992,20.881717681884766,49.5093879699707,12.7830171585083,106.12999725341797
2015-09-10,164.26129150390625,23.927677154541016,99.80331420898438,43.68942642211914,26.28998374938965,80.73110961914062,25.93181610107422,48.80845260620117,20.861778259277344,49.56687927246094,12.892923355102539,106.37999725341797
2015-09-11,165.0619354248047,24.06537437438965,100.27345275878906,43.68207550048828,26.39252281188965,80.82748413085938,26.080049514770508,48.7915153503418,20.921594619750977,50.37910842895508,12.876014709472656,106.16000366210938
2015-09-14,164.4197540283203,23.961679458618164,99.81201171875,43.351375579833984,26.353086471557617,80.84968566894531,26.12082862854004,48.7068977355957,20.9415340423584,50.350364685058594,12.715380668640137,106.22000122070312
2015-09-15,166.4796905517578,24.233675003051758,100.93510437011719,43.645328521728516,26.60548973083496,80.4865493774414,25.63901710510254,48.69564437866211,20.775388717651367,50.77442932128906,12.75765323638916,105.9000015258789
2015-09-16,167.97250366210938,24.463180541992188,101.80567169189453,44.314083099365234,27.252290725708008,80.4198226928711,25.561199188232422,48.52077865600586,20.801969528198242,51.42852020263672,12.969012260437012,107.30999755859375
2015-09-17,167.5471954345703,24.43597984313965,102.15387725830078,44.33612823486328,27.189193725585938,80.92376708984375,25.857694625854492,48.56025695800781,20.96147346496582,51.93165588378906,12.884469032287598,108.41000366210938
2015-09-18,164.7533721923828,24.036474227905273,100.74357604980469,43.22644805908203,26.68437385559082,80.99046325683594,26.20978355407715,48.42488098144531,21.014633178710938,51.7591552734375,12.690017700195312,109.20999908447266
2015-09-21,165.62069702148438,24.163976669311523,100.56072998046875,43.20438766479492,26.637046813964844,80.77552795410156,25.828041076660156,48.33463668823242,20.954832077026367,52.21198272705078,12.833742141723633,108.52999877929688
2015-09-22,163.53573608398438,23.839269638061523,99.03722381591797,42.17554473876953,26.14011573791504,80.96826171875,26.17270851135254,47.98492431640625,20.90830421447754,51.52197265625,12.75765323638916,107.79000091552734
2015-09-23,163.26051330566406,23.7797794342041,98.74124145507812,41.97711944580078,25.72206687927246,80.90151977539062,26.15418243408203,47.900299072265625,20.91494369506836,51.7591552734375,12.656200408935547,108.22000122070312
2015-09-24,162.67674255371094,23.66927719116211,98.5758285522461,41.85954284667969,25.611635208129883,81.00529479980469,26.320959091186523,47.66338348388672,20.91494369506836,51.284759521484375,12.732291221618652,110.48999786376953
2015-09-25,162.56942749023438,23.62814712524414,97.27842712402344,42.22698211669922,25.556419372558594,80.86450958251953,26.12822914123535,47.420867919921875,20.868427276611328,51.543052673339844,12.808379173278809,109.80999755859375
2015-09-28,158.5103759765625,23.032581329345703,94.55441284179688,41.39656066894531,25.012157440185547,81.05715942382812,26.528488159179688,46.69322204589844,20.934885025024414,50.61435317993164,12.630837440490723,108.41999816894531
2015-09-29,158.53550720214844,23.010391235351562,93.88214111328125,41.33776092529297,25.130481719970703,81.18321228027344,26.61004066467285,46.68758010864258,20.981416702270508,50.96987533569336,12.715380668640137,107.9800033569336
2015-09-30,161.61329650878906,23.31244468688965,95.34017944335938,42.12409973144531,25.856151580810547,81.21279907226562,26.50255012512207,46.980892181396484,20.921594619750977,51.47775650024414,12.808379173278809,106.86000061035156
2015-10-01,162.0577850341797,23.261247634887695,95.17427825927734,42.256378173828125,25.99813461303711,81.27594757080078,26.623992919921875,46.679344177246094,20.951583862304688,51.717193603515625,12.723835945129395,106.7300033569336
2015-10-02,164.43116760253906,23.59572410583496,96.58867645263672,42.97658157348633,26.692258834838867,81.52098083496094,26.80225372314453,46.724693298339844,20.991567611694336,52.167030334472656,12.808379173278809,108.98999786376953
2015-10-05,167.40830993652344,24.053070068359375,98.89362335205078,43.82905578613281,27.268068313598633,81.21650695800781,26.445730209350586,47.28582000732422,20.918262481689453,53.102989196777344,12.97746753692627,108.7699966430664
2015-10-06,166.77931213378906,23.966032028198242,98.21257781982422,43.88050079345703,27.220733642578125,81.41700744628906,26.560861587524414,47.546531677246094,20.944917678833008,52.97239303588867,13.231097221374512,109.86000061035156
2015-10-07,168.1547088623047,24.268083572387695,99.95000457763672,44.431663513183594,27.9464168548584,81.35762023925781,26.49030876159668,48.033931732177734,21.011564254760742,53.48753356933594,13.205735206604004,109.69999694824219
2015-10-08,169.69773864746094,24.52064323425293,100.84930419921875,44.78440475463867,28.24615478515625,81.24626159667969,26.256324768066406,48.23231887817383,20.898271560668945,53.93011474609375,13.264915466308594,109.13999938964844
2015-10-09,169.8235626220703,24.571840286254883,101.05009460449219,44.865257263183594,28.348690032958984,81.17942810058594,26.31574821472168,48.23799133300781,21.03821563720703,53.8720817565918,13.324095726013184,110.87000274658203
2015-10-12,169.9744873046875,24.55477523803711,100.90169525146484,44.77706527709961,28.135723114013672,81.38729858398438,26.51630210876465,48.14730453491211,20.984899520874023,54.16227722167969,13.112737655639648,111.30999755859375
2015-10-13,168.8759307861328,24.320985794067383,99.52220916748047,44.21119689941406,27.6782283782959,81.39470672607422,26.55344009399414,48.033931732177734,21.018224716186523,53.76324462890625,13.028192520141602,111.86000061035156
2015-10-14,168.0288543701172,24.14521598815918,98.5444107055664,44.299381256103516,27.891204833984375,81.69916534423828,26.772552490234375,47.99995040893555,21.13817596435547,53.41496658325195,13.062010765075684,113.80999755859375
2015-10-15,170.6034698486328,24.428495407104492,100.90169525146484,45.05632400512695,28.56955337524414,81.58779907226562,26.650001525878906,48.113304138183594,21.131515502929688,54.0244255065918,13.028192520141602,113.29000091552734
2015-10-16,171.35826110839844,24.433610916137695,100.77073669433594,45.01957702636719,28.593217849731445,81.50605773925781,26.650001525878906,48.33432388305664,21.131515502929688,54.45975112915039,13.03664779663086,112.48999786376953
2015-10-19,171.4925079345703,24.50528907775879,100.9627914428711,44.865257263183594,28.301368713378906,81.58779907226562,26.590566635131836,48.464698791503906,21.011564254760742,55.10551071166992,12.799925804138184,112.0199966430664
2015-10-20,171.24082946777344,24.50358009338379,100.82310485839844,44.6815299987793,28.293481826782227,81.42442321777344,26.438310623168945,48.5100212097168,21.098190307617188,55.170814514160156,12.825287818908691,112.7300033569336
2015-10-21,170.242919921875,24.239076614379883,99.28652954101562,44.659481048583984,27.883319854736328,81.61750793457031,26.661128997802734,48.45901870727539,21.178165435791016,54.97492218017578,12.715380668640137,111.7300033569336
2015-10-22,173.04393005371094,24.41484832763672,100.15958404541016,45.15921401977539,28.459125518798828,81.63231658935547,26.713132858276367,48.47602844238281,21.19148826599121,55.577117919921875,12.75765323638916,111.69000244140625
2015-10-23,174.98953247070312,24.541120529174805,101.14614868164062,45.60749816894531,28.624767303466797,81.49126434326172,26.50516128540039,48.64606857299805,21.118179321289062,55.06924057006836,12.681564331054688,111.5
2015-10-26,174.58702087402344,24.476274490356445,100.45641326904297,45.43846893310547,28.364465713500977,81.52836608886719,26.66484832763672,48.59503936767578,21.14483642578125,55.061988830566406,12.647747039794922,111.43000030517578
2015-10-27,174.25157165527344,24.280025482177734,99.3563232421875,45.0416259765625,28.041074752807617,81.64717864990234,26.716825485229492,48.43637466430664,21.19148826599121,54.92409896850586,12.588565826416016,111.68000030517578
2015-10-28,176.2056121826172,24.778329849243164,102.25497436523438,45.33558654785156,27.717668533325195,81.40213012695312,26.62027931213379,48.566707611083984,21.131515502929688,55.134521484375,12.799925804138184,110.77999877929688
2015-10-29,176.11329650878906,24.65204429626465,101.16364288330078,45.004886627197266,27.457374572753906,81.05316162109375,26.237762451171875,48.44203567504883,20.998226165771484,55.07648849487305,12.723835945129395,109.72000122070312
2015-10-30,175.3166961669922,24.609386444091797,100.70088958740234,44.909339904785156,27.504703521728516,81.26850128173828,26.416011810302734,48.49872589111328,21.03821563720703,54.67742919921875,12.850651741027832,109.30000305175781
2015-11-02,177.45510864257812,24.981401443481445,102.79623413085938,45.33558654785156,28.048959732055664,81.1085433959961,26.283159255981445,48.648983001708984,21.038211822509766,55.88909912109375,12.7830171585083,108.58999633789062
2015-11-03,177.89959716796875,25.003583908081055,103.32882690429688,45.320884704589844,28.419677734375,80.95975494384766,26.082183837890625,48.700252532958984,20.917951583862305,55.33768844604492,13.011286735534668,106.9800033569336
2015-11-04,177.43841552734375,24.967744827270508,103.27648162841797,45.071022033691406,28.190942764282227,80.95975494384766,26.11940574645996,48.55790328979492,20.97140121459961,55.09824752807617,12.791471481323242,105.97000122070312
2015-11-05,177.22032165527344,24.97968864440918,103.35504913330078,44.99018478393555,28.238265991210938,80.92254638671875,26.041244506835938,48.37004089355469,20.944683074951172,55.25786590576172,12.690017700195312,105.63999938964844
2015-11-06,177.15325927734375,24.948976516723633,104.08842468261719,44.78440475463867,27.843875885009766,80.53569793701172,25.687673568725586,48.13658905029297,20.857833862304688,53.67618179321289,12.613929748535156,104.0999984741211
2015-11-09,175.4508056640625,24.72542381286621,102.86610412597656,44.32143020629883,27.14975357055664,80.48361206054688,25.561126708984375,47.9372673034668,20.831111907958984,52.95064163208008,12.504021644592285,104.4000015258789
2015-11-10,175.87855529785156,24.865358352661133,103.17169952392578,44.292030334472656,27.031436920166016,80.63243103027344,25.6243953704834,47.8290901184082,20.784345626831055,53.436744689941406,12.478659629821777,104.18000030517578
2015-11-11,175.1992645263672,24.718599319458008,102.27243041992188,44.51985549926758,27.086650848388672,80.52821350097656,25.594619750976562,47.7151985168457,20.824430465698242,53.502044677734375,12.351842880249023,103.83000183105469
2015-11-12,172.73362731933594,24.186176300048828,100.31671142578125,43.93928909301758,26.826351165771484,80.60264587402344,25.6914005279541,47.39632797241211,20.764293670654297,53.11751937866211,12.174301147460938,103.8499984741211
2015-11-13,170.8047637939453,23.976272583007812,99.59207916259766,43.571842193603516,26.455625534057617,80.75888061523438,25.832822799682617,47.25970458984375,20.764293670654297,52.55882263183594,12.081302642822266,103.55999755859375
2015-11-16,173.4464569091797,24.274906158447266,100.44770812988281,44.123016357421875,26.968332290649414,80.82576751708984,25.814208984375,47.48175048828125,20.844467163085938,53.1755485534668,12.140483856201172,103.70999908447266
2015-11-17,173.22007751464844,24.198118209838867,100.06351470947266,44.240596771240234,26.889453887939453,80.8853530883789,25.858882904052734,47.515926361083984,20.897916793823242,53.204566955566406,11.954486846923828,102.33999633789062
2015-11-18,176.0043182373047,24.609386444091797,101.75733184814453,44.644779205322266,27.18130111694336,80.82576751708984,25.89235496520996,47.60700225830078,20.931325912475586,53.77048110961914,12.00521469116211,102.43000030517578
2015-11-19,175.83657836914062,24.576955795288086,101.3294906616211,44.87260818481445,27.425830841064453,80.86304473876953,26.04497718811035,47.179988861083984,20.891237258911133,53.92285919189453,12.00521469116211,103.55999755859375
2015-11-20,176.63328552246094,24.7015380859375,101.98429107666016,44.769718170166016,27.70189094543457,80.81095886230469,25.96681022644043,47.168617248535156,20.891237258911133,54.47428512573242,11.98830509185791,103.08999633789062
2015-11-23,176.29782104492188,24.744190216064453,102.49072265625,44.4904670715332,27.44159507751465,80.83330535888672,26.04497718811035,47.12874984741211,21.098344802856445,54.568599700927734,12.081302642822266,102.26000213623047
2015-11-24,176.5494384765625,24.911434173583984,103.24153900146484,44.497806549072266,27.583581924438477,80.90772247314453,26.037513732910156,47.19139862060547,21.058259963989258,54.30015182495117,12.275754928588867,102.94000244140625
2015-11-25,176.5577850341797,24.99505615234375,104.04478454589844,44.60069274902344,27.370609283447266,80.94489288330078,26.108238220214844,47.24264144897461,21.08498191833496,54.481536865234375,12.258845329284668,102.45999908447266
2015-11-27,176.70875549316406,25.068437576293945,104.43766784667969,44.60804748535156,26.771135330200195,80.92254638671875,26.093347549438477,47.316619873046875,21.058259963989258,54.91686248779297,12.07284927368164,101.25
2015-11-30,176.0043182373047,24.942148208618164,103.9836654663086,44.57129669189453,26.810583114624023,80.95232391357422,26.186384201049805,47.288177490234375,21.105030059814453,54.568599700927734,11.996760368347168,101.91999816894531
2015-12-01,177.7318878173828,25.143516540527344,104.67339324951172,45.0416259765625,27.01565933227539,81.23600006103516,26.52655029296875,47.624568939208984,21.159955978393555,55.24336242675781,12.13202953338623,102.27999877929688
2015-12-02,175.89529418945312,24.860239028930664,103.54713439941406,44.56394577026367,26.692258834838867,81.13895416259766,26.522830963134766,47.527320861816406,21.159955978393555,54.19856643676758,11.878397941589355,100.69000244140625
2015-12-03,173.3961944580078,24.44556427001953,101.80097198486328,44.350826263427734,26.542390823364258,80.54173278808594,25.836545944213867,47.40145492553711,20.972394943237305,53.40045928955078,12.013667106628418,101.76000213623047
2015-12-04,176.7842559814453,24.751018524169922,102.83119201660156,44.71092224121094,26.723812103271484,80.80297088623047,26.06031608581543,47.292724609375,21.059473037719727,54.29288864135742,11.996760368347168,104.0199966430664
2015-12-07,175.69398498535156,24.489925384521484,101.28585052490234,44.42431640625,26.28209686279297,80.9224624633789,26.306503295898438,46.96092224121094,21.13316535949707,54.14778518676758,11.650129318237305,102.66999816894531
2015-12-08,174.5450897216797,24.338050842285156,100.72706604003906,43.770259857177734,25.99024772644043,80.95230102539062,26.31768035888672,46.377342224121094,21.025983810424805,54.01718521118164,11.590950012207031,102.83999633789062
2015-12-09,173.16970825195312,24.039409637451172,99.60079956054688,43.571842193603516,25.77727699279785,80.95230102539062,26.299022674560547,46.617637634277344,20.99919319152832,53.68342971801758,11.599404335021973,102.63999938964844
2015-12-10,173.6058349609375,24.094022750854492,99.93257904052734,43.57918930053711,25.603742599487305,80.93741607666016,26.31768035888672,46.423099517822266,21.059473037719727,53.37869644165039,11.55713176727295,102.55000305175781
2015-12-11,170.15069580078125,23.751014709472656,97.70623016357422,42.748756408691406,24.885955810546875,81.13895416259766,26.713037490844727,45.4962043762207,20.972394943237305,53.13201141357422,11.438770294189453,103.11000061035156
2015-12-14,171.2324676513672,23.61449432373047,97.00776672363281,42.81489944458008,25.28823471069336,80.75822448730469,26.362436294555664,45.101463317871094,20.88532066345215,53.29887008666992,11.362682342529297,101.79000091552734
2015-12-15,172.9181671142578,23.856815338134766,98.40469360351562,43.028011322021484,25.674734115600586,80.76568603515625,26.224435806274414,45.83952713012695,20.82503890991211,53.88658142089844,11.337318420410156,101.5199966430664
2015-12-16,175.41726684570312,24.104257583618164,99.90635681152344,43.89519119262695,26.179546356201172,80.62384796142578,26.164745330810547,46.18854522705078,20.79153823852539,54.94588088989258,11.286592483520508,102.75
2015-12-17,172.82591247558594,23.815858840942383,98.84123229980469,43.33667755126953,25.840377807617188,80.73583984375,26.455686569213867,45.67361068725586,20.90541648864746,54.67742919921875,11.168230056762695,100.5
2015-12-18,169.5887451171875,23.476272583007812,97.3307876586914,42.881038665771484,25.753616333007812,80.90754699707031,26.589962005615234,45.501976013183594,20.918807983398438,53.980918884277344,11.21895694732666,102.04000091552734
2015-12-21,171.04800415039062,23.64691734313965,98.06417846679688,43.0797233581543,25.954679489135742,80.83284759521484,26.578784942626953,45.35894775390625,20.831737518310547,54.2566032409668,11.168230056762695,103.1500015258789
2015-12-22,172.63304138183594,23.878999710083008,98.96343994140625,43.40591049194336,26.162961959838867,80.77313995361328,26.3960018157959,45.90816879272461,20.84512710571289,54.481536865234375,11.117504119873047,102.61000061035156
2015-12-23,174.8050537109375,24.182762145996094,100.2119369506836,44.13243103027344,26.531452178955078,80.75822448730469,26.209514617919922,46.19996643066406,20.912113189697266,55.09824752807617,11.320409774780273,102.30999755859375
2015-12-24,174.44822692871094,24.205224990844727,100.4013442993164,44.05830001831055,26.43532371520996,80.79714965820312,26.36989402770996,46.29429626464844,20.878620147705078,55.11294174194336,11.320409774780273,103.05000305175781
2015-12-28,174.03500366210938,24.169212341308594,99.93663787841797,43.95452117919922,26.251079559326172,80.79714965820312,26.43331527709961,46.01821517944336,20.831737518310547,55.27462387084961,11.159775733947754,102.2699966430664
2015-12-29,176.02734375,24.354412078857422,101.01516723632812,44.391910552978516,26.27511215209961,80.59513854980469,26.034475326538086,46.282772064208984,20.792789459228516,55.840431213378906,11.345770835876465,102.19999694824219
2015-12-30,174.72727966308594,24.145204544067383,99.9980239868164,44.12501907348633,25.866561889648438,80.58023071289062,25.997098922729492,46.317283630371094,20.712186813354492,55.5905876159668,11.235865592956543,101.41999816894531
2015-12-31,172.95443725585938,23.89140510559082,98.75286102294922,43.531951904296875,25.786462783813477,80.79714965820312,26.120441436767578,46.3460578918457,20.812929153442383,55.1717414855957,11.295045852661133,101.45999908447266
2016-01-04,170.53150939941406,23.58102035522461,96.4642105102539,42.86473083496094,25.08151626586914,80.7672119140625,26.281169891357422,46.069976806640625,20.9741153717041,54.635292053222656,11.210503578186035,102.88999938964844
2016-01-05,170.88607788085938,23.599878311157227,96.67469787597656,42.798004150390625,25.137592315673828,80.8045883178711,26.176511764526367,46.1562614440918,20.826358795166016,55.53180694580078,11.10059642791748,103.18000030517578
2016-01-06,168.64894104003906,23.26890754699707,95.20156860351562,42.09372329711914,24.656949996948242,81.111328125,26.509199142456055,46.1562614440918,20.960681915283203,55.34811019897461,10.923053741455078,104.66999816894531
2016-01-07,164.61358642578125,22.6669921875,92.65859985351562,41.21893310546875,23.89592742919922,81.1038589477539,26.56151580810547,45.85719299316406,20.933820724487305,54.11357116699219,10.87232780456543,106.1500015258789
2016-01-08,162.79005432128906,22.373754501342773,91.06272888183594,40.72224044799805,23.63958740234375,81.28337097167969,26.677396774291992,45.73640441894531,20.940534591674805,53.4742546081543,10.821600914001465,105.68000030517578
2016-01-11,162.9589080810547,22.300016403198242,90.66814422607422,40.89274597167969,23.631574630737305,81.05145263671875,26.408266067504883,45.66737365722656,20.90694808959961,53.68735885620117,10.525697708129883,104.73999786376953
2016-01-12,164.216796875,22.385757446289062,90.93997955322266,41.08549118041992,23.67963981628418,81.23099517822266,26.733478546142578,45.713409423828125,20.953954696655273,53.31259536743164,10.458063125610352,104.20999908447266
2016-01-13,160.2236785888672,21.792421340942383,88.01998138427734,40.447933197021484,23.43130874633789,81.41802215576172,27.006343841552734,45.207244873046875,20.927099227905273,52.5042610168457,10.398881912231445,104.72000122070312
2016-01-14,162.76475524902344,22.047931671142578,89.23883056640625,40.966880798339844,23.7357177734375,81.38809204101562,26.789533615112305,45.408565521240234,20.833084106445312,52.43077087402344,10.424246788024902,103.0199966430664
2016-01-15,159.3372344970703,21.734111785888672,87.7920150756836,39.484188079833984,22.798463821411133,81.48532104492188,27.182010650634766,44.81037902832031,20.893518447875977,51.83555603027344,10.204431533813477,104.08000183105469
2016-01-19,159.421630859375,21.61407470703125,86.60824584960938,39.84744644165039,23.134912490844727,81.40301513671875,27.09603500366211,44.65509796142578,20.886798858642578,51.98988723754883,10.119889259338379,103.9800033569336
2016-01-20,157.57278442382812,21.463163375854492,86.9677505493164,38.94300079345703,22.630239486694336,81.47036743164062,27.3502140045166,44.35602951049805,20.85321617126465,50.6083869934082,10.04379940032959,105.37000274658203
2016-01-21,158.39169311523438,21.49917221069336,86.76608276367188,39.23211669921875,22.718355178833008,81.35819244384766,27.185739517211914,44.65509796142578,20.77263069152832,50.9464225769043,10.179069519042969,105.48999786376953
2016-01-22,161.65882873535156,22.030780792236328,88.88809967041016,40.38862991333008,23.495397567749023,81.41802215576172,27.08856964111328,45.33953857421875,20.78606414794922,52.35729217529297,10.48342514038086,105.0
2016-01-25,159.19371032714844,21.58663558959961,86.9151382446289,39.84744644165039,23.094860076904297,81.37312316894531,27.219388961791992,44.89091110229492,20.880088806152344,51.84292221069336,10.255157470703125,106.08000183105469
2016-01-26,161.35487365722656,22.06165313720703,88.65133666992188,40.559139251708984,23.43130874633789,81.47785186767578,27.234333038330078,45.293521881103516,20.893518447875977,52.95250701904297,10.458063125610352,107.29000091552734
2016-01-27,159.62423706054688,21.84385871887207,87.43250274658203,40.29966735839844,23.3512020111084,81.49282836914062,27.234333038330078,45.224491119384766,20.893518447875977,52.129478454589844,10.584878921508789,107.69000244140625
2016-01-28,160.49378967285156,21.85758399963379,87.41495513916016,40.41828155517578,23.719697952270508,81.56013488769531,27.271717071533203,45.45456314086914,20.846519470214844,51.784141540527344,10.703239440917969,106.54000091552734
2016-01-29,164.3012237548828,22.555530548095703,90.28228759765625,41.12997055053711,24.488725662231445,81.79953002929688,27.488515853881836,45.60411071777344,20.933820724487305,52.908416748046875,10.804692268371582,106.94999694824219
2016-02-01,164.28428649902344,22.534950256347656,89.87018585205078,41.08549118041992,24.256410598754883,81.70055389404297,27.434194564819336,45.333011627197266,20.87456703186035,52.91576385498047,10.601787567138672,108.05000305175781
2016-02-02,161.3210906982422,22.056503295898438,87.93232727050781,40.12915802001953,23.471363067626953,81.94794464111328,27.879947662353516,45.00934600830078,20.94862937927246,52.35729217529297,10.415790557861328,108.08999633789062
2016-02-03,162.18222045898438,22.212556838989258,88.04629516601562,40.462764739990234,24.136253356933594,81.94041442871094,27.700145721435547,45.228965759277344,20.88129425048828,52.614498138427734,10.677876472473145,109.25
2016-02-04,162.5368194580078,22.370330810546875,88.3882827758789,40.51465606689453,24.32050323486328,82.02291870117188,27.793790817260742,45.08448028564453,20.96209716796875,52.67329406738281,10.660966873168945,110.56999969482422
2016-02-05,159.43008422851562,21.89188003540039,85.9681167602539,39.89192199707031,24.04012680053711,81.94794464111328,27.857479095458984,44.73767852783203,20.88129425048828,51.49019241333008,10.593332290649414,112.31999969482422
2016-02-08,157.2857208251953,21.509469985961914,84.55636596679688,39.150577545166016,23.711685180664062,82.26276397705078,28.37814712524414,44.21750259399414,21.00922393798828,49.97641372680664,10.542607307434082,113.83000183105469
2016-02-09,157.22665405273438,21.45630645751953,83.98637390136719,38.6983528137207,23.383249282836914,82.25528717041016,28.434329986572266,44.04985046386719,21.029430389404297,49.1681022644043,10.272067070007324,113.58000183105469
2016-02-10,157.15072631835938,21.51632308959961,84.03025817871094,38.65388107299805,23.479372024536133,82.45763397216797,28.674072265625,43.98625946044922,20.9823055267334,49.42528533935547,10.288975715637207,114.45999908447266
2016-02-11,155.19216918945312,21.21279525756836,83.11830139160156,38.09044647216797,23.086851119995117,82.51014709472656,28.880075454711914,43.691471099853516,20.9823055267334,48.69778823852539,10.415790557861328,119.05999755859375
2016-02-12,158.33262634277344,21.610647201538086,84.6966552734375,38.757659912109375,23.487384796142578,82.28522491455078,28.40810775756836,44.3446159362793,20.827423095703125,49.329750061035156,10.567970275878906,118.36000061035156
2016-02-16,160.96653747558594,22.071941375732422,86.7046890258789,39.543487548828125,24.008085250854492,82.08282470703125,28.14964485168457,44.38511657714844,20.941896438598633,50.277706146240234,10.44960880279541,114.7699966430664
2016-02-17,163.63426208496094,22.406335830688477,88.06385040283203,40.22553253173828,24.480712890625,82.03791809082031,27.984827041625977,44.749210357666016,20.908218383789062,50.73330307006836,10.66942310333252,115.4800033569336
2016-02-18,162.9757537841797,22.375469207763672,87.64293670654297,40.0179557800293,24.336519241333008,82.28522491455078,28.30695915222168,44.78968048095703,20.968833923339844,51.218292236328125,10.610241889953613,118.29000091552734
2016-02-19,162.87449645996094,22.366899490356445,88.08137512207031,39.97348403930664,24.224367141723633,82.3002700805664,28.325693130493164,44.87638854980469,20.914958953857422,51.32853698730469,10.517244338989258,117.58000183105469
2016-02-22,165.22984313964844,22.65499496459961,89.06346130371094,40.42569351196289,24.825170516967773,82.32276916503906,28.28074836730957,45.263641357421875,20.95536994934082,51.923728942871094,10.677876472473145,115.48999786376953
2016-02-23,163.22061157226562,22.454347610473633,88.24798583984375,39.76590347290039,24.296463012695312,82.33773040771484,28.396867752075195,45.171165466308594,20.9823055267334,51.798828125,10.534152030944824,117.22000122070312
2016-02-24,163.96351623535156,22.605260848999023,89.09854125976562,39.62504577636719,24.240388870239258,82.3676986694336,28.3519229888916,45.24632263183594,20.935169219970703,51.82087707519531,10.66942310333252,117.61000061035156
2016-02-25,165.8883819580078,22.857345581054688,89.91407012939453,40.09950256347656,24.32050323486328,82.57759094238281,28.46055030822754,45.48905563354492,21.036170959472656,52.76146697998047,10.660966873168945,117.91999816894531
2016-02-26,165.59286499023438,22.970529556274414,90.48399353027344,39.99571990966797,24.08017921447754,82.42768859863281,28.198352813720703,45.79542541503906,21.049640655517578,52.599796295166016,10.644059181213379,117.11000061035156
2016-02-29,164.20835876464844,22.852201461791992,90.08063507080078,39.75849151611328,24.2884521484375,82.525146484375,28.23956871032715,46.28673553466797,21.06983757019043,52.5116081237793,10.779330253601074,118.63999938964844
2016-03-01,168.15931701660156,23.364938735961914,92.01850128173828,40.79637145996094,25.153610229492188,82.27800750732422,27.853748321533203,47.018253326416016,20.977340698242188,53.878421783447266,10.787784576416016,117.7699966430664
2016-03-02,168.90220642089844,23.575870513916016,92.96551513671875,41.07808303833008,25.490053176879883,82.18790435791016,27.95132064819336,46.6987190246582,20.970582962036133,54.28990936279297,10.846964836120605,118.68000030517578
2016-03-03,169.50161743164062,23.8433895111084,93.93883514404297,41.47841262817383,25.778444290161133,82.2855224609375,28.06014633178711,46.85557174682617,21.031349182128906,54.561824798583984,10.906145095825195,120.7300033569336
2016-03-04,170.09251403808594,23.997716903686523,94.4561767578125,41.78236389160156,26.2911319732666,82.15784454345703,27.842504501342773,46.98920440673828,21.02460479736328,54.70878982543945,11.117504119873047,120.54000091552734
2016-03-07,170.2613525390625,24.098899841308594,95.48212432861328,41.730464935302734,26.251079559326172,82.13531494140625,27.831226348876953,47.04732131958008,20.990861892700195,54.81166076660156,11.320409774780273,121.13999938964844
2016-03-08,168.31968688964844,23.658178329467773,93.17597961425781,41.32272720336914,25.802474975585938,82.33807373046875,28.138994216918945,46.71612548828125,21.05836296081543,54.24583435058594,11.168230056762695,120.58000183105469
2016-03-09,169.18922424316406,23.754213333129883,93.64947509765625,41.47841262817383,25.962690353393555,82.30055236816406,27.985111236572266,46.83232116699219,21.02460479736328,54.466285705566406,11.337318420410156,119.58000183105469
2016-03-10,169.2820281982422,23.680477142333984,92.8866195678711,41.41169357299805,26.002744674682617,82.33807373046875,27.857505798339844,47.157711029052734,21.125869750976562,54.32666778564453,11.320409774780273,121.5
2016-03-11,172.08486938476562,24.13833999633789,94.8770980834961,42.49406051635742,26.54747772216797,82.18790435791016,27.594797134399414,47.72715759277344,21.05160903930664,55.612632751464844,11.362682342529297,119.41000366210938
2016-03-14,171.84844970703125,24.050880432128906,94.63158416748047,42.40509796142578,26.387258529663086,82.23291778564453,27.662351608276367,47.59347915649414,21.098861694335938,55.53917694091797,11.261228561401367,117.87000274658203
2016-03-15,171.56143188476562,23.884544372558594,93.1584243774414,42.00476837158203,26.010759353637695,82.15784454345703,27.69239044189453,47.151893615722656,21.098861694335938,55.52446365356445,11.168230056762695,117.95999908447266
2016-03-16,172.65890502929688,24.143491744995117,93.81609344482422,42.37543869018555,26.531452178955078,82.5108871459961,27.756187438964844,47.46568298339844,21.240646362304688,56.22989273071289,11.362682342529297,120.58999633789062
2016-03-17,173.7479248046875,24.390432357788086,95.25416564941406,42.70163345336914,27.116230010986328,82.68362426757812,27.880022048950195,47.767818450927734,21.294668197631836,57.01618957519531,11.489497184753418,120.12999725341797
2016-03-18,174.3895721435547,24.515609741210938,96.11347961425781,42.627498626708984,27.26043128967285,82.75122833251953,27.925065994262695,47.87822723388672,21.31492042541504,56.79573059082031,11.481042861938477,119.80000305175781
2016-03-21,174.642822265625,24.527616500854492,95.88551330566406,42.56078338623047,27.316499710083008,82.57096099853516,27.7224063873291,47.8259391784668,21.355424880981445,56.428314208984375,11.514861106872559,118.95999908447266
2016-03-22,174.5415496826172,24.53790283203125,95.77151489257812,42.48664093017578,27.252416610717773,82.51836395263672,27.744924545288086,47.69808578491211,21.274415969848633,56.4429931640625,11.599404335021973,119.30999755859375
2016-03-23,172.47320556640625,24.23807144165039,94.0010757446289,42.056671142578125,26.787792205810547,82.69864654541016,28.056411743164062,47.477291107177734,21.321674346923828,56.045188903808594,11.354227066040039,116.61000061035156
2016-03-24,172.3719024658203,24.25356101989746,94.28248596191406,41.77495193481445,26.723711013793945,82.70613098144531,28.048891067504883,47.26810073852539,21.335172653198242,56.08978271484375,11.286592483520508,116.33000183105469
2016-03-28,172.4816131591797,24.34134292602539,94.39684295654297,42.027008056640625,26.81182861328125,82.7662353515625,28.097698211669922,47.0531005859375,21.389196395874023,56.521095275878906,11.320409774780273,116.5999984741211
2016-03-29,174.12789916992188,24.799182891845703,97.01777648925781,42.47923278808594,27.180322647094727,83.01409912109375,28.379159927368164,47.233238220214844,21.43645477294922,57.6439208984375,11.295045852661133,118.76000213623047
2016-03-30,174.8623504638672,24.790576934814453,97.02655029296875,42.798004150390625,27.460691452026367,82.98404693603516,28.090177536010742,47.40176010131836,21.49047088623047,57.554691314697266,11.252775192260742,117.0999984741211
2016-03-31,174.4571075439453,24.818115234375,97.29918670654297,42.37543869018555,27.436664581298828,83.24691772460938,28.285343170166016,47.46568298339844,21.50396156311035,57.89675521850586,11.235865592956543,117.63999938964844
2016-04-01,175.57144165039062,24.93515968322754,97.73017120361328,41.923221588134766,27.356563568115234,83.1731948852539,28.327838897705078,47.50011444091797,21.470117568969727,57.933921813964844,11.041415214538574,116.93000030517578
2016-04-04,174.99742126464844,24.692466735839844,96.91222381591797,41.834259033203125,27.028120040893555,83.25598907470703,28.354150772094727,47.38337326049805,21.531038284301758,57.85214614868164,10.889235496520996,116.1500015258789
2016-04-05,173.2836456298828,24.430845260620117,95.8128433227539,41.011356353759766,26.499414443969727,83.36886596679688,28.677562713623047,47.20823669433594,21.591968536376953,57.524932861328125,10.863872528076172,117.66000366210938
2016-04-06,175.1578369140625,24.67009925842285,96.89461517333984,41.67857360839844,26.81983757019043,83.35380554199219,28.4744930267334,47.605220794677734,21.598726272583008,57.666236877441406,10.982234954833984,116.94000244140625
2016-04-07,173.03883361816406,24.35683822631836,95.58415222167969,41.070674896240234,26.283123016357422,83.5344467163086,28.805416107177734,47.3717155456543,21.686729431152344,57.35392379760742,10.948416709899902,118.61000061035156
2016-04-08,173.55381774902344,24.504859924316406,95.96234130859375,41.856502532958984,26.73973274230957,83.4516830444336,28.60610580444336,47.58767318725586,21.625804901123047,57.68110656738281,11.210503578186035,118.43000030517578
2016-04-11,173.064208984375,24.470441818237305,95.66329956054688,41.87873840332031,27.084197998046875,83.51187896728516,28.613624572753906,47.65188217163086,21.625804901123047,57.60676193237305,11.295045852661133,120.02999877929688
2016-04-12,174.76950073242188,24.735506057739258,96.69233703613281,42.50147247314453,27.50075340270996,83.37639617919922,28.406797409057617,47.932098388671875,21.625804901123047,58.00086975097656,11.540223121643066,120.05000305175781
2016-04-13,176.5254364013672,25.14687156677246,98.77674865722656,43.17610168457031,27.989395141601562,83.41400909423828,28.48953628540039,48.247310638427734,21.659643173217773,57.867000579833984,11.599404335021973,118.7699966430664
2016-04-14,176.54234313964844,25.062528610229492,98.65361785888672,43.316959381103516,27.853225708007812,83.27106475830078,28.376708984375,48.229801177978516,21.57843017578125,57.49519348144531,11.5064058303833,117.11000061035156
2016-04-15,176.26370239257812,25.170963287353516,98.89990234375,43.2205810546875,27.69300651550293,83.5043716430664,28.576011657714844,48.15390396118164,21.646100997924805,57.87443161010742,11.464134216308594,117.91999816894531
2016-04-18,177.54690551757812,25.265634536743164,99.6474609375,43.59125518798828,27.8211727142334,83.496826171875,28.470739364624023,48.42830276489258,21.67995834350586,58.11982345581055,11.514861106872559,117.73999786376953
2016-04-19,178.08726501464844,25.363746643066406,99.72661590576172,44.34743118286133,28.245742797851562,83.48929595947266,28.384225845336914,48.63259506225586,21.686729431152344,58.17933654785156,11.76003646850586,119.58000183105469
2016-04-20,178.22230529785156,25.379234313964844,99.8761215209961,44.38449478149414,28.117572784423828,83.28611755371094,28.109722137451172,48.725990295410156,21.666419982910156,57.36134719848633,11.98830509185791,118.97000122070312
2016-04-21,177.33592224121094,25.15892219543457,99.37481689453125,44.117610931396484,27.837194442749023,83.1731948852539,27.940502166748047,48.57423400878906,21.598726272583008,56.387245178222656,11.937579154968262,119.41999816894531
2016-04-22,177.310546875,25.377513885498047,100.35987091064453,44.13984680175781,27.66897201538086,83.18072509765625,27.865283966064453,48.68515396118164,21.598726272583008,56.98955154418945,11.886853218078613,117.88999938964844
2016-04-25,176.9982147216797,25.234655380249023,99.6474609375,43.917442321777344,27.49273681640625,83.09040832519531,27.767520904541016,48.49834060668945,21.619035720825195,57.34648132324219,11.878397941589355,118.2300033569336
2016-04-26,177.2936553955078,25.451526641845703,100.62372589111328,44.073123931884766,27.789140701293945,83.0527572631836,27.6246280670166,48.661766052246094,21.612266540527344,57.554691314697266,12.030576705932617,118.69999694824219
2016-04-27,177.62290954589844,25.57889175415039,100.97552490234375,44.102779388427734,27.957355499267578,83.3011245727539,27.88410186767578,48.947811126708984,21.70026397705078,57.539817810058594,12.140483856201172,119.04000091552734
2016-04-28,176.0864715576172,25.248414993286133,99.82337188720703,43.50228500366211,27.66897201538086,83.46675109863281,28.011951446533203,48.86610412597656,21.740867614746094,57.405975341796875,12.208118438720703,121.29000091552734
2016-04-29,175.14093017578125,25.10040283203125,98.92628479003906,43.316959381103516,27.54881477355957,83.45919799804688,28.105937957763672,48.947811126708984,21.754413604736328,56.9300651550293,12.326480865478516,123.6500015258789
2016-05-02,176.50852966308594,25.336200714111328,99.80580139160156,43.724693298339844,27.47671127319336,83.40264892578125,27.82261085510254,48.96660232543945,21.721162796020508,57.688533782958984,12.157392501831055,123.23999786376953
2016-05-03,174.96365356445312,24.986799240112305,98.1698989868164,43.00558090209961,26.69968032836914,83.55345153808594,28.237167358398438,48.64992904663086,21.830690383911133,57.56212615966797,11.971396446228027,122.95999908447266
2016-05-04,173.96749877929688,24.878360748291016,97.36074829101562,42.50887680053711,26.267101287841797,83.59113311767578,28.327774047851562,48.4681282043457,21.864700317382812,58.335487365722656,11.979850769042969,122.20999908447266
2016-05-05,173.91680908203125,24.859420776367188,96.97380065917969,42.419925689697266,26.259092330932617,83.80228424072266,28.550519943237305,48.42707443237305,21.946332931518555,58.55855178833008,11.861489295959473,122.06999969482422
2016-05-06,174.59217834472656,24.962696075439453,97.54544067382812,42.53854751586914,26.29914665222168,83.674072265625,28.399511337280273,48.39776611328125,21.905517578125,59.13111877441406,11.937579154968262,123.18000030517578
2016-05-09,174.7610321044922,24.967864990234375,97.82689666748047,42.44956970214844,25.962690353393555,83.72683715820312,28.459901809692383,48.30979537963867,21.919116973876953,59.60704040527344,11.675493240356445,120.6500015258789
2016-05-10,176.88003540039062,25.265634536743164,98.8119125366211,43.0574836730957,26.459352493286133,83.76459503173828,28.486345291137695,48.72031021118164,21.966747283935547,59.71855926513672,11.96294116973877,120.9800033569336
2016-05-11,175.23379516601562,25.016061782836914,97.58944702148438,42.68681335449219,26.3952693939209,83.76459503173828,28.622264862060547,48.68510055541992,21.864700317382812,58.65522003173828,12.241936683654785,122.12000274658203
2016-05-12,175.31822204589844,25.00572967529297,97.07052612304688,42.67197799682617,26.323177337646484,83.68913269042969,28.49766731262207,48.7613525390625,21.87830352783203,58.94522476196289,12.258845329284668,121.16000366210938
2016-05-13,173.69729614257812,24.75959587097168,96.42851257324219,42.23459243774414,25.85054588317871,83.8475341796875,28.795944213867188,48.54437255859375,21.905517578125,58.46930694580078,12.241936683654785,121.70999908447266
2016-05-16,175.45323181152344,25.022945404052734,97.65098571777344,42.738704681396484,26.162961959838867,83.70423889160156,28.55430793762207,48.814109802246094,21.912324905395508,58.930355072021484,12.377206802368164,121.80000305175781
2016-05-17,173.90838623046875,24.742385864257812,96.10308074951172,42.427337646484375,26.042797088623047,83.59113311767578,28.60338592529297,48.71442413330078,21.810277938842773,58.03805160522461,12.47020435333252,122.22000122070312
2016-05-18,173.92523193359375,24.690750122070312,96.60438537597656,42.442161560058594,25.786462783813477,83.24433135986328,28.195629119873047,48.72031021118164,21.75585174560547,57.22751998901367,12.377206802368164,120.0999984741211
2016-05-19,173.30899047851562,24.60468864440918,95.83043670654297,42.13821029663086,25.54613494873047,83.29710388183594,28.30889892578125,48.585418701171875,21.708227157592773,56.610321044921875,12.343389511108398,119.87000274658203
2016-05-20,174.3642578125,24.94376564025879,97.4399185180664,42.48664093017578,25.802474975585938,83.349853515625,28.354202270507812,48.75550079345703,21.708227157592773,57.06391525268555,12.39411449432373,119.70999908447266
2016-05-23,174.12789916992188,24.886966705322266,97.32557678222656,42.345787048339844,25.754417419433594,83.33482360839844,28.388195037841797,48.7672119140625,21.71503448486328,57.115962982177734,12.326480865478516,119.37000274658203
2016-05-24,176.39039611816406,25.320714950561523,99.33086395263672,42.96110916137695,26.018768310546875,83.28955841064453,28.290023803710938,49.06040954589844,21.810277938842773,57.800086975097656,12.326480865478516,117.30000305175781
2016-05-25,177.5807342529297,25.477338790893555,99.91132354736328,43.413330078125,26.331180572509766,83.30462646484375,28.191865921020508,49.136653900146484,21.77626609802246,57.88931655883789,12.47020435333252,116.9800033569336
2016-05-26,177.64825439453125,25.479063034057617,99.7969741821289,43.531951904296875,26.50741958618164,83.43283081054688,28.323978424072266,48.99591827392578,21.77626609802246,57.92648696899414,12.461750030517578,116.58000183105469
2016-05-27,178.38272094726562,25.69249725341797,100.79084014892578,43.48746109008789,26.499414443969727,83.417724609375,28.267364501953125,49.07802200317383,21.84429168701172,58.17933654785156,12.512475967407227,115.62000274658203
2016-05-31,178.10414123535156,25.683889389038086,101.14260864257812,43.279884338378906,26.531452178955078,83.47052001953125,28.354202270507812,49.03108596801758,21.803478240966797,58.18674850463867,12.436387062072754,116.05999755859375
2016-06-01,178.44178771972656,25.783716201782227,101.82862091064453,43.242820739746094,26.51542854309082,83.4236831665039,28.4049015045166,49.108856201171875,21.838254928588867,58.22394561767578,12.563200950622559,115.94000244140625
2016-06-02,179.02432250976562,25.942066192626953,102.61135864257812,43.242820739746094,26.731721878051758,83.63520050048828,28.631912231445312,49.12063217163086,21.865537643432617,58.53624725341797,12.588565826416016,115.66999816894531
2016-06-03,178.42489624023438,25.812973022460938,101.9957275390625,43.5245246887207,27.1402645111084,84.08850860595703,29.017797470092773,49.209083557128906,22.001935958862305,58.71470260620117,12.673110961914062,118.87999725341797
2016-06-06,179.41270446777344,26.036733627319336,103.09510040283203,43.76917266845703,27.428653717041016,83.97518157958984,28.828628540039062,49.42706298828125,21.954195022583008,58.350337982177734,12.825287818908691,118.91999816894531
2016-06-07,179.6237335205078,26.133121490478516,103.3941421508789,44.08795928955078,27.676982879638672,84.05073547363281,28.91184425354004,49.64510726928711,22.04967498779297,58.707271575927734,12.952104568481445,118.81999969482422
2016-06-08,180.19776916503906,26.25188636779785,104.15929412841797,44.17691421508789,27.87725257873535,84.0809555053711,29.03291893005371,49.83366012573242,22.083786010742188,59.01959991455078,13.171916961669922,120.58000183105469
2016-06-09,179.98672485351562,26.189918518066406,103.49088287353516,43.63573455810547,27.55683135986328,84.14141082763672,29.22208023071289,49.63922882080078,22.090600967407227,59.10883712768555,13.146553993225098,121.25
2016-06-10,178.2898406982422,25.826744079589844,102.08368682861328,42.3680305480957,26.859893798828125,84.25473022460938,29.339365005493164,49.397613525390625,22.097431182861328,58.81882095336914,12.985920906066895,121.73999786376953
2016-06-13,176.88003540039062,25.537582397460938,100.97552490234375,41.75271224975586,26.483386993408203,84.3227310180664,29.486923217773438,49.06764221191406,22.076967239379883,58.77420425415039,12.985920906066895,122.63999938964844
2016-06-14,176.55921936035156,25.458412170410156,100.68529510498047,41.08549118041992,26.3952693939209,84.28495788574219,29.47179412841797,48.902618408203125,22.12470817565918,58.454444885253906,12.90137767791748,122.7699966430664
2016-06-15,176.24685668945312,25.51348876953125,100.75562286376953,41.35979461669922,26.675649642944336,84.46629333496094,29.577722549438477,48.92621612548828,22.165613174438477,58.989845275878906,12.833742141723633,123.68000030517578
2016-06-16,176.82089233398438,25.479063034057617,100.74684143066406,41.44875717163086,26.57951545715332,84.51917266845703,29.732826232910156,48.95566177368164,22.17243003845215,59.287288665771484,12.613929748535156,122.37999725341797
2016-06-17,176.15399169921875,25.496274948120117,100.31587219238281,41.856502532958984,26.6516170501709,84.45868682861328,29.536102294921875,48.98514175415039,22.11789894104004,59.198062896728516,12.909832000732422,123.94999694824219
2016-06-20,177.31900024414062,25.74928855895996,101.4064712524414,42.89438247680664,27.124244689941406,84.22455596923828,29.24858283996582,49.27389144897461,22.12470817565918,59.309600830078125,13.028192520141602,123.20999908447266
2016-06-21,177.80929565429688,25.757246017456055,101.21298217773438,43.242820739746094,27.332523345947266,84.1640625,29.13128089904785,49.46243667602539,22.145160675048828,59.553443908691406,12.926740646362305,120.83999633789062
2016-06-22,177.51242065429688,25.69330406188965,100.81720733642578,43.216339111328125,27.40195655822754,84.21695709228516,29.15399169921875,49.50957107543945,22.12470817565918,59.523433685302734,12.850651741027832,120.9000015258789
2016-06-23,179.82814025878906,26.172014236450195,102.74333190917969,44.4117431640625,28.063995361328125,84.07344055175781,28.87024688720703,49.87491989135742,22.02923011779785,59.921112060546875,12.952104568481445,120.11000061035156
2016-06-24,173.22032165527344,25.119529724121094,98.83831787109375,40.59854507446289,26.360454559326172,84.5267333984375,29.581497192382812,49.05584716796875,22.111064910888672,59.19329071044922,12.690017700195312,126.0
2016-06-27,170.18359375,24.404052734375,95.59294891357422,39.819252014160156,26.0213623046875,84.86675262451172,30.311662673950195,48.348716735839844,22.33612632751465,59.080745697021484,12.664654731750488,126.68000030517578
2016-06-28,173.364501953125,24.879310607910156,97.07052612304688,40.863346099853516,26.78835678100586,84.97245025634766,30.345733642578125,48.95566177368164,22.32931137084961,60.36381912231445,12.867560386657715,125.31999969482422
2016-06-29,176.26547241210938,25.307905197143555,99.27806854248047,41.61237335205078,27.46654510498047,84.91204071044922,30.133852005004883,49.57439422607422,22.308855056762695,61.13664245605469,13.053556442260742,125.83999633789062
2016-06-30,178.5557403564453,25.817733764648438,101.12500762939453,42.23278045654297,27.74104881286621,85.08583068847656,30.19817543029785,49.910255432128906,22.302038192749023,61.819427490234375,12.97746753692627,126.47000122070312
2016-07-01,179.0901336669922,25.871305465698242,101.48560333251953,42.23278045654297,28.007484436035156,85.26895141601562,30.647693634033203,50.00914764404297,22.384078979492188,61.7744140625,13.138100624084473,128.41000366210938
2016-07-05,177.82623291015625,25.55677032470703,99.99048614501953,41.41566467285156,27.410030364990234,85.4960708618164,30.96607208251953,49.7249641418457,22.43193244934082,62.24711990356445,12.766107559204102,129.47000122070312
2016-07-06,178.8441162109375,25.6760196685791,100.71650695800781,41.339996337890625,27.337366104125977,85.65498352050781,31.04945945739746,49.94397735595703,22.45244026184082,62.022037506103516,12.816834449768066,130.22999572753906
2016-07-07,178.69143676757812,25.73996353149414,100.92874908447266,41.17355728149414,27.26470375061035,85.5944595336914,31.041887283325195,50.00914764404297,22.54815673828125,61.47427749633789,12.453295707702637,129.74000549316406
2016-07-08,181.40585327148438,26.208303451538086,103.28107452392578,41.801513671875,27.85407829284668,85.7231216430664,31.220014572143555,50.6722412109375,22.596010208129883,62.38216781616211,12.58011245727539,130.52000427246094
2016-07-11,182.0929412841797,26.37248420715332,104.47492980957031,42.41435623168945,28.12051010131836,85.4960708618164,30.981237411499023,50.70183563232422,22.596010208129883,62.8323860168457,12.529385566711426,129.2899932861328
2016-07-12,183.37380981445312,26.6317138671875,105.87216186523438,42.98936080932617,28.5161190032959,85.23868560791016,30.545360565185547,50.84391784667969,22.52080726623535,62.90740203857422,12.766107559204102,127.1500015258789
2016-07-13,183.35684204101562,26.56086540222168,105.45654296875,42.9439697265625,28.467676162719727,85.3598403930664,30.83341407775879,50.69591522216797,22.534486770629883,63.17002487182617,12.605475425720215,128.32000732421875
2016-07-14,184.36624145507812,26.623075485229492,105.56265258789062,43.314693450927734,28.879432678222656,85.28411865234375,30.431650161743164,50.79656982421875,22.527645111083984,62.70481491088867,12.656200408935547,127.33000183105469
2016-07-15,184.09483337402344,26.623075485229492,105.85446166992188,43.09528350830078,28.81484031677246,84.97378540039062,30.185283660888672,50.69591522216797,22.42510223388672,62.75735092163086,12.622382164001465,126.83999633789062
2016-07-18,184.60374450683594,26.640356063842773,106.03134155273438,43.201202392578125,29.073198318481445,84.98894500732422,30.143592834472656,50.867610931396484,22.45244026184082,62.914913177490234,12.563200950622559,127.04000091552734
2016-07-19,184.400146484375,26.591964721679688,105.500732421875,42.86073684692383,28.774473190307617,85.16305541992188,30.32174301147461,50.73145294189453,22.50029754638672,63.200042724609375,12.487112998962402,127.20999908447266
2016-07-20,185.18057250976562,26.733680725097656,106.19051361083984,43.24660110473633,28.919803619384766,85.08733367919922,30.16254425048828,50.86166763305664,22.45244026184082,63.185035705566406,12.402570724487305,125.38999938964844
2016-07-21,184.51043701171875,26.59369468688965,105.68645477294922,43.07258987426758,28.83098602294922,85.16305541992188,30.19287109375,50.79062271118164,22.48663330078125,63.27507400512695,12.334935188293457,127.30000305175781
2016-07-22,185.31625366210938,26.766515731811523,106.47351837158203,43.15581130981445,29.04091453552246,85.17816162109375,30.264892578125,51.015594482421875,22.493465423583984,63.80028533935547,12.309571266174316,126.3499984741211
2016-07-25,184.8412628173828,26.685293197631836,106.3143081665039,43.10285568237305,28.75025749206543,85.07975006103516,30.23456382751465,50.77287292480469,22.48663330078125,63.740272521972656,12.174301147460938,125.47000122070312
2016-07-26,184.9176025390625,26.814908981323242,106.8272476196289,43.2844352722168,28.976318359375,85.07975006103516,30.287630081176758,50.577476501464844,22.48663330078125,63.44764709472656,12.123576164245605,126.0
2016-07-27,184.73097229003906,26.70257568359375,107.1279067993164,43.44331359863281,29.073198318481445,85.32958221435547,30.63254165649414,50.73145294189453,22.55498695373535,62.99744415283203,12.00521469116211,128.02999877929688
2016-07-28,184.95152282714844,26.809717178344727,106.85379028320312,43.39791488647461,29.081279754638672,85.32201385498047,30.583255767822266,50.518287658691406,22.493465423583984,63.46263885498047,11.971396446228027,127.66000366210938
2016-07-29,185.2314453125,26.887481689453125,107.06599426269531,43.91239929199219,29.23467445373535,85.54904174804688,30.806882858276367,50.565650939941406,22.596010208129883,64.07791137695312,12.07284927368164,128.97999572753906
2016-08-01,185.01939392089844,26.820087432861328,107.15442657470703,43.62489318847656,29.178157806396484,85.34960174560547,30.52058219909668,50.281986236572266,22.534339904785156,64.30301666259766,11.861489295959473,129.22000122070312
2016-08-02,183.9251251220703,26.514198303222656,105.6599349975586,43.405487060546875,28.968242645263672,85.0993881225586,30.220598220825195,50.21061706542969,22.479511260986328,63.327613830566406,11.844581604003906,130.27000427246094
2016-08-03,184.468017578125,26.680103302001953,106.51770782470703,43.25416564941406,29.065122604370117,85.1903305053711,30.243383407592773,50.436580657958984,22.479511260986328,63.0574951171875,12.039031028747559,129.64999389648438
2016-08-04,184.63768005371094,26.688745498657227,106.6150131225586,43.503841400146484,29.226598739624023,85.34960174560547,30.444650650024414,50.75773620605469,22.582317352294922,62.90740203857422,12.089757919311523,129.8699951171875
2016-08-05,186.10511779785156,26.951435089111328,108.15374755859375,43.7005500793457,29.565692901611328,85.06144714355469,30.118106842041016,50.8707389831543,22.46579933166504,62.989933013916016,12.140483856201172,127.55000305175781
2016-08-08,186.0033416748047,26.965259552001953,108.10066986083984,43.79133987426758,29.775609970092773,85.1145248413086,30.17125701904297,51.07889175415039,22.500064849853516,63.049983978271484,12.208118438720703,127.44000244140625
2016-08-09,186.1220703125,26.956621170043945,108.21562957763672,44.13937759399414,29.977453231811523,85.33442687988281,30.45223617553711,51.257286071777344,22.56174659729004,63.282554626464844,12.174301147460938,127.95999908447266
2016-08-10,185.6640625,26.865022659301758,107.43743133544922,44.29069137573242,29.98552703857422,85.43302917480469,30.588930130004883,51.162132263183594,22.54804229736328,63.200042724609375,12.030576705932617,128.55999755859375
2016-08-11,186.52076721191406,26.92205810546875,107.95034790039062,44.60845947265625,30.37305450439453,85.20555877685547,30.29654312133789,51.28703689575195,22.506921768188477,62.59976577758789,12.216572761535645,127.66999816894531
2016-08-12,186.36807250976562,26.882312774658203,108.05644226074219,44.49497985839844,30.26003074645996,85.41024017333984,30.558551788330078,51.328670501708984,22.602874755859375,62.77235794067383,12.309571266174316,127.4000015258789
2016-08-15,186.92794799804688,27.100061416625977,109.12649536132812,44.66898727416992,30.57490348815918,85.25859069824219,30.281373977661133,51.483314514160156,22.589174270629883,62.72732925415039,12.512475967407227,127.83999633789062
2016-08-16,185.97789001464844,26.828731536865234,108.2421875,44.600894927978516,30.437652587890625,85.20555877685547,30.194034576416016,51.376216888427734,22.623437881469727,61.992008209228516,12.613929748535156,128.47000122070312
2016-08-17,186.31723022460938,26.773427963256836,107.92379760742188,44.58576202392578,30.243881225585938,85.36478424072266,30.368709564208984,51.447593688964844,22.513765335083008,62.172080993652344,12.664654731750488,128.5
2016-08-18,186.7498016357422,26.95834732055664,108.7197036743164,44.812747955322266,30.52646255493164,85.48612213134766,30.421857833862305,51.64979553222656,22.568603515625,61.992008209228516,12.825287818908691,129.11000061035156
2016-08-19,186.46142578125,26.97736167907715,108.7197036743164,44.47983932495117,30.356904983520508,85.29651641845703,30.266164779663086,51.49513626098633,22.582317352294922,61.541812896728516,12.7830171585083,127.97000122070312
2016-08-22,186.4020233154297,26.99464225769043,108.96733093261719,44.525238037109375,29.953227996826172,85.42545318603516,30.4977970123291,51.411895751953125,22.657703399658203,61.856964111328125,12.664654731750488,127.77999877929688
2016-08-23,186.79220581054688,27.122529983520508,109.72783660888672,44.714378356933594,29.83212661743164,85.44819641113281,30.554767608642578,51.584354400634766,22.746793746948242,61.992008209228516,12.715380668640137,127.76000213623047
2016-08-24,185.91006469726562,26.968711853027344,108.83467864990234,44.60845947265625,29.912860870361328,85.41786193847656,30.4598388671875,51.441650390625,22.671401977539062,61.6918830871582,12.563200950622559,126.33999633789062
2016-08-25,185.72344970703125,27.02402687072754,109.04690551757812,44.426883697509766,29.937076568603516,85.32685089111328,30.33831787109375,51.53677749633789,22.56174659729004,61.91698455810547,12.613929748535156,126.2300033569336
2016-08-26,185.39263916015625,26.928966522216797,108.82584381103516,44.162071228027344,29.67871856689453,85.1903305053711,30.190235137939453,51.47731399536133,22.60972023010254,61.33922576904297,12.571656227111816,126.05000305175781
2016-08-29,186.2747802734375,27.14499282836914,109.39179992675781,44.29825210571289,29.90478515625,85.42545318603516,30.562358856201172,51.733036041259766,22.657703399658203,61.91698455810547,12.5209321975708,126.30000305175781
2016-08-30,185.98641967773438,27.1363582611084,109.59517669677734,44.237735748291016,29.824045181274414,85.37991333007812,30.45603370666504,51.76277160644531,22.719383239746094,61.81190872192383,12.402570724487305,125.02999877929688
2016-08-31,185.468994140625,27.02056884765625,108.9761734008789,44.14693832397461,29.493030548095703,85.36478424072266,30.48640251159668,51.560585021972656,22.66455078125,61.93198013305664,12.165846824645996,124.77999877929688
2016-09-01,185.48590087890625,27.01365089416504,109.05577087402344,44.4495735168457,29.71909523010254,85.43924713134766,30.51873016357422,51.662723541259766,22.671417236328125,61.82693099975586,12.030576705932617,125.29000091552734
2016-09-02,186.3002166748047,27.297080993652344,110.10808563232422,44.964054107666016,30.203514099121094,85.32527160644531,30.275318145751953,51.90162658691406,22.575231552124023,62.322174072265625,12.165846824645996,126.56999969482422
2016-09-06,186.92794799804688,27.234865188598633,110.21421813964844,45.266700744628906,30.849403381347656,85.50759887695312,30.5035343170166,51.96134567260742,22.650808334350586,62.764862060546875,12.250391006469727,128.7100067138672
2016-09-07,186.89401245117188,27.32645606994629,110.90401458740234,45.28938674926758,30.752521514892578,85.55316925048828,30.50733757019043,51.818023681640625,22.73326873779297,63.1250114440918,12.360296249389648,128.27000427246094
2016-09-08,186.4529266357422,27.208940505981445,110.68291473388672,45.160770416259766,30.671791076660156,85.25692749023438,30.13075065612793,51.72244644165039,22.664546966552734,62.40468215942383,12.58011245727539,127.58999633789062
2016-09-09,181.98260498046875,26.40705108642578,107.22518920898438,44.283119201660156,29.638349533081055,84.88465118408203,29.651460647583008,51.226707458496094,22.547767639160156,59.921112060546875,12.385660171508789,126.75
2016-09-12,184.60374450683594,26.72158432006836,108.7197036743164,44.64628982543945,29.840190887451172,84.95298767089844,29.662864685058594,51.40589141845703,22.47905731201172,60.648929595947266,12.385660171508789,126.58999633789062
2016-09-13,181.9232940673828,26.232498168945312,106.6326904296875,43.745948791503906,29.089345932006836,84.71749877929688,29.358539581298828,51.0117073059082,22.34165382385254,59.17076873779297,12.225027084350586,125.75
2016-09-14,181.82150268554688,26.1599178314209,106.65036010742188,43.6854248046875,29.178157806396484,84.82381439208984,29.442243576049805,50.9997673034668,22.376007080078125,59.35085678100586,12.13202953338623,126.18000030517578
2016-09-15,183.66221618652344,26.427783966064453,107.92379760742188,44.063720703125,29.67871856689453,84.87699127197266,29.290067672729492,51.298404693603516,22.410358428955078,59.62095642089844,12.191210746765137,125.37000274658203
2016-09-16,182.8987579345703,26.29817771911621,107.76461791992188,43.49627685546875,29.476877212524414,84.93779754638672,29.484085083007812,51.310325622558594,22.43783187866211,59.56093978881836,12.208118438720703,125.05999755859375
2016-09-19,182.99205017089844,26.495187759399414,108.48092651367188,43.7232551574707,29.711013793945312,84.86943817138672,29.396595001220703,51.3402214050293,22.520275115966797,60.12369918823242,12.199665069580078,125.31999969482422
2016-09-20,183.00906372070312,26.37248420715332,108.02108764648438,43.988059997558594,29.72715950012207,84.89982604980469,29.484085083007812,51.28046417236328,22.520275115966797,60.02615737915039,12.241936683654785,125.44000244140625
2016-09-21,185.05328369140625,26.719860076904297,109.58636474609375,44.75978088378906,30.558744430541992,85.112548828125,29.727523803710938,51.704566955566406,22.554624557495117,60.71648025512695,12.39411449432373,127.2699966430664
2016-09-22,186.18997192382812,27.03957748413086,111.1604232788086,45.21372604370117,30.776735305786133,85.28728485107422,29.951967239379883,51.877716064453125,22.561500549316406,61.89445495605469,12.461750030517578,127.56999969482422
2016-09-23,185.21449279785156,26.81663703918457,110.37340545654297,44.8354377746582,30.381134033203125,85.26451873779297,29.92152214050293,51.818023681640625,22.547767639160156,62.052032470703125,12.318025588989258,127.6500015258789
2016-09-26,183.68240356445312,26.681039810180664,109.2773666381836,44.419307708740234,29.937076568603516,85.37088012695312,30.077499389648438,51.59103775024414,22.5889835357666,62.12467956542969,12.402570724487305,127.55000305175781
2016-09-27,184.79928588867188,26.70013999938965,109.72076416015625,44.631160736083984,30.364980697631836,85.47723388671875,30.301929473876953,51.74036407470703,22.595863342285156,61.64039611816406,12.284207344055176,126.62000274658203
2016-09-28,185.7711944580078,26.93451690673828,110.56320190429688,44.94892501831055,30.63949203491211,85.50001525878906,30.2486515045166,52.08676528930664,22.657686233520508,61.980918884277344,12.571656227111816,126.22000122070312
2016-09-29,184.1001434326172,26.64805793762207,108.94923400878906,44.38904571533203,30.10662841796875,85.50001525878906,30.31713104248047,51.88969039916992,22.63018798828125,61.315006256103516,12.647747039794922,126.06999969482422
2016-09-30,185.48135375976562,26.859865188598633,110.14643096923828,44.73708724975586,30.235803604125977,85.40882873535156,30.07367515563965,52.11665344238281,22.650808334350586,61.019893646240234,12.690017700195312,125.63999938964844
2016-10-03,184.9101104736328,26.663679122924805,109.80054473876953,44.616031646728516,30.445720672607422,85.31216430664062,29.96699333190918,52.08425521850586,22.555076599121094,59.91511535644531,12.799925804138184,125.31999969482422
2016-10-04,184.1001434326172,26.540403366088867,109.25962829589844,44.60845947265625,30.10662841796875,85.02293395996094,29.658329010009766,51.99427032470703,22.630830764770508,59.052490234375,12.766107559204102,120.97000122070312
2016-10-05,184.9101104736328,26.66715431213379,109.91581726074219,44.790042877197266,30.5426082611084,84.9087905883789,29.51734161376953,52.132232666015625,22.444889068603516,57.909881591796875,12.842196464538574,120.77999877929688
2016-10-06,185.08912658691406,26.717498779296875,109.80054473876953,44.54793167114258,30.56682586669922,84.9087905883789,29.345849990844727,52.162235260009766,22.431110382080078,58.00825500488281,12.867560386657715,119.66000366210938
2016-10-07,184.364501953125,26.55256462097168,108.92263793945312,44.320953369140625,30.42957305908203,84.92401123046875,29.364906311035156,52.282222747802734,22.520645141601562,57.925018310546875,12.833742141723633,119.73999786376953
2016-10-10,185.29376220703125,26.75395965576172,110.2262191772461,44.4495735168457,30.760587692260742,84.88594055175781,29.201051712036133,52.43219757080078,22.431110382080078,58.265541076660156,12.97746753692627,120.16000366210938
2016-10-11,183.00894165039062,26.323396682739258,108.21322631835938,43.82160568237305,30.050119400024414,84.75658416748047,29.143890380859375,52.13822555541992,22.451766967773438,57.682884216308594,12.90137767791748,119.55000305175781
2016-10-12,183.2391357421875,26.420625686645508,108.12456512451172,43.7232551574707,29.99359703063965,84.78697204589844,29.159133911132812,52.120235443115234,22.479326248168945,58.462284088134766,12.808379173278809,119.73999786376953
2016-10-13,182.67642211914062,26.312984466552734,107.2289047241211,43.55680465698242,29.72715950012207,84.9087905883789,29.26584243774414,51.98823165893555,22.548202514648438,58.78767395019531,12.892923355102539,120.02999877929688
2016-10-14,182.6934814453125,26.299091339111328,106.79438018798828,43.6324577331543,29.775609970092773,84.76416015625,28.89238739013672,52.108245849609375,22.451766967773438,58.590919494628906,12.90137767791748,119.36000061035156
2016-10-17,182.0881805419922,26.285205841064453,106.67022705078125,43.503841400146484,29.74330711364746,84.9087905883789,29.07147789001465,52.03624725341797,22.479326248168945,58.66658020019531,12.918285369873047,119.68000030517578
2016-10-18,183.2135467529297,26.437984466552734,107.28211975097656,43.93510437011719,30.26810073852539,85.04576873779297,29.151500701904297,52.2462043762207,22.506877899169922,59.067630767822266,12.943650245666504,120.41999816894531
2016-10-19,183.66539001464844,26.56125259399414,107.73436737060547,44.05615234375,30.453794479370117,85.0914306640625,29.17057228088379,52.39621353149414,22.6170654296875,59.31734085083008,13.028192520141602,121.11000061035156
2016-10-20,183.3499298095703,26.43277359008789,107.4151382446289,44.124244689941406,30.364980697631836,85.0610122680664,29.216270446777344,52.402191162109375,22.555076599121094,59.09033966064453,12.909832000732422,120.73999786376953
2016-10-21,183.43521118164062,26.439720153808594,107.36190795898438,44.02588653564453,30.356904983520508,85.11428833007812,29.277252197265625,52.41417694091797,22.534421920776367,59.01467514038086,12.96055793762207,120.83000183105469
2016-10-24,184.2451171875,26.556041717529297,108.04473876953125,44.01831817626953,30.486087799072266,84.98490142822266,29.13246726989746,52.44418716430664,22.520645141601562,59.173561096191406,12.969012260437012,120.55999755859375
2016-10-25,183.6568145751953,26.36507225036621,107.23777770996094,43.988059997558594,30.518381118774414,84.98490142822266,29.18580436706543,52.41417694091797,22.493093490600586,59.06006622314453,12.909832000732422,121.47000122070312
2016-10-26,183.27325439453125,26.21575355529785,106.17363739013672,43.79133987426758,30.195438385009766,84.81745147705078,29.006704330444336,52.20423889160156,22.47243881225586,58.37146759033203,12.825287818908691,120.79000091552734
2016-10-27,182.77024841308594,26.00047492980957,104.95875549316406,43.73838806152344,29.937076568603516,84.6043701171875,28.713275909423828,52.01222610473633,22.37602424621582,57.03211975097656,12.90137767791748,121.01000213623047
2016-10-28,182.23313903808594,25.97616958618164,104.6661148071289,43.7232551574707,29.815980911254883,84.6043701171875,28.64850425720215,51.76029586791992,22.4035587310791,57.14561462402344,12.816834449768066,121.58000183105469
2016-10-31,182.18191528320312,26.141098022460938,105.08290100097656,43.745948791503906,29.98552703857422,84.71088409423828,28.804744720458984,51.60429382324219,22.444889068603516,57.99312210083008,12.647747039794922,121.94000244140625
2016-11-01,180.93724060058594,25.86157989501953,103.79705810546875,43.55680465698242,29.74330711364746,84.66517639160156,28.817718505859375,51.403053283691406,22.342708587646484,56.71431350708008,12.706927299499512,122.7300033569336
2016-11-02,179.80332946777344,25.616796493530273,102.47579956054688,43.2617301940918,29.388071060180664,84.76426696777344,28.928442001342773,51.174041748046875,22.432456970214844,55.98788833618164,12.554749488830566,123.63999938964844
2016-11-03,179.05308532714844,25.564701080322266,101.97918701171875,43.216339111328125,29.307336807250977,84.64984893798828,28.756643295288086,51.18611145019531,22.432456970214844,55.66249465942383,12.512475967407227,124.30000305175781
2016-11-04,178.7546844482422,25.625465393066406,102.63540649414062,42.80020523071289,29.00861358642578,84.82532501220703,28.962804794311523,51.21019744873047,22.439361572265625,55.957603454589844,12.427932739257812,124.38999938964844
2016-11-07,182.7190704345703,26.13936996459961,105.14498138427734,43.390350341796875,30.058191299438477,84.72615051269531,28.726106643676758,51.92730712890625,22.418649673461914,56.873199462890625,12.478659629821777,122.1500015258789
2016-11-08,183.5630645751953,26.214019775390625,105.41988372802734,43.51140213012695,30.251953125,84.58887481689453,28.588651657104492,51.81281280517578,22.32199478149414,57.22129440307617,12.461750030517578,121.63999938964844
2016-11-09,185.5921173095703,26.701875686645508,108.66546630859375,43.54923629760742,29.266969680786133,83.80350494384766,27.450908660888672,51.45124816894531,22.0665283203125,56.16192626953125,12.5209321975708,121.55999755859375
2016-11-10,185.95870971679688,26.82166862487793,110.403564453125,43.428184509277344,28.43539047241211,83.46031951904297,27.0805606842041,50.77631378173828,21.942249298095703,55.140384674072266,12.419477462768555,119.75
2016-11-11,185.62619018554688,27.095979690551758,112.93975830078125,43.16337966918945,27.89444923400879,83.30781555175781,26.94695281982422,50.30026626586914,21.928430557250977,55.435508728027344,12.182756423950195,117.0999984741211
2016-11-14,185.6774139404297,27.5386962890625,114.52706146240234,42.928836822509766,27.692602157592773,82.97225952148438,26.767499923706055,50.67388916015625,22.0665283203125,56.37379455566406,12.157392501831055,116.11000061035156
2016-11-15,187.15232849121094,27.656753540039062,114.88179016113281,43.117984771728516,28.249685287475586,83.03330993652344,26.878211975097656,51.342777252197266,22.02510643005371,56.16947555541992,12.427932739257812,117.12000274658203
2016-11-16,186.91360473632812,27.672380447387695,114.87290954589844,42.66402053833008,28.015546798706055,83.21630859375,27.141645431518555,51.13789749145508,22.08033561706543,56.04840087890625,12.275754928588867,116.7699966430664
2016-11-17,187.75765991210938,27.832107543945312,115.54686737060547,42.98936080932617,28.055917739868164,82.90367889404297,26.767499923706055,50.99927520751953,22.018190383911133,55.586830139160156,12.301116943359375,116.16999816894531
2016-11-18,187.3825225830078,27.852935791015625,116.1587142944336,42.52027893066406,27.926746368408203,82.63679504394531,26.672054290771484,50.99927520751953,21.776552200317383,55.75331497192383,12.402570724487305,115.1500015258789
2016-11-21,188.74664306640625,28.028291702270508,116.6996841430664,42.88344192504883,28.201250076293945,82.70539093017578,26.706401824951172,51.40907287597656,21.831785202026367,55.760894775390625,12.749199867248535,115.58000183105469
2016-11-22,189.0620880126953,28.24009895324707,117.7637939453125,42.98936080932617,28.629150390625,82.78168487548828,26.71404266357422,51.788692474365234,21.81106185913086,56.71431350708008,12.732291221618652,115.54000091552734
2016-11-23,189.26666259765625,28.366840362548828,118.49984741210938,42.83804702758789,28.322355270385742,82.4919204711914,26.603334426879883,51.59585952758789,21.81796646118164,56.40406799316406,12.7830171585083,113.25
2016-11-25,189.95726013183594,28.44843101501465,118.88999938964844,42.9666633605957,28.4596004486084,82.48428344726562,26.630048751831055,51.662166595458984,21.728206634521484,56.69160842895508,12.690017700195312,112.61000061035156
2016-11-28,189.12171936035156,28.2487735748291,117.34703826904297,42.73968505859375,28.5726318359375,82.7740478515625,26.83621597290039,51.65613555908203,21.824871063232422,56.88834762573242,12.732291221618652,113.80000305175781
2016-11-29,189.42868041992188,28.30954360961914,117.28495025634766,43.012062072753906,28.61300277709961,82.86553955078125,26.924034118652344,51.589874267578125,21.949153900146484,57.35750198364258,12.478659629821777,113.2699966430664
2016-11-30,188.8659210205078,28.215797424316406,116.70853424072266,42.9666633605957,28.661441802978516,82.53768920898438,26.526962280273438,51.61397171020508,21.90081214904785,56.63862609863281,12.85910701751709,111.75
2016-12-01,188.1839141845703,28.161977767944336,116.14100646972656,42.80020523071289,28.322355270385742,82.26567840576172,26.30162239074707,51.37241744995117,21.812908172607422,55.7457275390625,13.095827102661133,111.54000091552734
2016-12-02,188.33740234375,28.200170516967773,116.07893371582031,42.9061393737793,28.354644775390625,82.52540588378906,26.424049377441406,51.681148529052734,21.833669662475586,56.33594512939453,13.188827514648438,112.13999938964844
2016-12-05,189.42868041992188,28.495317459106445,118.07416534423828,43.32982635498047,28.58878517150879,82.59420776367188,26.435535430908203,51.81431198120117,21.90288734436035,56.78240203857422,13.256462097167969,111.54000091552734
2016-12-06,190.11068725585938,28.790454864501953,119.3510971069336,43.62489318847656,28.742189407348633,82.57892608642578,26.424049377441406,52.074588775634766,21.805984497070312,57.14561462402344,13.197280883789062,111.43000030517578
2016-12-07,192.56600952148438,29.11858558654785,120.51273345947266,44.27555847167969,29.226598739624023,82.7928466796875,26.630638122558594,52.334861755371094,21.87520408630371,58.257965087890625,13.095827102661133,111.83000183105469
2016-12-08,193.02639770507812,29.439777374267578,122.4105224609375,44.237735748291016,29.35578155517578,82.6400375366211,26.31693458557129,52.32881164550781,21.944427490234375,58.55307388305664,13.12119197845459,111.56999969482422
2016-12-09,194.25408935546875,29.379005432128906,122.64989471435547,44.426883697509766,29.202375411987305,82.38787841796875,26.083572387695312,52.35303497314453,21.729835510253906,58.50766372680664,13.188827514648438,110.4000015258789
2016-12-12,194.01541137695312,29.19844627380371,121.3552474975586,44.230167388916016,29.00861358642578,82.31151580810547,26.030004501342773,52.280372619628906,21.826753616333008,58.87089538574219,13.273370742797852,110.81999969482422
2016-12-13,195.27716064453125,29.25748062133789,121.3641128540039,44.70681381225586,29.331562042236328,82.4184799194336,26.152429580688477,52.40751266479492,21.736751556396484,58.87089538574219,13.307188034057617,110.44999694824219
2016-12-14,193.80226135253906,28.90678596496582,119.84770202636719,44.048587799072266,28.4596004486084,81.96775817871094,25.88844871520996,52.014076232910156,21.68829345703125,57.78125,13.180371284484863,108.83000183105469
2016-12-15,194.4501953125,29.02483367919922,120.74337005615234,43.950225830078125,28.508045196533203,81.86842346191406,25.97262191772461,52.03825759887695,21.709070205688477,57.34992218017578,13.163463592529297,107.33999633789062
2016-12-16,194.15174865722656,28.962331771850586,120.52169799804688,43.98048782348633,28.378868103027344,81.92188262939453,25.91905975341797,52.08668518066406,21.681381225585938,58.11418533325195,13.222644805908203,108.05000305175781
2016-12-19,194.5098419189453,29.12552261352539,121.31090545654297,43.91239929199219,28.185100555419922,82.13580322265625,26.209808349609375,52.219852447509766,21.7021541595459,58.75739288330078,13.146553993225098,108.58999633789062
2016-12-20,195.27716064453125,29.29914093017578,122.33954620361328,44.063720703125,28.281984329223633,82.05941772460938,26.068267822265625,52.29247283935547,21.7021541595459,58.863311767578125,13.205735206604004,107.79000091552734
2016-12-21,194.7918701171875,29.171104431152344,121.54144287109375,44.07594680786133,28.164390563964844,82.2351303100586,26.183032989501953,52.38329315185547,21.743684768676758,58.13899612426758,13.129646301269531,107.8499984741211
2016-12-22,194.50888061523438,28.9984130859375,120.49343872070312,43.97657012939453,27.829591751098633,82.23433685302734,26.148609161376953,52.496253967285156,21.812908172607422,58.03155517578125,13.112737655639648,107.58999633789062
2016-12-23,194.6375274658203,29.04726219177246,121.13453674316406,44.09123611450195,27.992904663085938,82.25733184814453,26.179218292236328,52.593414306640625,21.764453887939453,58.18501663208008,13.138100624084473,107.93000030517578
2016-12-27,195.1862335205078,29.17633819580078,121.67771911621094,44.03773498535156,28.115400314331055,82.19609832763672,26.11417579650879,52.54485321044922,21.743684768676758,58.25408172607422,13.3410062789917,108.55999755859375
2016-12-28,193.58285522460938,28.8780574798584,120.43106842041016,43.86954879760742,28.32771873474121,82.32625579833984,26.27020835876465,52.47197723388672,21.807537078857422,57.90877914428711,13.349459648132324,108.86000061035156
2016-12-29,193.56568908691406,28.956546783447266,120.5379409790039,43.97657012939453,28.793176651000977,82.57892608642578,26.377574920654297,52.54485321044922,21.869998931884766,58.484275817871094,13.366369247436523,110.29000091552734
2016-12-30,192.9140625,28.8414249420166,120.07491302490234,44.129451751708984,28.589027404785156,82.74738311767578,26.41206169128418,52.563079833984375,21.90471076965332,59.03673553466797,13.391732215881348,109.61000061035156
2017-01-03,194.27737426757812,28.99667739868164,120.6714859008789,44.40464401245117,28.931995391845703,82.83163452148438,26.51559829711914,52.78167724609375,22.050451278686523,59.27461242675781,13.231097221374512,110.47000122070312
2017-01-04,195.4520263671875,29.464170455932617,122.68386840820312,44.909156799316406,29.15247917175293,82.85460662841797,26.626760482788086,53.067142486572266,22.015750885009766,60.087947845458984,13.332551002502441,110.86000061035156
2017-01-05,195.2720184326172,29.23565673828125,121.26805114746094,45.29136276245117,29.470949172973633,83.19920349121094,27.021657943725586,52.98817825317383,22.112924575805664,60.29511642456055,13.400186538696289,112.58000183105469
2017-01-06,196.04367065429688,29.20598793029785,120.8228759765625,45.13848114013672,29.348453521728516,82.92350769042969,26.75712776184082,52.97605895996094,21.953290939331055,60.1646728515625,13.38327693939209,111.75
2017-01-09,195.40921020507812,29.012365341186523,120.03040313720703,45.06968688964844,29.323959350585938,83.06136322021484,26.994823455810547,52.963897705078125,22.008804321289062,59.76567077636719,13.180371284484863,112.66999816894531
2017-01-10,195.32350158691406,29.207740783691406,121.17900085449219,45.07732391357422,29.49544334411621,83.03841400146484,26.9526424407959,52.9699592590332,22.071277618408203,59.20553970336914,13.12119197845459,113.1500015258789
2017-01-11,195.8465118408203,29.31763458251953,121.39276123046875,45.314292907714844,29.846580505371094,83.13797760009766,27.03700828552246,53.00031661987305,22.223976135253906,58.952327728271484,13.264915466308594,113.5
2017-01-12,195.4691925048828,29.158897399902344,120.45781707763672,45.383087158203125,29.97723388671875,83.16854095458984,27.00633430480957,53.012474060058594,22.09903907775879,59.220882415771484,13.459367752075195,113.91000366210938
2017-01-13,195.82933044433594,29.32635498046875,121.3304214477539,45.551265716552734,29.952747344970703,83.02308654785156,26.86064338684082,53.030704498291016,22.022695541381836,59.15950012207031,13.434002876281738,114.20999908447266
2017-01-17,195.1862335205078,29.054235458374023,119.68313598632812,45.383087158203125,29.936403274536133,83.30638122558594,27.152023315429688,52.97605895996094,22.196203231811523,59.558509826660156,13.425549507141113,115.8499984741211
2017-01-18,195.5635528564453,29.183320999145508,120.07491302490234,45.25313949584961,29.773090362548828,82.94646453857422,26.79546546936035,53.02459716796875,22.092098236083984,59.658233642578125,13.307188034057617,114.87000274658203
2017-01-19,194.9376678466797,28.9739990234375,119.09545135498047,45.13848114013672,29.683259963989258,82.73210906982422,26.63827133178711,52.8546028137207,21.960222244262695,59.03673553466797,13.264915466308594,114.7699966430664
2017-01-20,195.58065795898438,29.11528205871582,119.70983123779297,45.398380279541016,29.74042510986328,82.76276397705078,26.59992790222168,52.957820892333984,21.974109649658203,59.41272735595703,13.417095184326172,115.05000305175781
2017-01-23,195.12628173828125,29.04551124572754,119.21116638183594,45.513038635253906,30.181381225585938,82.99246978759766,26.849140167236328,52.957820892333984,22.008804321289062,59.86543273925781,13.417095184326172,115.79000091552734
2017-01-24,196.318115234375,29.479854583740234,121.03653717041016,45.627708435058594,30.36920738220215,82.86227416992188,26.657440185546875,52.994266510009766,22.043529510498047,60.00353240966797,13.450911521911621,115.2699966430664
2017-01-25,197.91290283203125,29.72930908203125,122.17633056640625,46.10163497924805,30.704004287719727,82.64019775390625,26.362224578857422,53.182533264160156,21.960222244262695,59.68124771118164,13.366369247436523,114.31999969482422
2017-01-26,197.85287475585938,29.6298770904541,121.68661499023438,45.918182373046875,30.573345184326172,82.6938247680664,26.438913345336914,53.15824890136719,22.008804321289062,59.619873046875,13.425549507141113,113.26000213623047
2017-01-27,197.5528106689453,29.48160171508789,121.26805114746094,45.841739654541016,30.59785270690918,82.76276397705078,26.507919311523438,53.20680618286133,22.050451278686523,59.059757232666016,13.315643310546875,113.48999786376953
2017-01-30,196.37806701660156,29.25135040283203,119.5762710571289,45.513038635253906,30.43453025817871,82.72447204589844,26.446571350097656,53.097496032714844,21.953290939331055,58.653076171875,13.23955249786377,113.97000122070312
2017-01-31,196.29229736328125,29.335081100463867,120.41327667236328,45.58183288574219,30.49169921875,82.92350769042969,26.611440658569336,53.0428581237793,22.008804321289062,59.11347198486328,13.315643310546875,115.55000305175781
2017-02-01,196.39524841308594,29.25309181213379,120.34203338623047,45.765296936035156,30.508026123046875,82.806884765625,26.467735290527344,53.239234924316406,22.017166137695312,58.41521453857422,13.459367752075195,115.19999694824219
2017-02-02,196.46383666992188,29.27577018737793,120.039306640625,45.788238525390625,30.6386775970459,82.85293579101562,26.4447021484375,53.269775390625,22.024124145507812,59.06743240356445,13.459367752075195,115.83999633789062
2017-02-03,197.88717651367188,29.678714752197266,121.87359619140625,45.97168731689453,30.82650375366211,82.87596130371094,26.410106658935547,53.361263275146484,22.107622146606445,59.4664192199707,13.450911521911621,116.12999725341797
2017-02-06,197.5355987548828,29.547897338867188,120.9564437866211,45.64299011230469,30.75300407409668,83.11378479003906,26.617589950561523,53.32466125488281,22.156339645385742,59.26691436767578,13.366369247436523,117.69999694824219
2017-02-07,197.52706909179688,29.44672203063965,120.4222412109375,45.59712219238281,30.59785270690918,83.19824981689453,26.786632537841797,53.24533462524414,22.121540069580078,59.182518005371094,13.307188034057617,117.45999908447266
2017-02-08,197.76715087890625,29.471132278442383,120.20848083496094,45.6735725402832,30.785673141479492,83.43607330322266,27.13624382019043,53.281978607177734,22.184171676635742,59.61222457885742,13.357913970947266,118.19000244140625
2017-02-09,198.92466735839844,29.7624454498291,121.90031433105469,45.86466979980469,30.924489974975586,83.23655700683594,26.83658218383789,53.355167388916016,22.128498077392578,59.796348571777344,13.425549507141113,117.29000091552734
2017-02-10,199.70497131347656,29.915958404541016,122.82635498046875,45.97168731689453,31.210298538208008,83.22124481201172,26.809680938720703,53.3917350769043,22.121540069580078,60.256744384765625,13.569272994995117,117.5999984741211
2017-02-13,200.81101989746094,30.00142478942871,123.14691162109375,46.15514373779297,31.30828857421875,83.09847259521484,26.71747398376465,53.471065521240234,22.14937400817871,60.45623779296875,13.417095184326172,116.80000305175781
2017-02-14,201.61700439453125,30.085159301757812,123.55654907226562,46.08635711669922,31.340951919555664,82.914306640625,26.54457664489746,53.50764846801758,22.038042068481445,60.118621826171875,13.434002876281738,116.93000030517578
2017-02-15,202.6459197998047,30.174116134643555,124.29556274414062,46.26215362548828,31.594091415405273,82.78389739990234,26.417795181274414,53.525978088378906,21.989328384399414,60.0649299621582,13.450911521911621,117.44999694824219
2017-02-16,202.5430450439453,30.14970588684082,123.94831085205078,46.369178771972656,31.479764938354492,82.96035766601562,26.590694427490234,53.48324966430664,22.163291931152344,60.34883117675781,13.366369247436523,118.08000183105469
2017-02-17,202.77455139160156,30.170637130737305,123.86815643310547,46.24687957763672,31.349119186401367,83.14448547363281,26.721317291259766,53.53813171386719,22.191123962402344,60.44856643676758,13.3410062789917,117.68000030517578
2017-02-21,204.00064086914062,30.42357063293457,124.83873748779297,46.399757385253906,31.692089080810547,83.13680267333984,26.686721801757812,53.71505355834961,22.225919723510742,61.20820236206055,13.324095726013184,117.75
2017-02-22,203.88064575195312,30.325883865356445,124.28662872314453,46.399757385253906,31.790075302124023,83.19055938720703,26.732833862304688,53.73944091796875,22.14937400817871,61.05475616455078,13.256462097167969,117.91000366210938
2017-02-23,204.04356384277344,30.175857543945312,123.54759979248047,46.4991340637207,31.798242568969727,83.32866668701172,26.81352424621582,53.78824234008789,22.29551124572754,61.31564712524414,13.298731803894043,118.94000244140625
2017-02-24,204.29217529296875,30.214242935180664,123.45855712890625,46.16279220581055,31.422605514526367,83.63558959960938,27.0863094329834,53.8309326171875,22.274629592895508,61.622554779052734,13.273370742797852,119.69999694824219
2017-02-27,204.6094512939453,30.421829223632812,124.6606674194336,46.19336700439453,31.324617385864258,83.48210144042969,26.932628631591797,53.89802169799805,22.23287582397461,61.944847106933594,13.23955249786377,119.12000274658203
2017-02-28,204.094970703125,30.081676483154297,122.73727416992188,46.12457275390625,31.022483825683594,83.45915985107422,27.04020118713379,53.855350494384766,22.246795654296875,61.69929504394531,13.290279388427734,119.2300033569336
2017-03-01,206.8302001953125,30.59800148010254,124.98121643066406,46.60614013671875,31.5042724609375,83.0669937133789,26.60367774963379,54.0538215637207,22.24958610534668,61.507476806640625,13.349459648132324,119.05999755859375
2017-03-02,205.63839721679688,30.26134490966797,123.54759979248047,46.30038833618164,30.948984146118164,82.91319274902344,26.48818588256836,53.88229751586914,22.137958526611328,61.25426483154297,13.138100624084473,117.58000183105469
2017-03-03,205.7584228515625,30.273550033569336,123.45855712890625,46.5755729675293,31.185794830322266,82.97470092773438,26.538232803344727,53.906803131103516,22.12399673461914,61.10845184326172,13.205735206604004,117.51000213623047
2017-03-06,205.1582794189453,30.090394973754883,122.61261749267578,46.43034362792969,31.20213508605957,82.93626403808594,26.45354461669922,53.735233306884766,22.20772933959961,60.82455825805664,13.188827514648438,116.72000122070312
2017-03-07,204.55804443359375,29.914213180541992,121.811279296875,46.269805908203125,31.234804153442383,82.82866668701172,26.36886978149414,53.386051177978516,22.08214569091797,60.56369400024414,13.129646301269531,115.77999877929688
2017-03-08,204.1464385986328,29.772918701171875,121.00981140136719,46.10163497924805,30.940820693969727,82.62873077392578,26.20334243774414,53.03071594238281,22.033308029174805,59.635250091552734,12.833742141723633,115.05999755859375
2017-03-09,204.3436737060547,29.6542911529541,120.5290298461914,46.27745819091797,30.695844650268555,82.37503814697266,26.03011131286621,52.88979721069336,21.963529586791992,58.8755989074707,12.723835945129395,114.47000122070312
2017-03-10,205.0552978515625,29.799074172973633,121.06331634521484,46.667301177978516,31.038814544677734,82.49803924560547,26.091693878173828,52.871402740478516,21.963529586791992,58.729801177978516,12.605475425720215,114.72000122070312
2017-03-13,205.1753387451172,29.847925186157227,121.3482437133789,46.91191864013672,31.471607208251953,82.35963439941406,25.96082878112793,52.91432189941406,21.949573516845703,58.82189178466797,12.588565826416016,114.73999786376953
2017-03-14,204.44654846191406,29.731048583984375,120.76943969726562,46.55263900756836,31.29195213317871,82.3904037475586,26.07244873046875,52.75502395629883,21.963529586791992,58.7681770324707,12.53783893585205,114.12000274658203
2017-03-15,206.11854553222656,30.134004592895508,122.63936614990234,47.21767807006836,32.10855484008789,82.86712646484375,26.384267807006836,53.484066009521484,22.0891170501709,59.85009002685547,12.647747039794922,116.25
2017-03-16,205.85272216796875,30.100862503051758,122.79965209960938,47.44700241088867,32.30453109741211,82.7748031616211,26.24568748474121,53.33090591430664,22.0891170501709,59.75032043457031,12.630837440490723,116.7300033569336
2017-03-17,205.43258666992188,30.128767013549805,123.28939056396484,47.56930923461914,32.247371673583984,82.9516830444336,26.418907165527344,53.34928894042969,22.103076934814453,60.00353240966797,12.673110961914062,116.98999786376953
2017-03-20,205.16676330566406,30.006656646728516,122.75511932373047,47.46993637084961,32.62300491333008,83.07469940185547,26.53438949584961,53.24516677856445,22.103076934814453,59.98051834106445,12.664654731750488,117.51000213623047
2017-03-21,202.5773468017578,29.403120040893555,119.29133605957031,47.255897521972656,32.26369857788086,83.2437973022461,26.74610710144043,52.865299224853516,22.256563186645508,59.788700103759766,12.597020149230957,118.54000091552734
2017-03-22,203.02320861816406,29.464170455932617,119.31806182861328,47.26354217529297,32.418861389160156,83.35916137695312,26.838489532470703,52.99396896362305,22.200742721557617,59.81938552856445,12.588565826416016,118.83000183105469
2017-03-23,202.80026245117188,29.546144485473633,120.01258087158203,47.37056350708008,32.42701721191406,83.38224792480469,26.811552047729492,53.01232147216797,22.2216796875,60.26443862915039,12.563200950622559,118.66999816894531
2017-03-24,202.71588134765625,29.513608932495117,120.09919738769531,47.500511169433594,32.50867462158203,83.31300354003906,26.873146057128906,53.196136474609375,22.28447151184082,60.2218132019043,12.605475425720215,118.86000061035156
2017-03-27,202.4230499267578,29.4751033782959,120.32244873046875,47.62281799316406,32.418861389160156,83.51292419433594,27.023273468017578,53.140995025634766,22.263545989990234,59.811256408691406,12.588565826416016,119.52999877929688
2017-03-28,203.9129180908203,29.6990909576416,121.2601089477539,47.85213851928711,32.50867462158203,83.32075500488281,26.823104858398438,53.4350700378418,22.1728458404541,60.07464599609375,12.664654731750488,119.04000091552734
2017-03-29,204.21437072753906,29.80583381652832,121.65304565429688,47.85213851928711,32.56584167480469,83.50520324707031,26.99248504638672,53.54531478881836,22.312381744384766,60.3380126953125,12.7830171585083,119.33000183105469
2017-03-30,204.7310791015625,29.95107078552246,122.5727767944336,47.6839714050293,32.39436721801758,83.35149383544922,26.788454055786133,53.79653549194336,22.24958610534668,60.51618957519531,12.833742141723633,118.47000122070312
2017-03-31,204.3349151611328,29.96157455444336,122.7692642211914,47.615169525146484,32.16571044921875,83.4129867553711,26.85004425048828,53.778133392333984,22.270509719848633,60.80280685424805,12.85910701751709,118.72000122070312
2017-04-03,203.9904327392578,29.80583381652832,121.47441864013672,47.5463752746582,32.34536361694336,83.72268676757812,27.09771156311035,53.74923324584961,22.306888580322266,60.85702896118164,12.808379173278809,119.3499984741211
2017-04-04,204.0851593017578,29.751585006713867,121.3315658569336,47.53108596801758,32.3616943359375,83.64567565917969,26.99355125427246,53.767677307128906,22.36284828186035,60.80280685424805,12.935196876525879,119.62000274658203
2017-04-05,203.4823455810547,29.532854080200195,119.95633697509766,47.27882766723633,32.26369857788086,83.7380599975586,27.082294464111328,53.72460174560547,22.292903900146484,60.81829071044922,12.96055793762207,119.62000274658203
2017-04-06,204.01626586914062,29.781328201293945,121.07257080078125,47.286476135253906,32.206546783447266,83.73040008544922,27.035999298095703,53.792320251464844,22.334875106811523,61.23662567138672,12.994375228881836,119.18000030517578
2017-04-07,203.8267822265625,29.753334045410156,121.01901245117188,47.255897521972656,32.14938735961914,83.54550170898438,26.9279727935791,53.767677307128906,22.243942260742188,61.306331634521484,13.028192520141602,119.45999908447266
2017-04-10,203.9732208251953,29.812833786010742,121.28691101074219,47.20238494873047,32.01873016357422,83.65337371826172,27.047569274902344,53.841522216796875,22.29990005493164,61.7324104309082,13.129646301269531,119.45999908447266
2017-04-11,203.71485900878906,29.99656867980957,122.25131225585938,47.42406463623047,31.94523811340332,83.89217376708984,27.28290367126465,53.736934661865234,22.35586166381836,62.07324981689453,13.155010223388672,121.19000244140625
2017-04-12,202.88809204101562,29.63959312438965,120.5903549194336,47.38584899902344,32.10038375854492,84.07709503173828,27.425628662109375,53.773826599121094,22.46078109741211,61.93380355834961,13.155010223388672,122.0199966430664
2017-04-13,201.54464721679688,29.298364639282227,119.41156005859375,47.0800895690918,31.961566925048828,84.18489074707031,27.533641815185547,53.663108825683594,22.432796478271484,61.80987548828125,13.197280883789062,122.5999984741211
2017-04-17,203.29286193847656,29.646589279174805,120.81355285644531,47.37056350708008,32.296363830566406,84.1386947631836,27.444929122924805,53.82307815551758,22.46078109741211,62.58451461791992,13.12119197845459,122.23999786376953
2017-04-18,202.68145751953125,29.658843994140625,120.84040832519531,47.156532287597656,31.8880672454834,84.47771453857422,27.799854278564453,53.81074142456055,22.4887638092041,62.731727600097656,13.070465087890625,122.81999969482422
2017-04-19,202.32839965820312,29.711334228515625,121.2601089477539,46.96542739868164,31.692089080810547,84.34673309326172,27.641681671142578,53.76152038574219,22.530742645263672,62.63101577758789,12.842196464538574,121.7300033569336
2017-04-20,203.86988830566406,30.005321502685547,122.8049545288086,47.33998107910156,32.08405685424805,84.21576690673828,27.533641815185547,53.939979553222656,22.495752334594727,62.66973114013672,12.791471481323242,121.95999908447266
2017-04-21,203.3531494140625,29.93182373046875,122.52814483642578,47.37056350708008,32.08405685424805,84.2388687133789,27.518234252929688,53.89689254760742,22.502748489379883,62.421836853027344,12.664654731750488,122.30999755859375
2017-04-24,205.5147247314453,30.302791595458984,124.05523681640625,48.5706901550293,32.541343688964844,84.11559295654297,27.406352996826172,54.14913558959961,22.495752334594727,61.87957000732422,12.622382164001465,121.4800033569336
2017-04-25,206.72901916503906,30.470794677734375,125.26073455810547,48.9146728515625,32.8271598815918,83.8382797241211,27.07843780517578,54.24758529663086,22.320884704589844,62.05775451660156,12.681564331054688,120.25
2017-04-26,206.64292907714844,30.477792739868164,125.90369415283203,48.777076721191406,32.70466613769531,83.94611358642578,27.228891372680664,54.19838333129883,22.418813705444336,61.64717483520508,12.613929748535156,120.83999633789062
2017-04-27,206.7634735107422,30.50579261779785,125.86796569824219,48.82294845581055,32.6638298034668,84.0231704711914,27.236600875854492,54.23527526855469,22.418813705444336,61.716888427734375,12.546294212341309,120.38999938964844
2017-04-28,206.30703735351562,30.201303482055664,124.18022918701172,48.76942825317383,32.71282958984375,84.1695556640625,27.27517318725586,54.216835021972656,22.404821395874023,61.1436653137207,12.512475967407227,120.7699966430664
2017-05-01,206.87538146972656,30.309810638427734,124.89458465576172,48.968170166015625,32.90065002441406,83.95257568359375,27.078004837036133,54.244625091552734,22.37957763671875,61.51549530029297,12.53783893585205,119.66999816894531
2017-05-02,206.9529571533203,30.239797592163086,124.26056671142578,49.22043991088867,33.1374626159668,84.0683822631836,27.205595016479492,54.26319885253906,22.407630920410156,61.36057662963867,12.402570724487305,119.6500015258789
2017-05-03,206.74627685546875,30.124313354492188,123.49263000488281,49.121063232421875,32.91698455810547,83.98350524902344,27.217174530029297,54.31260299682617,22.463741302490234,60.62465286254883,12.351842880249023,117.9800033569336
2017-05-04,206.88401794433594,30.080568313598633,123.32291412353516,49.58735275268555,32.54951858520508,83.91397094726562,27.070281982421875,54.02220916748047,22.365549087524414,60.36125183105469,12.055940628051758,116.79000091552734
2017-05-05,207.77105712890625,30.337797164916992,124.11772918701172,50.137733459472656,32.81898880004883,83.92938232421875,27.085744857788086,54.11485290527344,22.37957763671875,60.94225311279297,12.225027084350586,117.01000213623047
2017-05-08,207.6935577392578,30.211803436279297,123.5997314453125,49.763160705566406,32.81082534790039,83.76728820800781,26.95042610168457,54.17666244506836,22.37957763671875,60.593658447265625,12.174301147460938,116.75
2017-05-09,207.53858947753906,30.14531135559082,123.54623413085938,49.6408576965332,33.227291107177734,83.7750015258789,26.946556091308594,54.13960266113281,22.365549087524414,60.2682991027832,12.115120887756348,116.05000305175781
2017-05-10,207.8743896484375,30.32554817199707,124.31416320800781,49.7172966003418,33.44776916503906,83.79814147949219,26.915630340576172,54.37440490722656,22.351516723632812,60.593658447265625,12.309571266174316,116.04000091552734
2017-05-11,207.4954833984375,30.15055274963379,123.44792938232422,49.59498977661133,33.52125549316406,83.79042053222656,26.923372268676758,54.38055419921875,22.37957763671875,60.2682991027832,12.360296249389648,116.5
2017-05-12,207.1768798828125,30.007064819335938,122.79602813720703,49.870182037353516,33.660091400146484,84.09928894042969,27.10894775390625,54.362022399902344,22.449710845947266,60.10561752319336,12.360296249389648,116.83000183105469
2017-05-15,208.2275390625,30.21004867553711,123.75155639648438,50.12244415283203,34.0030517578125,84.0683822631836,27.0316162109375,54.485618591308594,22.435680389404297,60.322513580322266,12.427932739257812,117.13999938964844
2017-05-16,208.05526733398438,30.190807342529297,123.79619598388672,50.4434928894043,34.03571319580078,84.17652893066406,27.136011123657227,54.56590270996094,22.470745086669922,59.98167419433594,12.444841384887695,117.6500015258789
2017-05-17,204.39515686035156,29.560850143432617,120.45641326904297,49.870182037353516,33.4559326171875,84.60887145996094,27.530338287353516,54.32494354248047,22.61101531982422,60.299285888671875,12.529385566711426,119.79000091552734
2017-05-18,205.12718200683594,29.597599029541016,120.8939437866211,49.95426940917969,32.90065002441406,84.56253814697266,27.57674789428711,54.3867301940918,22.477764129638672,60.46195983886719,12.495567321777344,118.80999755859375
2017-05-19,206.56541442871094,29.89682388305664,121.47441864013672,50.53521728515625,33.602928161621094,84.56253814697266,27.6076717376709,54.485618591308594,22.765310287475586,60.81829071044922,12.740744590759277,119.4000015258789
2017-05-22,207.54722595214844,30.03507423400879,122.29598236083984,50.59637451171875,33.635589599609375,84.50850677490234,27.53807258605957,54.652442932128906,22.632055282592773,60.9964714050293,12.825287818908691,119.9000015258789
2017-05-23,207.9949951171875,30.09456443786621,122.69783020019531,50.60401916503906,33.668251037597656,84.34635162353516,27.35637092590332,54.6462516784668,22.51283073425293,61.13591766357422,12.7830171585083,119.13999938964844
2017-05-24,208.51173400878906,30.18556022644043,122.77822875976562,50.63459396362305,33.79890441894531,84.49308013916016,27.49555206298828,54.73893356323242,22.625041961669922,61.54648208618164,12.75765323638916,119.61000061035156
2017-05-25,209.50204467773438,30.227550506591797,122.85858154296875,50.63459396362305,33.962215423583984,84.53165435791016,27.511014938354492,54.6956901550293,22.842449188232422,61.67817306518555,12.478659629821777,119.4800033569336
2017-05-26,209.46762084960938,30.15406036376953,122.82282257080078,50.489356994628906,34.084716796875,84.50077819824219,27.54966926574707,54.726585388183594,22.667125701904297,61.298583984375,12.571656227111816,120.54000091552734
2017-05-30,209.33843994140625,30.057809829711914,121.8583984375,50.435848236083984,33.90506362915039,84.66293334960938,27.692720413208008,54.782188415527344,22.56893539428711,61.05845260620117,12.47020435333252,120.13999938964844
2017-05-31,209.1833953857422,30.068313598632812,121.73340606689453,50.497005462646484,33.64375686645508,84.7479248046875,27.76616668701172,54.77602005004883,22.653091430664062,61.07394027709961,12.334935188293457,120.62000274658203
2017-06-01,210.89718627929688,30.546043395996094,124.08193969726562,50.8256950378418,33.92955780029297,84.70915985107422,27.767717361450195,54.93551254272461,22.67067527770996,61.321842193603516,12.250391006469727,120.72000122070312
2017-06-02,211.5689239501953,30.584529876708984,124.88570404052734,51.38372802734375,34.10105514526367,84.9876937866211,28.077659606933594,54.966522216796875,22.73395347595215,61.92605209350586,12.191210746765137,121.61000061035156
2017-06-05,211.43113708496094,30.470794677734375,124.10875701904297,51.100887298583984,34.06021499633789,84.85614013671875,27.903303146362305,54.916900634765625,22.73395347595215,61.7324104309082,12.123576164245605,121.7300033569336
2017-06-06,210.86276245117188,30.365800857543945,123.99266052246094,50.955650329589844,34.07655334472656,85.02641296386719,28.08543586730957,54.83000946044922,22.7620906829834,61.42253875732422,12.208118438720703,123.0999984741211
2017-06-07,211.20721435546875,30.339548110961914,124.10875701904297,50.97092819213867,34.03571319580078,84.92584228515625,27.942075729370117,54.718318939208984,22.691770553588867,61.67817306518555,12.039031028747559,122.44999694824219
2017-06-08,211.26751708984375,30.603776931762695,125.8054428100586,50.87919998168945,34.2398681640625,84.8407211303711,27.849084854125977,54.76172637939453,22.684738159179688,61.57747268676758,12.039031028747559,121.6500015258789
2017-06-09,210.94024658203125,30.715774536132812,126.45736694335938,50.688106536865234,33.978553771972656,84.77103424072266,27.833589553833008,54.8051872253418,22.656618118286133,61.9725456237793,12.10666561126709,120.54000091552734
2017-06-12,210.91444396972656,30.759511947631836,126.25194549560547,50.497005462646484,33.79890441894531,84.77103424072266,27.814224243164062,54.89824295043945,22.677703857421875,62.38312530517578,11.996760368347168,120.36000061035156
2017-06-13,211.94786071777344,30.955509185791016,126.89493560791016,50.886844635009766,33.962215423583984,84.79430389404297,27.825834274291992,54.99755096435547,22.69879722595215,62.514793395996094,12.0474853515625,120.4800033569336
2017-06-14,211.71530151367188,30.803268432617188,126.14478302001953,50.84861755371094,33.95405197143555,85.0650634765625,28.244279861450195,55.003746032714844,22.804277420043945,62.71623611450195,11.836125373840332,119.81999969482422
2017-06-15,211.3191375732422,30.666778564453125,125.50186157226562,50.321189880371094,33.602928161621094,85.01094818115234,28.201648712158203,54.79277038574219,22.755054473876953,62.93312072753906,11.886853218078613,119.31999969482422
2017-06-16,211.14695739746094,30.651031494140625,125.1893081665039,50.7492561340332,33.660091400146484,85.0650634765625,28.244279861450195,54.6996955871582,22.811321258544922,62.89438247680664,11.937579154968262,119.33999633789062
2017-06-19,213.0501708984375,30.84876251220703,126.11801147460938,50.955650329589844,33.994895935058594,84.94903564453125,28.190032958984375,54.86722946166992,22.755054473876953,63.002838134765625,11.861489295959473,118.43000030517578
2017-06-20,211.6636199951172,30.512784957885742,124.84103393554688,50.545509338378906,33.61915588378906,85.08058166503906,28.430240631103516,54.67486572265625,22.783199310302734,62.793643951416016,11.743128776550293,118.18000030517578
2017-06-21,211.57752990722656,30.327285766601562,124.52848815917969,50.48336410522461,33.6929931640625,85.09600830078125,28.492237091064453,54.35839080810547,22.81835174560547,62.5457878112793,11.616312026977539,118.5199966430664
2017-06-22,211.50865173339844,30.37279510498047,125.0017318725586,50.4755973815918,33.86526870727539,85.13472747802734,28.53873062133789,54.507320404052734,22.804277420043945,62.66973114013672,11.633220672607422,118.91999816894531
2017-06-23,211.72393798828125,30.49178123474121,125.83222961425781,50.599876403808594,34.04575729370117,85.15019226074219,28.523229598999023,54.7307243347168,22.797250747680664,62.91761779785156,11.68394660949707,119.43000030517578
2017-06-26,211.85313415527344,30.612533569335938,125.98407745361328,50.68532180786133,34.37390899658203,85.22758483886719,28.63946533203125,54.8051872253418,22.83241081237793,63.32044982910156,11.709310531616211,118.36000061035156
2017-06-27,210.25869750976562,30.358274459838867,124.87672424316406,50.677555084228516,33.971920013427734,84.9722671508789,28.35663414001465,54.631446838378906,22.783199310302734,62.94608688354492,11.844581604003906,118.80999755859375
2017-06-28,212.04083251953125,30.70243263244629,126.78775787353516,51.12032699584961,34.23444366455078,85.00321960449219,28.23653221130371,54.85481262207031,22.804277420043945,63.03205108642578,11.920671463012695,118.9000015258789
2017-06-29,210.2500762939453,30.514549255371094,126.03765106201172,50.61541748046875,33.79964065551758,84.8407211303711,28.035070419311523,54.718318939208984,22.769123077392578,62.34428787231445,11.971396446228027,118.31999969482422
2017-06-30,210.57876586914062,30.54439353942871,125.8411636352539,50.646480560302734,33.95552062988281,84.73242950439453,27.938199996948242,54.84861755371094,22.748023986816406,62.34428787231445,12.216572761535645,118.0199966430664
2017-07-03,210.97674560546875,30.749845504760742,126.89493560791016,50.584346771240234,34.152408599853516,84.58118438720703,27.825605392456055,54.82182693481445,22.807945251464844,63.00862503051758,12.343389511108398,116.08999633789062
2017-07-05,211.42660522460938,30.649757385253906,126.43946075439453,50.584346771240234,34.086769104003906,84.62773895263672,27.864439010620117,54.77819061279297,22.709253311157227,62.297393798828125,12.157392501831055,116.5199966430664
2017-07-06,209.5233154296875,30.263452529907227,124.78837585449219,50.35907745361328,33.67658233642578,84.46491241455078,27.658645629882812,54.64109802246094,22.744497299194336,61.21104431152344,12.165846824645996,116.47000122070312
2017-07-07,210.83834838867188,30.572494506835938,125.99915313720703,50.366844177246094,33.742210388183594,84.4338607788086,27.507253646850586,54.59123611450195,22.666954040527344,61.508056640625,12.0474853515625,115.27999877929688
2017-07-10,211.0372772216797,30.509288787841797,125.4520263671875,50.49112319946289,34.06216049194336,84.47261047363281,27.54606819152832,54.65357208251953,22.624649047851562,61.05473709106445,12.098212242126465,115.47000122070312
2017-07-11,210.9335479736328,30.54439353942871,125.81974792480469,50.60765075683594,34.341094970703125,84.55020141601562,27.584884643554688,54.61616897583008,22.624649047851562,60.984413146972656,12.216572761535645,115.62000274658203
2017-07-12,212.51666259765625,30.746328353881836,126.788330078125,51.011566162109375,35.00559997558594,84.80601501464844,27.736316680908203,54.971412658691406,22.751554489135742,61.750328063964844,12.157392501831055,116.02999877929688
2017-07-13,212.8454132080078,30.777944564819336,126.8959732055664,51.15916442871094,35.17787551879883,84.71302032470703,27.596548080444336,55.0150032043457,22.688095092773438,61.77375411987305,12.14893913269043,115.81999969482422
2017-07-14,213.77108764648438,30.886802673339844,127.11123657226562,51.516483306884766,35.62088394165039,84.79827880859375,27.62760353088379,55.17082595825195,22.751554489135742,62.39900588989258,12.284207344055176,116.7699966430664
2017-07-17,213.8143310546875,30.941234588623047,127.40718078613281,51.41550827026367,35.45680236816406,84.83702850341797,27.716875076293945,55.18947982788086,22.751554489135742,62.649085998535156,12.241936683654785,117.29000091552734
2017-07-18,213.99603271484375,30.84817123413086,127.07538604736328,51.46211624145508,35.56344985961914,85.03085327148438,27.953716278076172,55.21442794799805,22.87845802307129,62.492794036865234,12.292662620544434,118.11000061035156
2017-07-19,215.08609008789062,31.15721893310547,128.3399200439453,51.687374114990234,35.858795166015625,85.05413055419922,27.945964813232422,55.30792236328125,22.87845802307129,62.992977142333984,12.402570724487305,118.08000183105469
2017-07-20,215.1898956298828,31.136154174804688,128.4296417236328,51.89710998535156,35.81776809692383,85.077392578125,28.043012619018555,55.339088439941406,22.87845802307129,62.742881774902344,12.385660171508789,118.23999786376953
2017-07-21,215.0255126953125,31.04834747314453,127.84664916992188,51.69514846801758,35.793174743652344,85.22470092773438,28.14785385131836,55.29542541503906,22.88551139831543,62.8757438659668,12.216572761535645,119.26000213623047
2017-07-24,214.9736328125,31.108051300048828,128.02603149414062,51.555335998535156,35.89980697631836,85.1471939086914,28.0507869720459,55.339088439941406,22.899608612060547,62.711605072021484,12.241936683654785,119.30999755859375
2017-07-25,215.475341796875,31.387245178222656,129.19190979003906,51.62523651123047,35.809574127197266,84.84483337402344,27.678064346313477,55.363990783691406,22.81500244140625,62.7897834777832,12.377206802368164,118.91999816894531
2017-07-26,215.53590393066406,31.102779388427734,128.4744415283203,51.943729400634766,36.10490417480469,85.00762939453125,27.736316680908203,55.44502639770508,22.906665802001953,63.12583923339844,12.495567321777344,119.87999725341797
2017-07-27,215.3369598388672,31.011465072631836,127.6583251953125,51.82720184326172,35.908023834228516,84.8835220336914,27.58877182006836,55.40138626098633,22.822053909301758,63.1805419921875,12.571656227111816,119.79000091552734
2017-07-28,215.03416442871094,30.853424072265625,127.31751251220703,51.8815803527832,35.89160919189453,85.05413055419922,27.779008865356445,55.40763473510742,22.857309341430664,63.04768753051758,12.639291763305664,120.69000244140625
2017-07-31,214.94764709472656,30.814807891845703,126.91394805908203,51.99032974243164,35.93263244628906,85.01537322998047,27.79454803466797,55.40763473510742,22.857309341430664,63.03987121582031,12.715380668640137,120.75
2017-08-01,215.4061279296875,30.89382553100586,127.15608978271484,52.27773666381836,36.039276123046875,85.24849700927734,27.98326301574707,55.46268844604492,22.896183013916016,63.321231842041016,12.571656227111816,120.6500015258789
2017-08-02,215.51856994628906,30.67784881591797,125.76595306396484,52.3010368347168,36.072086334228516,85.18633270263672,27.99103546142578,55.475196838378906,22.903257369995117,62.922645568847656,12.597020149230957,120.4000015258789
2017-08-03,215.13796997070312,30.579519271850586,125.13813018798828,52.33211898803711,35.92441940307617,85.35723876953125,28.267282485961914,55.36882400512695,22.924457550048828,62.70380401611328,12.504021644592285,120.58999633789062
2017-08-04,215.46669006347656,30.670827865600586,125.74801635742188,52.40203094482422,36.05568313598633,85.21739196777344,28.01048469543457,55.38133239746094,22.924457550048828,62.914817810058594,12.529385566711426,119.6500015258789
2017-08-07,215.86465454101562,30.66555404663086,125.95428466796875,52.425323486328125,36.301795959472656,85.20960235595703,28.076631546020508,55.35630798339844,22.98101234436035,62.96173858642578,12.554749488830566,119.51000213623047
2017-08-08,215.38885498046875,30.600597381591797,125.55970001220703,52.145687103271484,36.31000518798828,85.13191986083984,27.98326301574707,55.1185188293457,22.84670639038086,62.61782455444336,12.563200950622559,119.86000061035156
2017-08-09,215.3455810546875,30.391632080078125,124.47447967529297,52.060237884521484,35.981849670410156,85.20960235595703,28.115537643432617,54.905723571777344,22.867908477783203,62.5084228515625,12.647747039794922,121.30999755859375
2017-08-10,212.3609161376953,29.905241012573242,122.21439361572266,51.322288513183594,35.1286506652832,85.29508209228516,28.341209411621094,54.55531692504883,22.910324096679688,62.03168487548828,12.453295707702637,122.20999908447266
2017-08-11,212.5771942138672,29.97196388244629,122.39378356933594,51.22907257080078,35.21068572998047,85.36502838134766,28.349000930786133,54.64916229248047,22.94567108154297,61.73468017578125,12.495567321777344,122.79000091552734
2017-08-14,214.69674682617188,30.314363479614258,124.250244140625,51.60194396972656,35.57166290283203,85.32616424560547,28.24005126953125,54.937034606933594,22.853755950927734,62.68037414550781,12.385660171508789,121.91999816894531
2017-08-15,214.679443359375,30.154579162597656,123.22785186767578,51.5630989074707,35.61268615722656,85.20184326171875,28.11943817138672,54.955833435058594,22.867908477783203,62.50060272216797,12.326480865478516,120.9800033569336
2017-08-16,215.0687255859375,30.231842041015625,123.26371765136719,51.858272552490234,35.981849670410156,85.35723876953125,28.197254180908203,54.96207046508789,22.867908477783203,62.77415466308594,12.292662620544434,121.87000274658203
2017-08-17,211.7812957763672,29.705059051513672,121.01260375976562,51.27568817138672,35.52243423461914,85.48153686523438,28.40736198425293,54.655433654785156,22.952733993530273,62.34428787231445,12.326480865478516,122.48999786376953
2017-08-18,211.30543518066406,29.64537239074707,121.00364685058594,51.41550827026367,35.82596969604492,85.42716217041016,28.395679473876953,54.73678970336914,22.910324096679688,61.883182525634766,12.546294212341309,122.30000305175781
2017-08-21,211.599609375,29.65238380432129,120.92291259765625,51.39997100830078,35.95724105834961,85.4893569946289,28.473501205444336,54.79311752319336,22.910324096679688,62.43806076049805,12.39411449432373,122.76000213623047
2017-08-22,213.6845703125,29.914026260375977,122.23236083984375,51.648536682128906,36.35922622680664,85.41165161132812,28.349000930786133,55.018402099609375,22.910324096679688,62.38337707519531,12.427932739257812,122.20999908447266
2017-08-23,212.94915771484375,29.8420352935791,122.03504180908203,51.65631103515625,36.5315055847168,85.6058578491211,28.54741668701172,55.0246696472168,22.988080978393555,62.89918518066406,12.53783893585205,122.66999816894531
2017-08-24,212.55126953125,29.81393051147461,122.41172790527344,51.539791107177734,36.64635467529297,85.4970932006836,28.43848991394043,55.105995178222656,22.988080978393555,62.836669921875,12.529385566711426,122.29000091552734
2017-08-25,212.97515869140625,29.96319007873535,122.761474609375,51.850521087646484,36.859657287597656,85.55928039550781,28.543533325195312,55.20611572265625,22.988080978393555,63.13367462158203,12.504021644592285,122.73999786376953
2017-08-28,213.01840209960938,29.940353393554688,123.2816390991211,51.850521087646484,36.728397369384766,85.59034729003906,28.539636611938477,55.212371826171875,23.009286880493164,62.81321716308594,12.512475967407227,124.69000244140625
2017-08-29,213.28659057617188,29.917537689208984,123.30855560302734,51.64076614379883,36.662757873535156,85.71463012695312,28.629140853881836,55.1435432434082,23.00222396850586,62.71942901611328,12.512475967407227,124.41999816894531
2017-08-30,214.31607055664062,30.108930587768555,124.09779357910156,51.570865631103516,36.72019577026367,85.69912719726562,28.617477416992188,55.293724060058594,23.051713943481445,63.055519104003906,12.419477462768555,124.36000061035156
2017-08-31,215.53590393066406,30.344228744506836,125.31749725341797,51.9670295715332,36.777626037597656,85.8156967163086,28.695289611816406,55.44392013549805,23.030502319335938,63.461917877197266,12.766107559204102,125.81999969482422
2017-09-01,215.9079132080078,30.46187400817871,126.02604675292969,52.03694534301758,37.04833984375,85.62100219726562,28.478498458862305,55.500465393066406,23.092166900634766,63.46971893310547,12.7830171585083,126.05999755859375
2017-09-05,214.35935974121094,30.131755828857422,124.81527709960938,51.687374114990234,36.56432342529297,85.97136688232422,28.9268856048584,55.374794006347656,23.092166900634766,63.33686828613281,12.808379173278809,127.45999908447266
2017-09-06,215.07740783691406,30.16862678527832,125.07537078857422,52.005859375,36.80223083496094,85.87796020507812,28.712434768676758,55.337093353271484,23.120513916015625,63.461917877197266,12.935196876525879,126.80999755859375
2017-09-07,215.07740783691406,30.061521530151367,124.76148986816406,52.43309783935547,37.07295608520508,86.08816528320312,29.04386329650879,55.34335708618164,23.11343002319336,63.87613296508789,12.926740646362305,128.1300048828125
2017-09-08,214.7140655517578,30.15106964111328,124.86011505126953,52.44086837768555,36.826847076416016,85.9869613647461,28.985366821289062,55.16741943359375,23.17012596130371,63.837039947509766,12.7830171585083,127.97000122070312
2017-09-11,217.05850219726562,30.519821166992188,126.16952514648438,52.85255813598633,37.319068908691406,85.75343322753906,28.650060653686523,55.34335708618164,23.063800811767578,64.3763427734375,12.808379173278809,126.19000244140625
2017-09-12,217.83717346191406,30.721750259399414,126.94081115722656,53.01568603515625,37.27804946899414,85.62876892089844,28.498003005981445,55.41249084472656,23.028371810913086,63.72763442993164,12.842196464538574,126.55999755859375
2017-09-13,217.9322967529297,30.68839454650879,127.31751251220703,52.728271484375,37.08116149902344,85.54315948486328,28.4005126953125,55.43136978149414,22.95748519897461,63.49317932128906,12.90137767791748,125.61000061035156
2017-09-14,217.85447692871094,30.674335479736328,127.20092010498047,52.82149124145508,37.17959976196289,85.58988189697266,28.494091033935547,55.50674057006836,22.95748519897461,63.88396072387695,12.909832000732422,126.16000366210938
2017-09-15,218.13128662109375,30.77091407775879,127.7210693359375,52.86809158325195,37.40110778808594,85.57432556152344,28.509689331054688,55.557029724121094,22.95748519897461,64.1496810913086,12.969012260437012,125.52999877929688
2017-09-18,218.6244354248047,30.920167922973633,128.59100341796875,52.93800735473633,37.532371520996094,85.53534698486328,28.381017684936523,55.53191375732422,22.950403213500977,63.80579376220703,12.952104568481445,124.36000061035156
2017-09-19,218.83201599121094,30.916656494140625,128.59100341796875,53.18657684326172,37.61439895629883,85.48865509033203,28.299142837524414,55.58845138549805,23.028371810913086,63.31340789794922,12.926740646362305,124.62000274658203
2017-09-20,218.9618377685547,31.02200698852539,129.00357055664062,53.07006072998047,37.44212341308594,85.41856384277344,28.310829162597656,55.582149505615234,23.028371810913086,63.1571044921875,13.03664779663086,123.62000274658203
2017-09-21,218.32164001464844,30.955284118652344,128.8690185546875,52.961307525634766,37.44212341308594,85.40300750732422,28.29524803161621,55.513031005859375,22.985837936401367,62.95392608642578,12.985920906066895,122.68000030517578
2017-09-22,218.33021545410156,31.04483413696289,129.41615295410156,53.12443923950195,37.22882843017578,85.46530151367188,28.365413665771484,55.56959915161133,22.94330406188965,62.57874298095703,13.03664779663086,123.23999786376953
2017-09-25,217.9149932861328,31.111570358276367,129.5955047607422,52.82149124145508,36.59713363647461,85.66773986816406,28.552589416503906,55.60102081298828,23.021284103393555,62.914817810058594,13.256462097167969,124.52999877929688
2017-09-26,218.0402069091797,31.145748138427734,130.00816345214844,52.70497131347656,36.49868392944336,85.63656616210938,28.50189781188965,55.67014694213867,23.056718826293945,62.93215560913086,13.138100624084473,123.13999938964844
2017-09-27,218.89231872558594,31.44180679321289,132.55239868164062,52.74381637573242,36.36742401123047,85.38741302490234,28.080791473388672,55.69527816772461,22.9929256439209,62.42769241333008,13.087373733520508,121.9800033569336
2017-09-28,219.1271514892578,31.50877571105957,132.90301513671875,52.88363265991211,36.34281539916992,85.39521026611328,28.002819061279297,55.69527816772461,23.000024795532227,62.89276885986328,13.087373733520508,122.20999908447266
2017-09-29,219.93582153320312,31.526399612426758,133.21766662597656,53.19435119628906,36.76121139526367,85.32514190673828,28.065196990966797,55.776973724365234,23.000024795532227,62.96368408203125,13.01973819732666,121.58000183105469
2017-10-02,220.84014892578125,31.82244873046875,134.85394287109375,53.14773178100586,36.76941680908203,85.3774185180664,28.014413833618164,55.74856948852539,22.95382308959961,62.83757019042969,12.909832000732422,120.7699966430664
2017-10-03,221.36184692382812,31.892932891845703,135.150634765625,53.3264045715332,37.35188293457031,85.44762420654297,28.041767120361328,55.849517822265625,22.9609317779541,62.884883880615234,12.918285369873047,120.83000183105469
2017-10-04,221.6488800048828,31.882373809814453,134.71905517578125,53.22541809082031,37.34367370605469,85.42423248291016,28.049571990966797,55.792724609375,23.003564834594727,63.286861419677734,12.935196876525879,121.16999816894531
2017-10-05,222.935791015625,31.972238540649414,135.08766174316406,53.19435119628906,37.62260818481445,85.3852310180664,27.92844581604004,55.86213684082031,22.9609317779541,63.48392105102539,13.078920364379883,120.5199966430664
2017-10-06,222.70101928710938,31.954612731933594,134.8988800048828,53.1555061340332,37.43391418457031,85.26039123535156,27.869834899902344,55.780113220214844,22.932504653930664,63.255340576171875,12.876014709472656,121.08999633789062
2017-10-09,222.32713317871094,31.848876953125,134.34149169921875,53.17104721069336,37.40931701660156,85.3774185180664,27.940166473388672,55.786434173583984,22.932504653930664,63.3814582824707,12.884469032287598,122.08000183105469
2017-10-10,222.9009552001953,31.947574615478516,134.72805786132812,53.67596435546875,37.77848434448242,85.3852310180664,27.99488067626953,55.830596923828125,22.989356994628906,63.46815490722656,13.03664779663086,122.4000015258789
2017-10-11,223.22276306152344,31.968708038330078,134.629150390625,53.80800247192383,37.95075988769531,85.40081024169922,28.04566764831543,55.7737922668457,23.01777458190918,63.736167907714844,13.062010765075684,122.79000091552734
2017-10-12,222.9009552001953,31.98280906677246,134.53028869628906,53.76140213012695,37.934349060058594,85.50225067138672,28.16288185119629,55.710697174072266,23.031986236572266,64.15390014648438,13.0451021194458,122.88999938964844
2017-10-13,223.15313720703125,31.96341896057129,134.28753662109375,54.04104232788086,38.278907775878906,85.712890625,28.34652328491211,55.7359504699707,23.09595489501953,64.29580688476562,13.171916961669922,123.81999969482422
2017-10-16,223.5183868408203,31.965190887451172,134.17068481445312,54.002201080322266,38.254302978515625,85.62711334228516,28.33479881286621,55.76747131347656,23.03910255432129,63.97262191772461,13.205735206604004,122.97000122070312
2017-10-17,223.65750122070312,31.910564422607422,133.78408813476562,53.86238479614258,38.057403564453125,85.59586334228516,28.37386703491211,55.849517822265625,23.060422897338867,64.02778625488281,13.188827514648438,122.12999725341797
2017-10-18,223.84884643554688,32.0180549621582,134.42239379882812,54.017738342285156,38.14765548706055,85.4632797241211,28.19414520263672,55.906333923339844,23.031986236572266,63.956886291503906,13.180371284484863,121.66999816894531
2017-10-19,223.93580627441406,32.05152893066406,134.21559143066406,53.93229675292969,37.81129837036133,85.52566528320312,28.26446533203125,55.912635803222656,23.074634552001953,63.909549713134766,13.12119197845459,122.38999938964844
2017-10-20,225.0835418701172,32.24186325073242,134.83595275878906,53.86238479614258,37.95075988769531,85.27599334716797,27.95189094543457,55.96311569213867,22.989356994628906,63.70462417602539,13.188827514648438,121.61000061035156
2017-10-23,224.22271728515625,32.07444381713867,133.82904052734375,53.74586868286133,37.647220611572266,85.36962890625,27.998783111572266,55.900001525878906,23.03910255432129,63.40509796142578,13.188827514648438,121.80000305175781
2017-10-24,224.56187438964844,32.19252395629883,134.10775756835938,53.83131408691406,37.647220611572266,85.19019317626953,27.842491149902344,55.900001525878906,22.95382308959961,63.089805603027344,13.324095726013184,121.33000183105469
2017-10-25,223.5097198486328,31.99692153930664,133.46043395996094,53.621578216552734,37.565181732177734,85.13555145263672,27.717449188232422,55.742252349853516,22.932504653930664,62.845455169677734,13.3410062789917,121.3499984741211
2017-10-26,223.77923583984375,32.155521392822266,133.73907470703125,53.61381912231445,37.31086349487305,85.04192352294922,27.631521224975586,55.6728515625,22.939603805541992,62.45922088623047,13.400186538696289,120.33000183105469
2017-10-27,225.5705108642578,32.31059646606445,134.66513061523438,53.73810577392578,37.85231399536133,85.22917938232422,27.795610427856445,55.824256896972656,22.9609317779541,62.74299621582031,13.467822074890137,120.9000015258789
2017-10-30,224.79660034179688,32.07973861694336,133.24464416503906,53.86238479614258,37.61439895629883,85.4632797241211,28.030025482177734,55.811676025390625,22.996471405029297,62.87699508666992,13.501638412475586,121.12999725341797
2017-10-31,225.048828125,32.24186325073242,134.18861389160156,54.087650299072266,37.9671630859375,85.40865325927734,28.061302185058594,55.824256896972656,23.01777458190918,62.9952278137207,13.535456657409668,120.66999816894531
2017-11-01,225.41403198242188,32.16609573364258,133.29859924316406,54.14202117919922,38.164066314697266,85.44617462158203,28.17719841003418,55.771095275878906,23.035587310791016,63.042545318603516,13.54391098022461,121.11000061035156
2017-11-02,225.53573608398438,32.18018341064453,133.69419860839844,54.305152893066406,38.21327590942383,85.49310302734375,28.294675827026367,55.7393913269043,23.02846908569336,63.4366340637207,13.62845516204834,121.19000244140625
2017-11-03,226.24008178710938,32.27534103393555,133.6043243408203,54.219703674316406,38.016395568847656,85.57125854492188,28.35733413696289,55.74571228027344,23.042713165283203,63.397212982177734,13.712997436523438,120.62000274658203
2017-11-06,226.6227264404297,32.395172119140625,133.7571563720703,54.297386169433594,38.442989349365234,85.64942169189453,28.47478675842285,55.75204086303711,23.078344345092773,64.13027954101562,13.975085258483887,121.6500015258789
2017-11-07,226.50965881347656,32.190757751464844,132.15679931640625,54.09541702270508,38.19688034057617,85.67285919189453,28.58443260192871,55.593658447265625,23.08547592163086,64.58744049072266,13.890539169311523,121.20999908447266
2017-11-08,226.90090942382812,32.27711868286133,132.3366241455078,54.27408218383789,38.377357482910156,85.6181640625,28.498273849487305,55.34654235839844,23.0640926361084,65.02095794677734,13.865178108215332,121.62999725341797
2017-11-09,226.07485961914062,32.10968780517578,131.86920166015625,53.963356018066406,38.139461517333984,85.55563354492188,28.427799224853516,55.07408142089844,22.999971389770508,64.997314453125,13.890539169311523,122.12999725341797
2017-11-10,225.91835021972656,32.104408264160156,131.770263671875,53.815773010253906,37.97537612915039,85.21163177490234,28.036237716674805,55.1944694519043,22.95722007751465,65.03673553466797,13.865178108215332,121.12999725341797
2017-11-13,226.1705322265625,32.176666259765625,131.8062286376953,53.59050750732422,37.893333435058594,85.21163177490234,28.0988826751709,55.15644454956055,22.92159080505371,65.27320861816406,13.822905540466309,121.30999755859375
2017-11-14,225.71829223632812,32.13788986206055,131.44664001464844,53.551666259765625,37.639015197753906,85.2976303100586,28.26333999633789,54.92201232910156,22.942970275878906,65.17073822021484,13.636907577514648,121.55999755859375
2017-11-15,224.50099182128906,31.98986053466797,130.9252166748047,53.29533767700195,37.44212341308594,85.46175384521484,28.568756103515625,54.92201232910156,22.942970275878906,64.61107635498047,13.620000839233398,121.41000366210938
2017-11-16,226.3792266845703,32.30354690551758,132.84909057617188,53.72256851196289,38.22148895263672,85.36802673339844,28.294675827026367,55.46059799194336,22.942970275878906,65.04460906982422,13.577727317810059,121.4000015258789
2017-11-17,225.76182556152344,32.39166259765625,133.46043395996094,53.52837371826172,38.41017150878906,85.46175384521484,28.529611587524414,55.422576904296875,23.035587310791016,64.74510192871094,13.797542572021484,122.86000061035156
2017-11-20,226.1183624267578,32.507965087890625,134.43141174316406,53.64488983154297,38.6070671081543,85.41488647460938,28.50609588623047,55.43522262573242,22.99285316467285,64.61107635498047,13.68763542175293,121.30999755859375
2017-11-21,227.5878448486328,32.71590805053711,135.8338165283203,54.048824310302734,39.123905181884766,85.50086975097656,28.576597213745117,55.5493049621582,23.02135467529297,65.07614135742188,13.780631065368652,121.51000213623047
2017-11-22,227.4226837158203,32.69651794433594,135.654052734375,54.19639587402344,39.222354888916016,85.64942169189453,28.686235427856445,55.63801193237305,23.02135467529297,64.8948745727539,13.856721878051758,122.62999725341797
2017-11-24,227.90093994140625,32.71062088012695,135.7080078125,54.6391716003418,39.14030838012695,85.63374328613281,28.600095748901367,55.67601776123047,23.02135467529297,65.02886199951172,13.898993492126465,122.31999969482422
2017-11-27,227.8313751220703,32.65599060058594,135.29443359375,54.31291961669922,38.5660514831543,85.63374328613281,28.568756103515625,55.50493621826172,23.078344345092773,64.7608413696289,13.87363052368164,122.83000183105469
2017-11-28,230.1269989013672,33.103599548339844,137.4251251220703,54.623634338378906,38.85317611694336,85.63374328613281,28.592266082763672,55.67601776123047,23.014217376708984,64.61895751953125,13.814449310302734,122.80999755859375
2017-11-29,229.97918701171875,33.246334075927734,137.88363647460938,54.40613555908203,38.237892150878906,85.42271423339844,28.341646194458008,55.60634231567383,23.049837112426758,64.5401382446289,13.721452713012695,122.04000091552734
2017-11-30,232.07481384277344,33.44370651245117,138.13536071777344,54.460514068603516,37.81949234008789,85.28199005126953,28.232017517089844,55.618995666503906,22.9857120513916,64.61107635498047,13.662271499633789,121.0999984741211
2017-12-01,231.52699279785156,33.36616897583008,137.56898498535156,54.243003845214844,37.606204986572266,85.52564239501953,28.621259689331055,55.60118103027344,23.077167510986328,64.72931671142578,13.780631065368652,121.58999633789062
2017-12-04,231.28350830078125,33.35206985473633,137.05648803710938,54.048824310302734,37.680030822753906,85.5177993774414,28.6134090423584,55.58209228515625,23.005725860595703,64.23274993896484,13.61154556274414,121.18000030517578
2017-12-05,230.422607421875,33.084205627441406,135.68997192382812,53.93229675292969,37.655426025390625,85.60397338867188,28.770376205444336,55.55026626586914,23.055747985839844,63.85439682006836,13.61154556274414,120.31999969482422
2017-12-06,230.47476196289062,32.95203399658203,135.0517120361328,53.82353591918945,37.146785736083984,85.69017791748047,28.888097763061523,55.499366760253906,23.077167510986328,63.83073806762695,13.38327693939209,120.06999969482422
2017-12-07,231.17051696777344,33.182899475097656,135.99569702148438,53.963356018066406,37.253440856933594,85.58048248291016,28.66051483154297,55.52482986450195,23.08432388305664,64.09085845947266,13.425549507141113,118.48999786376953
2017-12-08,232.43130493164062,33.302734375,136.12158203125,54.25077819824219,37.6882438659668,85.54917907714844,28.621259689331055,55.58209228515625,23.027164459228516,64.30368041992188,13.493185043334961,118.4800033569336
2017-12-11,233.23130798339844,33.26572036743164,136.0675811767578,54.390602111816406,37.87691879272461,85.5177993774414,28.574182510375977,55.594810485839844,23.077167510986328,64.37461853027344,13.52700138092041,118.01000213623047
2017-12-12,233.5878143310547,33.182899475097656,135.64505004882812,54.460514068603516,37.62260818481445,85.47863006591797,28.55063819885254,55.56934356689453,23.041454315185547,64.63473510742188,13.408639907836914,118.1500015258789
2017-12-13,233.53562927246094,33.19700241088867,136.45423889160156,54.67024230957031,38.073822021484375,85.72150421142578,28.770376205444336,55.60118103027344,23.17005157470703,64.76873779296875,13.349459648132324,119.16999816894531
2017-12-14,232.63128662109375,32.915042877197266,134.94384765625,54.36729431152344,37.794891357421875,85.74502563476562,28.89594268798828,55.48664474487305,23.14147186279297,64.72931671142578,13.391732215881348,118.93000030517578
2017-12-15,234.59649658203125,33.24281311035156,136.86770629882812,54.35175323486328,37.87691879272461,85.7685546875,28.9901180267334,55.4930305480957,23.16290855407715,64.997314453125,13.391732215881348,119.18000030517578
2017-12-18,236.05731201171875,33.586456298828125,138.71969604492188,54.996498107910156,38.30351638793945,85.65882110595703,28.738990783691406,55.55026626586914,23.120038986206055,65.35987091064453,13.450911521911621,119.7300033569336
2017-12-19,235.12513732910156,33.43679428100586,137.62294006347656,54.79473876953125,38.10114288330078,85.40811920166016,28.38331413269043,55.43576431274414,22.97964096069336,64.10128021240234,13.55236530303955,119.81999969482422
2017-12-20,235.00282287597656,33.50040817260742,137.89260864257812,54.70053482055664,38.151123046875,85.21224975585938,28.076431274414062,55.480308532714844,22.97964096069336,63.432159423828125,13.62845516204834,120.13999938964844
2017-12-21,235.47462463378906,33.58168029785156,138.496337890625,54.89678955078125,38.400970458984375,85.28752136230469,28.225923538208008,55.53841781616211,22.97964096069336,63.201141357421875,13.636907577514648,120.30999755859375
2017-12-22,235.41343688964844,33.57638168334961,138.2436981201172,55.03810119628906,38.72576141357422,85.3266830444336,28.27313804626465,55.58958053588867,23.044103622436523,63.59944152832031,13.696089744567871,120.94000244140625
2017-12-26,235.11634826660156,33.5958137512207,138.32489013671875,55.022396087646484,38.69244384765625,85.3971939086914,28.359704971313477,55.672607421875,23.065603256225586,63.91011047363281,13.898993492126465,121.7699966430664
2017-12-27,235.2649383544922,33.58698272705078,138.1895751953125,55.124454498291016,38.79238510131836,85.66365814208984,28.71380615234375,55.698150634765625,23.065603256225586,64.14112854003906,13.932809829711914,122.2300033569336
2017-12-28,235.70181274414062,33.698280334472656,138.7310028076172,55.155860900878906,39.05888366699219,85.60098266601562,28.666601181030273,55.672607421875,23.065603256225586,64.5155029296875,14.000446319580078,122.8499984741211
2017-12-29,234.8805694580078,33.53043746948242,137.5849151611328,55.195106506347656,39.242103576660156,85.68722534179688,28.79249382019043,55.755672454833984,23.101417541503906,64.53146362304688,14.042718887329102,123.6500015258789
2018-01-02,236.62782287597656,33.846710205078125,138.88436889648438,55.60331344604492,39.98330307006836,85.5617904663086,28.44626235961914,55.806800842285156,23.051267623901367,64.2048568725586,14.110353469848633,125.1500015258789
2018-01-03,237.9994354248047,33.90853500366211,139.02879333496094,55.870216369628906,40.366397857666016,85.56961059570312,28.564289093017578,56.07516860961914,23.036943435668945,64.10128021240234,14.19489860534668,124.81999969482422
2018-01-04,239.03041076660156,34.005714416503906,139.3988037109375,56.4825439453125,40.56626892089844,85.5147705078125,28.564289093017578,56.170982360839844,23.101417541503906,63.09761047363281,14.177989959716797,125.45999908447266
2018-01-05,240.541748046875,34.138240814208984,139.6875762939453,56.79655456542969,40.91604995727539,85.45987701416016,28.469877243041992,56.20933151245117,23.065603256225586,63.16132736206055,14.127262115478516,125.33000183105469
2018-01-08,241.07467651367188,34.30782699584961,139.90414428710938,56.78086471557617,40.91604995727539,85.4363784790039,28.46200180053711,56.164608001708984,23.051267623901367,63.51979064941406,14.118809700012207,125.30999755859375
2018-01-09,241.6250762939453,34.26189041137695,139.71466064453125,56.84365463256836,40.849422454833984,85.2012710571289,28.06855583190918,55.99208068847656,22.99396324157715,62.78694152832031,14.21180534362793,124.7300033569336
2018-01-10,241.24069213867188,34.09934616088867,139.73269653320312,56.733760833740234,40.59126281738281,85.2012710571289,28.037076950073242,55.87067413330078,23.001131057739258,62.022220611572266,14.262533187866211,125.02999877929688
2018-01-11,242.95301818847656,34.585227966308594,142.13316345214844,57.12626266479492,40.84110641479492,85.24046325683594,28.155107498168945,56.055999755859375,23.094253540039062,61.807125091552734,14.254079818725586,125.44000244140625
2018-01-12,244.5430908203125,34.684173583984375,142.728759765625,57.69934844970703,41.23251724243164,85.22480010986328,28.1944637298584,55.96015167236328,23.065603256225586,61.30527114868164,14.347076416015625,126.95999908447266
2018-01-16,243.66067504882812,34.42268371582031,140.90585327148438,57.64438247680664,41.07429122924805,85.24835205078125,28.320363998413086,55.92816925048828,23.101417541503906,61.4725456237793,14.279438972473145,127.16999816894531
2018-01-17,246.0894012451172,34.684173583984375,142.24142456054688,57.942684173583984,41.61561584472656,85.15422821044922,28.265287399291992,55.93458557128906,23.07992935180664,61.910682678222656,14.296348571777344,126.13999938964844
2018-01-18,245.72256469726562,34.544586181640625,141.26678466796875,57.87205123901367,41.66558837890625,84.96617126464844,28.021329879760742,55.877071380615234,22.965320587158203,61.30527114868164,14.296348571777344,125.86000061035156
2018-01-19,246.7970733642578,34.91737365722656,143.1258544921875,58.19389343261719,42.00703430175781,84.78588104248047,27.871828079223633,55.93458557128906,22.936660766601562,61.70357894897461,14.270987510681152,126.41999816894531
2018-01-22,248.75408935546875,35.09053421020508,143.89288330078125,58.49221420288086,42.24855422973633,84.75455474853516,27.887575149536133,55.9857177734375,22.929506301879883,62.2054443359375,14.304802894592285,126.6500015258789
2018-01-23,249.33067321777344,35.166507720947266,144.35316467285156,58.68061447143555,42.44843292236328,84.95832824707031,28.021329879760742,56.15182113647461,22.99396324157715,63.06572341918945,14.406259536743164,127.27999877929688
2018-01-24,249.1996307373047,35.07285690307617,143.45973205566406,58.78266906738281,42.80654525756836,84.87208557128906,27.871828079223633,56.06877899169922,22.98680305480957,62.84268569946289,14.55843448638916,128.8300018310547
2018-01-25,249.2957000732422,35.046356201171875,143.51388549804688,58.555015563964844,42.781551361083984,85.09154510498047,28.100021362304688,56.03041458129883,22.99396324157715,62.723209381103516,14.473893165588379,127.97000122070312
2018-01-26,252.1874542236328,35.19654083251953,144.02825927734375,59.073123931884766,43.37285614013672,84.9347915649414,27.974119186401367,56.07516860961914,22.943824768066406,62.74711608886719,14.5837984085083,128.07000732421875
2018-01-29,250.51882934570312,34.9085578918457,143.21612548828125,58.53145980834961,42.71493148803711,84.78588104248047,27.824623107910156,55.877071380615234,22.965320587158203,61.94253158569336,14.54152774810791,127.3499984741211
2018-01-30,247.8104248046875,34.544586181640625,141.8444061279297,58.044742584228516,42.131961822509766,84.65264892578125,27.659364700317383,55.68539047241211,22.958154678344727,61.60797119140625,14.44007396697998,126.80000305175781
2018-01-31,248.247314453125,34.45977020263672,141.10440063476562,57.96623992919922,42.4984016418457,84.72315979003906,27.816734313964844,55.78123474121094,22.98680305480957,62.5798225402832,14.456982612609863,127.6500015258789
2018-02-01,247.932861328125,34.52516555786133,141.54661560058594,58.13109588623047,41.92374801635742,84.45767974853516,27.401975631713867,55.67599105834961,22.867586135864258,61.53627014160156,14.600706100463867,128.07000732421875
2018-02-02,242.46385192871094,33.83256149291992,138.8212127685547,56.95355987548828,40.849422454833984,84.206298828125,27.149646759033203,55.32307052612305,22.77421760559082,60.90699768066406,14.363984107971191,126.38999938964844
2018-02-05,232.43429565429688,32.58872985839844,133.4878387451172,54.567073822021484,39.416996002197266,84.54412078857422,27.449277877807617,55.01510238647461,22.75984764099121,58.9473876953125,14.228714942932129,126.70999908447266
2018-02-06,236.986083984375,32.88732147216797,135.0851593017578,55.64255142211914,40.699520111083984,84.30057525634766,27.267925262451172,55.3487548828125,22.745487213134766,59.15449523925781,14.144169807434082,125.37999725341797
2018-02-07,235.52699279785156,32.87672805786133,135.2205352783203,55.053802490234375,39.416996002197266,84.11207580566406,27.01559066772461,55.143428802490234,22.767026901245117,58.923500061035156,13.983539581298828,124.79000091552734
2018-02-08,226.8167724609375,31.783079147338867,131.24986267089844,53.61720275878906,38.05117416381836,83.97065734863281,26.98402976989746,54.66219711303711,22.680849075317383,57.18693161010742,13.839815139770508,124.9800033569336
2018-02-09,230.35507202148438,32.155860900878906,132.45008850097656,53.84485626220703,38.65913772583008,83.86067962646484,26.763261795043945,54.50818634033203,22.587474822998047,58.37382888793945,13.636907577514648,124.7699966430664
2018-02-12,233.42153930664062,32.45446014404297,133.7044219970703,54.669132232666016,39.26708984375,83.88427734375,26.905189514160156,54.88036346435547,22.6592960357666,58.549076080322266,13.721452713012695,125.37000274658203
2018-02-13,234.10296630859375,32.546329498291016,133.99325561523438,54.50428009033203,39.566898345947266,83.90784454345703,27.01559066772461,54.707122802734375,22.6592960357666,58.995174407958984,13.74681568145752,126.08000183105469
2018-02-14,237.3267822265625,33.16647720336914,136.4027557373047,55.4698600769043,40.55793762207031,83.62503051757812,26.73958969116211,54.8033332824707,22.5228328704834,58.708404541015625,13.958173751831055,128.22999572753906
2018-02-15,240.27096557617188,33.50571060180664,137.89173889160156,55.81528091430664,41.390750885009766,83.72710418701172,26.818445205688477,55.24611282348633,22.62338638305664,59.289913177490234,13.983539581298828,128.3800048828125
2018-02-16,240.3321533203125,33.58168029785156,138.37904357910156,56.06648254394531,41.25751495361328,83.89212036132812,26.944623947143555,55.470672607421875,22.666488647460938,59.79175567626953,14.008899688720703,127.95999908447266
2018-02-20,238.8643341064453,33.34315872192383,137.2419891357422,55.54051971435547,40.69118881225586,83.80570220947266,26.85787010192871,55.278175354003906,22.68802833557129,59.05093765258789,14.051172256469727,126.23999786376953
2018-02-21,237.63250732421875,33.26719284057617,137.38633728027344,55.27360916137695,40.65789031982422,83.53862762451172,26.526687622070312,55.02791976928711,22.5228328704834,58.07114028930664,14.034263610839844,125.66000366210938
2018-02-22,237.95574951171875,33.221256256103516,137.16978454589844,55.56406021118164,40.682865142822266,83.54647827148438,26.62918472290039,55.066429138183594,22.51565933227539,58.61280822753906,14.161078453063965,126.30000305175781
2018-02-23,241.75611877441406,33.64351272583008,138.95660400390625,56.00367736816406,41.407413482666016,83.7585678100586,26.818445205688477,55.43216323852539,22.6592960357666,59.608543395996094,14.254079818725586,126.13999938964844
2018-02-26,244.58677673339844,33.82904052734375,139.86802673339844,56.52964782714844,41.79050827026367,83.82144927978516,26.85787010192871,55.528404235839844,22.6592960357666,59.81566619873047,14.330169677734375,126.44999694824219
2018-02-27,241.54644775390625,33.34844970703125,137.8556671142578,55.68965530395508,40.57460403442383,83.64073181152344,26.82632827758789,55.380828857421875,22.63057518005371,58.55704879760742,14.186443328857422,125.12999725341797
2018-02-28,238.80323791503906,32.94386291503906,135.68075561523438,55.16371154785156,39.991634368896484,83.86856842041016,26.991926193237305,55.297420501708984,22.6592960357666,58.413658142089844,14.034263610839844,125.0
2018-03-01,235.62310791015625,32.84844970703125,135.3197479248047,54.237369537353516,39.91667938232422,83.94331359863281,27.173675537109375,54.93086624145508,22.642013549804688,58.23046112060547,14.059625625610352,124.72000122070312
2018-03-02,236.9336395263672,33.18767547607422,137.48562622070312,54.496437072753906,40.0832405090332,83.80950164794922,26.92081642150879,55.2401008605957,22.62761688232422,58.126914978027344,14.059625625610352,125.38999938964844
2018-03-05,239.55453491210938,33.53221130371094,138.71292114257812,54.786888122558594,40.14154052734375,83.7623062133789,26.857608795166016,55.2401008605957,22.59160804748535,58.780094146728516,14.144169807434082,125.18000030517578
2018-03-06,240.20977783203125,33.88909912109375,140.2110137939453,55.1087532043457,40.51630783081055,83.77801513671875,26.889204025268555,55.317386627197266,22.60600471496582,59.15449523925781,14.19489860534668,126.52999877929688
2018-03-07,240.12242126464844,33.97566604614258,141.44728088378906,55.09304428100586,40.55793762207031,83.7623062133789,26.873395919799805,55.18210220336914,22.54839324951172,59.45719528198242,14.042718887329102,125.72000122070312
2018-03-08,241.24069213867188,33.910301208496094,141.15850830078125,55.21080780029297,40.56626892089844,83.89610290527344,27.023536682128906,55.24653244018555,22.620407104492188,59.75991439819336,13.958173751831055,125.41999816894531
2018-03-09,245.33802795410156,34.46684646606445,143.41458129882812,55.56406021118164,41.432395935058594,83.73868560791016,26.857608795166016,55.44625473022461,22.60600471496582,60.13429260253906,14.093445777893066,125.54000091552734
2018-03-12,245.1371612548828,34.50395202636719,143.66729736328125,55.62686538696289,41.5323371887207,83.7859115600586,27.023536682128906,55.35603713989258,22.60600471496582,60.436981201171875,14.068081855773926,125.54000091552734
2018-03-13,243.54714965820312,34.30782699584961,142.99949645996094,55.257911682128906,41.157562255859375,83.89610290527344,27.14995574951172,55.18210220336914,22.62761688232422,60.53257369995117,14.025810241699219,125.77999877929688
2018-03-14,242.29782104492188,34.136451721191406,142.3227081298828,55.39134979248047,41.22419738769531,84.03781127929688,27.363319396972656,55.1176643371582,22.656431198120117,60.580379486083984,14.025810241699219,125.69999694824219
2018-03-15,242.04440307617188,34.011009216308594,141.60971069335938,55.35995101928711,41.07429122924805,84.04570770263672,27.371206283569336,55.156368255615234,22.670827865600586,60.564449310302734,14.017354965209961,124.9000015258789
2018-03-16,242.2628936767578,34.22303009033203,142.40391540527344,55.320709228515625,40.9826774597168,83.99842071533203,27.276384353637695,55.272308349609375,22.62761688232422,60.922908782958984,14.068081855773926,124.5999984741211
2018-03-19,239.0128936767578,33.913848876953125,141.0321807861328,54.87324905395508,40.54128646850586,83.91187286376953,27.189476013183594,55.046836853027344,22.642013549804688,60.35733413696289,13.975085258483887,124.87000274658203
2018-03-20,239.43223571777344,33.94388198852539,140.99609375,54.865394592285156,40.99100875854492,83.77801513671875,27.07886505126953,55.156368255615234,22.512388229370117,60.30955123901367,14.068081855773926,124.30999755859375
2018-03-21,238.99539184570312,34.04281997680664,141.8173065185547,54.95174026489258,41.23251724243164,83.77017211914062,27.110454559326172,55.175689697265625,22.56280517578125,59.847530364990234,14.321714401245117,126.4800033569336
2018-03-22,232.97427368164062,33.19343566894531,138.7075958251953,53.93120193481445,39.858375549316406,83.9275894165039,27.371206283569336,54.847129821777344,22.56280517578125,59.50054931640625,14.21180534362793,125.9800033569336
2018-03-23,228.02462768554688,32.53022766113281,135.72271728515625,53.334590911865234,39.05055618286133,83.9275894165039,27.347501754760742,54.705406188964844,22.60600471496582,58.55278015136719,14.33862018585205,127.61000061035156
2018-03-26,234.3169708251953,33.25372314453125,138.68954467773438,54.29233169555664,40.316429138183594,83.89610290527344,27.25267219543457,55.05970764160156,22.60600471496582,59.291717529296875,14.347076416015625,128.27999877929688
2018-03-27,230.20982360839844,32.744789123535156,136.0030975341797,53.891963958740234,39.58355712890625,84.14014434814453,27.529253005981445,55.00819778442383,22.59160804748535,59.452354431152344,14.287894248962402,127.48999786376953
2018-03-28,229.59552001953125,32.80863952636719,135.9578399658203,54.20597839355469,39.38368225097656,84.18740844726562,27.584550857543945,54.9824104309082,22.670827865600586,60.60093688964844,14.228714942932129,125.7300033569336
2018-03-29,232.88656616210938,33.260807037353516,137.33270263671875,54.70053482055664,40.208168029785156,84.43144226074219,27.734678268432617,55.16920471191406,22.69963836669922,60.616973876953125,14.35552978515625,125.79000091552734
2018-04-02,227.4805145263672,32.4805908203125,133.98602294921875,53.94691848754883,39.483619689941406,84.34701538085938,27.780614852905273,54.955135345458984,22.68157196044922,59.78165817260742,14.161078453063965,127.26000213623047
2018-04-03,230.43798828125,32.92920684814453,135.90359497070312,54.29233169555664,39.87504959106445,84.25232696533203,27.57470703125,55.11037063598633,22.659923553466797,60.17524719238281,14.23716926574707,126.30000305175781
2018-04-04,233.11471557617188,33.22002410888672,137.63116455078125,54.48072814941406,39.89169692993164,84.28384399414062,27.527191162109375,55.2332763671875,22.659923553466797,60.84992980957031,14.177989959716797,126.44999694824219
2018-04-05,234.73828125,33.47182846069336,138.77085876464844,54.84185028076172,39.991634368896484,84.16551971435547,27.33713722229004,55.27855682373047,22.609363555908203,60.9061393737793,14.245624542236328,125.80000305175781
2018-04-06,229.55162048339844,32.806854248046875,136.0030975341797,54.48072814941406,39.20878982543945,84.35490417480469,27.598472595214844,55.15564727783203,22.609363555908203,60.359962463378906,14.144169807434082,126.38999938964844
2018-04-09,230.54335021972656,32.82635498046875,136.16586303710938,54.92818832397461,39.25042724609375,84.42591094970703,27.630144119262695,55.36261749267578,22.717689514160156,60.25556182861328,14.321714401245117,126.81999969482422
2018-04-10,234.2906951904297,33.35124969482422,138.7347412109375,55.516963958740234,40.01661682128906,84.36280822753906,27.61432456970215,55.56313705444336,22.645469665527344,60.02261734008789,14.566888809204102,127.12000274658203
2018-04-11,233.01817321777344,33.310455322265625,139.033203125,55.30501174926758,40.033267974853516,84.433837890625,27.7014217376709,55.58256149291992,22.732128143310547,60.15916061401367,14.676797866821289,128.11000061035156
2018-04-12,235.0103302001953,33.4541015625,139.98292541503906,55.516963958740234,40.01661682128906,84.24446105957031,27.503435134887695,55.783058166503906,22.68157196044922,59.588897705078125,14.6176176071167,126.62000274658203
2018-04-13,234.2906951904297,33.34592056274414,139.25030517578125,55.571929931640625,39.61687088012695,84.26809692382812,27.558883666992188,55.8154182434082,22.68880271911621,59.7977180480957,14.626070976257324,127.44999694824219
2018-04-16,236.23892211914062,33.68994903564453,140.53472900390625,55.65827178955078,39.666831970214844,84.28384399414062,27.558883666992188,55.899513244628906,22.674345016479492,60.08688735961914,14.575342178344727,127.62999725341797
2018-04-17,238.76634216308594,33.945289611816406,142.06336975097656,55.909481048583984,39.750125885009766,84.30756378173828,27.645992279052734,55.925376892089844,22.68880271911621,60.865966796875,14.5837984085083,127.75
2018-04-18,238.87168884277344,34.04281234741211,142.44322204589844,56.19992446899414,40.09157180786133,84.07083129882812,27.424245834350586,55.86716079711914,22.609363555908203,60.76156997680664,14.854339599609375,127.8499984741211
2018-04-19,237.58164978027344,33.876136779785156,141.45733642578125,55.98798370361328,39.858375549316406,83.86567687988281,27.21834945678711,55.69251251220703,22.609363555908203,59.894100189208984,14.795159339904785,127.5999984741211
2018-04-20,235.5807342529297,33.665122985839844,140.69749450683594,55.776023864746094,39.35869216918945,83.63690185546875,27.020362854003906,55.556663513183594,22.50104522705078,59.38008117675781,14.769795417785645,126.62999725341797
2018-04-23,235.5807342529297,33.65802001953125,140.48951721191406,55.70537567138672,39.042232513427734,83.59742736816406,27.036211013793945,55.40791702270508,22.443281173706055,59.42024612426758,14.761340141296387,125.62000274658203
2018-04-24,232.46530151367188,33.413307189941406,139.68441772460938,55.47771453857422,38.859012603759766,83.48694610595703,26.909507751464844,55.297935485839844,22.428848266601562,59.56481170654297,14.685251235961914,126.2300033569336
2018-04-25,232.9303741455078,33.43813705444336,139.4763946533203,55.38351821899414,38.55919647216797,83.37651824951172,26.727359771728516,55.304405212402344,22.39995574951172,59.43629455566406,14.710614204406738,125.41000366210938
2018-04-26,235.326171875,33.56405258178711,140.1186065673828,55.65827178955078,39.117183685302734,83.51853942871094,26.901580810546875,55.498470306396484,22.39995574951172,60.15916061401367,14.786703109741211,124.97000122070312
2018-04-27,235.53689575195312,33.50906753540039,139.91964721679688,55.71321487426758,39.35869216918945,83.62108612060547,27.10746955871582,55.472591400146484,22.428848266601562,60.9382438659668,14.778249740600586,125.5
2018-04-30,233.71141052246094,33.152652740478516,138.68048095703125,55.53266525268555,39.07553482055664,83.63690185546875,27.170835494995117,55.433780670166016,22.443281173706055,60.75352478027344,14.8458833694458,124.58999633789062
2018-05-01,234.16778564453125,33.28031921386719,139.35888671875,55.33641052246094,38.88398361206055,83.56571960449219,27.05575942993164,55.47471237182617,22.42734718322754,61.17921447753906,14.761340141296387,123.70999908447266
2018-05-02,232.53550720214844,33.22002410888672,139.88345336914062,55.31285858154297,38.57585144042969,83.56571960449219,27.039875030517578,55.4551887512207,22.37665367126465,60.97039794921875,14.761340141296387,123.6500015258789
2018-05-03,232.0352020263672,33.168609619140625,139.12367248535156,55.485572814941406,38.49257278442383,83.66059112548828,27.166868209838867,55.448726654052734,22.37665367126465,60.99448776245117,14.854339599609375,124.27999877929688
2018-05-04,235.03660583496094,33.61545944213867,140.8603057861328,55.68181610107422,38.66746139526367,83.71598052978516,27.190662384033203,55.48772048950195,22.449073791503906,61.63703155517578,14.955790519714355,124.54000091552734
2018-05-07,235.8878936767578,33.8016471862793,142.05429077148438,55.68965530395508,38.442604064941406,83.67642974853516,27.158931732177734,55.53966522216797,22.420101165771484,61.97438430786133,14.947338104248047,124.56999969482422
2018-05-08,235.79135131835938,33.908050537109375,142.75979614257812,55.6975212097168,38.65913772583008,83.5815200805664,27.135116577148438,55.4551887512207,22.441829681396484,61.66916275024414,14.989607810974121,124.58999633789062
2018-05-09,238.21351623535156,34.08005142211914,143.52865600585938,55.83097457885742,38.73408126831055,83.48662567138672,26.976396560668945,55.546146392822266,22.369417190551758,62.04664993286133,15.124876976013184,124.33000183105469
2018-05-10,240.37229919433594,34.3371696472168,144.29750061035156,56.19208908081055,39.54191589355469,83.67642974853516,27.174800872802734,55.708553314208984,22.362167358398438,62.61692810058594,15.200966835021973,125.18000030517578
2018-05-11,240.87255859375,34.365535736083984,144.57794189453125,56.34123992919922,39.475284576416016,83.71598052978516,27.214487075805664,55.68907928466797,22.441829681396484,62.359901428222656,15.107970237731934,125.0
2018-05-14,241.1797332763672,34.326534271240234,144.02610778808594,56.443294525146484,39.52526092529297,83.63692474365234,27.095436096191406,55.70207595825195,22.449073791503906,61.90209197998047,15.217878341674805,124.48999786376953
2018-05-15,239.4158172607422,34.22722625732422,144.05325317382812,56.03507614135742,38.7090950012207,83.26522064208984,26.79384422302246,55.42921829223633,22.311485290527344,60.986454010009766,15.234785079956055,122.4800033569336
2018-05-16,240.54791259765625,34.46839141845703,145.55477905273438,56.113590240478516,39.29207229614258,83.17028045654297,26.674795150756836,55.500675201416016,22.304241180419922,60.809749603271484,15.319331169128418,122.29000091552734
2018-05-17,240.3547821044922,34.53932189941406,146.22413635253906,56.19992446899414,38.69244384765625,83.0595932006836,26.555747985839844,55.533145904541016,22.304241180419922,60.49650573730469,15.336236953735352,122.36000061035156
2018-05-18,239.76683044433594,34.46839141845703,146.41407775878906,55.99583435058594,38.36764907836914,83.27308654785156,26.785903930664062,55.47471237182617,22.304241180419922,60.63304138183594,15.344691276550293,122.41000366210938
2018-05-21,241.52203369140625,34.80354690551758,147.38186645507812,56.34908676147461,38.600830078125,83.28101348876953,26.809724807739258,55.552669525146484,22.304241180419922,61.28362274169922,15.463055610656738,122.4800033569336
2018-05-22,240.87255859375,34.564151763916016,146.3145751953125,56.2784309387207,38.73408126831055,83.28101348876953,26.770030975341797,55.591651916503906,22.33321762084961,61.363948822021484,15.479962348937988,122.41000366210938
2018-05-23,241.55703735351562,34.5925178527832,146.5045166015625,55.65827178955078,38.71743392944336,83.51033782958984,26.952577590942383,55.63710403442383,22.3839111328125,61.88603210449219,15.564506530761719,122.54000091552734
2018-05-24,241.1182861328125,34.6226692199707,146.55874633789062,55.485572814941406,38.50923538208008,83.73967742919922,27.15098762512207,55.66957092285156,22.3839111328125,61.73341751098633,15.463055610656738,123.58999633789062
2018-05-25,240.442626953125,34.52691650390625,146.2965087890625,55.124454498291016,38.66746139526367,83.92157745361328,27.34939956665039,55.57862854003906,22.449073791503906,61.9422492980957,15.234785079956055,123.20999908447266
2018-05-29,237.7659149169922,34.393917083740234,146.0974884033203,54.00187301635742,37.76803207397461,84.47513580322266,27.92084503173828,55.344791412353516,22.651844024658203,62.126983642578125,15.091059684753418,123.19000244140625
2018-05-30,240.9427490234375,34.92766571044922,148.41302490234375,54.826141357421875,38.067840576171875,84.26162719726562,27.738296508789062,55.51370620727539,22.651844024658203,62.914127349853516,15.285511016845703,123.37000274658203
2018-05-31,239.34556579589844,34.53755187988281,147.22813415527344,54.48072814941406,38.05117416381836,84.19044494628906,27.698617935180664,55.461700439453125,22.57218360900879,62.801692962646484,15.243240356445312,123.0999984741211
2018-06-01,241.8028106689453,34.73792266845703,148.1959686279297,54.95174026489258,38.58418273925781,84.08658599853516,27.52998161315918,55.588294982910156,22.52788734436035,63.01853942871094,15.1417875289917,122.48999786376953
2018-06-04,242.92617797851562,34.93476867675781,148.98292541503906,55.116607666015625,38.97560119628906,83.88845825195312,27.33909034729004,55.705780029296875,22.52788734436035,63.57274627685547,14.964245796203613,122.37000274658203
2018-06-05,243.14561462402344,35.01810073852539,149.9054718017578,55.030250549316406,38.6757926940918,83.95186614990234,27.410659790039062,55.77100372314453,22.491573333740234,63.492435455322266,14.989607810974121,122.8499984741211
2018-06-06,245.23426818847656,35.31423568725586,150.9909210205078,55.524818420410156,39.25875473022461,83.76162719726562,27.203855514526367,55.90803909301758,22.42620277404785,63.56471252441406,15.040335655212402,122.91999816894531
2018-06-07,245.0762176513672,35.330196380615234,150.1678466796875,55.21080780029297,38.65913772583008,83.94390869140625,27.450428009033203,55.92760467529297,22.440725326538086,63.6048583984375,15.09951400756836,122.86000061035156
2018-06-08,245.7607421875,35.52170944213867,150.62005615234375,55.27360916137695,38.58418273925781,83.82504272460938,27.370899200439453,55.89500427246094,22.49883460998535,63.789588928222656,15.091059684753418,123.01000213623047
2018-06-11,246.1732177734375,35.52703857421875,150.84620666503906,55.62686538696289,38.58418273925781,83.73783111572266,27.3072509765625,55.999385833740234,22.3898983001709,63.80565643310547,15.08260726928711,123.2300033569336
2018-06-12,246.50669860839844,35.57844543457031,151.53358459472656,55.27360916137695,38.48423767089844,83.76162719726562,27.323169708251953,56.04505157470703,22.38263511657715,64.1269302368164,15.0741548538208,122.81999969482422
2018-06-13,245.65548706054688,35.36389923095703,150.9366455078125,55.35212707519531,38.226078033447266,83.68232727050781,27.3072509765625,56.06464385986328,22.353586196899414,62.83378982543945,15.133331298828125,123.19000244140625
2018-06-14,246.3487548828125,35.44722366333008,151.74166870117188,55.23434829711914,37.9679069519043,83.8963623046875,27.514066696166992,56.227779388427734,22.404417037963867,63.46028137207031,14.964245796203613,123.37999725341797
2018-06-15,245.9977264404297,35.367435455322266,151.78689575195312,54.95174026489258,37.668094635009766,83.9280776977539,27.5459041595459,56.195167541503906,22.506086349487305,63.524539947509766,14.600706100463867,121.33999633789062
2018-06-18,245.46240234375,35.43304443359375,152.50149536132812,54.55923843383789,37.21004867553711,83.94390869140625,27.52201271057129,56.18862533569336,22.491573333740234,63.468326568603516,14.727520942687988,121.11000061035156
2018-06-19,244.5585174560547,35.37982940673828,152.5105438232422,54.058048248291016,36.799293518066406,84.0311050415039,27.673152923583984,56.11034393310547,22.484304428100586,63.46028137207031,14.575342178344727,120.80000305175781
2018-06-20,245.06739807128906,35.55539321899414,153.7406463623047,54.09807205200195,36.958560943603516,83.87258911132812,27.442489624023438,56.16904830932617,22.440725326538086,64.07875061035156,14.55843448638916,120.26000213623047
2018-06-21,243.3736572265625,35.30892562866211,152.3024139404297,53.713775634765625,36.4388542175293,83.8963623046875,27.577714920043945,56.05159378051758,22.404417037963867,64.40803527832031,14.448527336120605,120.05000305175781
2018-06-22,243.87393188476562,35.3337516784668,151.7958984375,54.282222747802734,36.816062927246094,83.97566986083984,27.585660934448242,56.058128356933594,22.39716339111328,64.81769561767578,14.735977172851562,120.33999633789062
2018-06-25,240.54791259765625,34.8212776184082,149.3175811767578,53.52963638305664,36.321495056152344,83.9280776977539,27.665199279785156,55.92760467529297,22.368112564086914,64.5927963256836,14.566888809204102,119.88999938964844
2018-06-26,241.12191772460938,34.881465911865234,150.18589782714844,53.62571334838867,36.178985595703125,84.06285095214844,27.68111801147461,55.92108917236328,22.41168975830078,64.84827423095703,14.710614204406738,119.26000213623047
2018-06-27,239.04983520507812,34.50034713745117,147.7799072265625,53.12131881713867,35.48324966430664,84.21345520019531,27.951566696166992,55.80363464355469,22.455251693725586,64.49951171875,14.786703109741211,118.58000183105469
2018-06-28,240.548828125,34.64994430541992,148.23214721679688,53.32146453857422,35.78500747680664,84.20550537109375,27.951566696166992,55.647010803222656,22.4625244140625,65.18888854980469,14.778249740600586,118.22000122070312
2018-06-29,240.75155639648438,34.68912887573242,148.1326904296875,53.61770248413086,36.321495056152344,84.27685546875,27.864059448242188,55.516544342041016,22.49883460998535,65.35108947753906,14.947338104248047,118.6500015258789
2018-07-02,241.43048095703125,34.70336151123047,149.15475463867188,53.12931442260742,35.96105194091797,84.19660949707031,27.847326278686523,55.56962966918945,22.482818603515625,64.9617919921875,14.63452434539795,117.45999908447266
2018-07-03,240.46945190429688,34.79241943359375,149.74940490722656,53.28944396972656,35.9861946105957,84.37136840820312,27.982847213745117,55.576168060302734,22.50465965270996,65.44841766357422,14.6176176071167,118.6500015258789
2018-07-05,242.53256225585938,35.09872817993164,151.45594787597656,53.81786346435547,35.893978118896484,84.45081329345703,28.030677795410156,55.785911560058594,22.50465965270996,66.29995727539062,14.702159881591797,119.05000305175781
2018-07-06,244.4195098876953,35.355201721191406,152.73599243164062,54.106082916259766,36.388553619384766,84.5381851196289,28.14229393005371,55.93012237548828,22.54106903076172,66.57571411132812,14.769795417785645,118.86000061035156
2018-07-09,246.7119598388672,35.7060432434082,153.69822692871094,54.626487731933594,37.04240036010742,84.45875549316406,27.974876403808594,56.015342712402344,22.570209503173828,65.98368072509766,14.8458833694458,119.1500015258789
2018-07-10,247.61123657226562,35.69534683227539,152.99920654296875,54.60246276855469,36.958560943603516,84.39521026611328,27.982847213745117,56.02186584472656,22.592058181762695,66.1864242553711,14.812067985534668,118.93000030517578
2018-07-11,245.76856994628906,35.39080810546875,151.7010955810547,53.689754486083984,36.2376708984375,84.42700958251953,28.086503982543945,55.93667221069336,22.606624603271484,65.98368072509766,14.296348571777344,117.63999938964844
2018-07-12,247.8846435546875,35.497676849365234,152.43638610839844,54.106082916259766,36.73223876953125,84.53026580810547,28.054601669311523,56.11363220214844,22.650320053100586,66.17831420898438,14.372438430786133,118.12999725341797
2018-07-13,248.14028930664062,35.483421325683594,151.98251342773438,54.27421188354492,36.757381439208984,84.60974884033203,28.1263427734375,56.11363220214844,22.650320053100586,65.95124816894531,14.397804260253906,117.61000061035156
2018-07-16,248.05213928222656,35.30176544189453,151.3924560546875,54.25019073486328,36.556209564208984,84.51435852050781,28.022720336914062,56.074344635009766,22.62118911743164,65.6511459350586,14.093445777893066,117.55000305175781
2018-07-17,249.057373046875,35.45850372314453,152.06422424316406,54.34626388549805,36.82444763183594,84.48255920410156,27.982847213745117,56.09398651123047,22.62118911743164,65.30242156982422,14.110353469848633,116.27999877929688
2018-07-18,249.60394287109375,35.5796012878418,152.49087524414062,54.35426712036133,36.782535552978516,84.45875549316406,27.87921714782715,56.12023162841797,22.59934425354004,64.99423217773438,14.23716926574707,116.30999755859375
2018-07-19,248.5723419189453,35.73096466064453,153.5711212158203,54.24217987060547,36.329872131347656,84.58586883544922,28.03864860534668,56.09398651123047,22.62118911743164,65.6511459350586,14.220260620117188,115.80999755859375
2018-07-20,248.3078155517578,35.510128021240234,152.94471740722656,54.49838638305664,36.84959030151367,84.4190673828125,27.7117977142334,56.12023162841797,22.519224166870117,65.09965515136719,14.321714401245117,116.55999755859375
2018-07-23,248.766357421875,35.52260971069336,153.1354217529297,54.49838638305664,36.606502532958984,84.12516021728516,27.4008846282959,56.10053634643555,22.54106903076172,64.9374771118164,14.372438430786133,116.0
2018-07-24,250.00958251953125,35.25545120239258,151.5013885498047,54.81863784790039,37.14298629760742,84.2442855834961,27.480587005615234,56.21849822998047,22.54106903076172,64.62116241455078,14.448527336120605,116.04000091552734
2018-07-25,252.32846069335938,35.35698699951172,152.05516052246094,55.22695541381836,37.746524810791016,84.25222778320312,27.43276023864746,56.323402404785156,22.562923431396484,65.14832305908203,14.642979621887207,116.68000030517578
2018-07-26,251.4554443359375,35.51904296875,152.87217712402344,54.978759765625,37.32740020751953,84.20458221435547,27.384933471679688,56.32994842529297,22.570209503173828,65.32675170898438,14.642979621887207,115.7699966430664
2018-07-27,249.84194946289062,35.12189483642578,150.021728515625,55.082847595214844,37.461517333984375,84.26809692382812,27.43276023864746,56.31028366088867,22.62118911743164,64.69418334960938,14.5837984085083,115.83000183105469
2018-07-30,248.44012451171875,34.96873474121094,149.0594024658203,55.0748405456543,37.40283203125,84.1807632446289,27.329120635986328,56.32994842529297,22.57748794555664,64.78337097167969,14.668343544006348,115.6500015258789
2018-07-31,249.77145385742188,35.28040313720703,150.57542419433594,55.14688491821289,37.60401916503906,84.25222778320312,27.472612380981445,56.447967529296875,22.57748794555664,65.89445495605469,14.5837984085083,115.98999786376953
2018-08-01,249.41879272460938,35.184226989746094,150.47557067871094,54.866676330566406,37.268714904785156,84.16544342041016,27.266447067260742,56.498634338378906,22.591360092163086,66.11344146728516,14.372438430786133,115.13999938964844
2018-08-02,250.609130859375,35.47096633911133,151.57403564453125,54.50640106201172,36.77414321899414,84.19731140136719,27.29041862487793,56.5315055847168,22.569454193115234,65.89445495605469,14.456982612609863,114.5199966430664
2018-08-03,251.77293395996094,35.574241638183594,151.04745483398438,54.538421630859375,37.05915451049805,84.38043975830078,27.41029930114746,56.57762145996094,22.635196685791016,66.67303466796875,14.507708549499512,114.91999816894531
2018-08-06,252.7428436279297,35.747005462646484,151.8917694091797,54.30622863769531,36.77414321899414,84.4361572265625,27.45025062561035,56.682945251464844,22.671716690063477,66.63247680664062,14.533074378967285,114.33000183105469
2018-08-07,253.4658660888672,35.83070373535156,152.25486755371094,54.730567932128906,37.151363372802734,84.28488159179688,27.3223819732666,56.709259033203125,22.620573043823242,66.39729309082031,14.642979621887207,114.58999633789062
2018-08-08,253.37762451171875,35.74521255493164,152.1186981201172,54.68252944946289,37.1010627746582,84.28488159179688,27.34636688232422,56.67634582519531,22.620573043823242,65.9998779296875,14.465437889099121,114.91000366210938
2018-08-09,253.14845275878906,35.70425796508789,152.50904846191406,54.52241134643555,36.99209976196289,84.4043197631836,27.54613494873047,56.63683319091797,22.664411544799805,66.08100891113281,14.406259536743164,114.73999786376953
2018-08-10,251.34982299804688,35.50300979614258,152.08238220214844,53.433555603027344,36.20413589477539,84.58746337890625,27.7539119720459,56.53810119628906,22.664411544799805,65.48894500732422,14.406259536743164,114.69000244140625
2018-08-13,250.50328063964844,35.31779861450195,151.1927490234375,53.24141311645508,35.608978271484375,84.63522338867188,27.71396255493164,56.498634338378906,22.671716690063477,65.45649719238281,14.330169677734375,112.95999908447266
2018-08-14,252.1079864501953,35.64371109008789,152.6905517578125,53.23339080810547,35.82691955566406,84.55559539794922,27.642045974731445,56.597373962402344,22.657106399536133,65.81334686279297,14.35552978515625,113.06999969482422
2018-08-15,250.09759521484375,35.31779861450195,150.77511596679688,52.464805603027344,34.795867919921875,84.67504119873047,27.793867111206055,56.498634338378906,22.67901039123535,66.3080825805664,14.042718887329102,111.19000244140625
2018-08-16,252.2579345703125,35.59918212890625,152.17312622070312,52.83308029174805,35.01381301879883,84.72284698486328,27.793867111206055,56.57102966308594,22.67901039123535,66.84333801269531,14.152624130249023,111.0999984741211
2018-08-17,253.08676147460938,35.78261947631836,152.8267822265625,53.14533233642578,35.38264083862305,84.77064514160156,27.817855834960938,56.63683319091797,22.737451553344727,67.4434814453125,14.21180534362793,112.12999725341797
2018-08-20,253.70396423339844,35.917964935302734,153.25343322753906,53.433555603027344,35.54192352294922,84.93780517578125,28.00165367126465,56.663177490234375,22.737451553344727,67.54893493652344,14.23716926574707,112.69000244140625
2018-08-21,254.13589477539062,36.206485748291016,155.0145721435547,53.76182174682617,35.994571685791016,84.86611938476562,27.929725646972656,56.74876403808594,22.737451553344727,67.09474182128906,14.262533187866211,113.0199966430664
2018-08-22,254.12716674804688,36.201141357421875,155.3957977294922,53.96997833251953,36.27957534790039,84.93780517578125,28.0256290435791,56.76850128173828,22.766664505004883,66.7216796875,14.465437889099121,113.2699966430664
2018-08-23,253.69509887695312,36.07647705078125,154.92376708984375,53.5856819152832,35.69279861450195,84.89002990722656,28.08156394958496,56.76192855834961,22.752056121826172,66.57571411132812,14.44007396697998,112.19999694824219
2018-08-24,255.27334594726562,36.21183395385742,155.7679901123047,53.897926330566406,36.355018615722656,84.98555755615234,28.10552406311035,56.86064529418945,22.781274795532227,66.91635131835938,14.549980163574219,114.16000366210938
2018-08-27,257.2925109863281,36.38279342651367,155.9949493408203,54.61848068237305,36.87474060058594,84.87408447265625,27.953704833984375,56.88039779663086,22.781274795532227,66.79466247558594,14.600706100463867,114.58999633789062
2018-08-28,257.3630676269531,36.381011962890625,156.1402130126953,54.57045364379883,36.74061965942383,84.71485900878906,27.801868438720703,56.854087829589844,22.781274795532227,67.50837707519531,14.54152774810791,113.68000030517578
2018-08-29,258.8178405761719,36.505680084228516,156.59408569335938,54.866676330566406,36.966941833496094,84.69893646240234,27.833833694458008,56.82115173339844,22.72284507751465,67.4434814453125,14.702159881591797,114.19999694824219
2018-08-30,257.71575927734375,36.3169059753418,156.46702575683594,54.34626388549805,36.00295639038086,84.7387466430664,27.88977813720703,56.775081634521484,22.708229064941406,67.2082748413086,14.676797866821289,113.63999938964844
2018-08-31,257.8480529785156,36.39348220825195,157.06613159179688,53.91393280029297,36.187374114990234,84.73078918457031,27.833833694458008,56.84747314453125,22.69361686706543,67.459716796875,14.693703651428223,113.51000213623047
2018-09-04,257.4160461425781,36.3258056640625,156.3671417236328,53.45756912231445,35.48324966430664,84.6365966796875,27.67521858215332,56.72916030883789,22.646726608276367,66.74600982666016,14.609162330627441,112.93000030517578
2018-09-05,256.7193908691406,36.304443359375,155.94960021972656,52.969200134277344,34.97190475463867,84.59668731689453,27.61916732788086,56.66963577270508,22.580785751342773,67.05421447753906,14.549980163574219,113.31999969482422
2018-09-06,255.96981811523438,36.1868896484375,154.89649963378906,52.809078216552734,35.00543975830078,84.7403564453125,27.715267181396484,56.71592330932617,22.690690994262695,67.31372833251953,14.465437889099121,113.54000091552734
2018-09-07,255.3438720703125,36.11030197143555,154.81480407714844,52.38473892211914,34.829402923583984,84.4371109008789,27.482986450195312,56.65642166137695,22.610109329223633,66.49459838867188,14.499256134033203,113.2300033569336
2018-09-10,255.91705322265625,36.18867111206055,155.0054473876953,52.70499038696289,34.485721588134766,84.51692199707031,27.5791072845459,56.768829345703125,22.661378860473633,66.91635131835938,14.549980163574219,113.1500015258789
2018-09-11,256.77227783203125,36.24209976196289,155.2596435546875,52.753028869628906,34.561161041259766,84.37330627441406,27.386869430541992,56.78201675415039,22.60277557373047,66.77843475341797,14.693703651428223,113.22000122070312
2018-09-12,256.7898864746094,36.26882553100586,154.88746643066406,52.97719955444336,34.7371940612793,84.42913818359375,27.43492889404297,56.914276123046875,22.632081985473633,66.83523559570312,14.795159339904785,114.16999816894531
2018-09-13,258.2711486816406,36.34895706176758,154.92376708984375,53.3695068359375,35.20661926269531,84.48500061035156,27.474977493286133,57.02004623413086,22.661378860473633,67.23261260986328,14.63452434539795,113.76000213623047
2018-09-14,258.262451171875,36.486087799072266,155.57733154296875,53.44956588745117,35.17308044433594,84.32542419433594,27.354833602905273,57.07293701171875,22.632081985473633,66.68925476074219,14.54152774810791,113.0199966430664
2018-09-17,256.96624755859375,36.140586853027344,153.9251708984375,53.49760437011719,34.85454559326172,84.32542419433594,27.354833602905273,57.033267974853516,22.632081985473633,66.92442321777344,14.524618148803711,113.61000061035156
2018-09-18,258.4034423828125,36.29553985595703,154.56971740722656,54.058048248291016,35.18985366821289,84.14183807373047,27.082481384277344,57.026668548583984,22.588123321533203,66.68925476074219,14.65988826751709,113.44000244140625
2018-09-19,258.5886535644531,36.177974700927734,154.00689697265625,54.25019073486328,35.6760368347168,83.9822769165039,26.922279357910156,56.920875549316406,22.529502868652344,65.80525970458984,14.752885818481445,113.87999725341797
2018-09-20,260.7752990722656,36.44691848754883,155.43214416503906,54.92272186279297,36.07001495361328,84.09397888183594,27.042415618896484,57.00020980834961,22.56613540649414,66.4621810913086,14.752885818481445,114.2699966430664
2018-09-21,260.4225158691406,36.345394134521484,154.68775939941406,54.94672775268555,36.2376708984375,84.1578140258789,27.034420013427734,57.013431549072266,22.588123321533203,66.42971801757812,14.786703109741211,113.48999786376953
2018-09-24,259.6378479003906,36.21717071533203,154.11581420898438,54.698543548583984,35.82691955566406,84.07795715332031,26.978336334228516,56.98696517944336,22.580785751342773,65.26184844970703,15.006518363952637,113.47000122070312
2018-09-25,259.3644714355469,36.19401168823242,154.35183715820312,54.97075653076172,35.969425201416016,84.03809356689453,26.946304321289062,56.940711975097656,22.536827087402344,65.15644073486328,15.040335655212402,113.6500015258789
2018-09-26,258.60028076171875,35.86174392700195,152.94102478027344,54.994781494140625,36.044864654541016,84.23763275146484,27.11450958251953,57.00020980834961,22.580785751342773,64.56023406982422,14.972698211669922,113.05000305175781
2018-09-27,259.3087463378906,35.88856887817383,152.95013427734375,54.8826904296875,36.22089767456055,84.29344940185547,27.14655113220215,57.10598373413086,22.6174259185791,64.73221588134766,15.040335655212402,112.05000305175781
2018-09-28,259.2289733886719,35.99766159057617,153.41433715820312,54.43433380126953,35.977813720703125,84.20568084716797,27.074466705322266,57.145626068115234,22.639404296875,65.5348129272461,15.192512512207031,112.76000213623047
2018-10-01,260.23858642578125,35.72404861450195,151.39373779296875,54.49838638305664,35.9861946105957,84.18331909179688,26.85688018798828,57.311031341552734,22.608531951904297,64.9942855834961,15.479962348937988,112.56999969482422
2018-10-02,260.13232421875,35.57918167114258,149.75534057617188,54.21816635131836,35.53352737426758,84.27923583984375,27.057607650756836,57.2645149230957,22.623231887817383,64.9041748046875,15.530692100524902,113.87000274658203
2018-10-03,260.3094482421875,35.72225570678711,151.06602478027344,54.12209701538086,35.24013900756836,83.87932586669922,26.567840576171875,57.11178207397461,22.535036087036133,64.4537582397461,15.67441463470459,113.41999816894531
2018-10-04,258.3522644042969,35.33597183227539,148.94525146484375,53.48960494995117,34.3599739074707,83.63932800292969,26.415294647216797,56.89927673339844,22.439481735229492,63.8067626953125,15.505324363708496,113.4800033569336
2018-10-05,256.7494201660156,35.08022689819336,147.59815979003906,53.16935729980469,34.234249114990234,83.45539093017578,26.182449340820312,56.64692306518555,22.365985870361328,63.724857330322266,15.47150993347168,113.80000305175781
2018-10-08,256.75823974609375,35.08022689819336,147.28871154785156,52.91315460205078,34.28453826904297,83.42338562011719,26.07807159423828,56.520713806152344,22.38068962097168,64.56843566894531,15.429235458374023,112.54000091552734
2018-10-09,256.44842529296875,34.883522033691406,146.7152557373047,52.777042388916016,34.15879821777344,83.54335021972656,26.359085083007812,56.60706329345703,22.410085678100586,64.7076187133789,15.539142608642578,112.5999984741211
2018-10-10,248.1772918701172,33.976829528808594,142.50103759765625,51.65617370605469,33.14451217651367,83.5193862915039,26.294858932495117,56.20199203491211,22.373334884643555,63.73305892944336,15.234785079956055,112.87999725341797
2018-10-11,242.934814453125,33.275794982910156,139.77955627441406,50.93560791015625,32.80921173095703,83.76734924316406,26.607982635498047,56.24848937988281,22.446836471557617,61.996803283691406,15.006518363952637,115.77999877929688
2018-10-12,246.21139526367188,33.34732437133789,139.80682373046875,51.11975860595703,33.7732048034668,83.7913589477539,26.50360107421875,56.547306060791016,22.535036087036133,61.87397384643555,15.124876976013184,115.2300033569336
2018-10-15,244.88291931152344,33.49217987060547,140.3256378173828,50.999671936035156,33.41275405883789,83.73534393310547,26.495580673217773,56.507476806640625,22.424789428710938,62.209754943847656,15.158696174621582,116.0
2018-10-16,250.2760009765625,34.20394515991211,144.3942413330078,51.872344970703125,34.251014709472656,83.78331756591797,26.551780700683594,56.700042724609375,22.439481735229492,63.56107711791992,15.226332664489746,115.80000305175781
2018-10-17,250.22286987304688,34.119895935058594,143.77529907226562,51.57611083984375,33.831878662109375,83.61536407470703,26.391199111938477,56.58715057373047,22.402732849121094,63.249855041503906,15.091059684753418,115.79000091552734
2018-10-18,246.636474609375,33.6102180480957,141.0811004638672,50.74345779418945,32.943328857421875,83.55935668945312,26.407255172729492,56.34807205200195,22.373334884643555,63.17613220214844,14.921975135803223,115.91999816894531
2018-10-19,246.42384338378906,33.392032623291016,139.58839416503906,51.03168869018555,33.253482818603516,83.48734283447266,26.32697296142578,56.381282806396484,22.34393882751465,63.659366607666016,15.006518363952637,116.01000213623047
2018-10-22,245.49404907226562,33.21856689453125,139.2880401611328,50.8075065612793,33.61393737792969,83.47138977050781,26.310914993286133,56.407840728759766,22.358633041381836,62.823974609375,15.023427963256836,115.70999908447266
2018-10-23,244.03289794921875,32.8930778503418,138.04103088378906,50.327144622802734,33.24510955810547,83.57535552978516,26.375137329101562,56.354732513427734,22.388032913208008,63.22529220581055,14.693703651428223,116.38999938964844
2018-10-24,236.5676727294922,31.88802719116211,132.84381103515625,48.902034759521484,32.17214584350586,83.7913589477539,26.5598087310791,56.075782775878906,22.402732849121094,63.68390655517578,14.592253684997559,116.66000366210938
2018-10-25,240.88914489746094,32.361961364746094,135.72003173828125,49.51850509643555,32.792449951171875,83.7193603515625,26.463457107543945,56.18870162963867,22.38068962097168,64.47016143798828,14.651433944702148,116.4000015258789
2018-10-26,236.53216552734375,32.0096435546875,134.23641967773438,49.1822624206543,32.41522979736328,83.91129302978516,26.61600685119629,55.936344146728516,22.410085678100586,62.95501708984375,14.761340141296387,116.7699966430664
2018-10-29,235.2127227783203,31.880884170532227,133.49916076660156,49.046142578125,31.85359764099121,83.82332611083984,26.58389663696289,55.88319778442383,22.417438507080078,63.68390655517578,14.609162330627441,116.30999755859375
2018-10-30,238.97637939453125,32.44599533081055,136.2843780517578,49.63861083984375,32.473915100097656,83.70333862304688,26.455434799194336,56.01603698730469,22.365985870361328,64.64212799072266,14.533074378967285,115.80000305175781
2018-10-31,241.5444793701172,32.55686950683594,136.55743408203125,50.00689697265625,32.82597732543945,83.66336059570312,26.30287742614746,56.01603698730469,22.321889877319336,63.97056579589844,14.33862018585205,115.1500015258789
2018-11-01,243.9000244140625,33.20246887207031,139.70672607421875,50.64738464355469,33.99953079223633,83.87474060058594,26.344741821289062,56.2729606628418,22.32778549194336,64.20806121826172,14.23716926574707,116.62999725341797
2018-11-02,242.54518127441406,33.23466873168945,140.17092895507812,50.719444274902344,34.21747970581055,83.62559509277344,26.006681442260742,56.23959732055664,22.246673583984375,63.659366607666016,14.203351020812988,116.6500015258789
2018-11-05,244.03289794921875,33.38666915893555,140.0617218017578,50.719444274902344,34.309688568115234,83.68186950683594,26.135461807250977,56.28632354736328,22.305665969848633,64.59297180175781,14.19489860534668,116.37000274658203
2018-11-06,245.4408721923828,33.57980728149414,140.75343322753906,50.92760467529297,34.251014709472656,83.68986511230469,26.111309051513672,56.43314743041992,22.305665969848633,64.8714370727539,14.135716438293457,116.04000091552734
2018-11-07,250.7276611328125,34.094852447509766,143.27474975585938,51.60813522338867,34.8964729309082,83.76223754882812,26.143503189086914,56.76015090942383,22.37940216064453,65.69041442871094,14.101901054382324,116.02999877929688
2018-11-08,250.18751525878906,33.95893859863281,142.89244079589844,51.10375213623047,33.99114990234375,83.60948181152344,26.119367599487305,56.62000274658203,22.32778549194336,65.71499633789062,14.017354965209961,115.77999877929688
2018-11-09,247.92044067382812,33.59770965576172,140.2437286376953,50.767478942871094,33.36246109008789,83.71399688720703,26.304500579833984,56.2996711730957,22.32778549194336,65.80508422851562,13.865178108215332,114.4800033569336
2018-11-12,243.09423828125,33.062984466552734,137.46763610839844,49.93483352661133,32.89303970336914,83.85063934326172,26.505725860595703,55.95263671875,22.40152931213379,65.73138427734375,13.831360816955566,113.66000366210938
2018-11-13,242.7399139404297,33.07906723022461,137.0306854248047,50.15100860595703,33.27025604248047,83.8828353881836,26.465476989746094,55.85920333862305,22.40152931213379,65.78868865966797,13.450911521911621,113.69999694824219
2018-11-14,241.0573272705078,32.88594055175781,136.0294647216797,50.191036224365234,33.47142791748047,83.89083862304688,26.49765968322754,55.75242614746094,22.342527389526367,65.67404174804688,13.569272994995117,114.63999938964844
2018-11-15,243.49264526367188,33.275794982910156,137.96826171875,50.35116195678711,34.21747970581055,83.9953384399414,26.49765968322754,55.73907470703125,22.202436447143555,65.26454162597656,13.54391098022461,114.7699966430664
2018-11-16,244.18338012695312,33.299041748046875,138.29591369628906,50.407203674316406,34.28453826904297,84.13200378417969,26.6184024810791,55.57221221923828,22.239299774169922,66.05077362060547,13.62845516204834,115.62000274658203
2018-11-19,240.1009979248047,32.85194778442383,135.49246215820312,49.96686553955078,33.8234977722168,84.12396240234375,26.70694923400879,55.39872741699219,22.305665969848633,66.05077362060547,13.62845516204834,115.66999816894531
2018-11-20,235.6466522216797,32.292198181152344,132.8802490234375,49.10218811035156,33.09422302246094,84.0918197631836,26.723041534423828,55.22517776489258,22.320411682128906,65.34644317626953,13.214190483093262,115.66999816894531
2018-11-21,236.40823364257812,32.64093017578125,134.7369842529297,49.79072952270508,33.70614242553711,84.1480712890625,26.698909759521484,55.50546646118164,22.335159301757812,65.4365463256836,13.324095726013184,115.86000061035156
2018-11-23,234.94700622558594,32.596214294433594,134.6095733642578,49.462467193603516,33.312164306640625,84.12396240234375,26.723041534423828,55.19849395751953,22.386777877807617,65.21541595458984,12.935196876525879,115.7699966430664
2018-11-26,238.63096618652344,33.00933074951172,136.35720825195312,50.20704650878906,33.7229118347168,84.10789489746094,26.674745559692383,55.45878982543945,22.313034057617188,65.44473266601562,12.994375228881836,115.63999938964844
2018-11-27,239.38368225097656,32.74285888671875,135.22853088378906,50.014896392822266,33.957618713378906,84.13200378417969,26.71499252319336,55.43208694458008,22.298290252685547,65.64945983886719,12.943650245666504,114.94999694824219
2018-11-28,244.9716033935547,33.393821716308594,138.5689697265625,50.727447509765625,34.770729064941406,84.29280090332031,26.586210250854492,55.89255905151367,22.34990692138672,66.23091888427734,12.90137767791748,115.37999725341797
2018-11-29,244.47561645507812,33.358055114746094,138.19578552246094,50.47126007080078,34.46894836425781,84.33296203613281,26.674745559692383,55.905906677246094,22.32778549194336,66.32103729248047,12.985920906066895,115.73999786376953
2018-11-30,246.184814453125,33.58339309692383,138.91490173339844,50.25508499145508,34.435428619384766,84.30885314941406,26.771345138549805,55.7924690246582,22.335159301757812,66.97621154785156,12.926740646362305,115.54000091552734
2018-12-03,249.1691131591797,33.876678466796875,140.2437286376953,50.919593811035156,35.13117599487305,84.44661712646484,26.95691680908203,56.178627014160156,22.37140655517578,67.28742218017578,13.222644805908203,116.41000366210938
2018-12-04,241.34075927734375,32.664180755615234,134.27281188964844,49.598575592041016,34.385128021240234,84.67227172851562,27.392616271972656,55.83000564575195,22.40839958190918,66.24732208251953,13.231097221374512,117.12000274658203
2018-12-06,240.71202087402344,32.488914489746094,133.98155212402344,49.134220123291016,34.066593170166016,84.88178253173828,27.497499465942383,55.63560485839844,22.437990188598633,67.90983581542969,13.12119197845459,117.13999938964844
2018-12-07,235.20387268066406,31.820072174072266,131.08712768554688,48.6378288269043,33.42952346801758,84.99456024169922,27.53784942626953,55.52834701538086,22.437990188598633,66.95166778564453,13.273370742797852,118.08999633789062
2018-12-10,235.55813598632812,31.621559143066406,130.70486450195312,48.26152801513672,33.07745361328125,85.0510025024414,27.66693878173828,55.56855010986328,22.48237419128418,66.57492065429688,13.062010765075684,117.68000030517578
2018-12-11,235.6023712158203,31.52141571044922,130.5682830810547,48.41364669799805,33.328922271728516,85.07514190673828,27.63467788696289,55.66911315917969,22.474979400634766,66.62403869628906,13.138100624084473,117.54000091552734
2018-12-12,236.8776092529297,31.768213272094727,131.81527709960938,49.12620544433594,33.873802185058594,85.01069641113281,27.521709442138672,55.85013198852539,22.460186004638672,65.52661895751953,13.095827102661133,117.79000091552734
2018-12-13,236.6562042236328,31.442729949951172,129.94940185546875,49.03813934326172,33.865413665771484,85.03485870361328,27.473297119140625,55.98420715332031,22.504581451416016,65.91973114013672,13.264915466308594,117.52999877929688
2018-12-14,232.37008666992188,31.00101661682129,127.98330688476562,48.40564727783203,33.387603759765625,85.05902099609375,27.553983688354492,55.74955368041992,22.511974334716797,65.78868865966797,13.062010765075684,117.05999755859375
2018-12-17,227.64358520507812,30.320512771606445,125.13310241699219,48.0213508605957,33.07745361328125,85.2040786743164,27.707294464111328,55.387542724609375,22.548961639404297,63.36006164550781,12.909832000732422,117.87000274658203
2018-12-18,227.61691284179688,30.315135955810547,124.97782897949219,48.06018829345703,33.30207443237305,85.45438385009766,27.868661880493164,55.28717041015625,22.608135223388672,63.92850112915039,12.639291763305664,118.1500015258789
2018-12-19,224.1619110107422,29.78794288635254,122.37509155273438,47.598934173583984,32.7490348815918,85.53508758544922,28.235851287841797,54.788719177246094,22.69646453857422,63.22826385498047,12.690017700195312,117.43000030517578
2018-12-20,220.32408142089844,29.42572784423828,120.3568115234375,47.40471267700195,33.0042839050293,85.45438385009766,28.13071060180664,54.310482025146484,22.585142135620117,62.30559158325195,12.571656227111816,119.23999786376953
2018-12-21,215.80062866210938,28.81784439086914,117.2334976196289,46.57930374145508,32.77455520629883,85.41403198242188,28.106449127197266,54.04108428955078,22.651931762695312,61.53118896484375,12.461750030517578,118.72000122070312
2018-12-24,210.2263946533203,28.059343338012695,114.95948791503906,46.037113189697266,32.46825408935547,85.47050476074219,28.243934631347656,53.63691711425781,22.592552185058594,59.315101623535156,12.323866844177246,120.0199966430664
2018-12-26,220.5377960205078,29.321712493896484,120.48465728759766,47.10529708862305,33.114891052246094,85.30906677246094,27.960872650146484,54.53950881958008,22.518339157104492,61.25933074951172,12.597920417785645,119.66000366210938
2018-12-27,222.6659698486328,29.488487243652344,120.98695373535156,47.24287414550781,33.07234573364258,85.4462890625,27.977046966552734,54.50584411621094,22.570295333862305,61.35818862915039,12.478021621704102,120.56999969482422
2018-12-28,222.3022003173828,29.463376998901367,121.333984375,47.49373245239258,33.38715744018555,85.76122283935547,28.187339782714844,54.5866813659668,22.659360885620117,61.54766082763672,12.375251770019531,121.05999755859375
2018-12-31,224.3350372314453,29.77718734741211,122.28376770019531,47.56655502319336,33.234012603759766,85.97918701171875,28.341012954711914,54.62709426879883,22.689043045043945,61.73713302612305,12.40950870513916,121.25
2019-01-02,224.43312072753906,29.680360794067383,122.97783660888672,47.46945571899414,33.319095611572266,86.04373931884766,28.446142196655273,54.55298614501953,22.792951583862305,60.40254211425781,12.443764686584473,121.33000183105469
2019-01-03,218.82493591308594,29.197994232177734,120.77688598632812,47.040565490722656,32.714988708496094,86.39900970458984,28.785863876342773,54.57992172241211,22.807788848876953,60.78974533081055,12.546534538269043,122.43000030517578
2019-01-04,226.51947021484375,30.164505004882812,125.28834533691406,48.48099136352539,33.77003479003906,86.140625,28.438066482543945,55.49599075317383,22.73357391357422,61.44057083129883,12.71782112121582,121.44000244140625
2019-01-07,228.04409790039062,30.492650985717773,127.48013305664062,48.667118072509766,33.84661865234375,85.995361328125,28.37335777282715,56.03485107421875,22.748414993286133,62.05842208862305,12.81202507019043,121.86000061035156
2019-01-08,230.2909698486328,31.001903533935547,129.4344940185547,48.98270797729492,33.974246978759766,85.93072509765625,28.308656692504883,56.39858627319336,22.77068328857422,63.187042236328125,12.940488815307617,121.52999877929688
2019-01-09,231.36082458496094,31.304954528808594,130.50294494628906,49.532989501953125,34.57834243774414,86.00340270996094,28.235851287841797,56.465938568115234,22.77068328857422,63.10468673706055,13.19741439819336,122.30999755859375
2019-01-10,232.270263671875,31.545236587524414,131.17874145507812,49.727210998535156,34.825096130371094,85.90650177001953,28.06601333618164,56.6882438659668,22.755842208862305,63.97794723510742,13.163158416748047,121.58999633789062
2019-01-11,232.14540100097656,31.570344924926758,131.21530151367188,49.3873291015625,34.65492630004883,86.0276107788086,28.163061141967773,56.50636672973633,22.785524368286133,64.20040130615234,13.120335578918457,121.80000305175781
2019-01-14,231.0220184326172,31.38205337524414,129.90936279296875,49.160743713378906,34.36563491821289,85.90650177001953,28.06601333618164,56.324520111083984,22.755842208862305,63.994407653808594,13.009001731872559,122.08999633789062
2019-01-15,233.5184783935547,31.57392692565918,131.00526428222656,49.41969680786133,34.6038703918457,85.92265319824219,27.985126495361328,56.513099670410156,22.740997314453125,64.62877655029297,13.111772537231445,121.87999725341797
2019-01-16,234.13368225097656,31.796283721923828,131.98245239257812,49.557273864746094,35.029296875,85.995361328125,28.001304626464844,56.60065841674805,22.77068328857422,65.03240966796875,13.180286407470703,122.2699966430664
2019-01-17,235.8544921875,32.126224517822266,133.17877197265625,49.73529815673828,35.18244552612305,85.93072509765625,28.009408950805664,56.755584716796875,22.807788848876953,65.37842559814453,13.188849449157715,122.11000061035156
2019-01-18,239.0107421875,32.53685760498047,134.5486602783203,50.237022399902344,35.35261154174805,85.86614227294922,27.863815307617188,56.91722869873047,22.88943862915039,65.6255874633789,13.32587718963623,121.0199966430664
2019-01-22,235.82772827148438,32.05808639526367,132.4208221435547,49.46015548706055,34.7400016784668,85.93881225585938,28.05791473388672,56.540035247802734,22.874589920043945,65.43608856201172,13.231670379638672,121.44999694824219
2019-01-23,236.16651916503906,32.00967025756836,132.05552673339844,49.686737060546875,35.097354888916016,86.0276107788086,28.04174041748047,56.654563903808594,22.8968563079834,65.43608856201172,13.214543342590332,121.27999877929688
2019-01-24,236.39833068847656,32.223052978515625,132.85000610351562,49.74338912963867,35.43770217895508,86.17294311523438,28.227771759033203,56.715187072753906,22.978496551513672,65.66676330566406,13.248799324035645,121.08999633789062
2019-01-25,238.5025177001953,32.57450866699219,134.55776977539062,50.309844970703125,35.905662536621094,86.13256072998047,28.090269088745117,56.85662078857422,22.971078872680664,66.43289947509766,13.317313194274902,122.86000061035156
2019-01-28,236.5856170654297,32.53326416015625,133.8363037109375,50.03471374511719,35.531288146972656,86.08418273925781,28.06601333618164,56.769046783447266,22.98592758178711,67.03428649902344,13.137465476989746,123.29000091552734
2019-01-29,236.25575256347656,32.53506088256836,133.5167236328125,50.148006439208984,35.59085464477539,86.31021118164062,28.187339782714844,56.735382080078125,23.089828491210938,67.56979370117188,13.265929222106934,123.9800033569336
2019-01-30,240.0449981689453,32.72872543334961,134.97792053222656,50.698280334472656,36.365116119384766,86.50398254394531,28.17925262451172,57.18667221069336,23.10468101501465,68.10530090332031,13.36013412475586,124.69000244140625
2019-01-31,242.11354064941406,32.84168243408203,136.1285858154297,50.72256088256836,36.67142105102539,86.76235961914062,28.421886444091797,57.328121185302734,23.223421096801758,68.82200622558594,13.291621208190918,124.75
2019-02-01,242.24720764160156,32.95286560058594,136.2382049560547,50.70637893676758,36.38212966918945,86.5826644897461,28.246774673461914,57.300384521484375,23.215229034423828,68.35243225097656,13.411518096923828,124.5
2019-02-04,243.98583984375,33.28639221191406,137.8637237548828,50.89250564575195,36.44169616699219,86.50981140136719,28.117048263549805,57.435699462890625,23.215229034423828,68.81377410888672,13.420083999633789,123.95999908447266
2019-02-05,245.02902221679688,33.41011428833008,138.0098419189453,51.28901672363281,36.94369125366211,86.69599151611328,28.254880905151367,57.638694763183594,23.289691925048828,69.2339096069336,13.36013412475586,124.27999877929688
2019-02-06,244.66351318359375,33.393985748291016,137.83631896972656,51.030067443847656,36.44169616699219,86.64740753173828,28.254880905151367,57.58457565307617,23.267356872558594,68.75608825683594,13.3772611618042,123.44000244140625
2019-02-07,242.3631591796875,33.23258972167969,136.70394897460938,50.350318908691406,36.07583236694336,86.68791961669922,28.449443817138672,57.3883171081543,23.24501609802246,69.28333282470703,13.248799324035645,123.73999786376953
2019-02-08,242.6306915283203,33.207496643066406,136.8500518798828,50.188472747802734,35.87163162231445,86.88214874267578,28.571069717407227,57.37481689453125,23.282245635986328,69.29983520507812,13.265929222106934,124.20999908447266
2019-02-11,242.76438903808594,33.42087936401367,137.99160766601562,50.139915466308594,35.75250244140625,86.7930908203125,28.473785400390625,57.4018669128418,23.267356872558594,69.49754333496094,13.188849449157715,123.5999984741211
2019-02-12,245.920654296875,33.768760681152344,139.71762084960938,50.72256088256836,36.05031204223633,86.80933380126953,28.384593963623047,57.67929458618164,23.259904861450195,69.09386444091797,13.265929222106934,123.86000061035156
2019-02-13,246.66961669921875,33.94270324707031,140.11033630371094,50.73065185546875,35.795047760009766,86.655517578125,28.29541015625,57.5981330871582,23.207794189453125,69.41515350341797,13.343005180358887,123.37000274658203
2019-02-14,246.1078338623047,33.928340911865234,140.42999267578125,50.746826171875,35.86311721801758,86.78498077392578,28.457565307617188,57.60490417480469,23.24501609802246,69.63758087158203,13.3772611618042,124.05999755859375
2019-02-15,248.89854431152344,34.33360290527344,142.6674041748047,51.48323440551758,35.81207275390625,86.84980773925781,28.489990234375,57.78757095336914,23.222681045532227,70.06598663330078,13.62562370300293,124.80000305175781
2019-02-19,249.24624633789062,34.380210876464844,143.0601043701172,51.67745590209961,36.09284591674805,86.89830780029297,28.554853439331055,57.80784225463867,23.30457878112793,70.08245849609375,13.659879684448242,126.69999694824219
2019-02-20,249.72775268554688,34.520084381103516,143.73593139648438,51.823116302490234,36.29705047607422,86.90641784667969,28.489990234375,57.85527038574219,23.25246810913086,69.58814239501953,13.702702522277832,126.4800033569336
2019-02-21,248.94314575195312,34.412506103515625,143.18798828125,51.71791076660156,36.220481872558594,86.71217346191406,28.254880905151367,57.8011360168457,23.230119705200195,69.64582824707031,13.745521545410156,125.05000305175781
2019-02-22,250.3785858154297,34.67430114746094,144.4300079345703,51.887855529785156,36.62038040161133,86.93069458007812,28.40082550048828,57.9161491394043,23.267356872558594,70.01654815673828,13.779779434204102,125.5
2019-02-25,250.7709503173828,34.679683685302734,144.4665069580078,52.041603088378906,37.028778076171875,86.90641784667969,28.31973648071289,57.96353530883789,23.267356872558594,69.50576782226562,13.574238777160645,125.37000274658203
2019-02-26,250.58370971679688,34.38200759887695,143.47109985351562,52.2924690246582,36.90114974975586,87.00353240966797,28.457565307617188,58.037940979003906,23.30457878112793,69.3163070678711,13.634187698364258,125.58000183105469
2019-02-27,250.4588165283203,34.423255920410156,143.6719970703125,52.08207321166992,36.58633804321289,86.8173828125,28.165691375732422,58.05824279785156,23.25246810913086,69.11857604980469,13.702702522277832,124.69000244140625
2019-02-28,249.93280029296875,34.278011322021484,143.17884826660156,52.00923538208008,36.109867095947266,86.66363525390625,28.044084548950195,58.024452209472656,23.192899703979492,69.32454681396484,13.668445587158203,123.98999786376953
2019-03-01,251.7071533203125,34.541603088378906,144.51223754882812,52.2924690246582,36.152408599853516,86.52322387695312,27.797056198120117,58.188926696777344,23.200368881225586,69.1762466430664,13.514289855957031,121.87999725341797
2019-03-04,250.68185424804688,34.37843322753906,143.2062225341797,52.09824752807617,36.203460693359375,86.62872314453125,28.016447067260742,58.10051345825195,23.237714767456055,69.46458435058594,13.557109832763672,121.55999755859375
2019-03-05,250.3607635498047,34.2349739074707,142.53958129882812,52.14680480957031,36.56081008911133,86.68550109863281,28.073322296142578,58.073326110839844,23.230249404907227,69.67876434326172,13.62562370300293,121.72000122070312
2019-03-06,248.7648162841797,33.76695251464844,139.74505615234375,52.017330169677734,36.35661315917969,86.8153076171875,28.187076568603516,57.97819519042969,23.275068283081055,69.34101104736328,13.54854679107666,121.61000061035156
2019-03-07,246.75881958007812,33.481849670410156,138.52125549316406,51.353755950927734,35.68444061279297,87.05879211425781,28.34958839416504,57.937408447265625,23.32735252380371,69.21743774414062,13.514289855957031,121.51000213623047
2019-03-08,246.2594757080078,33.393985748291016,138.48475646972656,51.361854553222656,35.4291877746582,87.17237091064453,28.463363647460938,57.842254638671875,23.33481788635254,69.28333282470703,13.505724906921387,122.83999633789062
2019-03-11,249.83477783203125,33.84407043457031,140.9048309326172,51.806922912597656,36.09284591674805,87.18049621582031,28.382097244262695,58.032588958740234,23.33481788635254,70.30488586425781,13.52285385131836,122.23999786376953
2019-03-12,250.71742248535156,33.899658203125,140.97793579101562,51.77455520629883,36.28003692626953,87.34278106689453,28.560848236083984,58.13451385498047,23.394575119018555,70.59320831298828,13.608495712280273,122.9800033569336
2019-03-13,252.4559783935547,34.030555725097656,141.5349884033203,52.21963882446289,36.322566986083984,87.30216217041016,28.52022933959961,58.29087448120117,23.402040481567383,70.91449737548828,13.694136619567871,123.83999633789062
2019-03-14,252.33123779296875,33.99290084838867,140.95965576171875,52.211544036865234,36.12688446044922,87.17237091064453,28.32521629333496,58.25007247924805,23.38709831237793,71.02159118652344,13.634187698364258,122.41000366210938
2019-03-15,253.4635772705078,34.02159118652344,141.33407592773438,52.77800369262695,36.65440368652344,87.39144134521484,28.50396728515625,58.30447006225586,23.424453735351562,70.85685729980469,13.634187698364258,122.97000122070312
2019-03-18,254.47105407714844,34.292354583740234,142.2382354736328,52.96412658691406,37.062808990478516,87.37525177001953,28.4796142578125,58.28408432006836,23.46179962158203,70.46141815185547,13.702702522277832,123.04000091552734
2019-03-19,254.58689880371094,34.11125183105469,141.5167236328125,53.06932830810547,37.079830169677734,87.32655334472656,28.447092056274414,58.31804275512695,23.454334259033203,70.25543975830078,13.736958503723145,123.37999725341797
2019-03-20,253.6739501953125,33.828857421875,140.3373565673828,53.093605041503906,37.13938903808594,87.68356323242188,28.731489181518555,58.56951141357422,23.55143928527832,70.4902572631836,13.839728355407715,124.18000030517578
2019-03-21,256.5205078125,34.2860107421875,142.1778564453125,53.06123733520508,37.19044494628906,87.6998291015625,28.780235290527344,58.555912017822266,23.573843002319336,71.68498992919922,13.77121639251709,123.68000030517578
2019-03-22,251.67784118652344,33.303314208984375,137.0042266845703,52.041603088378906,36.101348876953125,88.13801574707031,29.21088218688965,58.34523010253906,23.70829963684082,71.25355529785156,13.65131664276123,123.97000122070312
2019-03-25,251.45391845703125,33.3717041015625,137.60861206054688,52.114437103271484,36.18644714355469,88.30028533935547,29.28400993347168,58.32486343383789,23.723241806030273,71.27015686035156,13.702702522277832,124.91999816894531
2019-03-26,253.28900146484375,33.706478118896484,139.05540466308594,52.37339401245117,36.29705047607422,88.31647491455078,29.235261917114258,58.46755599975586,23.865158081054688,71.80116271972656,13.728394508361816,124.30000305175781
2019-03-27,252.0537109375,33.683074951171875,138.51513671875,52.39766311645508,35.905662536621094,88.50310516357422,29.51152801513672,58.50835037231445,23.932392120361328,71.65180969238281,13.65131664276123,123.6500015258789
2019-03-28,253.04727172851562,33.96924591064453,139.75132751464844,52.268184661865234,36.143898010253906,88.51124572753906,29.592771530151367,58.62388610839844,23.902494430541992,72.27406311035156,13.608495712280273,121.9000015258789
2019-03-29,254.72122192382812,34.08802795410156,140.18167114257812,52.48667526245117,36.51826858520508,88.50310516357422,29.568403244018555,58.77341842651367,23.932392120361328,72.21601104736328,13.617058753967285,122.01000213623047
2019-04-01,257.6662902832031,34.550575256347656,141.71084594726562,53.1583366394043,37.122371673583984,88.0980453491211,29.157108306884766,58.75910949707031,23.790014266967773,72.19110870361328,13.745521545410156,121.52999877929688
2019-04-02,257.7289123535156,34.41739273071289,141.34458923339844,53.174522399902344,37.003257751464844,88.19567108154297,29.214120864868164,58.786415100097656,23.812503814697266,72.6557388305664,13.779779434204102,121.9800033569336
2019-04-03,258.1943054199219,34.590179443359375,142.07713317871094,53.587242126464844,37.258514404296875,88.03298950195312,28.9534912109375,58.806888580322266,23.819992065429688,72.58110046386719,13.796907424926758,121.80000305175781
2019-04-04,258.81201171875,34.77375411987305,142.77304077148438,53.473941802978516,37.48823165893555,88.0980453491211,29.05124282836914,58.8956298828125,23.819992065429688,72.47320556640625,13.805473327636719,122.11000061035156
2019-04-05,259.99359130859375,35.04011917114258,144.1099395751953,53.61151123046875,37.77751922607422,88.16310119628906,29.075664520263672,59.00487518310547,23.84996223449707,72.97100830078125,13.84829330444336,121.9800033569336
2019-04-08,260.2800598144531,35.04011917114258,143.8718719482422,53.64387893676758,37.77751922607422,88.12245178222656,28.977935791015625,58.97073745727539,23.84996223449707,72.53959655761719,13.899677276611328,122.51000213623047
2019-04-09,258.9374084472656,34.65676498413086,142.11375427246094,53.30400848388672,37.70094680786133,88.17127227783203,29.091964721679688,58.92976379394531,23.8724422454834,72.19110870361328,13.873985290527344,123.1500015258789
2019-04-10,259.7877502441406,34.96451950073242,144.0458221435547,53.50631332397461,37.87961959838867,88.342041015625,29.14896583557129,59.18918991088867,23.879940032958984,72.84656524658203,13.993884086608887,123.52999877929688
2019-04-11,259.769775390625,35.068912506103516,143.8627166748047,53.39302444458008,37.471221923828125,88.236328125,28.994218826293945,59.27798080444336,23.939876556396484,72.77190399169922,13.925370216369629,121.94999694824219
2019-04-12,261.52435302734375,35.34248352050781,144.38465881347656,53.7652702331543,37.74348449707031,88.06550598144531,28.790607452392578,59.36669158935547,23.917390823364258,73.1535415649414,13.96819019317627,121.83000183105469
2019-04-15,261.3095397949219,35.28129196166992,143.91763305664062,53.789546966552734,37.54779052734375,88.04924774169922,28.85576629638672,59.32573318481445,23.909900665283203,72.78019714355469,13.942498207092285,121.5999984741211
2019-04-16,261.50640869140625,35.30109405517578,144.2564239501953,53.829986572265625,37.828575134277344,87.89469909667969,28.692888259887695,59.29159164428711,23.8724422454834,71.2203598022461,13.891112327575684,120.51000213623047
2019-04-17,260.81719970703125,35.04911422729492,142.93785095214844,53.983760833740234,37.939178466796875,87.88658905029297,28.68473243713379,59.14823913574219,23.864946365356445,70.57321166992188,13.839728355407715,120.27999877929688
2019-04-18,261.381103515625,35.11750793457031,142.5166473388672,53.951385498046875,37.913658142089844,88.00045013427734,28.847610473632812,59.175540924072266,23.879940032958984,71.05443572998047,13.882549285888672,120.37000274658203
2019-04-22,261.6496276855469,35.00593185424805,142.14125061035156,53.86236572265625,37.666908264160156,87.89469909667969,28.692888259887695,59.07313919067383,23.797510147094727,70.35749816894531,13.951064109802246,120.37000274658203
2019-04-23,263.92327880859375,35.443267822265625,144.28395080566406,53.96757125854492,37.75198745727539,88.04924774169922,28.758033752441406,59.27798080444336,23.894906997680664,71.19548034667969,13.96819019317627,120.12000274658203
2019-04-24,263.3683166503906,35.55665969848633,144.73263549804688,53.59532928466797,37.24148178100586,88.25259399414062,28.986085891723633,59.19606399536133,23.969852447509766,71.6601333618164,13.916805267333984,120.47000122070312
2019-04-25,263.2072448730469,35.13731002807617,143.5330810546875,53.554874420166016,37.19044494628906,88.2444839477539,28.937204360961914,59.223350524902344,23.94736671447754,71.51904296875,13.891112327575684,120.56999969482422
2019-04-26,264.4872131347656,35.482872009277344,144.92491149902344,53.773345947265625,37.335086822509766,88.42343139648438,29.043092727661133,59.37351989746094,24.007312774658203,72.05836486816406,13.728394508361816,121.37000274658203
2019-04-29,264.77362060546875,35.49907302856445,145.6207733154297,53.99184799194336,37.411659240722656,88.26888275146484,28.872068405151367,59.34619903564453,23.99982261657715,71.36970520019531,13.736958503723145,120.83000183105469
2019-04-30,264.9079284667969,35.43606185913086,144.9431915283203,54.02421188354492,37.377628326416016,88.32581329345703,29.018659591674805,59.35304260253906,24.014801025390625,72.18280029296875,13.779779434204102,121.19999694824219
2019-05-01,262.9922790527344,35.0383186340332,143.56968688964844,53.71670913696289,37.09684753417969,88.38288116455078,29.11007308959961,59.15837478637695,23.947904586791992,72.13304138183594,13.736958503723145,120.4000015258789
2019-05-02,262.50897216796875,35.1283073425293,144.23814392089844,53.63578796386719,37.18192672729492,88.18721771240234,28.99579429626465,59.19948196411133,23.93287467956543,72.15792846679688,13.582802772521973,119.94000244140625
2019-05-03,264.970703125,35.63584518432617,146.9943084716797,54.21034622192383,37.62437057495117,88.33395385742188,29.061105728149414,59.350311279296875,23.955429077148438,72.73043060302734,13.5913667678833,120.6500015258789
2019-05-06,263.97705078125,35.581851959228516,147.15919494628906,53.59532928466797,36.85010528564453,88.44810485839844,29.15907096862793,59.37773132324219,24.015562057495117,72.48979187011719,13.634187698364258,120.80999755859375
2019-05-07,259.51019287109375,34.87093734741211,144.24728393554688,52.656620025634766,36.12688446044922,88.5540771484375,29.363143920898438,59.021209716796875,24.053131103515625,71.17060089111328,13.46290397644043,121.20999908447266
2019-05-08,259.16107177734375,34.77195358276367,143.5421905517578,52.72136306762695,36.07583236694336,88.53780364990234,29.24888038635254,59.04179000854492,23.97797393798828,71.16229248046875,13.480031967163086,120.91000366210938
2019-05-09,258.4450378417969,34.67115783691406,143.02029418945312,52.478580474853516,35.505760192871094,88.58673858642578,29.346818923950195,58.952693939208984,23.985488891601562,71.32823944091797,13.411518096923828,121.19999694824219
2019-05-10,259.59075927734375,34.786346435546875,143.41403198242188,52.86702346801758,35.71847915649414,88.60302734375,29.314172744750977,59.1171875,23.97797393798828,72.08326721191406,13.437211036682129,121.43000030517578
2019-05-13,253.14573669433594,33.76945495605469,138.8447723388672,51.636993408203125,34.52729797363281,88.74979400634766,29.550907135009766,58.57560729980469,24.015562057495117,72.00029754638672,13.368698120117188,122.66999816894531
2019-05-14,255.40155029296875,34.109615325927734,140.59368896484375,52.15489196777344,35.01227951049805,88.82316589355469,29.452943801879883,58.70589828491211,24.045618057250977,72.2989730834961,13.54854679107666,122.45999908447266
2019-05-15,256.9322204589844,34.19961929321289,141.0515899658203,52.34101104736328,35.080345153808594,88.9780502319336,29.648866653442383,58.760704040527344,24.090721130371094,72.77190399169922,13.668445587158203,122.38999938964844
2019-05-16,259.1969299316406,34.402992248535156,141.9306182861328,52.761817932128906,34.9101676940918,88.87208557128906,29.54273223876953,58.938987731933594,24.075695037841797,73.20333862304688,13.745521545410156,121.51000213623047
2019-05-17,257.7110595703125,34.021427154541016,139.95277404785156,52.413848876953125,34.28055191040039,88.8965072631836,29.616201400756836,58.91840744018555,24.128297805786133,72.99592590332031,13.617058753967285,120.6500015258789
2019-05-20,255.99232482910156,33.765872955322266,138.98211669921875,52.203460693359375,34.135902404785156,88.77422332763672,29.54273223876953,58.863525390625,24.090721130371094,71.91730499267578,13.677009582519531,120.63999938964844
2019-05-21,258.230224609375,34.206809997558594,140.85012817382812,52.55141830444336,34.5698356628418,88.76610565185547,29.50191879272461,59.04863357543945,23.985488891601562,72.52301025390625,13.685572624206543,120.36000061035156
2019-05-22,257.4872741699219,33.93144226074219,139.66888427734375,52.34101104736328,34.39966583251953,88.91285705566406,29.673343658447266,59.09666061401367,24.075695037841797,72.78019714355469,13.48859691619873,120.23999786376953
2019-05-23,254.27362060546875,33.36631393432617,136.7936248779297,51.86357498168945,33.95723342895508,89.17378234863281,29.999889373779297,58.80183792114258,24.120784759521484,72.87975311279297,13.205978393554688,121.16999816894531
2019-05-24,254.9002227783203,33.5552864074707,138.07562255859375,52.42194747924805,33.99126052856445,89.20635223388672,30.024362564086914,58.71955871582031,24.188434600830078,73.12034606933594,13.385826110839844,121.30000305175781
2019-05-28,252.50123596191406,33.195335388183594,136.97674560546875,51.91212463378906,34.110374450683594,89.33679962158203,30.244773864746094,58.664730072021484,24.203472137451172,72.34876251220703,13.497161865234375,120.83000183105469
2019-05-29,250.8542022705078,32.99375534057617,135.83212280273438,51.58034133911133,34.33159255981445,89.36128997802734,30.3182373046875,58.50703430175781,24.158361434936523,71.48588562011719,13.445775985717773,120.87000274658203
2019-05-30,251.4181671142578,32.934364318847656,135.45675659179688,51.77455520629883,34.51879119873047,89.59772491455078,30.571306228637695,58.63044738769531,24.26361083984375,71.77628326416016,13.308749198913574,121.69000244140625
2019-05-31,248.22247314453125,32.60139083862305,133.561279296875,51.30520248413086,34.63790512084961,90.0135498046875,30.954967498779297,58.205379486083984,24.35379981994629,72.074951171875,12.95761775970459,123.33000183105469
2019-06-03,247.39898681640625,32.81557083129883,134.02825927734375,51.60462188720703,34.95271301269531,90.2260513305664,31.15460205078125,58.29903793334961,24.399799346923828,72.3570556640625,12.914795875549316,125.11000061035156
2019-06-04,252.82362365722656,33.65608215332031,137.49871826171875,52.19535827636719,35.029296875,90.14430236816406,30.81914520263672,58.88444900512695,24.37717056274414,72.12472534179688,12.991873741149902,125.1500015258789
2019-06-05,254.98977661132812,33.77486038208008,137.52622985839844,52.17917251586914,34.74851608276367,90.09530639648438,30.647350311279297,59.02219772338867,24.392263412475586,73.63478088378906,12.726383209228516,125.47000122070312
2019-06-06,256.6905517578125,33.920650482177734,137.16912841796875,52.38957595825195,34.76552963256836,90.0789794921875,30.729175567626953,59.14616012573242,24.392263412475586,73.74263000488281,12.949051856994629,125.87999725341797
2019-06-07,259.29547119140625,34.08623504638672,138.1397247314453,53.05314636230469,35.03779983520508,90.3322982788086,30.999156951904297,59.297672271728516,24.51289939880371,73.96664428710938,12.991873741149902,126.58999633789062
2019-06-10,260.48590087890625,34.269813537597656,138.9546356201172,53.19880294799805,35.40367126464844,90.09530639648438,30.729175567626953,59.38718795776367,24.482746124267578,73.74263000488281,12.95761775970459,125.33000183105469
2019-06-11,260.4411315917969,34.300411224365234,138.5426025390625,53.465850830078125,35.80356216430664,90.0789794921875,30.753705978393555,59.4698486328125,24.475191116333008,73.86707305908203,13.043258666992188,125.18000030517578
2019-06-12,259.85040283203125,34.27521514892578,138.6982421875,53.06932830810547,35.420684814453125,90.19336700439453,30.770055770874023,59.332096099853516,24.490278244018555,74.10768127441406,12.863410949707031,125.83000183105469
2019-06-13,261.0409240722656,34.49478530883789,140.1633758544922,53.117881774902344,35.361122131347656,90.38949584960938,30.87643814086914,59.4698486328125,24.53551483154297,74.3814926147461,13.026131629943848,126.5999984741211
2019-06-14,260.70977783203125,34.26260757446289,138.93634033203125,52.72945785522461,34.969722747802734,90.3649673461914,30.941883087158203,59.42856979370117,24.520437240600586,74.50592803955078,13.077516555786133,126.55999755859375
2019-06-17,260.951171875,34.272911071777344,139.894775390625,52.76748275756836,35.10776138305664,90.34046936035156,30.9909725189209,59.339012145996094,24.565670013427734,75.30438232421875,13.017565727233887,126.4800033569336
2019-06-18,263.39190673828125,34.65804672241211,141.5211944580078,53.47016525268555,35.956520080566406,90.58563232421875,31.13005256652832,59.75224304199219,24.663705825805664,75.17060852050781,13.171721458435059,127.12000274658203
2019-06-19,264.1034240722656,34.761112213134766,142.026611328125,53.80084228515625,36.256587982177734,90.89618682861328,31.170949935913086,60.03460693359375,24.76171875,75.63883209228516,13.14603042602539,127.88999938964844
2019-06-20,266.6070861816406,34.970848083496094,142.69744873046875,54.27204513549805,36.78813552856445,91.05146026611328,31.260948181152344,60.33763122558594,24.8597469329834,75.97323608398438,13.411518096923828,131.11000061035156
2019-06-21,266.20172119140625,34.75930404663086,141.46612548828125,54.040584564208984,36.668113708496094,90.81450653076172,30.9582462310791,60.1447868347168,24.85219955444336,75.01175689697266,13.445775985717773,131.97999572753906
2019-06-24,265.93170166015625,34.49531173706055,139.74774169921875,54.15631866455078,36.616668701171875,90.97793579101562,31.170949935913086,60.137916564941406,24.920063018798828,74.5435562133789,13.505724906921387,133.94000244140625
2019-06-25,263.3558349609375,34.2982292175293,138.89312744140625,53.83390808105469,36.23944854736328,90.99434661865234,31.277320861816406,59.883060455322266,24.85219955444336,73.59044647216797,13.54854679107666,134.1999969482422
2019-06-26,263.0585632324219,34.240360260009766,138.57156372070312,53.90003967285156,36.582374572753906,90.78994750976562,31.064598083496094,59.85555648803711,24.837120056152344,72.20256805419922,13.617058753967285,132.97000122070312
2019-06-27,264.13946533203125,34.68155288696289,141.1720733642578,54.032310485839844,36.839576721191406,91.04330444335938,31.277320861816406,60.02082824707031,24.912517547607422,73.03866577148438,13.617058753967285,132.83999633789062
2019-06-28,265.4632568359375,35.124534606933594,142.89041137695312,54.33818817138672,36.78813552856445,91.00248718261719,31.220050811767578,60.04146957397461,24.965316772460938,72.99681854248047,13.471467971801758,133.1999969482422
2019-07-01,267.7780456542969,35.22398376464844,143.44174194335938,54.594459533691406,37.22537612915039,91.06959533691406,31.194637298583984,60.05946350097656,25.003114700317383,73.2476577758789,13.46290397644043,130.6199951171875
2019-07-02,268.5975341796875,35.12273025512695,142.5687713623047,54.75153350830078,37.13106918334961,91.23342895507812,31.407798767089844,60.19090270996094,25.056066513061523,74.3930892944336,13.240235328674316,133.41000366210938
2019-07-03,270.6239929199219,35.44818878173828,143.5887451171875,55.12353515625,37.06248092651367,91.38086700439453,31.61273193359375,60.4191780090332,25.101436614990234,75.3796157836914,13.368698120117188,133.6300048828125
2019-07-05,270.2816467285156,35.4735107421875,143.97471618652344,54.70193099975586,36.8052864074707,90.9958724975586,31.243837356567383,60.17708206176758,24.965309143066406,75.03681945800781,13.394391059875488,132.13999938964844
2019-07-08,268.8856506347656,35.12995910644531,142.6055450439453,54.387794494628906,36.582374572753906,90.94674682617188,31.276630401611328,60.05946350097656,24.965309143066406,75.27928924560547,13.3772611618042,131.2899932861328
2019-07-09,269.3180236816406,35.14082336425781,142.79849243164062,54.15631866455078,36.470924377441406,90.92215728759766,31.268407821655273,59.99031448364258,24.942609786987305,75.64717864990234,13.420083999633789,131.75
2019-07-10,270.5519104003906,35.11911392211914,143.046630859375,54.34645462036133,36.779563903808594,90.98767852783203,31.09624671936035,60.156333923339844,24.935049057006836,76.04849243164062,13.711265563964844,133.8300018310547
2019-07-11,271.02923583984375,35.043182373046875,142.3482666015625,54.32992172241211,36.71098327636719,90.65185546875,30.686349868774414,60.03873825073242,24.829174041748047,75.19571685791016,13.719830513000488,132.6999969482422
2019-07-12,272.4342346191406,35.40299987792969,143.45091247558594,54.39605712890625,36.73670196533203,90.75015258789062,30.727338790893555,60.13557815551758,24.84430503845215,75.06190490722656,13.754085540771484,133.52999877929688
2019-07-15,272.4072570800781,35.22036361694336,142.69744873046875,54.44565200805664,36.873870849609375,90.88121795654297,30.90770149230957,60.17708206176758,24.88212013244629,75.06190490722656,13.608495712280273,133.52999877929688
2019-07-16,271.488525390625,35.23121643066406,142.65151977539062,54.22243881225586,36.82243347167969,90.78292083740234,30.80931854248047,60.05256271362305,24.829174041748047,74.8863525390625,13.46290397644043,132.39999389648438
2019-07-17,269.7232666015625,34.96361541748047,141.6315460205078,54.148048400878906,36.71098327636719,91.02045440673828,31.137243270874023,59.97646713256836,24.935049057006836,74.58537292480469,13.343005180358887,134.5800018310547
2019-07-18,270.777099609375,35.097415924072266,142.16444396972656,54.31338119506836,36.93387222290039,91.16788482666016,31.14544677734375,60.00413131713867,24.98798370361328,74.60211181640625,13.248799324035645,136.47999572753906
2019-07-19,269.200927734375,34.96904754638672,141.34664916992188,54.15631866455078,36.745269775390625,91.06139373779297,31.07985496520996,59.900352478027344,24.972869873046875,73.50682067871094,13.32587718963623,134.47000122070312
2019-07-22,269.8133239746094,34.95458221435547,141.21795654296875,54.21418762207031,36.75384521484375,91.17610931396484,31.120868682861328,60.100975036621094,24.995540618896484,73.3730697631836,13.28305721282959,134.4499969482422
2019-07-23,271.7407531738281,35.32524108886719,142.15528869628906,54.55311965942383,36.79670715332031,91.08597564697266,30.965087890625,60.20475769042969,25.018251419067383,74.11717987060547,13.368698120117188,133.69000244140625
2019-07-24,273.0466613769531,35.836944580078125,144.50765991210938,54.594459533691406,36.85672378540039,91.2170639038086,31.088050842285156,60.25318145751953,25.086307525634766,74.32621002197266,13.308749198913574,134.3699951171875
2019-07-25,271.7317199707031,35.482540130615234,142.7617950439453,54.040584564208984,36.53093719482422,91.07787322998047,30.940488815307617,60.170162200927734,25.025806427001953,73.9833984375,13.257362365722656,133.4199981689453
2019-07-26,273.5870361328125,35.82970428466797,144.4525909423828,54.148048400878906,36.60810089111328,91.09417724609375,31.02247428894043,60.30158615112305,25.033363342285156,74.23420715332031,13.274491310119629,133.63999938964844
2019-07-29,273.0916748046875,35.65612030029297,143.48765563964844,54.26378631591797,36.53950881958008,91.1351547241211,31.02247428894043,60.21163558959961,24.980424880981445,74.45161437988281,13.32587718963623,134.52999877929688
2019-07-30,272.42523193359375,35.89479446411133,145.0406494140625,53.635501861572266,36.256587982177734,91.12696075439453,31.104446411132812,60.23933410644531,25.003114700317383,74.98667907714844,13.402955055236816,134.97999572753906
2019-07-31,269.49810791015625,35.48616409301758,143.86444091796875,53.28002166748047,35.8107795715332,91.16788482666016,31.342193603515625,60.13557815551758,25.056066513061523,74.73585510253906,13.317313194274902,133.2100067138672
2019-08-01,267.057373046875,34.93288040161133,141.7785186767578,53.1312255859375,35.10776138305664,91.88223266601562,31.935401916503906,60.105690002441406,25.235828399658203,74.6606216430664,12.949051856994629,136.41000366210938
2019-08-02,265.166015625,34.58391571044922,140.20716857910156,52.660011291503906,34.764827728271484,91.91506958007812,32.22295379638672,60.01538848876953,25.250991821289062,74.99502563476562,12.966181755065918,135.88999938964844
2019-08-05,257.1954650878906,33.605712890625,135.99859619140625,51.345577239990234,33.47883605957031,92.31736755371094,32.773433685302734,59.39014434814453,25.372364044189453,73.64895629882812,12.85484790802002,137.7899932861328
2019-08-06,260.6268615722656,34.019779205322266,137.24826049804688,51.69278335571289,33.95893478393555,92.56364440917969,33.01988983154297,59.772239685058594,25.395122528076172,74.426513671875,12.786334037780762,138.91000366210938
2019-08-07,260.8790588378906,34.102962493896484,137.21156311035156,51.89118576049805,34.11326599121094,92.51441955566406,33.05277633666992,59.76530456542969,25.486133575439453,75.20405578613281,12.623613357543945,141.02000427246094
2019-08-08,265.9407043457031,34.81174087524414,140.17044067382812,52.395469665527344,34.533348083496094,92.60469818115234,33.11027145385742,60.001495361328125,25.493730545043945,76.46650695800781,12.692127227783203,141.72999572753906
2019-08-09,264.2113037109375,34.35428237915039,138.40611267089844,52.03172302246094,34.181846618652344,92.48155975341797,33.0445556640625,59.91814041137695,25.43303871154785,76.45814514160156,12.803462028503418,141.25999450683594
2019-08-12,261.0140686035156,33.84258270263672,136.6142120361328,51.618385314941406,33.770320892333984,92.81819152832031,33.71826171875,59.7097282409668,25.615097045898438,76.16554260253906,12.70925521850586,142.6300048828125
2019-08-13,265.0399475097656,34.22410202026367,138.08450317382812,52.10612106323242,34.19898986816406,92.68682098388672,33.603233337402344,59.973697662353516,25.524063110351562,76.24911499023438,13.009001731872559,141.77999877929688
2019-08-14,257.22247314453125,33.22964096069336,134.22506713867188,50.67595672607422,33.21305847167969,92.97418975830078,34.34267044067383,59.438758850097656,25.62267303466797,75.01175689697266,12.81202507019043,142.75
2019-08-15,257.88897705078125,33.17176818847656,133.692138671875,50.84956359863281,33.43596649169922,93.40113067626953,34.720619201660156,59.612457275390625,25.668182373046875,75.83946990966797,12.70925521850586,143.6999969482422
2019-08-16,261.7077331542969,33.87873840332031,136.5775146484375,51.461307525634766,33.898921966552734,93.32722473144531,34.42483901977539,59.81391143798828,25.71368980407715,76.49996948242188,12.700691223144531,142.77999877929688
2019-08-19,264.85089111328125,34.18793487548828,137.95584106445312,51.77545928955078,34.03609848022461,93.0809326171875,33.981163024902344,59.98759078979492,25.668182373046875,77.07685852050781,12.760641098022461,141.11000061035156
2019-08-20,262.79742431640625,33.92393493652344,137.05531311035156,51.601844787597656,34.10468292236328,93.33546447753906,34.30158233642578,60.036224365234375,25.751615524291992,76.49996948242188,12.794897079467773,142.2100067138672
2019-08-21,264.9499206542969,34.11379623413086,138.18560791015625,51.96559143066406,34.43046951293945,93.28617095947266,34.096195220947266,60.29327392578125,25.80472183227539,76.78421020507812,12.83771800994873,141.75999450683594
2019-08-22,264.85089111328125,34.15357208251953,137.8639373779297,51.866397857666016,33.98466110229492,93.03987121582031,33.87435531616211,60.404396057128906,25.759201049804688,77.21060943603516,12.777769088745117,141.39999389648438
2019-08-23,258.0060119628906,33.226016998291016,133.63699340820312,51.22157669067383,33.47883605957031,93.41752624511719,34.40017318725586,60.12653350830078,25.865400314331055,76.14879608154297,12.683563232421875,144.1699981689453
2019-08-26,260.8790588378906,33.50627517700195,135.1072540283203,51.643184661865234,33.65887451171875,93.3764877319336,34.285152435302734,60.42526626586914,25.82747459411621,76.70899963378906,12.67499828338623,144.19000244140625
2019-08-27,259.87939453125,33.11933898925781,133.10403442382812,51.601844787597656,33.718894958496094,93.67207336425781,34.778106689453125,60.397438049316406,25.888151168823242,76.41637420654297,12.760641098022461,145.57000732421875
2019-08-28,261.63555908203125,33.44480514526367,134.65701293945312,51.601844787597656,33.813194274902344,93.68025207519531,34.8192138671875,60.54337692260742,25.948829650878906,76.59192657470703,12.87197494506836,145.16000366210938
2019-08-29,265.0399475097656,33.96915054321289,137.0185546875,52.04826736450195,34.1904182434082,93.62281799316406,34.69595718383789,60.605865478515625,25.835054397583008,77.2022476196289,12.906231880187988,144.1199951171875
2019-08-30,265.03094482421875,34.02339553833008,136.7704620361328,52.25493240356445,34.45619201660156,93.70491027832031,34.737037658691406,60.55028533935547,25.888151168823242,77.30259704589844,12.700691223144531,143.75
2019-09-03,263.3558349609375,33.605712890625,134.76724243164062,52.155731201171875,34.24184799194336,93.68270111083984,34.754337310791016,60.37660598754883,25.90868377685547,78.05502319335938,12.632177352905273,145.75
2019-09-04,266.37298583984375,34.03243637084961,135.85154724121094,52.8914794921875,34.8162727355957,93.8472671508789,34.7790412902832,60.50215530395508,25.931514739990234,78.66536712646484,12.931923866271973,146.66000366210938
2019-09-05,269.8583984375,34.62187957763672,138.3785858154297,53.17255401611328,35.210636138916016,93.44403839111328,34.21104049682617,60.73935317993164,25.78697395324707,78.1720962524414,12.914795875549316,143.13999938964844
2019-09-06,270.03851318359375,34.58934020996094,137.74452209472656,53.346153259277344,35.364967346191406,93.54280853271484,34.40858840942383,60.79521560668945,25.863040924072266,78.32260131835938,12.949051856994629,141.9199981689453
2019-09-09,270.1645812988281,34.878639221191406,139.5915069580078,53.503231048583984,35.476417541503906,93.1478271484375,33.81590270996094,60.857967376708984,25.726123809814453,77.81256866455078,13.068950653076172,141.38999938964844
2019-09-10,270.1465759277344,35.086570739746094,141.3742218017578,53.59416961669922,35.50213623046875,92.64581298828125,33.25615310668945,60.89287185668945,25.566390991210938,76.98487091064453,13.086080551147461,140.17999267578125
2019-09-11,272.1009826660156,35.55125427246094,144.26878356933594,53.89177703857422,35.75075912475586,92.66224670410156,33.19029235839844,60.8858642578125,25.505529403686523,77.06011962890625,12.991873741149902,141.02999877929688
2019-09-12,272.9656066894531,35.53860855102539,144.30551147460938,54.20591735839844,36.007957458496094,92.51415252685547,33.00096893310547,60.9207878112793,25.459896087646484,77.43635559082031,12.940488815307617,141.32000732421875
2019-09-13,272.77642822265625,35.562103271484375,144.5536346435547,54.51178741455078,36.21372604370117,91.96276092529297,32.28480911254883,60.80914306640625,25.30014419555664,76.53340148925781,12.940488815307617,140.14999389648438
2019-09-16,271.97491455078125,35.59465408325195,145.09576416015625,54.02404022216797,35.93080139160156,92.20964813232422,32.68818283081055,61.02542495727539,25.338180541992188,77.3193130493164,13.514289855957031,141.32000732421875
2019-09-17,272.63232421875,35.46808624267578,144.7190399169922,54.20591735839844,35.93080139160156,92.34955596923828,32.87748718261719,61.060302734375,25.414247512817383,78.1637191772461,13.257362365722656,141.60000610351562
2019-09-18,272.8305358886719,35.39575958251953,143.8277130126953,54.1397705078125,35.785057067871094,92.45653533935547,33.00096893310547,61.02542495727539,25.43706512451172,77.88783264160156,13.171721458435059,140.7100067138672
2019-09-19,272.7945251464844,35.321617126464844,143.12928771972656,54.321651458740234,35.639320373535156,92.58817291259766,33.10798263549805,60.955665588378906,25.490318298339844,78.26402282714844,13.240235328674316,141.27999877929688
2019-09-20,271.2903747558594,35.1932487487793,142.82606506347656,54.197654724121094,35.67361068725586,92.92559814453125,33.50311279296875,61.03239440917969,25.627239227294922,78.2306137084961,13.257362365722656,142.9499969482422
2019-09-23,271.4345397949219,35.26737976074219,142.7158203125,54.05710983276367,35.7078971862793,92.96674346923828,33.536041259765625,61.00450134277344,25.68048667907715,78.34767150878906,13.291621208190918,143.75
2019-09-24,269.2740783691406,34.8892707824707,140.56170654296875,53.85044479370117,35.33066940307617,93.22186279296875,33.947601318359375,60.9207878112793,25.748943328857422,78.24999237060547,13.137465476989746,144.50999450683594
2019-09-25,270.7946472167969,35.29426193237305,142.10169982910156,53.693363189697266,35.304954528808594,92.83507537841797,33.429012298583984,60.857967376708984,25.6424560546875,78.30892181396484,13.060388565063477,141.8300018310547
2019-09-26,270.2515563964844,35.08721923828125,140.5155792236328,53.89177703857422,35.2963752746582,92.99143981933594,33.651275634765625,60.81610870361328,25.68048667907715,78.9488754272461,13.060388565063477,141.7899932861328
2019-09-27,268.8123779296875,34.838409423828125,139.39056396484375,53.709896087646484,34.84199142456055,93.10662078857422,33.71713638305664,60.74636459350586,25.68810272216797,78.46893310546875,13.009001731872559,141.05999755859375
2019-09-30,270.18817138671875,35.09267807006836,139.55654907226562,53.9083137512207,35.03917694091797,93.1313247680664,33.774742126464844,60.81610870361328,25.733736038208008,78.76360321044922,12.880538940429688,138.8699951171875
2019-10-01,266.92083740234375,34.431602478027344,136.81781005859375,53.37922286987305,34.790550231933594,93.3004150390625,33.92071533203125,60.676029205322266,25.78331756591797,77.92999267578125,12.87197494506836,139.6300048828125
2019-10-02,262.141845703125,33.97394943237305,135.78500366210938,52.28799819946289,34.5247802734375,93.36640930175781,34.003204345703125,60.31876754760742,25.77569580078125,77.62689971923828,12.760641098022461,141.25999450683594
2019-10-03,264.3232727050781,34.16827392578125,136.23687744140625,52.63520812988281,34.97058868408203,93.72933959960938,34.316593170166016,60.353797912597656,25.836713790893555,78.38471984863281,12.743512153625488,141.89999389648438
2019-10-04,267.92547607421875,34.509700775146484,137.52789306640625,53.04855728149414,35.12490463256836,93.87776947021484,34.531002044677734,60.54291534423828,25.928266525268555,78.80572509765625,12.846282005310059,141.89999389648438
2019-10-07,266.72174072265625,34.33717346191406,137.2880859375,52.98241424560547,34.83341979980469,93.62210845947266,34.2506217956543,60.493892669677734,25.882482528686523,78.58678436279297,12.829154014587402,140.69000244140625
2019-10-08,262.594482421875,33.73966979980469,135.05654907226562,52.48640823364258,34.58478927612305,93.65506744384766,34.366065979003906,60.26974105834961,25.890106201171875,78.1826171875,12.82059097290039,141.9199981689453
2019-10-09,265.0834655761719,33.95941925048828,135.6743621826172,52.86668014526367,34.85056686401367,93.60555267333984,34.13515090942383,60.451847076416016,25.829078674316406,78.43524932861328,12.85484790802002,142.0500030517578
2019-10-10,266.9570007324219,34.164634704589844,136.21841430664062,53.23869323730469,35.210636138916016,93.28388977050781,33.65680694580078,60.528934478759766,25.745166778564453,78.58678436279297,12.940488815307617,140.80999755859375
2019-10-11,269.6180114746094,34.742164611816406,138.5237579345703,54.18938446044922,35.776485443115234,92.97872924804688,33.26920700073242,60.781097412109375,25.569725036621094,78.52783966064453,13.094643592834473,140.02999877929688
2019-10-14,269.4370422363281,34.61503219604492,138.01657104492188,53.96617889404297,35.62216567993164,93.13544464111328,33.500125885009766,60.82310485839844,25.64600944519043,78.54469299316406,13.034695625305176,140.58999633789062
2019-10-15,272.0888977050781,34.88200759887695,139.6026611328125,54.594459533691406,35.93937683105469,92.83028411865234,33.104251861572266,60.95621871948242,25.623130798339844,78.58678436279297,13.00043773651123,139.61000061035156
2019-10-16,271.59112548828125,34.845680236816406,139.750244140625,54.67713165283203,36.042259216308594,92.99524688720703,33.12898254394531,60.90717315673828,25.60787010192871,78.64574432373047,13.017565727233887,140.41000366210938
2019-10-17,272.351318359375,35.139892578125,141.40084838867188,54.80940246582031,36.17942810058594,92.97047424316406,33.05476379394531,60.991249084472656,25.676515579223633,79.0835952758789,13.068950653076172,140.61000061035156
2019-10-18,271.1656188964844,35.1090202331543,140.7276611328125,54.78459930419922,35.990821838378906,93.03648376464844,33.05476379394531,61.0052375793457,25.668901443481445,79.71510314941406,13.060388565063477,140.4600067138672
2019-10-21,273.1117248535156,35.31242752075195,142.04638671875,55.08220672607422,36.31660079956055,92.78080749511719,32.79909896850586,61.02626419067383,25.638389587402344,80.29613494873047,13.043258666992188,139.7899932861328
2019-10-22,272.16131591796875,35.30152130126953,142.20314025878906,54.949928283691406,36.342323303222656,92.9210205078125,32.99702835083008,61.040260314941406,25.64600944519043,80.03511047363281,13.060388565063477,140.1999969482422
2019-10-23,272.9487609863281,35.33421325683594,142.37826538085938,55.24754333496094,36.35090255737305,92.99524688720703,33.03826904296875,61.096290588378906,25.71466064453125,80.1445541381836,13.223106384277344,140.52999877929688
2019-10-24,273.4374694824219,35.34329605102539,142.1754150390625,55.34675216674805,36.35090255737305,93.02000427246094,32.98054122924805,61.166358947753906,25.729917526245117,80.04352569580078,13.291621208190918,141.52999877929688
2019-10-25,274.5236511230469,35.53035354614258,142.9315948486328,55.404598236083984,36.60810089111328,92.88803100585938,32.81559753417969,61.21537399291992,25.6917781829834,79.22672271728516,13.368698120117188,141.86000061035156
2019-10-28,276.0622863769531,35.73557662963867,144.16722106933594,55.652618408203125,36.82243347167969,92.69005584716797,32.543453216552734,61.208396911621094,25.61550521850586,78.79729461669922,13.317313194274902,140.63999938964844
2019-10-29,275.9717102050781,35.831825256347656,144.63755798339844,55.63608169555664,36.63381576538086,92.69831085205078,32.568180084228516,61.096290588378906,25.600242614746094,79.06675720214844,13.291621208190918,140.25
2019-10-30,276.840576171875,35.74646759033203,144.15806579589844,55.86756134033203,36.79670715332031,92.96223449707031,33.02178192138672,61.01923370361328,25.65364646911621,79.50460815429688,13.205978393554688,141.02000427246094
2019-10-31,276.0260009765625,35.47042465209961,143.3465576171875,55.735294342041016,36.50521469116211,93.32515716552734,33.43412780761719,60.809112548828125,25.806203842163086,79.36988830566406,13.128900527954102,142.42999267578125
2019-11-01,278.7232666015625,35.99165344238281,145.79022216796875,56.231292724609375,37.05391311645508,93.35079193115234,33.33912658691406,61.07004928588867,25.824562072753906,79.3109359741211,13.368698120117188,142.55999755859375
2019-11-04,279.7731628417969,36.18052291870117,146.57403564453125,56.52064514160156,37.42256546020508,93.11932373046875,32.90946960449219,61.19667434692383,25.755725860595703,78.69625091552734,13.454339027404785,142.14999389648438
2019-11-05,279.438232421875,36.26951217651367,146.75848388671875,56.41317367553711,37.63689041137695,92.77214050292969,32.56244659423828,61.13340759277344,25.648611068725586,77.4163818359375,13.48859691619873,139.85000610351562
2019-11-06,279.56500244140625,36.118778228759766,145.91004943847656,56.38836669921875,37.516868591308594,92.91268920898438,32.73596954345703,61.06303405761719,25.732769012451172,77.64373016357422,13.343005180358887,140.4499969482422
2019-11-07,280.5606994628906,36.173255920410156,146.29737854003906,56.56197738647461,37.791221618652344,92.47451782226562,32.18238067626953,61.034908294677734,25.60273551940918,76.9027328491211,13.334441184997559,138.27000427246094
2019-11-08,281.18511962890625,36.27133560180664,146.6939239501953,56.52891159057617,37.44828414916992,92.42496490478516,32.025394439697266,61.0911865234375,25.55682945251465,76.75959014892578,13.368698120117188,137.38999938964844
2019-11-11,280.7235107421875,36.20956802368164,146.41725158691406,56.45451354980469,37.1825065612793,92.4415283203125,32.06668472290039,61.0560302734375,25.518592834472656,76.93641662597656,13.28305721282959,137.05999755859375
2019-11-12,281.20318603515625,36.142391204833984,146.46340942382812,56.479305267333984,36.94245529174805,92.54069519042969,32.19888687133789,61.07004928588867,25.579776763916016,76.39751434326172,13.291621208190918,137.42999267578125
2019-11-13,281.3570861816406,36.082454681396484,145.83633422851562,56.280906677246094,36.6595344543457,92.70602416992188,32.38067626953125,61.00675964355469,25.633325576782227,77.0206298828125,13.317313194274902,137.97999572753906
2019-11-14,281.7552795410156,36.15327835083008,145.79022216796875,56.12383270263672,36.68524932861328,92.97051239013672,32.72768783569336,60.971588134765625,25.74805450439453,77.63530731201172,13.274491310119629,138.55999755859375
2019-11-15,283.8460388183594,36.331260681152344,146.54638671875,56.479305267333984,36.97675323486328,92.92094421386719,32.66986083984375,61.15448760986328,25.732769012451172,78.04790496826172,13.343005180358887,138.2100067138672
2019-11-18,283.9728088378906,36.27314758300781,146.17750549316406,56.54544448852539,36.9167366027832,93.09453582763672,32.760738372802734,61.07710266113281,25.793962478637695,78.45208740234375,13.205978393554688,138.6199951171875
2019-11-19,283.9093933105469,36.345787048339844,146.7215576171875,56.471031188964844,36.993896484375,93.16067504882812,33.008609771728516,60.859046936035156,25.816905975341797,78.5531234741211,13.086080551147461,138.69000244140625
2019-11-20,282.85955810546875,36.2349967956543,146.16827392578125,56.115562438964844,36.83100128173828,93.38385772705078,33.38043212890625,60.7324104309082,25.870458602905273,78.5362777709961,13.257362365722656,138.75999450683594
2019-11-21,282.45220947265625,35.98075485229492,145.44906616210938,56.041160583496094,36.75384521484375,93.2515869140625,33.16561508178711,60.74650955200195,25.816905975341797,77.4584732055664,13.3772611618042,138.0
2019-11-22,283.05859375,36.075199127197266,145.90087890625,56.1982307434082,36.75384521484375,93.30118560791016,33.16561508178711,60.978641510009766,25.870458602905273,77.20586395263672,13.368698120117188,137.74000549316406
2019-11-25,285.1946105957031,36.518314361572266,148.99925231933594,56.6446418762207,37.122493743896484,93.39212036132812,33.27302169799805,61.140438079833984,25.901044845581055,77.50899505615234,13.368698120117188,137.0800018310547
2019-11-26,285.7648620605469,36.64908981323242,149.10069274902344,56.611576080322266,37.011043548583984,93.52435302734375,33.46306228637695,61.210784912109375,25.962244033813477,78.44366455078125,13.445775985717773,137.74000549316406
2019-11-27,287.1405944824219,36.908790588378906,150.1519317626953,56.760379791259766,37.05391311645508,93.40863800048828,33.355648040771484,61.28812026977539,25.96990203857422,78.69625091552734,13.3772611618042,137.00999450683594
2019-11-29,286.06353759765625,36.52195739746094,149.17446899414062,56.36357116699219,36.470924377441406,93.29291534423828,33.28129577636719,61.15448760986328,25.962244033813477,78.47733306884766,13.111772537231445,137.86000061035156
2019-12-02,283.6650390625,36.27133560180664,147.7174835205078,56.07422637939453,36.46234893798828,93.190185546875,32.886451721191406,61.11283493041992,25.850257873535156,77.31531524658203,13.094643592834473,137.7899932861328
2019-12-03,281.7101135253906,36.06429672241211,147.24720764160156,55.86756134033203,36.27374267578125,93.6126937866211,33.52381896972656,61.0280876159668,25.98833656311035,77.78687286376953,13.103208541870117,139.11000061035156
2019-12-04,283.4568786621094,36.3548698425293,148.26156616210938,56.38010025024414,36.54808044433594,93.45527648925781,33.200992584228516,61.21167755126953,25.980661392211914,78.09001159667969,13.308749198913574,138.9199981689453
2019-12-05,284.0542297363281,36.411170959472656,148.40908813476562,56.27263641357422,36.71098327636719,93.34759521484375,33.07683563232422,61.3034782409668,25.934633255004883,78.1573486328125,13.334441184997559,139.0
2019-12-06,286.5885314941406,36.78528594970703,150.1427459716797,56.78518295288086,36.92530822753906,93.21500396728516,32.8781852722168,61.38822555541992,25.896286010742188,78.29208374023438,13.420083999633789,137.6199951171875
2019-12-09,285.73779296875,36.612754821777344,149.8568572998047,56.487571716308594,36.779563903808594,93.2647476196289,32.944400787353516,61.38822555541992,25.903961181640625,78.45208740234375,13.402955055236816,137.5800018310547
2019-12-10,285.4390869140625,36.581886291503906,149.94912719726562,56.51237106323242,36.908164978027344,93.23162078857422,32.960933685302734,61.5365104675293,25.919301986694336,77.98052978515625,13.46290397644043,137.97000122070312
2019-12-11,286.1630859375,36.63999938964844,149.90296936035156,56.80998611450195,37.44828414916992,93.48014831542969,33.192718505859375,61.663639068603516,25.995990753173828,77.22270965576172,13.402955055236816,138.9199981689453
2019-12-12,288.697265625,37.04680252075195,151.19395446777344,57.19026184082031,38.09984588623047,93.0824966430664,32.66295623779297,61.804893493652344,25.903961181640625,76.21227264404297,13.52285385131836,138.42999267578125
2019-12-13,288.7969665527344,36.83432388305664,150.61302185058594,57.58707046508789,38.082706451416016,93.45527648925781,33.05198669433594,61.86840057373047,26.01134490966797,76.28804779052734,13.5913667678833,139.0500030517578
2019-12-16,290.8728942871094,37.06964874267578,151.6746063232422,58.202354431152344,38.405818939208984,93.2647476196289,32.753997802734375,61.98847961425781,25.98833656311035,76.77787017822266,13.685572624206543,139.0399932861328
2019-12-17,290.9002380371094,37.195526123046875,152.4335174560547,57.86796188354492,38.756080627441406,93.27301788330078,32.7043342590332,62.17917251586914,25.949979782104492,76.12308502197266,13.745521545410156,139.00999450683594
2019-12-18,290.91845703125,37.215599060058594,152.72970581054688,57.792724609375,38.966243743896484,93.09078979492188,32.44775390625,62.29215621948242,25.9116268157959,77.10948181152344,13.754085540771484,139.02000427246094
2019-12-19,292.16644287109375,37.38343811035156,153.3867950439453,57.792724609375,38.98374938964844,93.19122314453125,32.497398376464844,62.25956726074219,25.957651138305664,77.74724578857422,13.814034461975098,139.3800048828125
2019-12-20,293.6603088378906,37.569522857666016,153.6089324951172,57.834529876708984,39.06255340576172,93.207763671875,32.54219436645508,62.16740417480469,25.98226547241211,78.23192596435547,13.796907424926758,139.52000427246094
2019-12-23,293.8697509765625,37.53120803833008,153.9143524169922,57.926483154296875,39.11509323120117,93.14140319824219,32.4758415222168,62.19576644897461,25.936113357543945,77.78976440429688,13.800387382507324,139.9499969482422
2019-12-24,293.9062805175781,37.527557373046875,154.2660369873047,57.86796188354492,39.027530670166016,93.25759887695312,32.58366775512695,62.24538803100586,25.997634887695312,78.00234985351562,13.861299514770508,141.27000427246094
2019-12-26,295.42742919921875,37.609649658203125,154.2660369873047,58.11875534057617,39.307735443115234,93.34052276611328,32.66658020019531,62.33749008178711,25.997634887695312,78.4190444946289,13.965713500976562,142.3800048828125
2019-12-27,295.37286376953125,37.5476188659668,153.5071258544922,58.21908187866211,39.465354919433594,93.46503448486328,32.691463470458984,62.30913162231445,26.043781280517578,78.6316146850586,13.991819381713867,142.3300018310547
2019-12-30,293.77874755859375,37.51113510131836,153.11843872070312,57.78437042236328,39.202659606933594,93.46503448486328,32.60023880004883,62.2666130065918,26.082252502441406,78.69113159179688,13.965713500976562,142.6300048828125
2019-12-31,294.44366455078125,37.5476188659668,153.33128356933594,58.0518798828125,39.29022216796875,93.2492904663086,32.2353401184082,62.32334899902344,26.020715713500977,79.15031433105469,13.878700256347656,142.89999389648438
2020-01-02,297.249267578125,37.60417938232422,153.43309020996094,58.63706970214844,40.087059020996094,93.50656127929688,32.63341522216797,62.585540771484375,26.082252502441406,78.27446746826172,13.896103858947754,143.9499969482422
2020-01-03,294.962890625,37.414451599121094,152.8314971923828,57.90974807739258,39.34276580810547,93.78034973144531,33.114410400390625,62.52177047729492,26.159164428710938,78.83567810058594,14.061429023742676,145.86000061035156
2020-01-06,296.1289367675781,37.40350341796875,153.03514099121094,58.13548278808594,39.24644470214844,93.70569610595703,32.93197250366211,62.45796203613281,26.12840461730957,78.90371704101562,14.08753490447998,147.38999938964844
2020-01-07,295.3182067871094,37.30681610107422,152.52606201171875,57.97665023803711,39.22017288208008,93.60612487792969,32.790977478027344,62.40127182006836,26.082252502441406,78.10438537597656,14.078832626342773,147.97000122070312
2020-01-08,296.8211669921875,37.365196228027344,152.99807739257812,58.14384841918945,39.44784164428711,93.49824523925781,32.56706237792969,62.45796203613281,26.020715713500977,78.29145050048828,13.869998931884766,146.86000061035156
2020-01-09,298.8251037597656,37.471004486083984,153.18316650390625,58.27760696411133,39.71052932739258,93.59783172607422,32.66658020019531,62.621002197265625,26.082252502441406,78.33399963378906,13.809089660644531,146.02999877929688
2020-01-10,297.99627685546875,37.36153793334961,152.609375,58.06024169921875,39.92068099975586,93.75548553466797,32.948543548583984,62.6422119140625,26.174545288085938,79.0142593383789,13.809089660644531,146.91000366210938
2020-01-13,300.08221435546875,37.65342712402344,153.59967041015625,58.3612060546875,40.54239273071289,93.69741821289062,32.85732650756836,62.6422119140625,26.136096954345703,79.8561019897461,13.704672813415527,145.82000732421875
2020-01-14,299.61761474609375,37.757415771484375,154.16424560546875,58.41972351074219,40.314735412597656,93.78034973144531,33.014896392822266,62.63515853881836,26.15146255493164,79.54999542236328,13.765583038330078,145.69000244140625
2020-01-15,300.291748046875,37.804840087890625,154.90463256835938,58.41972351074219,39.99949645996094,93.92144775390625,33.24711227416992,62.649356842041016,26.197616577148438,80.25577545166016,13.695971488952637,146.5399932861328
2020-01-16,302.7876281738281,38.23173522949219,156.90379333496094,58.66216278076172,40.25344467163086,93.92144775390625,33.12272262573242,62.67060470581055,26.236087799072266,80.85101318359375,13.678569793701172,146.30999755859375
2020-01-17,303.7897644042969,38.155120849609375,156.47805786132812,58.837730407714844,40.481101989746094,93.81358337402344,32.8739128112793,62.621002197265625,26.2207088470459,80.94456481933594,13.722075462341309,146.5800018310547
2020-01-21,303.1337585449219,37.94166564941406,155.1823272705078,58.36955642700195,39.45659637451172,94.0791244506836,33.21392822265625,62.48629379272461,26.312997817993164,81.76940155029297,13.643763542175293,146.74000549316406
2020-01-22,303.1974792480469,37.921600341796875,155.08050537109375,58.48659896850586,39.780582427978516,94.12889862060547,33.33003616333008,62.5997200012207,26.351469039916992,81.30169677734375,13.461034774780273,146.7899932861328
2020-01-23,303.57098388671875,38.00551986694336,154.9787139892578,58.344486236572266,39.3690299987793,94.2533950805664,33.537353515625,62.408355712890625,26.38991355895996,81.78639221191406,13.347917556762695,147.1199951171875
2020-01-24,300.8110046386719,37.59869384765625,153.07215881347656,58.09368896484375,39.053794860839844,94.42765808105469,33.819339752197266,62.14613342285156,26.42067527770996,81.59930419921875,13.147784233093262,147.97999572753906
2020-01-27,295.928466796875,37.09336853027344,151.33213806152344,56.88984680175781,37.70530319213867,94.71809387207031,34.316917419433594,61.727996826171875,26.50528335571289,81.20816040039062,12.904146194458008,148.99000549316406
2020-01-28,299.0801696777344,37.4582405090332,152.59083557128906,57.42488479614258,38.02053451538086,94.63511657714844,34.043243408203125,62.25956726074219,26.466829299926758,81.5567855834961,12.965056419372559,147.66000366210938
2020-01-29,298.8707275390625,37.27396774291992,151.72085571289062,57.43324279785156,38.20442581176758,94.85088348388672,34.38326644897461,62.22410202026367,26.528362274169922,81.30169677734375,12.904146194458008,148.4600067138672
2020-01-30,299.7725524902344,37.31593704223633,151.72085571289062,57.38308334350586,37.63525390625,94.85912322998047,34.39155960083008,62.28789138793945,26.566831588745117,81.40373229980469,12.791028022766113,148.47000122070312
2020-01-31,294.44366455078125,36.569793701171875,148.5740966796875,56.413330078125,36.873443603515625,95.14132690429688,34.68180847167969,62.032772064208984,26.61296272277832,80.41734313964844,12.68661117553711,149.3300018310547
2020-02-03,296.5570068359375,36.97480010986328,150.23080444335938,56.547088623046875,37.28498840332031,95.11052703857422,34.66935348510742,62.022789001464844,26.606029510498047,80.66394805908203,12.451674461364746,148.36000061035156
2020-02-04,301.1571044921875,37.471004486083984,152.4983367919922,57.49176025390625,38.248207092285156,94.79454040527344,34.20409393310547,62.39284896850586,26.528915405273438,81.48876953125,12.469077110290527,146.42999267578125
2020-02-05,304.5092468261719,37.89423751831055,154.84913635253906,58.04353713989258,38.46711730957031,94.65316009521484,33.84684753417969,62.64907455444336,26.498071670532227,81.50578308105469,12.660507202148438,146.61000061035156
2020-02-06,305.6751708984375,37.70998001098633,154.4973907470703,58.202354431152344,38.50214385986328,94.71138000488281,34.037940979003906,62.69886779785156,26.498071670532227,81.81190490722656,12.712716102600098,147.39999389648438
2020-02-07,304.0173645019531,37.36153793334961,152.60012817382812,57.650604248046875,37.96799850463867,94.9858169555664,34.411800384521484,62.60638427734375,26.582897186279297,81.77789306640625,12.64310359954834,147.7899932861328
2020-02-10,306.2673645019531,37.56403350830078,153.46084594726562,57.767635345458984,38.17815399169922,95.09391021728516,34.511512756347656,62.6917610168457,26.66771697998047,82.60273742675781,12.529986381530762,148.1699981689453
2020-02-11,306.83209228515625,37.859580993652344,154.5251922607422,58.16056442260742,38.67726516723633,94.97748565673828,34.345340728759766,62.73448181152344,26.644588470458984,83.27450561523438,12.573493003845215,147.66000366210938
2020-02-12,308.79962158203125,38.105857849121094,155.58956909179688,58.3612060546875,39.202659606933594,94.87767791748047,34.16256332397461,62.898162841796875,26.590599060058594,83.93777465820312,12.747520446777344,147.5399932861328
2020-02-13,308.4170837402344,38.242679595947266,155.9967803955078,57.951568603515625,38.686031341552734,94.9442138671875,34.30380630493164,62.91950988769531,26.582897186279297,84.50749206542969,12.75622272491455,148.3800048828125
2020-02-14,308.86346435546875,38.22807693481445,155.39520263671875,57.85124206542969,38.70354080200195,95.04402160644531,34.428409576416016,62.91242218017578,26.636878967285156,85.27281188964844,12.747520446777344,149.0
2020-02-18,308.1257019042969,38.096744537353516,155.06199645996094,57.4833984375,38.44960021972656,95.16876220703125,34.66935348510742,62.784297943115234,26.706289291381836,85.21331024169922,12.843236923217773,150.91000366210938
2020-02-19,309.6011962890625,38.26092529296875,155.85792541503906,57.67568588256836,38.72980499267578,95.14381408691406,34.66935348510742,62.81277847290039,26.67544174194336,84.141845703125,12.965056419372559,151.7899932861328
2020-02-20,308.3351135253906,38.41598129272461,156.23744201660156,57.33293151855469,38.125614166259766,95.36001586914062,34.93519973754883,62.91950988769531,26.737138748168945,85.05172729492188,12.912846565246582,152.41000366210938
2020-02-21,305.16510009765625,38.00551986694336,154.65480041503906,57.065406799316406,37.906700134277344,95.55127716064453,35.250911712646484,62.86257553100586,26.814258575439453,85.21331024169922,12.860639572143555,154.6999969482422
2020-02-24,294.98114013671875,36.86167907714844,149.9993896484375,54.78312301635742,36.4881591796875,95.85899353027344,35.79093551635742,62.18648910522461,26.8450984954834,84.07383728027344,12.617000579833984,156.08999633789062
2020-02-25,286.1361389160156,35.58833694458008,144.6683807373047,53.8802375793457,36.199195861816406,96.02531433105469,35.99861145019531,61.75236892700195,26.875947952270508,81.82042694091797,12.382062911987305,153.3000030517578
2020-02-26,285.0339660644531,35.06291961669922,142.99319458007812,53.947120666503906,36.4881591796875,95.925537109375,35.79093551635742,61.81643295288086,26.814258575439453,80.9615707397461,12.260244369506836,153.97000122070312
2020-02-27,272.09893798828125,33.75856399536133,137.9583740234375,52.35035705566406,35.612510681152344,95.94215393066406,36.173099517822266,60.98374557495117,26.706289291381836,76.71832275390625,12.051410675048828,154.0
2020-02-28,269.5483703613281,33.1018180847168,135.43167114257812,52.032684326171875,35.48117446899414,96.64901733398438,36.895912170410156,61.232810974121094,26.868227005004883,74.32034301757812,11.842577934265137,148.3800048828125
2020-03-02,282.7475891113281,34.2255744934082,139.78164672851562,52.701480865478516,36.251731872558594,96.61485290527344,36.70368957519531,61.69747543334961,26.89994239807129,77.90029907226562,12.112320899963379,149.1999969482422
2020-03-03,274.64031982421875,33.472145080566406,136.93106079101562,52.275115966796875,36.006553649902344,97.27315521240234,37.29448699951172,61.4329719543457,27.108707427978516,77.90882110595703,12.13842487335205,153.88999938964844
2020-03-04,286.7099914550781,34.66339874267578,140.8274688720703,53.83844757080078,36.64576721191406,97.19816589355469,36.878421783447266,62.2765007019043,27.162830352783203,80.8850326538086,12.147125244140625,154.16000366210938
2020-03-05,276.6991271972656,33.41376876831055,136.34796142578125,52.408878326416016,35.87519836425781,97.49816131591797,37.785423278808594,61.49015426635742,27.162830352783203,79.12479400634766,12.016605377197266,157.49000549316406
2020-03-06,272.08984375,32.83912658691406,133.64541625976562,51.6230354309082,35.13966369628906,98.21480560302734,39.69089889526367,60.79679489135742,27.2788143157959,77.7812728881836,11.625042915344238,157.5500030517578
2020-03-09,250.31898498535156,29.76335906982422,120.6511001586914,47.618595123291016,32.740394592285156,98.08981323242188,40.99728775024414,58.18046569824219,26.907672882080078,72.01590728759766,10.720100402832031,157.80999755859375
2020-03-10,263.7549743652344,30.983806610107422,124.41795349121094,49.37419891357422,34.40412521362305,96.98150634765625,39.05020523071289,59.074031829833984,26.343233108520508,74.79651641845703,11.059453964233398,154.47999572753906
2020-03-11,250.92930603027344,28.898639678955078,116.50474548339844,46.85783004760742,32.80168533325195,95.59820556640625,37.868621826171875,57.78730773925781,25.531360626220703,70.44274139404297,10.859321594238281,153.92999267578125
2020-03-12,226.7810516357422,25.95787811279297,103.6307601928711,41.70807647705078,29.518014907836914,91.77330017089844,37.718841552734375,55.478416442871094,24.363811492919922,63.58045959472656,10.4242525100708,147.7899932861328
2020-03-13,247.358642578125,28.11237144470215,110.5721435546875,44.232791900634766,31.645837783813477,93.21488189697266,36.74528884887695,57.222591400146484,25.2375431060791,69.00567626953125,10.537371635437012,143.27999877929688
2020-03-16,218.72854614257812,24.055137634277344,95.90262603759766,39.66823196411133,27.696672439575195,94.77324676513672,39.06683349609375,54.07732391357422,24.812273025512695,57.36442565917969,9.902170181274414,141.63999938964844
2020-03-17,232.63819885253906,25.634984970092773,100.29886627197266,41.59939193725586,29.605581283569336,92.32325744628906,36.670387268066406,54.58485794067383,24.0390625,60.060020446777344,9.74554443359375,143.55999755859375
2020-03-18,219.6849822998047,22.97150993347168,92.52445983886719,39.216793060302734,27.048696517944336,88.80669403076172,34.85643005371094,52.17585754394531,23.07254981994629,54.150115966796875,9.423593521118164,140.6999969482422
2020-03-19,220.4957733154297,23.92197036743164,96.13400268554688,39.827064514160156,27.25885009765625,90.78993225097656,35.413936614990234,51.003536224365234,21.812225341796875,54.17562484741211,9.623725891113281,138.0399932861328
2020-03-20,210.56675720214844,23.035364151000977,93.84796142578125,39.33383560180664,27.460248947143555,91.6899185180664,37.96013641357422,49.85980224609375,22.229759216308594,51.80314636230469,9.519309043884277,140.11000061035156
2020-03-23,204.63671875,22.210777282714844,92.45968627929688,38.8740348815918,26.80351448059082,93.86489868164062,39.349761962890625,49.059207916259766,23.768444061279297,49.18408966064453,9.632427215576172,146.3000030517578
2020-03-24,223.97535705566406,24.60243034362793,100.9189453125,42.16787338256836,28.817502975463867,94.63990020751953,38.80055618286133,51.0821647644043,23.783903121948242,53.12119674682617,9.84126091003418,153.39999389648438
2020-03-25,226.836181640625,25.399085998535156,102.1732406616211,43.53891372680664,29.833250045776367,95.60653686523438,38.700706481933594,52.51899337768555,24.866395950317383,56.03769302368164,10.006587028503418,151.3000030517578
2020-03-26,240.4938201904297,26.821359634399414,108.52827453613281,45.486793518066406,30.96283531188965,95.898193359375,38.93369674682617,54.92081069946289,24.79680824279785,60.19308853149414,9.971780776977539,153.24000549316406
2020-03-27,233.04173278808594,26.024887084960938,104.5796127319336,44.19099426269531,29.202783584594727,96.3065185546875,39.88230895996094,55.063812255859375,24.850927352905273,60.270355224609375,9.936975479125977,152.25
2020-03-30,240.48463439941406,26.6818904876709,106.88378143310547,45.085514068603516,29.684391021728516,96.39817810058594,39.4911994934082,55.535579681396484,25.18341636657715,61.47233581542969,9.910872459411621,152.9199981689453
2020-03-31,236.8548583984375,26.401103973388672,106.34490203857422,44.69259262084961,29.885791778564453,96.13984680175781,39.30813980102539,55.092376708984375,25.268470764160156,59.729469299316406,9.78905200958252,148.0500030517578
2020-04-01,226.22207641601562,24.85403060913086,99.09791564941406,42.71126937866211,28.607341766357422,95.8133316040039,39.94572448730469,53.5800895690918,24.903287887573242,55.78871154785156,9.510607719421387,149.4499969482422
2020-04-02,231.52928161621094,25.12013053894043,100.03628540039062,43.54727554321289,29.570556640625,95.95528411865234,39.99570846557617,53.996788024902344,24.980825424194336,56.029117584228516,9.693337440490723,151.89999389648438
2020-04-03,228.25694274902344,24.441118240356445,97.20254516601562,42.55242919921875,29.01014518737793,96.0220947265625,40.15406036376953,52.840126037597656,24.88003158569336,55.153385162353516,9.936975479125977,152.64999389648438
2020-04-06,243.63787841796875,26.408447265625,104.64462280273438,44.809635162353516,30.595062255859375,96.48979949951172,40.004051208496094,54.1260986328125,25.0273494720459,59.29159927368164,9.98918342590332,156.8800048828125
2020-04-07,243.73863220214844,26.722261428833008,104.91407775878906,45.06043243408203,30.7526798248291,96.6233901977539,39.60399627685547,54.1260986328125,25.345226287841797,59.86684799194336,10.058795928955078,156.0399932861328
2020-04-08,252.0707550048828,28.113340377807617,109.6989517211914,45.42827224731445,31.06790542602539,96.71524810791016,39.32897186279297,55.53424072265625,25.62433433532715,64.1510238647461,10.03269100189209,154.64999389648438
2020-04-09,255.84727478027344,29.005245208740234,114.9483642578125,46.4565544128418,30.954072952270508,97.91783142089844,39.4539794921875,59.16945266723633,26.484954833984375,67.72259521484375,10.058795928955078,158.69000244140625
2020-04-13,253.3907012939453,28.157386779785156,111.83587646484375,46.01347351074219,30.99785614013672,97.45851135253906,39.11228561401367,58.32170486450195,26.484954833984375,64.96663665771484,10.23282241821289,161.41000366210938
2020-04-14,261.08123779296875,28.73363494873047,114.1029052734375,46.83275604248047,31.70713233947754,97.5086441040039,39.07062530517578,58.565982818603516,26.438425064086914,66.68373107910156,10.145808219909668,162.67999267578125
2020-04-15,255.3430938720703,27.59764862060547,109.44808959960938,45.3697624206543,30.892778396606445,97.90950775146484,40.0623893737793,58.019989013671875,26.500457763671875,64.15958404541016,9.936975479125977,161.85000610351562
2020-04-16,256.69976806640625,27.56828498840332,108.62120056152344,45.39483642578125,31.05915069580078,98.03474426269531,40.49575424194336,57.96246337890625,26.492691040039062,63.43840408325195,9.910872459411621,161.7100067138672
2020-04-17,263.60186767578125,28.566633224487305,113.40605926513672,46.59867477416992,31.750917434692383,97.91783142089844,39.92070388793945,58.25706100463867,26.47719955444336,65.32721710205078,9.954378128051758,158.57000732421875
2020-04-20,258.90875244140625,28.019744873046875,112.06817626953125,45.90479278564453,31.34811782836914,97.77584075927734,40.245723724365234,57.38056945800781,26.36864471435547,62.95762252807617,9.78905200958252,159.6999969482422
2020-04-21,251.0258026123047,27.291173934936523,109.392333984375,45.01027297973633,30.481225967407227,97.825927734375,40.72911071777344,56.33167266845703,26.384151458740234,61.80717086791992,9.32787799835205,158.61000061035156
2020-04-22,256.7089538574219,27.66371726989746,110.72096252441406,45.771034240722656,31.31308937072754,97.825927734375,40.329071044921875,56.82740020751953,26.353151321411133,62.794498443603516,9.458399772644043,161.72999572753906
2020-04-23,256.6355285644531,27.96836280822754,111.8080062866211,45.6289176940918,31.19925880432129,98.059814453125,40.5457649230957,56.798641204833984,26.500457763671875,62.219261169433594,9.432295799255371,163.33999633789062
2020-04-24,260.2286682128906,28.355588912963867,113.73125457763672,46.15559387207031,31.155475616455078,98.00968170166016,40.645774841308594,56.26702117919922,26.430683135986328,62.476829528808594,9.310476303100586,162.63999938964844
2020-04-27,264.1610107421875,29.5539608001709,118.23739624023438,46.76587677001953,31.785945892333984,97.55875396728516,39.95404052734375,56.496917724609375,26.33763885498047,64.45150756835938,9.136449813842773,161.55999755859375
2020-04-28,262.7402038574219,29.84208869934082,119.95621490478516,47.11699295043945,31.84722900390625,97.9428939819336,40.395755767822266,56.66933059692383,26.36864471435547,65.03530883789062,9.145150184631348,160.83999633789062
2020-04-29,269.6058044433594,31.101036071777344,125.85601806640625,48.29575729370117,32.77541732788086,98.00968170166016,40.20408248901367,57.66794204711914,26.492691040039062,66.03125,9.310476303100586,161.72999572753906
2020-04-30,266.8833923339844,30.13022232055664,121.0711669921875,47.29255676269531,32.08366012573242,97.79256439208984,39.75401306152344,57.78288269042969,26.360889434814453,65.29287719726562,9.484503746032715,158.8000030517578
2020-05-01,259.8895263671875,29.11719512939453,116.26768493652344,46.26427459716797,30.927804946899414,97.79759216308594,40.071170806884766,56.78617477416992,26.329021453857422,63.077850341796875,9.362685203552246,159.77999877929688
2020-05-04,260.89788818359375,29.148393630981445,116.76942443847656,46.24755859375,31.260549545288086,97.88125610351562,39.91260528564453,56.706787109375,26.29792594909668,62.888946533203125,9.475802421569824,160.33999633789062
2020-05-05,263.19854736328125,29.421829223632812,117.670654296875,46.331153869628906,31.435688018798828,97.80595397949219,39.670562744140625,57.19755172729492,26.32124900817871,63.189449310302734,9.719441413879395,161.02000427246094
2020-05-06,261.46612548828125,29.174081802368164,116.80657196044922,46.03019714355469,31.339365005493164,97.41263580322266,39.07796096801758,56.87276077270508,26.08026885986328,62.14202117919922,9.528011322021484,158.9499969482422
2020-05-07,264.5643005371094,29.676923751831055,118.4046401977539,46.72407913208008,31.593294143676758,97.71388244628906,39.70395278930664,57.01710510253906,26.119140625,62.966224670410156,9.588920593261719,161.38999938964844
2020-05-08,268.9915771484375,30.717477798461914,122.97579193115234,47.51827621459961,32.258792877197266,97.45448303222656,39.21985626220703,57.558433532714844,26.01809310913086,64.46867370605469,9.78905200958252,160.4199981689453
2020-05-11,268.98248291015625,30.50642204284668,122.36258697509766,47.476478576660156,32.04863357543945,97.16159057617188,38.91938781738281,57.29859924316406,25.885929107666016,63.55861282348633,9.658531188964844,159.4199981689453
2020-05-12,263.50103759765625,29.412654876708984,117.96795654296875,46.87455749511719,31.926044464111328,97.41263580322266,39.28662109375,57.22644805908203,26.041400909423828,60.63954162597656,9.580219268798828,160.0399932861328
2020-05-13,258.9821472167969,28.40696907043457,114.0192642211914,46.515071868896484,31.86474609375,97.57164764404297,39.56203842163086,56.9233283996582,26.111366271972656,59.20574188232422,9.484503746032715,161.5800018310547
2020-05-14,262.080322265625,28.702438354492188,114.39092254638672,46.071998596191406,31.98733901977539,97.87287902832031,39.929298400878906,56.72842025756836,26.204647064208984,59.48049545288086,9.64983081817627,163.00999450683594
2020-05-15,263.21685791015625,28.941011428833008,116.21195220947266,46.11379623413086,31.549516677856445,97.93144989013672,39.81245803833008,56.80781936645508,26.329021453857422,59.20574188232422,9.74554443359375,163.92999267578125
2020-05-18,271.3564758300781,30.704639434814453,123.27311706542969,47.97807693481445,32.7841796875,97.7891845703125,38.986148834228516,57.81105041503906,26.414535522460938,62.65713882446289,10.0239896774292,162.69000244140625
2020-05-19,268.56072998046875,30.288047790527344,120.83887481689453,47.31763458251953,32.521480560302734,97.89799499511719,39.09465026855469,57.88322067260742,26.46894645690918,61.95310974121094,9.997884750366211,164.25999450683594
2020-05-20,273.14385986328125,30.939538955688477,124.4995346069336,48.30411148071289,32.950557708740234,98.14900970458984,39.21985626220703,58.4967155456543,26.663291931152344,62.554100036621094,10.171913146972656,164.64999389648438
2020-05-21,271.1455993652344,31.091856002807617,124.7225112915039,47.743995666503906,32.57402420043945,98.22434997558594,39.33670425415039,58.48225021362305,26.6788330078125,62.46826171875,10.128406524658203,162.25
2020-05-22,271.6955871582031,31.069839477539062,125.32638549804688,47.61023712158203,31.89977264404297,98.2745590209961,39.53701400756836,58.626590728759766,26.7021427154541,63.31821823120117,10.050094604492188,163.2100067138672
2020-05-26,275.14208984375,32.1507682800293,128.94064331054688,48.97291946411133,32.60028076171875,98.1155776977539,39.019527435302734,59.06684494018555,26.7021427154541,65.62773132324219,10.154509544372559,160.88999938964844
2020-05-27,279.15692138671875,33.0096321105957,132.9450225830078,49.56648254394531,32.705360412597656,98.25779724121094,38.96113204956055,59.1895751953125,26.741029739379883,66.88978576660156,10.0239896774292,161.17999267578125
2020-05-28,278.6069030761719,32.52147674560547,129.79541015625,50.034637451171875,32.477699279785156,98.19091796875,38.82756805419922,59.2473030090332,26.76434326171875,67.16452026367188,10.076197624206543,161.72000122070312
2020-05-29,279.7343444824219,32.321441650390625,129.05210876464844,49.85907745361328,33.03811264038086,98.4502944946289,39.10300827026367,59.485450744628906,26.89649200439453,66.46908569335938,10.250224113464355,162.91000366210938
2020-06-01,281.10931396484375,32.73435974121094,130.287841796875,50.97095489501953,33.7999267578125,98.39495849609375,38.859771728515625,59.935401916503906,26.89415740966797,68.00592041015625,10.311136245727539,163.66000366210938
2020-06-02,283.4466857910156,33.02431106567383,131.36557006835938,51.447479248046875,34.60552215576172,98.47879028320312,38.72601318359375,60.52953338623047,27.018848419189453,68.615478515625,10.4242525100708,162.60000610351562
2020-06-03,287.25982666015625,33.932735443115234,134.53382873535156,52.67639923095703,35.41111373901367,98.23564147949219,38.23284149169922,60.812137603759766,27.026639938354492,70.67598724365234,10.4242525100708,159.60000610351562
2020-06-04,286.2973327636719,33.951087951660156,134.3386993408203,52.45068359375,34.91200256347656,97.9422607421875,37.69791030883789,60.62372970581055,26.96428871154785,70.07503509521484,10.511265754699707,161.27999877929688
2020-06-05,293.7586975097656,35.04119873046875,139.53240966796875,53.353553771972656,35.8314208984375,98.00093841552734,37.42206954956055,61.19615936279297,27.050010681152344,72.62491607666016,10.720100402832031,158.00999450683594
2020-06-08,297.35186767578125,35.67984390258789,142.236083984375,54.04744338989258,36.05032730102539,98.10989379882812,37.55580520629883,61.26862335205078,27.096784591674805,74.53950500488281,10.650487899780273,159.72000122070312
2020-06-09,295.16119384765625,34.949432373046875,139.60675048828125,53.34519958496094,35.80514907836914,98.23564147949219,37.97372817993164,60.79039001464844,27.13573455810547,73.3375244140625,10.685295104980469,161.25999450683594
2020-06-10,293.4195251464844,34.05753707885742,135.8159942626953,53.2281608581543,36.067848205566406,98.63811492919922,38.508689880371094,60.703433990478516,27.252634048461914,71.46588897705078,10.754904747009277,163.57000732421875
2020-06-11,276.4436950683594,31.625896453857422,125.45649719238281,50.37739562988281,34.18520736694336,98.47041320800781,39.23590087890625,59.14566421508789,27.003246307373047,66.94989013671875,10.40684986114502,162.38999938964844
2020-06-12,279.8993225097656,32.29207992553711,128.46678161621094,51.24684143066406,34.91200256347656,98.57099914550781,38.868125915527344,59.73250961303711,27.081186294555664,69.34526062011719,10.450357437133789,162.6199951171875
2020-06-15,282.4683532714844,32.787391662597656,131.43698120117188,51.45711135864258,34.59493637084961,98.89794921875,38.88484573364258,60.31219482421875,27.3773136138916,70.14297485351562,10.546072959899902,162.3300018310547
2020-06-16,287.8987121582031,33.4836540222168,134.59722900390625,52.09300994873047,34.81511688232422,98.70515441894531,38.341529846191406,60.558536529541016,27.36174201965332,71.5257797241211,10.633086204528809,162.25
2020-06-17,286.6009521484375,33.00104522705078,132.16409301757812,52.28801727294922,35.14978790283203,98.6213150024414,38.450199127197266,60.275962829589844,27.299392700195312,70.55781555175781,10.580877304077148,162.55999755859375
2020-06-18,286.8218688964844,32.9255485534668,132.1175079345703,52.00822830200195,35.16740417480469,98.721923828125,38.859771728515625,60.254215240478516,27.36174201965332,69.805908203125,10.6417875289917,162.24000549316406
2020-06-19,285.0731201171875,32.7615966796875,131.43698120117188,51.75387191772461,35.158599853515625,98.75545501708984,38.859771728515625,60.05133056640625,27.353946685791016,68.92436218261719,10.728801727294922,164.02999877929688
2020-06-22,287.11639404296875,32.85554122924805,132.7513885498047,52.372806549072266,35.59015655517578,98.73027801513672,38.88484573364258,60.00786590576172,27.385129928588867,68.79471588134766,10.8419189453125,165.08999633789062
2020-06-23,288.2853088378906,32.90895462036133,133.31072998046875,52.66107940673828,35.93363952636719,98.71351623535156,38.63407897949219,60.09482955932617,27.369539260864258,68.58731079101562,10.78971004486084,166.47999572753906
2020-06-24,281.0047607421875,31.78165626525879,128.98512268066406,51.31298065185547,35.45804214477539,98.69677734375,39.03530502319336,59.478946685791016,27.291595458984375,66.62543487548828,10.519968032836914,165.89999389648438
2020-06-25,283.9501647949219,32.19610595703125,130.93350219726562,52.04213333129883,35.60777282714844,98.81410217285156,39.135616302490234,59.50067901611328,27.299392700195312,67.44647216796875,10.615682601928711,165.8000030517578
2020-06-26,277.17584228515625,31.56246566772461,127.40962982177734,51.287532806396484,35.17620849609375,98.93148040771484,39.54517364501953,58.93552017211914,27.314983367919922,66.10688018798828,10.485161781311035,166.5399932861328
2020-06-29,281.3360900878906,32.33057403564453,131.57675170898438,51.70298385620117,35.334739685058594,99.01531982421875,39.41978454589844,58.602210998535156,27.392913818359375,67.3427734375,10.659189224243164,166.6300048828125
2020-06-30,285.0455017089844,32.75422668457031,133.47853088378906,51.60972213745117,35.220252990722656,99.09915924072266,39.21083068847656,59.13841247558594,27.447465896606445,68.11195373535156,10.71139907836914,167.3699951171875
2020-07-01,286.9967041015625,32.50925064086914,132.21067810058594,51.80473327636719,35.6165771484375,99.15206909179688,39.16313552856445,59.32249450683594,27.55293083190918,69.64167785644531,10.798412322998047,166.6199951171875
2020-07-02,288.50628662109375,32.68975830078125,132.7513885498047,52.372806549072266,36.426849365234375,99.26972961425781,39.17985534667969,59.75907516479492,27.63886070251465,69.42561340332031,10.8419189453125,166.97999572753906
2020-07-06,292.93353271484375,33.032379150390625,133.7115936279297,53.229148864746094,37.994537353515625,99.26122283935547,39.02082824707031,60.1883544921875,27.716983795166016,69.43426513671875,10.928933143615723,167.97999572753906
2020-07-07,289.9145202636719,32.380313873291016,131.34371948242188,52.44911575317383,37.360408782958984,99.41246032714844,39.539756774902344,59.788150787353516,27.732603073120117,68.11195373535156,10.937634468078613,169.0399932861328
2020-07-08,292.07745361328125,32.60687255859375,132.3225860595703,52.8900032043457,38.329219818115234,99.37882995605469,39.422584533691406,59.94824981689453,27.748231887817383,68.04281616210938,11.076855659484863,170.08999633789062
2020-07-09,290.59564208984375,32.129798889160156,129.64703369140625,52.28801727294922,38.329219818115234,99.63919830322266,40.01685333251953,59.81727600097656,27.834157943725586,67.66255187988281,10.946335792541504,169.6300048828125
2020-07-10,293.5224609375,32.56634521484375,131.7352294921875,52.84761047363281,38.082611083984375,99.52165222167969,39.8243522644043,60.0209846496582,27.802921295166016,67.8526840209961,11.015946388244629,169.19000244140625
2020-07-13,290.9176940917969,32.225582122802734,130.0665283203125,52.50846481323242,37.82719802856445,99.51322174072266,39.949886322021484,59.693565368652344,27.75605010986328,67.01436614990234,10.902828216552734,169.39999389648438
2020-07-14,294.69146728515625,32.739498138427734,132.21998596191406,53.280029296875,37.880043029785156,99.67281341552734,40.0001106262207,60.202911376953125,27.849773406982422,67.5242691040039,10.955038070678711,170.19000244140625
2020-07-15,297.4435119628906,33.73417282104492,137.06765747070312,53.88200759887695,37.994537353515625,99.68122100830078,39.832725524902344,60.54486083984375,27.912290573120117,68.22430419921875,11.08555793762207,170.33999633789062
2020-07-16,296.41265869140625,33.60707092285156,136.2566375732422,53.53438949584961,37.457298278808594,99.7484359741211,40.00848388671875,60.60310363769531,28.00603485107422,67.48107147216797,10.998544692993164,168.72999572753906
2020-07-17,297.287109375,33.76179885864258,136.65748596191406,53.84809494018555,37.668670654296875,99.84919738769531,39.93315505981445,60.77044677734375,28.068511962890625,68.32804107666016,11.015946388244629,170.1199951171875
2020-07-20,299.7444763183594,33.555503845214844,136.07015991210938,54.11093521118164,38.15306854248047,99.95841217041016,40.02522659301758,61.134273529052734,28.076332092285156,67.515625,11.007244110107422,170.94000244140625
2020-07-21,300.28759765625,33.96073532104492,137.99989318847656,54.22115707397461,38.50535583496094,100.01720428466797,40.05033493041992,61.41803741455078,28.115402221679688,67.6884765625,11.163869857788086,173.0
2020-07-22,302.0548400878906,34.203880310058594,138.07449340820312,54.36529541015625,38.3380241394043,100.10118103027344,40.167503356933594,61.541717529296875,28.216955184936523,68.72557830810547,11.233480453491211,175.6300048828125
2020-07-23,298.4007873535156,34.273868560791016,138.2143096923828,53.93287658691406,38.029762268066406,100.21875762939453,40.60275650024414,61.498043060302734,28.318511962890625,68.37123107910156,11.207377433776855,177.17999267578125
2020-07-24,296.4955139160156,34.008628845214844,136.18202209472656,53.636131286621094,37.994537353515625,100.18517303466797,40.61949920654297,61.556251525878906,28.216955184936523,67.8526840209961,11.224780082702637,178.6999969482422
2020-07-27,298.6768798828125,34.32727813720703,137.59909057617188,54.33985900878906,38.584625244140625,100.11797332763672,40.452091217041016,61.70182418823242,28.170074462890625,68.63914489746094,11.32919692993164,182.22999572753906
2020-07-28,296.8360595703125,33.97547149658203,136.22862243652344,53.99223709106445,38.2675666809082,100.18517303466797,40.728309631347656,61.541717529296875,28.12320327758789,69.86640167236328,11.26828670501709,183.75
2020-07-29,300.4073486328125,34.72884750366211,139.23045349121094,54.560302734375,38.884071350097656,100.30277252197266,40.661354064941406,61.88370132446289,28.279441833496094,71.43070220947266,11.32919692993164,185.1300048828125
2020-07-30,299.37646484375,34.50044250488281,138.680419921875,53.75483322143555,38.390865325927734,100.37835693359375,40.92919158935547,62.014686584472656,28.240386962890625,71.06771850585938,11.198676109313965,183.75999450683594
2020-07-31,301.7327880859375,34.24809265136719,137.37525939941406,52.61021423339844,38.126644134521484,100.42036437988281,40.89570617675781,62.13109588623047,28.287260055541992,70.92079162597656,11.259584426879883,185.42999267578125
2020-08-03,303.8404235839844,34.6514778137207,139.61268615722656,53.636131286621094,38.390865325927734,100.45989227294922,40.697078704833984,62.14640426635742,28.35146141052246,69.99602508544922,11.372702598571777,185.63999938964844
2020-08-04,304.935791015625,34.8393669128418,140.57289123535156,53.93287658691406,38.90168380737305,100.65338897705078,41.05745315551758,62.12450408935547,28.41409683227539,70.8775863647461,11.433613777160645,189.58999633789062
2020-08-05,306.91473388671875,35.32380676269531,143.36961364746094,54.11093521118164,39.324440002441406,100.45989227294922,40.7138557434082,62.234092712402344,28.35146141052246,70.60966491699219,11.529328346252441,191.35000610351562
2020-08-06,308.99481201171875,35.22801971435547,143.3136749267578,54.170291900634766,39.44773864746094,100.60292053222656,40.948509216308594,62.37287521362305,28.47673988342285,70.6183090209961,11.616342544555664,193.88999938964844
2020-08-07,309.2157287597656,35.646156311035156,145.58837890625,53.94984817504883,38.63746643066406,100.48513793945312,40.67194366455078,62.21946334838867,28.42193603515625,71.57763671875,11.459716796875,190.80999755859375
2020-08-10,310.1453552246094,35.81008529663086,147.0985870361328,54.127899169921875,38.73434829711914,100.392578125,40.49592971801758,62.248680114746094,28.35146141052246,71.75047302246094,11.520626068115234,190.14999389648438
2020-08-11,307.54974365234375,35.77877426147461,146.25025939941406,54.32290267944336,38.628662109375,100.11495208740234,40.06014633178711,61.68620300292969,28.202686309814453,70.71336364746094,11.337897300720215,179.94000244140625
2020-08-12,311.8388977050781,35.99981689453125,146.84690856933594,55.52687072753906,39.14828872680664,99.91302490234375,39.6913948059082,61.700801849365234,28.16355323791504,71.39613342285156,11.459716796875,179.10000610351562
2020-08-13,311.3051452636719,35.93718338012695,146.5392608642578,55.28099060058594,39.03379440307617,99.54279327392578,39.28911209106445,61.53278732299805,27.93648910522461,70.58373260498047,11.520626068115234,183.3300018310547
2020-08-14,311.2774963378906,35.852455139160156,146.44601440429688,54.94185256958008,38.963340759277344,99.45026397705078,39.146629333496094,61.4232063293457,27.873844146728516,70.5923843383789,11.520626068115234,182.5399932861328
2020-08-17,312.2807312011719,35.953765869140625,147.20114135742188,55.3573112487793,39.456546783447266,99.58487701416016,39.2472038269043,61.78846740722656,27.873844146728516,71.14550018310547,11.712058067321777,186.5
2020-08-18,312.94342041015625,35.642459869384766,145.79345703125,55.323387145996094,39.41250991821289,99.7279052734375,39.523765563964844,61.88343048095703,27.959970474243164,70.80842590332031,11.738160133361816,188.17999267578125
2020-08-19,311.67327880859375,35.474849700927734,145.80276489257812,55.07750701904297,38.92810821533203,99.57646942138672,39.29747772216797,61.70811080932617,27.889511108398438,69.53799438476562,11.70335578918457,182.24000549316406
2020-08-20,312.6305236816406,35.23538589477539,145.20614624023438,54.89945602416992,38.804813385009766,99.75312805175781,39.63271713256836,61.912654876708984,27.98347282409668,70.16889953613281,11.685953140258789,183.5
2020-08-21,313.7257995605469,35.158023834228516,144.13406372070312,54.61965560913086,38.99856948852539,99.85409545898438,39.85062026977539,61.90534973144531,28.030439376831055,70.27259063720703,11.572834968566895,182.02999877929688
2020-08-24,316.947265625,35.6793098449707,145.64430236816406,55.3403434753418,39.43012237548828,99.81200408935547,39.77518844604492,62.190250396728516,28.022619247436523,70.82572174072266,11.633745193481445,181.0
2020-08-25,317.9964599609375,35.620365142822266,145.80276489257812,55.37424850463867,39.826454162597656,99.60169219970703,39.490264892578125,62.25602722167969,27.8973388671875,70.99857330322266,11.729459762573242,181.22000122070312
2020-08-26,321.2272644042969,35.498779296875,144.8892059326172,55.69645309448242,39.9321403503418,99.58487701416016,39.347774505615234,62.248680114746094,27.8973388671875,70.33308410644531,11.755563735961914,183.36000061035156
2020-08-27,321.9267272949219,35.63509750366211,145.24342346191406,55.12837600708008,39.59746170043945,99.2398910522461,38.7108268737793,62.15373611450195,27.70159339904785,71.33563232421875,11.712058067321777,181.24000549316406
2020-08-28,323.9884948730469,35.84877395629883,146.47401428222656,55.51839828491211,40.117095947265625,99.37454986572266,38.67730712890625,62.20487594604492,27.76423454284668,71.77638244628906,11.790369033813477,184.38999938964844
2020-08-31,322.8563232421875,35.471168518066406,144.8985137939453,55.0944709777832,39.22755432128906,99.59325408935547,38.91196823120117,62.11720657348633,27.881671905517578,71.08499908447266,11.781667709350586,184.8300018310547
2020-09-01,325.8846130371094,35.73271942138672,146.5579071044922,55.153812408447266,39.896915435791016,99.79975128173828,39.357574462890625,62.45534133911133,28.02998924255371,71.16279602050781,11.799071311950684,185.0500030517578
2020-09-02,330.6523742675781,36.19322204589844,147.72320556640625,55.89146041870117,39.791221618652344,100.00202941894531,39.71003341674805,62.5286979675293,28.108463287353516,72.45914459228516,11.64244556427002,182.6199951171875
2020-09-03,319.2207336425781,35.08435821533203,143.36032104492188,54.62813186645508,39.03379440307617,100.02729034423828,39.82750701904297,62.13995361328125,28.092769622802734,71.5603256225586,11.538029670715332,181.13999938964844
2020-09-04,316.6067810058594,34.94619369506836,142.44671630859375,54.704437255859375,39.05141067504883,99.53005981445312,39.097450256347656,61.97124099731445,27.865196228027344,71.2319107055664,11.433613777160645,181.63999938964844
2020-09-08,308.000732421875,34.14677810668945,139.7059326171875,54.034629821777344,38.373252868652344,99.6396255493164,39.324012756347656,61.62653732299805,27.888734817504883,70.34174346923828,11.155167579650879,181.2899932861328
2020-09-09,314.0295104980469,34.62015914916992,141.8220977783203,55.04358673095703,38.94572830200195,99.63116455078125,39.1981315612793,62.11062240600586,27.91228675842285,70.98128509521484,11.259584426879883,183.0500030517578
2020-09-10,308.54376220703125,34.190982818603516,139.9762420654297,54.39921951293945,38.32040786743164,99.6396255493164,39.3995475769043,61.81722640991211,27.91228675842285,70.03059387207031,11.146467208862305,182.4600067138672
2020-09-11,308.6910705566406,34.176246643066406,139.0440216064453,54.94185256958008,38.690311431884766,99.75762176513672,39.475067138671875,61.94190216064453,27.92798614501953,69.64167785644531,11.224780082702637,182.4499969482422
2020-09-14,312.7961120605469,34.84672546386719,142.7077178955078,55.23860168457031,39.31562805175781,99.76604461669922,39.475067138671875,61.875885009765625,27.97506332397461,71.50849151611328,11.233480453491211,183.88999938964844
2020-09-15,314.3884582519531,34.87620162963867,142.97805786132812,55.59469985961914,39.72956848144531,99.77446746826172,39.3995475769043,62.04457473754883,28.02213478088379,72.33816528320312,11.294389724731445,183.4499969482422
2020-09-16,313.1366882324219,34.98302459716797,144.32984924316406,55.59469985961914,39.676727294921875,99.72390747070312,39.29045104980469,62.04457473754883,28.006444931030273,72.72708129882812,11.50322437286377,183.97000122070312
2020-09-17,310.4490661621094,34.78410339355469,143.27639770507812,55.671016693115234,39.518192291259766,99.74919128417969,39.3995475769043,61.97858810424805,28.006444931030273,71.3615493774414,11.633745193481445,182.9600067138672
2020-09-18,306.81341552734375,34.400970458984375,142.90347290039062,55.221641540527344,39.20994186401367,99.63116455078125,39.256874084472656,61.824554443359375,27.97506332397461,69.82317352294922,11.685953140258789,183.1999969482422
2020-09-21,303.3986511230469,33.56838607788086,137.8973846435547,53.82265853881836,38.848846435546875,99.64806365966797,39.449893951416016,61.325775146484375,27.97506332397461,67.87861633300781,11.398807525634766,179.52000427246094
2020-09-22,306.47283935546875,33.78021240234375,138.96014404296875,53.80570602416992,38.55820083618164,99.72390747070312,39.43311309814453,61.53849411010742,27.96721076965332,68.67373657226562,11.346599578857422,178.64999389648438
2020-09-23,299.34051513671875,33.0091667175293,134.82009887695312,53.35633087158203,37.959312438964844,99.51322174072266,39.49182891845703,60.91508483886719,27.818119049072266,66.6990966796875,11.216079711914062,174.7899932861328
2020-09-24,300.1263427734375,33.03136444091797,134.82009887695312,53.305458068847656,37.78316879272461,99.52164459228516,39.61772155761719,60.95170211791992,27.76317596435547,66.9947280883789,11.26828670501709,175.44000244140625
2020-09-25,305.0083312988281,33.48099899291992,137.00990295410156,53.48351287841797,37.818389892578125,99.55535888671875,39.61772155761719,60.841678619384766,27.71610450744629,68.35113525390625,11.26828670501709,174.94000244140625
2020-09-28,310.0751037597656,34.28223419189453,140.3881378173828,54.28898620605469,38.24114227294922,99.6396255493164,39.51702880859375,61.237754821777344,27.825956344604492,69.71625518798828,11.36400318145752,176.6999969482422
2020-09-29,308.3645935058594,34.07313537597656,139.7517852783203,54.22964096069336,38.2147216796875,99.65644836425781,39.55898666381836,61.289085388183594,27.818119049072266,69.19454956054688,11.233480453491211,178.19000244140625
2020-09-30,310.72235107421875,34.289634704589844,140.1728973388672,53.966796875,38.83123016357422,99.49637603759766,39.223304748535156,61.53849411010742,27.80243492126465,69.42061614990234,11.36400318145752,177.1199951171875
2020-10-01,312.7379150390625,34.74482727050781,142.40945434570312,54.28050994873047,39.19233322143555,99.63311004638672,39.28044509887695,61.749900817871094,27.855911254882812,70.75963592529297,11.224780082702637,178.6999969482422
2020-10-02,309.7884826660156,35.076053619384766,143.03646850585938,54.170291900634766,38.7431526184082,99.53182220458984,39.129207611083984,61.749900817871094,27.871618270874023,71.88999938964844,11.08555793762207,178.5399932861328
2020-10-05,315.19744873046875,35.8717155456543,146.98550415039062,54.99272155761719,39.26278305053711,99.21098327636719,38.39820861816406,62.213958740234375,27.80084228515625,72.28994750976562,11.372702598571777,179.41000366210938
2020-10-06,310.72235107421875,35.72368240356445,146.5644073486328,54.40768814086914,39.33324432373047,99.29546356201172,38.58305358886719,62.07399368286133,27.78512191772461,71.83782196044922,11.41620922088623,177.3000030517578
2020-10-07,316.1220397949219,36.33246994018555,149.7647705078125,54.874019622802734,39.76479721069336,99.2279052734375,38.31418228149414,62.294986724853516,27.745786666870117,71.91607666015625,11.459716796875,177.22000122070312
2020-10-08,318.9698181152344,36.715492248535156,151.4679412841797,55.25555419921875,40.090667724609375,99.35453796386719,38.532649993896484,62.43495559692383,27.8087158203125,73.04643249511719,11.572834968566895,177.85000610351562
2020-10-09,321.77130126953125,36.824668884277344,152.25401306152344,55.687965393066406,40.36369323730469,99.37986755371094,38.5074462890625,62.57489013671875,27.855911254882812,72.73340606689453,11.607640266418457,181.0800018310547
2020-10-12,327.023193359375,37.04486083984375,153.27403259277344,56.01015853881836,40.71598434448242,99.57400512695312,38.60826873779297,62.89162826538086,28.013198852539062,73.16815185546875,11.485820770263672,180.55999755859375
2020-10-13,324.8965148925781,36.76360321044922,152.25401306152344,55.38274002075195,40.548648834228516,99.59935760498047,38.8939323425293,62.61174011230469,27.981740951538086,71.99433135986328,11.511924743652344,177.72000122070312
2020-10-14,322.86236572265625,36.597068786621094,150.74742126464844,55.28947830200195,40.27561950683594,99.65843200683594,38.952754974365234,62.45703887939453,28.028915405273438,71.15092468261719,11.590237617492676,178.27000427246094
2020-10-15,322.4648132324219,36.939388275146484,152.3008270263672,54.63661193847656,39.98497772216797,99.57400512695312,38.91914749145508,62.41287612915039,27.989608764648438,71.44657897949219,11.625042915344238,178.9199981689453
2020-10-16,322.1781311035156,36.84317398071289,151.92649841308594,54.89097213745117,40.12589645385742,99.52337646484375,38.826725006103516,62.339176177978516,27.942407608032227,71.00309753417969,11.546731948852539,178.3000030517578
2020-10-19,317.3425598144531,36.4305305480957,150.1110382080078,54.68749237060547,40.01139831542969,99.4051742553711,38.667091369628906,62.118221282958984,27.903085708618164,69.85536193847656,11.555431365966797,178.38999938964844
2020-10-20,318.5907287597656,36.58782196044922,150.4385986328125,54.95880126953125,40.45176315307617,99.32073974609375,38.330989837646484,62.339176177978516,27.871618270874023,70.3770751953125,11.685953140258789,179.25
2020-10-21,317.9712219238281,36.349117279052734,149.14720153808594,54.69597244262695,40.56626510620117,99.20256042480469,38.196556091308594,62.331825256347656,27.824438095092773,70.09884643554688,11.590237617492676,180.60000610351562
2020-10-22,319.78338623046875,36.96159744262695,151.72064208984375,54.73835372924805,40.55744552612305,99.02527618408203,37.81005859375,62.442298889160156,27.769390106201172,70.01187896728516,11.625042915344238,178.8300018310547
2020-10-23,320.800537109375,37.19660186767578,152.6002960205078,55.0944709777832,40.79524612426758,99.1688003540039,38.02851104736328,62.51599884033203,27.81658363342285,70.43793487548828,11.538029670715332,178.63999938964844
2020-10-26,314.9107971191406,36.40278244018555,149.30628967285156,54.10245895385742,40.26681137084961,99.30388641357422,38.3646125793457,61.96356201171875,27.87949562072754,69.5423583984375,11.372702598571777,178.5500030517578
2020-10-27,313.8382873535156,35.908721923828125,148.02423095703125,53.67852783203125,40.44296646118164,99.53182220458984,38.61667251586914,61.99298858642578,27.95026969909668,68.51634216308594,11.451016426086426,179.02000427246094
2020-10-28,303.1590881347656,34.95762634277344,143.46688842773438,52.0760498046875,39.43012237548828,99.38829040527344,38.65867233276367,61.47734832763672,27.87949562072754,66.83824157714844,11.146467208862305,176.1300048828125
2020-10-29,306.18255615234375,35.30549240112305,145.17942810058594,52.32194137573242,39.826454162597656,99.21098327636719,38.288978576660156,61.654136657714844,27.81658363342285,67.85552215576172,11.007244110107422,175.39999389648438
2020-10-30,302.918701171875,35.05939865112305,143.26101684570312,52.05060958862305,39.377281188964844,98.9408187866211,37.91928482055664,61.786705017089844,27.69074821472168,67.39469146728516,11.007244110107422,176.1999969482422
2020-11-02,306.3767395019531,35.74959182739258,145.8157501220703,52.72890853881836,39.879295349121094,99.12013244628906,38.17842102050781,61.93394088745117,27.79793357849121,69.0902099609375,11.207377433776855,177.91000366210938
2020-11-03,311.850341796875,36.54340744018555,149.95201110839844,54.11093521118164,40.05543899536133,99.07785034179688,37.968082427978516,62.46659469604492,27.79793357849121,70.42054748535156,11.27698802947998,178.9199981689453
2020-11-04,318.7386169433594,36.56376647949219,150.1204071044922,54.704437255859375,41.314884185791016,99.73738861083984,38.750511169433594,63.051021575927734,28.105316162109375,70.568359375,11.398807525634766,178.82000732421875
2020-11-05,324.97052001953125,37.60922622680664,154.3221435546875,56.01864242553711,42.01945877075195,99.83042907714844,38.817806243896484,63.272926330566406,28.18412971496582,70.79443359375,11.451016426086426,182.92999267578125
2020-11-06,324.9427795410156,37.41679382324219,153.11497497558594,56.13734817504883,42.21321487426758,99.61058807373047,38.38031768798828,63.051021575927734,28.144712448120117,70.39444732666016,11.40750789642334,183.19000244140625
2020-11-09,329.0017395019531,38.47151184082031,158.6642608642578,57.77372741699219,42.50385665893555,99.14550018310547,37.60630798339844,63.53184127807617,27.987085342407227,72.42908477783203,11.546731948852539,175.0800018310547
2020-11-10,328.5764465332031,38.92856216430664,161.6120147705078,58.29092788696289,42.01945877075195,98.98481750488281,37.4044075012207,63.443111419677734,27.900388717651367,73.23770904541016,11.772966384887695,175.66000366210938
2020-11-11,330.9433898925781,38.886016845703125,161.5465545654297,58.78268814086914,42.29248046875,99.04403686523438,37.53902816772461,63.42089080810547,27.963449478149414,73.70726776123047,11.764266014099121,174.89999389648438
2020-11-12,327.7904968261719,38.195796966552734,159.06661987304688,57.926334381103516,41.97541809082031,99.4583969116211,38.12794494628906,62.99182891845703,28.058015823364258,72.82037353515625,11.668549537658691,175.9600067138672
2020-11-13,332.2471618652344,39.028480529785156,162.36065673828125,58.81660842895508,42.565513610839844,99.47527313232422,38.06903839111328,63.206329345703125,28.09742546081543,74.72454833984375,11.616342544555664,177.16000366210938
2020-11-16,336.3707580566406,39.81121063232422,166.22547912597656,59.42706298828125,43.09394454956055,99.46682739257812,37.97649002075195,63.56146240234375,28.192005157470703,75.33318328857422,11.720759391784668,177.14999389648438
2020-11-17,334.6602783203125,39.9111213684082,167.00218200683594,59.36772537231445,43.0499153137207,99.66973876953125,38.228878021240234,63.58363342285156,28.255069732666016,75.39405059814453,11.755563735961914,176.5
2020-11-18,330.6290283203125,39.337501525878906,164.66268920898438,59.05400466918945,42.90018081665039,99.73738861083984,38.321434020996094,63.46525955200195,28.294469833374023,74.03765869140625,11.772966384887695,175.49000549316406
2020-11-19,331.9697570800781,39.68537902832031,165.92601013183594,59.469451904296875,42.970645904541016,99.92343139648438,38.51491928100586,63.67982482910156,28.452096939086914,74.18546295166016,11.772966384887695,175.16000366210938
2020-11-20,329.7414855957031,39.672420501708984,166.1038360595703,59.64751052856445,43.208438873291016,100.02494812011719,38.8430290222168,63.56146240234375,28.436328887939453,73.83766174316406,11.833876609802246,175.69000244140625
2020-11-23,331.7200622558594,40.28860855102539,169.21067810058594,59.571205139160156,43.32293701171875,99.99955749511719,38.674781799316406,63.65764236450195,28.499391555786133,73.77679443359375,11.868681907653809,172.22999572753906
2020-11-24,337.02728271484375,40.94919967651367,172.39236450195312,60.46147537231445,43.90420913696289,99.86424255371094,38.321434020996094,63.849979400634766,28.42845344543457,73.9854736328125,12.12102222442627,169.58999633789062
2020-11-25,336.5465393066406,40.680885314941406,171.8028106689453,60.385169982910156,43.65760803222656,99.83042907714844,38.22048568725586,63.820335388183594,28.436328887939453,74.04634094238281,12.225439071655273,169.50999450683594
2020-11-27,337.4618835449219,40.72529220581055,172.53274536132812,60.80060958862305,44.071556091308594,99.99955749511719,38.55699920654297,63.92395782470703,28.491500854492188,73.82027435302734,12.199335098266602,167.7899932861328
2020-11-30,335.9271240234375,40.064697265625,169.39781188964844,59.477943420410156,42.91779708862305,100.13484954833984,38.51491928100586,63.85734558105469,28.578205108642578,73.17684936523438,12.12972354888916,166.6699981689453
2020-12-01,339.6254577636719,40.55321502685547,170.96995544433594,60.87692642211914,43.76329803466797,99.81803894042969,37.97164535522461,64.02151489257812,28.517393112182617,74.01155853271484,12.094918251037598,170.17999267578125
2020-12-02,340.3466491699219,40.503257751464844,171.14776611328125,60.88540267944336,43.82494354248047,99.7079086303711,37.676815032958984,64.19973754882812,28.446319580078125,73.35075378417969,12.147125244140625,171.4600067138672
2020-12-03,340.2819519042969,40.73454284667969,172.11163330078125,60.987144470214844,44.326969146728516,99.87731170654297,37.97164535522461,64.23690795898438,28.533180236816406,73.89852905273438,12.164527893066406,172.80999755859375
2020-12-04,343.2037048339844,41.48950958251953,176.1168212890625,61.504337310791016,44.78493881225586,99.6063003540039,37.42412185668945,64.50426483154297,28.367326736450195,74.98540496826172,12.216737747192383,172.32000732421875
2020-12-07,342.5657653808594,41.334075927734375,176.2852783203125,61.00409698486328,44.78493881225586,99.75875091552734,37.74421691894531,64.47457885742188,28.414718627929688,74.40283966064453,12.216737747192383,174.88999938964844
2020-12-08,343.5180969238281,41.54873275756836,178.54989624023438,61.2160530090332,44.80255889892578,99.7672119140625,37.92108917236328,64.42256164550781,28.40682601928711,74.03765869140625,12.234139442443848,175.5
2020-12-09,340.5130615234375,41.37479019165039,177.24916076660156,61.30086135864258,44.41503143310547,99.62319946289062,37.79475784301758,64.32600402832031,28.32784652709961,73.47245788574219,12.242840766906738,172.5
2020-12-10,340.3281555175781,41.509864807128906,178.96165466308594,61.38565444946289,44.98750686645508,99.86888122558594,38.11484146118164,64.44485473632812,28.438411712646484,73.04643249511719,12.425569534301758,172.1699981689453
2020-12-11,339.9028015136719,41.41365051269531,178.08200073242188,61.19911193847656,44.67044448852539,99.97898864746094,38.25802993774414,64.37799072265625,28.493690490722656,73.08120727539062,12.390764236450195,172.49000549316406
2020-12-14,338.3612365722656,41.31343078613281,178.29037475585938,61.236778259277344,44.43819808959961,99.91971588134766,38.14851379394531,64.39286804199219,28.470012664794922,72.74053955078125,12.425569534301758,171.5399932861328
2020-12-15,342.9674072265625,42.282188415527344,182.74929809570312,61.86174011230469,44.918704986572266,99.97898864746094,38.03901672363281,64.59336853027344,28.509490966796875,74.14175415039062,12.521286010742188,173.94000244140625
2020-12-16,343.5152893066406,42.14670181274414,182.09222412109375,62.101436614990234,45.13226318359375,99.9366226196289,37.94635772705078,64.49684143066406,28.47789764404297,74.25560760498047,12.590897560119629,174.89999389648438
2020-12-17,345.4284362792969,42.50861358642578,184.26065063476562,62.53805160522461,45.4259147644043,99.932373046875,37.836849212646484,64.59304809570312,28.509490966796875,74.98248291015625,12.73882007598877,176.74000549316406
2020-12-18,344.0633239746094,42.276615142822266,183.368896484375,62.212738037109375,45.372520446777344,99.88147735595703,37.731449127197266,64.6452407836914,28.50078010559082,73.6338119506836,12.782326698303223,176.44000244140625
2020-12-21,342.9302978515625,42.18382263183594,183.2750244140625,61.416561126708984,44.705142974853516,99.88147735595703,37.883243560791016,64.41403198242188,28.469091415405273,73.16090393066406,12.651805877685547,175.8800048828125
2020-12-22,342.27093505859375,42.38241195678711,185.3589630126953,61.26245880126953,44.34921646118164,100.02568817138672,38.06035614013672,64.4960708618164,28.532472610473633,73.7389144897461,12.51258373260498,174.49000549316406
2020-12-23,342.568115234375,42.74616241455078,186.93600463867188,61.92165756225586,44.80302429199219,99.95784759521484,37.798919677734375,64.78694152832031,28.532472610473633,73.23971557617188,12.669209480285645,175.64999389648438
2020-12-24,343.8962097167969,42.81296920776367,186.81393432617188,61.947349548339844,44.60726547241211,100.05110168457031,37.950721740722656,64.92119598388672,28.627513885498047,73.81771850585938,12.704014778137207,176.35000610351562
2020-12-28,346.8863830566406,42.69233322143555,186.11932373046875,62.45243835449219,44.73184585571289,100.06806182861328,37.959144592285156,65.00325012207031,28.627513885498047,74.49205780029297,12.625702857971191,175.7100067138672
2020-12-29,346.2178039550781,42.25063705444336,182.51458740234375,62.85481643676758,45.39921569824219,100.08501434326172,37.925411224365234,64.92119598388672,28.635440826416016,73.88778686523438,12.660507202148438,176.35000610351562
2020-12-30,346.67279052734375,42.618106842041016,184.373291015625,62.94041442871094,46.004302978515625,100.14435577392578,37.99288558959961,65.055419921875,28.67503547668457,74.22057342529297,12.73882007598877,177.6999969482422
2020-12-31,348.6138000488281,42.65336608886719,184.0447235107422,62.461002349853516,45.977603912353516,100.220703125,38.06035614013672,65.10762023925781,28.690895080566406,75.00875091552734,12.791028022766113,178.36000061035156
2021-01-04,343.81256103515625,41.99824523925781,181.64163208007812,62.78633117675781,46.2712516784668,100.09349822998047,38.001312255859375,64.97340393066406,28.579992294311523,72.46031188964844,12.721417427062988,182.3300018310547
2021-01-05,346.0877685546875,42.606971740722656,184.44839477539062,63.43696212768555,47.38353729248047,99.99171447753906,37.748294830322266,64.99581146240234,28.50870132446289,72.45153045654297,13.07817268371582,182.8699951171875
2021-01-06,348.1772766113281,44.30693054199219,191.99563598632812,64.16463470458984,46.98311233520508,99.49992370605469,36.99772262573242,64.87641906738281,28.310684204101562,72.41651153564453,13.095576286315918,179.89999389648438
2021-01-07,353.3313903808594,44.774620056152344,195.41256713867188,64.2331314086914,47.428035736083984,99.3981704711914,36.685691833496094,65.0628890991211,28.302738189697266,72.40776824951172,13.156485557556152,179.47999572753906
2021-01-08,355.34661865234375,44.713382720947266,194.99017333984375,64.83241271972656,48.68269729614258,99.27942657470703,36.5760612487793,65.15984344482422,28.278980255126953,73.10835266113281,13.260902404785156,173.33999633789062
2021-01-11,353.0249938964844,44.78946304321289,194.82118225097656,63.984859466552734,48.02421569824219,99.11834716796875,36.500152587890625,64.80934143066406,28.17600440979004,72.074951171875,13.16518783569336,173.0
2021-01-12,353.0805969238281,45.30910873413086,198.31320190429688,64.27593994140625,48.49583053588867,99.20314025878906,36.474857330322266,64.89134216308594,28.23145294189453,72.04869079589844,13.417527198791504,174.1199951171875
2021-01-13,353.97216796875,44.869266510009766,196.895751953125,64.1903305053711,48.60261154174805,99.51689910888672,36.86280822753906,65.0852279663086,28.41364288330078,72.93318939208984,13.382721900939941,173.3699951171875
2021-01-14,352.746337890625,45.30539321899414,200.8290252685547,64.7039794921875,49.056427001953125,99.32186126708984,36.54232406616211,65.0703353881836,28.31859588623047,73.24847412109375,13.504541397094727,173.27999877929688
2021-01-15,350.2017517089844,44.83771514892578,197.83450317382812,63.69376754760742,48.36235809326172,99.423583984375,36.685691833496094,64.96589660644531,28.358190536499023,74.08045196533203,13.313111305236816,171.1300048828125
2021-01-19,352.9413146972656,45.231163024902344,200.3690185546875,64.15606689453125,49.1632080078125,99.55929565429688,36.79533767700195,65.15238189697266,28.39780044555664,73.8790283203125,13.356618881225586,172.5800018310547
2021-01-20,357.7983703613281,45.704410552978516,201.2514190673828,64.59268188476562,50.026344299316406,99.56775665283203,36.82064437866211,65.27169036865234,28.39780044555664,75.36782836914062,13.365320205688477,175.38999938964844
2021-01-21,358.114013671875,45.38705062866211,199.5054168701172,64.64405059814453,50.11532211303711,99.423583984375,36.5760612487793,65.23442077636719,28.310684204101562,75.1401138305664,13.356618881225586,175.27999877929688
2021-01-22,356.8975524902344,45.56150436401367,201.82403564453125,64.33587646484375,49.6793098449707,99.423583984375,36.6772575378418,65.10762023925781,28.278980255126953,75.28900909423828,13.130382537841797,173.89999389648438
2021-01-25,358.3183898925781,45.39633560180664,201.62692260742188,64.25879669189453,50.05303955078125,99.67800903320312,37.08207321166992,65.12255859375,28.41364288330078,75.8494873046875,13.269604682922363,174.0500030517578
2021-01-26,357.7890319824219,44.921234130859375,200.22817993164062,64.35296630859375,49.688209533691406,99.6440658569336,37.03988265991211,65.02558135986328,28.405723571777344,76.40119934082031,13.295708656311035,173.6199951171875
2021-01-27,349.05950927734375,43.80957794189453,196.5578155517578,62.88048553466797,48.30896759033203,99.65255737304688,37.1411018371582,64.8391342163086,28.374034881591797,75.13135528564453,13.260902404785156,172.52000427246094
2021-01-28,352.01263427734375,44.143619537353516,195.9288787841797,63.28285217285156,48.64710235595703,99.5847396850586,36.93870544433594,65.03304290771484,28.33441734313965,75.45539093017578,13.199993133544922,172.67999267578125
2021-01-29,345.01983642578125,43.2880744934082,192.9625244140625,61.9730224609375,47.43693161010742,99.47449493408203,36.719425201416016,64.86152648925781,28.28690528869629,74.68472290039062,13.217395782470703,172.61000061035156
2021-02-01,350.6661071777344,44.19002151489258,197.70309448242188,62.70926284790039,48.718284606933594,99.56961822509766,36.760807037353516,65.0696029663086,28.34405517578125,76.4887924194336,13.469734191894531,174.22999572753906
2021-02-02,355.643798828125,44.748626708984375,200.5192108154297,63.3427848815918,49.35007095336914,99.41673278808594,36.54123306274414,65.22682189941406,28.280559539794922,76.900390625,13.574151992797852,172.11000061035156
2021-02-03,355.9223937988281,44.75977325439453,201.11997985839844,63.49687576293945,49.59922790527344,99.29783630371094,36.21188735961914,65.2791748046875,28.23293113708496,76.69020080566406,13.669867515563965,171.85000610351562
2021-02-04,359.9527893066406,45.37962341308594,205.22219848632812,63.56537628173828,49.61701202392578,99.25533294677734,36.11898422241211,65.4139404296875,28.25673484802246,77.12808990478516,13.73947811126709,168.14999389648438
2021-02-05,361.3644104003906,45.862152099609375,208.0664825439453,63.95918273925781,50.04413986206055,99.12793731689453,35.82341766357422,65.51122283935547,28.19324493408203,77.27698516845703,13.809089660644531,169.80999755859375
2021-02-08,364.0853576660156,46.600791931152344,213.37962341308594,64.40434265136719,50.13311767578125,99.22986602783203,35.97542953491211,65.70587158203125,28.272613525390625,77.48715209960938,14.026625633239746,171.52000427246094
2021-02-09,363.7789611816406,46.74183654785156,214.384033203125,64.75534057617188,50.667015075683594,99.2723388671875,35.99231719970703,65.58610534667969,28.248804092407227,77.82868957519531,14.078832626342773,172.0800018310547
2021-02-10,363.63031005859375,46.67873764038086,212.9759979248047,64.53275299072266,50.84498596191406,99.36575317382812,36.21188735961914,65.57115173339844,28.312301635742188,78.327880859375,14.052727699279785,172.7100067138672
2021-02-11,364.2433166503906,46.9701042175293,212.73190307617188,64.96936798095703,51.387779235839844,99.2468490600586,36.026084899902344,65.60107421875,28.25673484802246,78.31033325195312,14.026625633239746,171.2100067138672
2021-02-12,366.0634765625,47.11115646362305,213.3326873779297,65.32893371582031,51.43226623535156,99.01752471923828,35.62073516845703,65.70587158203125,28.17736053466797,78.41544342041016,14.200652122497559,170.69000244140625
2021-02-16,365.7756652832031,47.02578353881836,211.99032592773438,65.79978942871094,51.55685043334961,98.55037689208984,35.11405563354492,65.60107421875,28.018632888793945,77.64478302001953,14.392082214355469,168.24000549316406
2021-02-17,365.82208251953125,46.79195022583008,210.32879638671875,65.41455078125,51.57464599609375,98.74573516845703,35.29982376098633,65.57858276367188,28.121809005737305,77.53970336914062,14.435589790344238,166.3300018310547
2021-02-18,364.2711486816406,46.272300720214844,207.0714569091797,65.0892333984375,50.86278533935547,98.69479370117188,35.190032958984375,65.48878479003906,28.074193954467773,77.32951354980469,14.383380889892578,166.32000732421875
2021-02-19,363.5838928222656,46.9701042175293,211.38955688476562,65.27755737304688,51.192020416259766,98.38899230957031,34.73401641845703,65.49626922607422,27.91543960571289,77.6885757446289,14.374679565429688,167.00999450683594
2021-02-22,360.8165283203125,46.814212799072266,210.0189971923828,65.11492156982422,49.688209533691406,98.08326721191406,34.48911666870117,65.29417419433594,27.74875831604004,78.15271759033203,14.696629524230957,169.50999450683594
2021-02-23,361.197265625,46.89030075073242,208.16976928710938,65.1748275756836,49.91066360473633,98.1087417602539,34.39622116088867,65.45137023925781,27.78049659729004,78.5905990600586,14.766240119934082,169.1199951171875
2021-02-24,365.16265869140625,47.73843002319336,213.08860778808594,65.38029479980469,49.59032440185547,98.07474517822266,34.18511199951172,65.51873016357422,27.82813262939453,79.0109634399414,14.992476463317871,169.0
2021-02-25,356.4052734375,46.28900146484375,205.21279907226562,64.26736450195312,48.460243225097656,97.17442321777344,33.58549118041992,64.89745330810547,27.42332649230957,77.67981719970703,14.870657920837402,165.82000732421875
2021-02-26,354.53863525390625,46.25188446044922,204.93116760253906,63.359901428222656,47.8106575012207,97.96435546875,34.674903869628906,64.70285034179688,27.74875831604004,76.49754333496094,14.557406425476074,161.80999755859375
2021-03-01,363.1381530761719,47.52315139770508,212.2156219482422,64.54988861083984,49.092010498046875,97.91329193115234,34.22845458984375,65.42923736572266,27.76704978942871,76.69020080566406,14.435589790344238,161.52999877929688
2021-03-02,360.3428649902344,46.86803436279297,208.1322021484375,64.48140716552734,48.61150360107422,97.93030548095703,34.23689270019531,65.33159637451172,27.727285385131836,76.06840515136719,14.496499061584473,162.41000366210938
2021-03-03,355.53228759765625,46.46531295776367,205.87928771972656,64.08760833740234,48.51362609863281,97.5730209350586,33.88175582885742,65.1212387084961,27.584117889404297,75.40283203125,14.583512306213379,160.6199951171875
2021-03-04,351.1304016113281,45.459434509277344,200.12498474121094,63.47976303100586,47.38353729248047,97.29222106933594,33.65345764160156,64.87337493896484,27.37729835510254,74.65845489501953,14.809748649597168,159.0399932861328
2021-03-05,357.60333251953125,46.550682067871094,204.3679656982422,63.890689849853516,47.89963912963867,97.22419738769531,33.712650299072266,65.06865692138672,27.361404418945312,75.60425567626953,15.114297866821289,159.13999938964844
2021-03-08,355.8573913574219,46.91072463989258,205.33482360839844,63.66810607910156,46.60938262939453,96.84131622314453,33.45052719116211,64.59541320800781,27.162559509277344,76.22606658935547,14.905463218688965,157.49000549316406
2021-03-09,360.8721923828125,47.23178482055664,209.65289306640625,64.52420806884766,47.63269805908203,97.20716094970703,33.89023208618164,64.68555450439453,27.297775268554688,76.70771789550781,14.905463218688965,160.83999633789062
2021-03-10,363.08245849609375,47.896175384521484,213.29515075683594,64.79815673828125,47.419132232666016,97.3687973022461,33.94093704223633,64.88837432861328,27.417083740234375,77.44335174560547,15.001179695129395,161.66000366210938
2021-03-11,366.81573486328125,48.603267669677734,217.98873901367188,65.14058685302734,48.91404724121094,97.36028289794922,33.738033294677734,65.1287612915039,27.425024032592773,78.27533721923828,15.227415084838867,161.52000427246094
2021-03-12,367.3915710449219,49.050533294677734,219.27476501464844,65.30326080322266,48.042022705078125,96.80731964111328,33.05310821533203,64.94847869873047,27.162559509277344,79.5802230834961,15.15780258178711,161.49000549316406
2021-03-15,369.6202697753906,49.72420883178711,220.0538787841797,65.35462188720703,48.15769577026367,96.9094009399414,33.213768005371094,64.95600128173828,27.242090225219727,80.67491149902344,15.105596542358398,162.1999969482422
2021-03-16,369.1002197265625,49.085792541503906,216.37411499023438,65.4659194946289,48.36235809326172,96.8753662109375,33.120758056640625,64.80574035644531,27.226186752319336,80.49976348876953,15.044684410095215,162.35000610351562
2021-03-17,370.3075256347656,49.408714294433594,218.07322692871094,65.85114288330078,48.42463684082031,96.86685943603516,32.875553131103516,64.89591979980469,27.242090225219727,80.53479766845703,15.044684410095215,163.50999450683594
2021-03-18,364.9027099609375,48.443668365478516,211.43649291992188,65.25187683105469,47.53480911254883,96.49250030517578,32.55422592163086,64.40013122558594,27.090965270996094,79.825439453125,14.331171989440918,162.55999755859375
2021-03-19,364.2247314453125,48.42138671875,213.03228759765625,65.43165588378906,48.122100830078125,96.56910705566406,32.74870681762695,64.64798736572266,27.13869285583496,78.85334014892578,14.644421577453613,163.24000549316406
2021-03-22,367.1035461425781,48.18570327758789,211.4270782470703,65.4916000366211,47.97972869873047,96.75626373291016,33.086936950683594,64.880859375,27.226186752319336,79.55394744873047,14.618317604064941,163.0
2021-03-23,364.2433166503906,46.907005310058594,203.75778198242188,64.58413696289062,47.06319808959961,97.00297546386719,33.38288879394531,64.94847869873047,27.297775268554688,79.56269836425781,14.20935344696045,161.80999755859375
2021-03-24,362.3766174316406,46.63605880737305,199.04541015625,64.25879669189453,45.98649978637695,97.1220932006836,33.56045150756836,64.98603820800781,27.361404418945312,79.19488525390625,14.583512306213379,162.3699951171875
2021-03-25,364.4461364746094,47.621707916259766,203.76475524902344,64.73822784423828,46.2000617980957,97.07105255126953,33.32368087768555,65.0987319946289,27.32958984375,79.84967041015625,14.252860069274902,161.77999877929688
2021-03-26,370.3445129394531,48.717735290527344,207.47967529296875,65.57719421386719,47.40134048461914,96.9094009399414,33.18839645385742,65.2940444946289,27.321626663208008,81.61862182617188,14.592214584350586,162.24000549316406
2021-03-29,370.15814208984375,47.83198928833008,201.6392822265625,65.32037353515625,47.07210159301758,96.74775695800781,32.926265716552734,65.33159637451172,27.265954971313477,81.31059265136719,14.609618186950684,160.30999755859375
2021-03-30,369.2449951171875,48.41070556640625,205.03440856933594,65.2347640991211,47.22336959838867,96.82433319091797,33.078487396240234,65.17383575439453,27.337547302246094,81.24898529052734,14.374679565429688,157.57000732421875
2021-03-31,370.6893615722656,48.43302917480469,207.79005432128906,64.9522476196289,47.463623046875,96.84131622314453,32.96010208129883,65.48932647705078,27.37729835510254,80.91455078125,14.45299243927002,159.9600067138672
2021-04-01,374.6587829589844,49.11966323852539,210.42337036132812,65.79978942871094,47.92633819580078,97.16683959960938,33.42416000366211,65.62800598144531,27.528738021850586,82.35789489746094,14.696629524230957,161.97999572753906
2021-04-05,380.03521728515625,49.46390914916992,211.58016967773438,66.75862121582031,48.11320114135742,96.97085571289062,33.271728515625,65.65816497802734,27.42513084411621,82.68353271484375,14.479095458984375,161.9199981689453
2021-04-06,379.80224609375,49.501136779785156,210.95945739746094,66.04805755615234,48.380149841308594,97.31166076660156,33.50037384033203,65.77124786376953,27.584529876708984,82.90352630615234,14.531305313110352,163.22000122070312
2021-04-07,380.2774963378906,49.08988952636719,207.554931640625,66.18502807617188,47.66828918457031,97.15833282470703,33.288665771484375,65.74861907958984,27.536714553833008,82.90352630615234,14.574811935424805,162.75999450683594
2021-04-08,382.0479736328125,49.3317985534668,209.31358337402344,66.56171417236328,48.059810638427734,97.39684295654297,33.55119323730469,65.77124786376953,27.62438201904297,82.70111846923828,14.653122901916504,164.50999450683594
2021-04-09,384.8153381347656,49.52346420288086,209.341796875,66.76718139648438,47.650489807128906,97.28611755371094,33.44108581542969,65.72602081298828,27.584529876708984,82.69231414794922,14.600915908813477,163.27000427246094
2021-04-12,384.9737854003906,49.7132682800293,208.5236053466797,66.3990478515625,47.365745544433594,97.26052856445312,33.415687561035156,65.65816497802734,27.568593978881836,83.14115905761719,14.609618186950684,162.27999877929688
2021-04-13,386.10125732421875,49.497413635253906,207.9781036376953,66.78430938720703,47.56150817871094,97.54170227050781,33.64432907104492,65.7033920288086,27.680177688598633,83.64280700683594,14.766240119934082,163.42999267578125
2021-04-14,384.8153381347656,49.77653884887695,210.02838134765625,66.83566284179688,47.801753997802734,97.46501922607422,33.55119323730469,65.67323303222656,27.664226531982422,83.13235473632812,15.105596542358398,162.72000122070312
2021-04-15,388.95257568359375,50.12822341918945,210.94065856933594,67.39213562011719,48.23777770996094,97.84844970703125,34.05928039550781,65.93706512451172,27.791757583618164,84.60209655761719,15.201311111450195,165.35000610351562
2021-04-16,390.3222961425781,50.49480056762695,211.27923583984375,67.8801040649414,48.36235809326172,97.59284973144531,33.839107513427734,65.80137634277344,27.64829444885254,84.76931762695312,15.175206184387207,166.35000610351562
2021-04-19,388.4121398925781,50.22871398925781,208.5330047607422,67.76024627685547,48.184391021728516,97.51614379882812,33.754417419433594,65.69588470458984,27.592500686645508,84.97173309326172,15.192608833312988,165.88999938964844
2021-04-20,385.5887756347656,49.49555969238281,204.26324462890625,66.54460144042969,47.79286193847656,97.66952514648438,33.89837646484375,65.5827865600586,27.62438201904297,85.86060333251953,15.166505813598633,166.47999572753906
2021-04-21,389.1948547363281,50.351524353027344,209.25717163085938,67.2294692993164,48.086509704589844,97.76323699951172,33.96613693237305,65.80137634277344,27.712060928344727,86.25663757324219,15.105596542358398,168.1300048828125
2021-04-22,385.7379150390625,50.12450408935547,208.3919677734375,67.00688171386719,47.91743469238281,97.7887954711914,34.09314727783203,65.68080139160156,27.72798728942871,85.90461730957031,15.227415084838867,167.0399932861328
2021-04-23,389.7818298339844,50.96930694580078,212.3231658935547,67.6917724609375,48.61150360107422,97.77175903320312,34.033878326416016,65.85415649414062,27.751907348632812,86.4238510131836,15.34923267364502,166.39999389648438
2021-04-26,390.6577453613281,51.16841506958008,214.5332794189453,67.74312591552734,48.67380142211914,97.68653869628906,33.999996185302734,65.82398986816406,27.73596954345703,86.5646743774414,15.45365047454834,166.83999633789062
2021-04-27,390.53662109375,51.28192138671875,214.85299682617188,67.52055358886719,48.64710235595703,97.44799041748047,33.70361328125,65.73351287841797,27.64829444885254,86.59107971191406,15.584172248840332,166.4199981689453
2021-04-28,390.38751220703125,51.265174865722656,215.21986389160156,67.6917724609375,49.01193618774414,97.49909973144531,33.74594497680664,65.8616943359375,27.67220687866211,86.2302474975586,15.610275268554688,166.91000366210938
2021-04-29,392.8568420410156,51.28378677368164,214.42042541503906,67.71744537353516,48.89625549316406,97.44799041748047,33.62739944458008,65.93706512451172,27.640329360961914,86.9343032836914,15.714691162109375,166.22000122070312
2021-04-30,390.31298828125,50.569236755371094,211.5049285888672,66.86991119384766,48.03312301635742,97.55024719238281,33.72055435180664,65.90691375732422,27.696109771728516,87.29515838623047,15.584172248840332,165.66000366210938
2021-05-03,391.1515808105469,50.8725471496582,212.53944396972656,67.60615539550781,48.03312301635742,97.61251068115234,33.737510681152344,65.93263244628906,27.74483299255371,87.15433502197266,15.758198738098145,167.80999755859375
2021-05-04,388.7755126953125,50.70879364013672,210.0001678466797,66.60452270507812,47.490318298339844,97.73200988769531,33.932579040527344,65.89480590820312,27.75281524658203,86.36224365234375,16.0018367767334,166.5800018310547
2021-05-05,388.8314514160156,50.610172271728516,209.16310119628906,67.5119857788086,47.71277618408203,97.80879211425781,33.98345184326172,66.02336883544922,27.768800735473633,85.11253356933594,16.062746047973633,167.27000427246094
2021-05-06,391.9902038574219,50.88185119628906,209.341796875,68.06844329833984,48.16659164428711,97.82585906982422,34.034358978271484,66.00068664550781,27.824695587158203,85.5701675415039,16.14105796813965,170.05999755859375
2021-05-07,394.8322448730469,51.428932189941406,211.97518920898438,68.83895111083984,48.66490173339844,97.8002700805664,33.89018630981445,66.04606628417969,27.824695587158203,86.76708984375,16.29768180847168,171.58999633789062
2021-05-10,390.9931945800781,50.83161163330078,206.586181640625,68.47081756591797,47.79286193847656,97.64664459228516,33.59333038330078,65.89480590820312,27.712888717651367,86.80228424072266,16.184566497802734,172.11000061035156
2021-05-11,387.50823974609375,50.349666595458984,205.9279022216797,67.57190704345703,47.65938949584961,97.43334197998047,33.4067497253418,65.82676696777344,27.633020401000977,85.81660461425781,16.358592987060547,172.13999938964844
2021-05-12,379.2245788574219,48.78285598754883,199.24107360839844,66.49323272705078,46.342445373535156,97.09202575683594,33.05903625488281,65.50911712646484,27.49724769592285,83.69561004638672,16.341190338134766,170.42999267578125
2021-05-13,383.72515869140625,49.741172790527344,202.908935546875,66.9897689819336,46.280155181884766,97.31388854980469,33.101436614990234,65.7435531616211,27.59309196472168,84.71649169921875,15.88871955871582,171.1300048828125
2021-05-14,389.65142822265625,50.546905517578125,207.86524963378906,68.11124420166016,47.11659240722656,97.53573608398438,33.38131332397461,65.95529174804688,27.696916580200195,85.65819549560547,16.019241333007812,172.69000244140625
2021-05-17,388.7196044921875,50.50783157348633,208.1474151611328,67.98284149169922,47.07210159301758,97.45037841796875,33.304996490478516,65.83431243896484,27.680936813354492,85.73738098144531,16.219369888305664,174.6999969482422
2021-05-18,385.3744201660156,49.97935104370117,206.5674285888672,68.12837982177734,47.703880310058594,97.33091735839844,33.237125396728516,65.67548370361328,27.59309196472168,85.85181427001953,16.14105796813965,175.0399932861328
2021-05-19,384.33074951171875,49.64627456665039,204.9779815673828,67.52910614013672,47.56150817871094,97.19438934326172,33.14385223388672,65.50155639648438,27.561140060424805,85.61418151855469,15.810405731201172,175.16000366210938
2021-05-20,388.3935241699219,49.87887954711914,206.3416748046875,68.4194564819336,47.83735275268555,97.52720642089844,33.4067497253418,65.78138732910156,27.712888717651367,86.6702880859375,15.645079612731934,175.9600067138672
2021-05-21,388.1697998046875,49.95516586303711,206.87774658203125,68.51361846923828,47.28565216064453,97.56985473632812,33.516998291015625,65.8796615600586,27.728857040405273,86.5206527709961,15.79300308227539,176.0399932861328
2021-05-24,392.0740966796875,50.21195602416992,208.22265625,68.93310546875,47.677188873291016,97.6637191772461,33.62726593017578,65.95529174804688,27.77677345275879,87.4975357055664,16.01053810119629,176.35000610351562
2021-05-25,391.2261962890625,49.84351348876953,206.21002197265625,68.95023345947266,48.148799896240234,97.90264892578125,33.94105529785156,65.962890625,27.880603790283203,87.5767593383789,15.958329200744629,177.9499969482422
2021-05-26,391.9436340332031,50.344078063964844,210.0565948486328,68.90741729736328,48.504730224609375,97.8685073852539,33.88169479370117,65.98554992675781,27.872617721557617,87.8671875,15.98443603515625,177.63999938964844
2021-05-27,392.1486511230469,50.63621520996094,212.21971130371094,69.03583526611328,48.51362609863281,97.74909973144531,33.737510681152344,65.95529174804688,27.80072784423828,87.56794738769531,16.236774444580078,177.7100067138672
2021-05-28,392.89410400390625,50.71065902709961,212.07862854003906,69.19850158691406,48.8250617980957,97.74909973144531,33.695106506347656,65.93263244628906,27.83268165588379,88.17520904541016,16.184566497802734,178.3800048828125
2021-06-01,392.5866394042969,50.987918853759766,214.4862518310547,69.44677734375,49.8305778503418,97.7037582397461,33.671321868896484,66.13070678710938,27.824687957763672,89.56574249267578,16.471712112426758,177.89999389648438
2021-06-02,393.23883056640625,50.70879364013672,214.74017333984375,69.67792510986328,49.91066360473633,97.83196258544922,33.74776077270508,66.21414184570312,27.864694595336914,90.63946533203125,16.558727264404297,178.77000427246094
2021-06-03,391.7386169433594,50.435245513916016,212.94386291503906,69.3354721069336,49.376766204833984,97.6011962890625,33.620361328125,66.0775375366211,27.76866912841797,90.46343231201172,16.419504165649414,175.27000427246094
2021-06-04,395.3074645996094,50.732975006103516,213.8655548095703,69.92618560791016,49.82167434692383,98.00287628173828,34.06206130981445,66.22171020507812,27.9287166595459,90.47222900390625,16.602231979370117,177.16000366210938
2021-06-07,394.9719543457031,50.6511116027832,216.7340087890625,70.15734100341797,49.57252883911133,97.93450164794922,33.97712326049805,66.24449920654297,27.9287166595459,91.36111450195312,16.628337860107422,177.8699951171875
2021-06-08,394.99066162109375,51.10701370239258,219.02879333496094,70.12309265136719,49.33226776123047,98.11398315429688,34.172489166259766,66.29000854492188,27.99272918701172,91.95076751708984,16.793663024902344,177.32000732421875
2021-06-09,394.35699462890625,50.77578353881836,217.57101440429688,69.93475341796875,49.18989181518555,98.310546875,34.4613037109375,66.3431625366211,28.096769332885742,92.15319061279297,16.715351104736328,176.97999572753906
2021-06-10,396.2681579589844,50.77540588378906,215.95758056640625,70.12740325927734,49.58402633666992,98.5156478881836,34.67365264892578,66.46456909179688,28.200801849365234,92.84662628173828,16.776262283325195,177.74000549316406
2021-06-11,396.9222106933594,51.156044006347656,218.23695373535156,70.29228210449219,49.41422653198242,98.47290802001953,34.62267303466797,66.48731994628906,28.200801849365234,92.3866958618164,16.724050521850586,175.74000549316406
2021-06-14,397.87542724609375,50.71384048461914,217.59646606445312,70.41378021240234,49.54827880859375,98.22505950927734,34.367862701416016,66.42662048339844,28.104766845703125,92.7935562133789,16.628337860107422,174.7100067138672
2021-06-15,397.09979248046875,50.66532516479492,216.97483825683594,70.50054931640625,49.20867156982422,98.26778411865234,34.33388900756836,66.41903686523438,28.136775970458984,91.82061004638672,16.558727264404297,174.0500030517578
2021-06-16,394.9037170410156,50.318267822265625,216.5133056640625,70.06664276123047,48.53836441040039,97.95158386230469,34.28291320800781,66.3279800415039,28.064754486083984,90.99800872802734,16.463010787963867,171.11000061035156
2021-06-17,394.7822570800781,49.52156448364258,214.0832061767578,69.5806884765625,48.806495666503906,98.25923156738281,34.767093658447266,66.37346649169922,28.184785842895508,91.1395263671875,16.03664207458496,165.85000610351562
2021-06-18,389.4741516113281,48.55131530761719,209.22303771972656,68.14012145996094,48.46687316894531,98.52415466308594,35.387176513671875,66.3431625366211,28.32084846496582,89.69779968261719,16.201969146728516,164.92999267578125
2021-06-21,394.9691467285156,49.69508361816406,213.69703674316406,69.03397369384766,48.67243576049805,98.26778411865234,34.85202407836914,66.47215270996094,28.17677879333496,91.51986694335938,16.402101516723633,166.9499969482422
2021-06-22,396.84747314453125,49.7529296875,214.6671905517578,69.04264068603516,48.44899368286133,98.370361328125,34.91148376464844,66.5176773071289,28.24080467224121,91.0776138305664,16.428203582763672,166.25
2021-06-23,396.6138916015625,49.78837585449219,215.37362670898438,68.60006713867188,48.743934631347656,98.319091796875,34.83502197265625,66.44940948486328,28.184785842895508,90.83880615234375,16.532621383666992,166.13999938964844
2021-06-24,398.9126892089844,50.262298583984375,218.41592407226562,69.25959777832031,49.190792083740234,98.35325622558594,34.8859977722168,66.65428161621094,28.224807739257812,90.53807067871094,16.593528747558594,166.0399932861328
2021-06-25,400.3798522949219,50.72130584716797,218.78329467773438,69.40713500976562,49.60190963745117,98.15669250488281,34.55473327636719,66.72254180908203,28.16077995300293,91.30757904052734,16.5239200592041,166.58999633789062
2021-06-28,401.23028564453125,50.19886779785156,217.0501708984375,68.96453857421875,49.64659881591797,98.43871307373047,34.87752151489258,66.71495819091797,28.264820098876953,90.9449462890625,16.51521873474121,166.5800018310547
2021-06-29,401.4079284667969,50.150352478027344,216.01409912109375,68.98189544677734,49.610843658447266,98.48997497558594,34.93696212768555,66.79843139648438,28.296831130981445,90.67959594726562,16.593528747558594,164.8300018310547
2021-06-30,401.7630310058594,50.141021728515625,216.04234313964844,68.4525375366211,49.28910827636719,98.5583724975586,35.081382751464844,66.80602264404297,28.32084846496582,90.16659545898438,16.750154495239258,165.6300048828125
2021-07-01,404.0338439941406,50.5906982421875,217.9449462890625,68.61741638183594,49.01205062866211,98.50360107421875,35.0728759765625,66.93695831298828,28.30561065673828,90.5203628540039,16.811067581176758,166.1999969482422
2021-07-02,407.1083068847656,50.42837142944336,215.87283325195312,68.85171508789062,48.95841979980469,98.717529296875,35.277015686035156,67.04357147216797,28.377779006958008,90.82112121582031,16.967689514160156,167.2899932861328
2021-07-06,406.071044921875,49.86860656738281,212.7362823486328,68.40047454833984,48.1004524230957,99.0341567993164,35.68534851074219,67.00550842285156,28.4739990234375,91.51102447509766,16.506515502929688,168.1199951171875
2021-07-07,407.7344665527344,49.93205261230469,210.75831604003906,68.77362823486328,48.046817779541016,99.20527648925781,35.991580963134766,67.02832794189453,28.554180145263672,91.84713745117188,16.306385040283203,168.75999450683594
2021-07-08,404.46368408203125,49.31071472167969,208.8179931640625,67.88846588134766,47.045841217041016,99.31653594970703,36.136207580566406,66.88369750976562,28.578235626220703,91.88251495361328,16.445608139038086,168.64999389648438
2021-07-09,408.76239013671875,50.349998474121094,213.22607421875,69.04264068603516,47.85913848876953,98.99134826660156,35.651329040527344,66.99787902832031,28.4739990234375,93.22696685791016,16.637039184570312,169.2100067138672
2021-07-12,410.2763977050781,50.486202239990234,213.40505981445312,69.33769226074219,47.90382385253906,98.93146514892578,35.60877990722656,66.97503662109375,28.441923141479492,93.90804290771484,16.66314125061035,169.0
2021-07-13,408.8371887207031,49.719337463378906,209.38316345214844,68.97322845458984,47.948516845703125,98.717529296875,35.353599548339844,66.77709197998047,28.353717803955078,92.55475616455078,16.8023624420166,169.22000122070312
2021-07-14,409.3792419433594,49.43386459350586,206.15249633789062,69.12942504882812,48.15407180786133,99.05125427246094,35.72788619995117,66.88369750976562,28.49002456665039,93.30657958984375,16.637039184570312,171.0399932861328
2021-07-15,407.9774475097656,49.30511474609375,204.98448181152344,68.46988677978516,48.27024459838867,99.26519012451172,36.09366226196289,66.8379898071289,28.53813934326172,93.54539489746094,16.550025939941406,171.07000732421875
2021-07-16,404.8935241699219,48.691253662109375,202.460205078125,67.96656799316406,47.89488220214844,99.17963409423828,36.05112838745117,66.74662017822266,28.51408576965332,93.56306457519531,16.550025939941406,169.41000366210938
2021-07-19,398.8472900390625,47.8478889465332,199.42735290527344,66.7342758178711,47.09053039550781,99.70165252685547,36.791194915771484,66.29743194580078,28.706525802612305,91.92675018310547,15.88871955871582,169.61000061035156
2021-07-20,404.63189697265625,49.2043571472168,205.61557006835938,67.22025299072266,47.24246597290039,99.6075210571289,36.476463317871094,66.63240814208984,28.650390625,93.99649810791016,16.1236572265625,169.38999938964844
2021-07-21,407.9120178222656,49.80702590942383,209.1571044921875,68.24427032470703,47.54633712768555,99.28227996826172,36.025604248046875,66.79232025146484,28.56219482421875,93.84611511230469,16.445608139038086,168.75999450683594
2021-07-22,408.7998046875,49.320045471191406,205.83218383789062,68.27030181884766,47.63570785522461,99.51338195800781,36.34035110473633,66.83039855957031,28.65842628479004,93.14735412597656,16.576128005981445,169.08999633789062
2021-07-23,412.82757568359375,49.74359130859375,206.79296875,68.74758911132812,46.92966079711914,99.44490051269531,36.11917495727539,66.95978546142578,28.626333236694336,93.97879028320312,16.66314125061035,168.55999755859375
2021-07-26,413.9302673339844,49.82010269165039,207.39576721191406,68.84305572509766,46.03593063354492,99.35933685302734,36.025604248046875,66.8608169555664,28.58624839782715,93.91688537597656,16.784961700439453,168.16000366210938
2021-07-27,412.0426025390625,49.512229919433594,204.97506713867188,68.56535339355469,45.10645294189453,99.5903549194336,36.38290023803711,66.76947784423828,28.69048500061035,94.6067886352539,16.689245223999023,168.44000244140625
2021-07-28,411.8182678222656,49.8835334777832,207.9891357421875,68.86039733886719,46.33086395263672,99.68447875976562,36.38290023803711,66.82276153564453,28.730581283569336,94.15568542480469,16.76755714416504,169.2899932861328
2021-07-29,413.64984130859375,50.39851379394531,209.59036254882812,69.33769226074219,46.563228607177734,99.52189636230469,36.187232971191406,66.96739196777344,28.674455642700195,94.15568542480469,17.063405990600586,171.1699981689453
2021-07-30,411.5566101074219,50.32387924194336,208.205810546875,68.98189544677734,46.116363525390625,99.6588134765625,36.35736846923828,66.87611389160156,28.68246841430664,94.39452362060547,16.967689514160156,169.82000732421875
2021-08-02,410.7249450683594,50.13169479370117,207.1697235107422,69.32902526855469,46.447052001953125,99.8705062866211,36.6649055480957,66.71031188964844,28.755598068237305,94.1822280883789,16.784961700439453,169.61000061035156
2021-08-03,414.0050048828125,50.42462921142578,208.02682495117188,69.82367706298828,46.64366912841797,99.90479278564453,36.6904411315918,66.78670501708984,28.795759201049805,94.36798095703125,16.706647872924805,169.49000549316406
2021-08-04,412.033203125,49.913394927978516,205.43663024902344,69.61539459228516,46.884971618652344,99.89619445800781,36.758602142333984,66.66446685791016,28.795759201049805,93.99649810791016,16.436904907226562,169.52999877929688
2021-08-05,414.59381103515625,50.38544845581055,209.1288604736328,69.95384216308594,46.813480377197266,99.67337036132812,36.579708099365234,66.81727600097656,28.70737648010254,94.94290161132812,16.680545806884766,168.86000061035156
2021-08-06,415.3133850097656,50.620548248291016,210.4098358154297,69.6934814453125,46.42023468017578,99.22773742675781,36.01747512817383,66.74087524414062,28.52257537841797,94.71295166015625,16.541322708129883,164.63999938964844
2021-08-09,415.0235900878906,50.4731330871582,209.25132751464844,69.65878295898438,46.572174072265625,99.04781341552734,35.8982048034668,66.58810424804688,28.410106658935547,94.19992065429688,16.306385040283203,161.72000122070312
2021-08-10,415.50958251953125,50.65599822998047,209.66571044921875,69.81497955322266,46.63473129272461,98.9192886352539,35.74485778808594,66.43535614013672,28.345827102661133,93.25350189208984,16.602231979370117,161.77000427246094
2021-08-11,416.4908447265625,51.06648254394531,210.6923828125,70.29228210449219,46.75984573364258,99.01353454589844,35.71079635620117,66.54228973388672,28.39402198791504,93.7842025756836,16.750154495239258,164.0
2021-08-12,417.46270751953125,50.98252487182617,210.19317626953125,70.2315444946289,46.34873962402344,99.02210235595703,35.65966796875,66.65682983398438,28.418142318725586,94.14685821533203,16.689245223999023,164.0399932861328
2021-08-13,418.51861572265625,50.90788269042969,208.2811279296875,70.65675354003906,46.23255157470703,99.38202667236328,36.17932891845703,66.80195617675781,28.57883071899414,94.68640899658203,16.593528747558594,166.38999938964844
2021-08-16,419.5934143066406,50.77914810180664,206.34083557128906,70.29228210449219,45.812496185302734,99.4334487915039,36.273033142089844,66.82486724853516,28.59490203857422,94.56256866455078,16.550025939941406,167.22000122070312
2021-08-17,416.7431945800781,50.15221405029297,203.8259735107422,69.63274383544922,44.97239303588867,99.35633087158203,36.273033142089844,66.67213439941406,28.570796966552734,94.5714111328125,16.36729621887207,166.97000122070312
2021-08-18,412.24810791015625,49.68388748168945,202.04576110839844,69.36373138427734,45.04389572143555,99.36485290527344,36.366737365722656,66.51936340332031,28.538658142089844,93.65152740478516,16.175865173339844,167.10000610351562
2021-08-19,412.8555908203125,49.265933990478516,199.6251220703125,68.67816162109375,44.275291442871094,99.53628540039062,36.62230682373047,66.51172637939453,28.602916717529297,94.16453552246094,15.949628829956055,166.61000061035156
2021-08-20,416.1451416015625,49.872337341308594,202.99710083007812,68.94718170166016,44.23953628540039,99.54485321044922,36.639339447021484,66.67213439941406,28.627037048339844,94.64217376708984,15.575468063354492,166.6999969482422
2021-08-23,419.77093505859375,50.30522155761719,206.85887145996094,69.58935546875,44.90983581542969,99.54485321044922,36.613773345947266,66.87832641601562,28.63507080078125,94.42988586425781,16.14105796813965,168.72999572753906
2021-08-24,420.4998474121094,50.794063568115234,208.89340209960938,69.73690032958984,45.928688049316406,99.39915466308594,36.358219146728516,66.97000122070312,28.570796966552734,94.00533294677734,16.48041534423828,168.64999389648438
2021-08-25,421.37823486328125,51.075809478759766,209.62803649902344,69.7629165649414,45.98230743408203,99.21065521240234,36.07709503173828,67.03872680664062,28.498491287231445,93.99649810791016,16.628337860107422,167.47999572753906
2021-08-26,418.8924255371094,50.61494445800781,207.40518188476562,69.39845275878906,45.54438018798828,99.21920776367188,36.162288665771484,67.00057983398438,28.498491287231445,93.88151550292969,16.497814178466797,167.6699981689453
2021-08-27,422.5744323730469,51.60011672973633,213.2543487548828,70.03194427490234,46.10742950439453,99.49344635009766,36.37527084350586,67.18385314941406,28.618999481201172,94.79254150390625,16.706647872924805,170.19000244140625
2021-08-30,424.4527893066406,51.46763610839844,212.37838745117188,70.01457977294922,46.20573425292969,99.60484313964844,36.47748947143555,67.26789093017578,28.667217254638672,95.77433776855469,16.76755714416504,169.35000610351562
2021-08-31,423.9948425292969,51.32398223876953,212.7928009033203,69.9798812866211,46.84029006958008,99.45915222167969,36.281558990478516,67.28314971923828,28.618999481201172,96.22544860839844,16.689245223999023,169.69000244140625
2021-09-01,424.18182373046875,51.469505310058594,214.2244873046875,70.61336517333984,47.4390869140625,99.49089050292969,36.29946517944336,67.34066009521484,28.643156051635742,97.95906829833984,16.61093521118164,169.6999969482422
2021-09-02,425.4527282714844,51.69154357910156,215.7126922607422,70.89974212646484,47.22459030151367,99.59390258789062,36.44449234008789,67.42488861083984,28.67535400390625,98.3924789428711,16.8023624420166,169.25
2021-09-03,425.265869140625,51.44152069091797,214.7143096923828,71.22083282470703,47.47483444213867,99.42220306396484,36.154449462890625,67.43257141113281,28.586801528930664,98.41903686523438,16.819766998291016,171.05999755859375
2021-09-07,423.8921203613281,50.85191345214844,213.2354736328125,71.27289581298828,47.75189208984375,99.15620422363281,35.86438751220703,67.25633239746094,28.482145309448242,97.32221221923828,16.628337860107422,167.7100067138672
2021-09-08,423.3314208984375,50.68211364746094,210.90902709960938,70.70882415771484,47.054786682128906,99.31926727294922,36.0861930847168,67.33296203613281,28.570703506469727,97.8617935180664,16.750154495239258,167.2899932861328
2021-09-09,421.4436950683594,50.57389831542969,210.80538940429688,70.58733367919922,46.96540832519531,99.6368179321289,36.50422286987305,67.39424133300781,28.72365951538086,95.9600830078125,16.628337860107422,168.02999877929688
2021-09-10,418.2289733886719,50.099971771240234,208.74266052246094,70.43113708496094,46.91178512573242,99.43941497802734,36.18855285644531,67.29464721679688,28.659238815307617,94.68640899658203,16.845870971679688,167.17999267578125
2021-09-13,419.2008972167969,50.392906188964844,209.929443359375,70.98653411865234,47.03690719604492,99.56814575195312,36.41036605834961,67.46322631835938,28.707555770874023,95.06673431396484,16.97639274597168,167.74000549316406
2021-09-14,416.9674072265625,49.85926818847656,207.25442504882812,70.69149017333984,46.64366912841797,99.79129028320312,36.811317443847656,67.43257141113281,28.788061141967773,94.82792663574219,16.967689514160156,168.82000732421875
2021-09-15,420.4344177246094,50.407833099365234,209.1288604736328,70.89974212646484,46.63473129272461,99.69686126708984,36.674835205078125,67.53215789794922,28.763900756835938,95.18172454833984,17.246135711669922,167.8300018310547
2021-09-16,419.6494445800781,50.32387924194336,209.27951049804688,70.78693389892578,46.10742950439453,99.52525329589844,36.52126693725586,67.50920104980469,28.731700897216797,95.3586196899414,17.12431526184082,164.02999877929688
2021-09-17,415.60302734375,49.928306579589844,209.552734375,69.85838317871094,45.91081619262695,99.43941497802734,36.342124938964844,67.42488861083984,28.67535400390625,94.45642852783203,16.98509407043457,163.77000427246094
2021-09-20,408.59423828125,49.142784118652344,204.57005310058594,68.56535339355469,44.677467346191406,99.62822723388672,36.77720642089844,67.18739318847656,28.747812271118164,93.96112060546875,16.784961700439453,164.94000244140625
2021-09-21,408.3606262207031,49.099876403808594,204.88088989257812,69.24223327636719,45.008148193359375,99.671142578125,36.73454284667969,67.30232238769531,28.747812271118164,93.96112060546875,16.8023624420166,166.0399932861328
2021-09-22,412.3883361816406,49.73985290527344,208.0644989013672,69.58935546875,45.571197509765625,99.7054672241211,36.91368103027344,67.42488861083984,28.81222152709961,94.8809814453125,16.99379539489746,165.4199981689453
2021-09-23,417.3318176269531,50.44329071044922,211.74729919433594,70.34434509277344,45.928688049316406,99.21627807617188,36.154449462890625,67.45556640625,28.643156051635742,94.5537338256836,17.25483512878418,163.50999450683594
2021-09-24,418.13201904296875,50.33635330200195,210.7260284423828,69.68482971191406,45.383506774902344,99.04464721679688,35.83026885986328,67.35597229003906,28.578733444213867,93.47168731689453,17.333147048950195,163.3000030517578
2021-09-27,416.8187255859375,50.81200408935547,213.92872619628906,69.64143371582031,45.67844009399414,98.90733337402344,35.68524169921875,67.29464721679688,28.56264877319336,92.20341491699219,17.568084716796875,163.63999938964844
2021-09-28,408.49810791015625,50.02175521850586,209.06324768066406,68.12277221679688,45.08858108520508,98.49539184570312,35.17337417602539,66.9881820678711,28.32113265991211,91.5470962524414,17.428863525390625,162.0500030517578
2021-09-29,409.20166015625,50.04048156738281,208.61923217773438,67.96656799316406,44.66852569580078,98.56403350830078,35.233097076416016,67.11077880859375,28.313081741333008,92.24774932861328,17.446266174316406,161.32000732421875
2021-09-30,404.13616943359375,49.263343811035156,206.66363525390625,67.69754791259766,45.02602767944336,98.54689025878906,35.22455978393555,67.03413391113281,28.256731033325195,90.81096649169922,17.559385299682617,164.22000122070312
2021-10-01,408.9483642578125,50.062950134277344,209.9985809326172,67.86243438720703,44.98133850097656,98.84772491455078,35.4962272644043,67.19481658935547,28.434192657470703,92.0881118774414,17.794321060180664,164.58999633789062
2021-10-04,403.63897705078125,49.80265426635742,208.09019470214844,67.15082550048828,44.31997299194336,98.7789306640625,35.42787170410156,66.95651245117188,28.37772560119629,91.90187072753906,18.08146858215332,165.36000061035156
2021-10-05,407.8695983886719,49.84011459350586,208.80821228027344,67.61077117919922,44.63277053833008,98.54686737060547,35.103240966796875,66.92576599121094,28.297061920166016,91.37857818603516,18.307703018188477,164.58999633789062
2021-10-06,409.6050109863281,49.77644348144531,207.7217559814453,67.15949249267578,44.38254165649414,98.5898666381836,35.27410125732422,66.88734436035156,28.305139541625977,92.28324890136719,18.003156661987305,165.02999877929688
2021-10-07,413.00079345703125,50.50490188598633,210.92442321777344,67.68019104003906,45.249454498291016,98.31480407714844,34.9323844909668,66.89501190185547,28.18412971496582,92.45175170898438,18.22939109802246,164.16000366210938
2021-10-08,412.39111328125,50.201541900634766,209.33726501464844,67.67151641845703,45.41925811767578,98.09992980957031,34.71025466918945,66.69514465332031,28.079269409179688,91.64464569091797,18.290300369262695,164.22999572753906
2021-10-11,409.3141784667969,49.92812728881836,208.13743591308594,67.45455932617188,45.32988739013672,97.94523620605469,34.61628723144531,66.48761749267578,28.01474952697754,91.89299774169922,18.412118911743164,163.9199981689453
2021-10-12,408.2823181152344,50.2183837890625,209.28053283691406,67.48926544189453,45.09751892089844,98.30619049072266,35.17158889770508,66.61058807373047,28.18412971496582,93.14353942871094,18.412118911743164,164.66000366210938
2021-10-13,409.73626708984375,50.4168815612793,210.27256774902344,68.157470703125,45.7231330871582,98.5296859741211,35.4876823425293,66.78739166259766,28.297061920166016,93.79985046386719,18.51653480529785,167.58999633789062
2021-10-14,416.7530822753906,51.26893615722656,213.39019775390625,68.8343734741211,45.86612319946289,98.71878814697266,35.615821838378906,67.16407775878906,28.401926040649414,95.0681381225586,18.707965850830078,168.0
2021-10-15,419.9517822265625,51.31761932373047,212.71945190429688,69.40713500976562,46.42023468017578,98.47811889648438,35.41079330444336,67.0487289428711,28.32126808166504,95.0503921508789,18.864591598510742,165.3300018310547
2021-10-18,421.17132568359375,51.42435836791992,212.59661865234375,69.11206817626953,46.304054260253906,98.40937042236328,35.538944244384766,67.01800537109375,28.297061920166016,95.27210998535156,18.7514705657959,164.9199981689453
2021-10-19,424.4826965332031,51.56855010986328,213.39019775390625,69.52862548828125,46.92072677612305,98.12571716308594,35.07762908935547,67.06414031982422,28.159940719604492,95.48499298095703,18.79498291015625,165.4499969482422
2021-10-20,426.11492919921875,51.98615264892578,214.80731201171875,69.7716064453125,46.91178512573242,98.05693817138672,34.864044189453125,67.08719635009766,28.11153221130371,96.90404510498047,19.003812789916992,166.89999389648438
2021-10-21,427.22186279296875,52.11536407470703,215.35528564453125,69.44183349609375,46.6079216003418,97.85066223144531,34.82133102416992,66.91808319091797,28.071203231811523,97.05481719970703,18.7166690826416,166.75
2021-10-22,426.70587158203125,52.20338439941406,214.8451690673828,69.85838317871094,46.50960922241211,98.03976440429688,35.17158889770508,66.75663757324219,28.151878356933594,97.57809448242188,18.803682327270508,167.77000427246094
2021-10-25,428.9384765625,52.47864532470703,216.88583374023438,69.71952819824219,46.75091552734375,98.1343002319336,35.12031936645508,66.87194061279297,28.16800308227539,97.88851928710938,18.899396896362305,168.92999267578125
2021-10-26,429.42626953125,52.1378288269043,215.25135803222656,69.85838317871094,46.50960922241211,98.31480407714844,35.39369583129883,66.88734436035156,28.256738662719727,98.18119049072266,18.925500869750977,167.67999267578125
2021-10-27,427.5126647949219,51.319496154785156,211.29287719726562,69.5806884765625,46.134246826171875,98.64144897460938,35.983177185058594,66.8335189819336,28.401926040649414,97.2854232788086,18.577444076538086,168.1199951171875
2021-10-28,431.621337890625,52.13033676147461,215.50645446777344,70.257568359375,46.178924560546875,98.56404876708984,35.837947845458984,67.00264739990234,28.369661331176758,98.41179656982422,18.673158645629883,168.0800018310547
2021-10-29,432.4375305175781,52.180904388427734,215.44979858398438,69.84969329833984,45.508636474609375,98.53831481933594,35.91484451293945,66.8258285522461,28.385791778564453,97.41845703125,18.577444076538086,166.64999389648438
2021-11-01,433.3287048339844,53.25579071044922,221.03326416015625,70.52658081054688,45.86612319946289,98.47803497314453,35.69240188598633,66.75410461425781,28.32841682434082,97.59583282470703,18.7166690826416,167.52000427246094
2021-11-02,435.0360107421875,53.366275787353516,221.4961700439453,70.37905883789062,45.45500946044922,98.67604064941406,35.854949951171875,66.91608428955078,28.417320251464844,97.97722625732422,18.768875122070312,167.16000366210938
2021-11-03,437.70928955078125,53.96553039550781,225.45469665527344,70.95181274414062,45.66950225830078,98.47803497314453,35.52128982543945,67.04714965820312,28.35265350341797,98.17233276367188,18.290300369262695,165.77000427246094
2021-11-04,439.7168273925781,53.78761672973633,225.36962890625,70.9084243774414,45.562255859375,98.80518341064453,35.86351776123047,67.22452545166016,28.47389030456543,97.31201934814453,18.177183151245117,167.64999389648438
2021-11-05,441.26458740234375,54.263267517089844,228.4495086669922,71.0125732421875,45.508636474609375,99.19257354736328,36.3768196105957,67.47904205322266,28.659791946411133,97.7732162475586,18.429523468017578,169.83999633789062
2021-11-08,441.72430419921875,54.29135513305664,229.15806579589844,71.00387573242188,45.928688049316406,99.01181030273438,36.29981994628906,67.3941650390625,28.61128807067871,97.57809448242188,18.542640686035156,170.4499969482422
2021-11-09,440.1859130859375,54.229557037353516,227.82594299316406,70.84768676757812,45.749942779541016,99.28726959228516,36.71046829223633,67.44817352294922,28.675954818725586,97.79094696044922,18.690563201904297,171.2899932861328
2021-11-10,436.7056884765625,53.748291015625,224.23594665527344,69.98855590820312,45.562255859375,98.61579895019531,36.10306167602539,67.07030487060547,28.441560745239258,97.34751892089844,18.455625534057617,173.14999389648438
2021-11-11,436.88397216796875,54.03668975830078,226.04039001464844,70.24021911621094,46.34873962402344,98.43502807617188,36.02606201171875,66.95462799072266,28.35265350341797,97.55148315429688,18.58614730834961,174.1199951171875
2021-11-12,440.1014709472656,54.22581481933594,226.2671356201172,70.62206268310547,46.47386169433594,98.41777038574219,35.906288146972656,66.97773742675781,28.344573974609375,97.59583282470703,18.560043334960938,174.4499969482422
2021-11-15,440.2140808105469,54.340049743652344,225.36962890625,70.49188232421875,46.32192611694336,98.05620574951172,35.46140670776367,66.90064239501953,28.15868377685547,98.17233276367188,18.568744659423828,174.17999267578125
2021-11-16,441.9681701660156,54.407466888427734,225.78529357910156,70.3356704711914,46.38448715209961,98.02169799804688,35.39297103881836,66.93148803710938,28.110187530517578,97.59583282470703,18.542640686035156,172.9199981689453
2021-11-17,440.9269714355469,53.948673248291016,222.8282470703125,70.2489013671875,46.14318084716797,98.25418090820312,35.649620056152344,66.86207580566406,28.207183837890625,97.94174194335938,18.377315521240234,174.5
2021-11-18,442.3808898925781,53.89061737060547,221.88351440429688,70.31830596923828,45.58013153076172,98.34026336669922,35.76940155029297,66.80809783935547,28.24758529663086,97.89738464355469,18.43822479248047,173.94000244140625
2021-11-19,441.6586608886719,53.63968276977539,219.8617401123047,69.71952819824219,45.508636474609375,98.52967071533203,36.120155334472656,66.75410461425781,28.33650016784668,97.45392608642578,18.142377853393555,172.61000061035156
2021-11-22,440.3359680175781,53.746421813964844,218.9264678955078,69.3116683959961,45.14220428466797,98.05620574951172,35.700958251953125,66.49961853027344,28.12635612487793,96.79762268066406,18.272899627685547,168.74000549316406
2021-11-23,440.94573974609375,53.68837356567383,218.5485382080078,69.24223327636719,45.09751892089844,97.66879272460938,35.23040771484375,66.40707397460938,27.9727840423584,97.57809448242188,18.60354995727539,167.27999877929688
2021-11-24,442.0901184082031,53.64155960083008,218.78472900390625,68.78230285644531,45.03495788574219,97.89262390136719,35.73517608642578,66.39167022705078,28.06978416442871,98.75767517089844,18.533939361572266,167.1199951171875
2021-11-26,432.0903015136719,51.9393310546875,210.537109375,66.93386840820312,43.52455520629883,98.5899429321289,36.582149505615234,65.91352844238281,28.26375961303711,96.02598571777344,17.428863525390625,166.85000610351562
2021-11-29,437.6061706542969,51.958065032958984,210.4048309326172,67.27230834960938,43.69436264038086,98.6416015625,36.31693649291992,66.32222747802734,28.28799819946289,97.03707885742188,17.428863525390625,166.6199951171875
2021-11-30,429.2856140136719,50.60602569580078,206.1156463623047,66.68221282958984,43.64968490600586,98.80518341064453,36.85589599609375,66.04460906982422,28.32841682434082,95.0681381225586,16.950286865234375,165.5
2021-12-01,424.27630615234375,49.79328536987305,201.47695922851562,66.3003921508789,43.810546875,98.82414245605469,37.026397705078125,66.05390167236328,28.336517333984375,93.60472869873047,16.8023624420166,166.16000366210938
2021-12-02,430.81463623046875,51.199642181396484,207.09820556640625,67.12479400634766,44.34678649902344,98.806884765625,37.0606689453125,66.54133605957031,28.393207550048828,96.45172119140625,16.950286865234375,165.24000549316406
2021-12-03,426.94989013671875,50.5086555480957,202.8468475341797,66.84709167480469,43.72117233276367,99.20348358154297,37.45473861694336,66.54133605957031,28.579463958740234,96.01712799072266,16.967689514160156,166.6300048828125
2021-12-06,432.0903015136719,51.55170822143555,206.91871643066406,67.48926544189453,44.060787200927734,98.85862731933594,36.98356246948242,66.8353500366211,28.449892044067383,97.56037902832031,17.263538360595703,166.22000122070312
2021-12-07,441.0676574707031,52.429969787597656,211.71803283691406,68.9124755859375,44.75790023803711,98.70343017578125,36.709415435791016,67.19129180908203,28.457988739013672,99.02377319335938,17.524578094482422,166.80999755859375
2021-12-08,442.2308349609375,52.70711898803711,213.1634979248047,69.04264068603516,44.936649322509766,98.4448013305664,36.161128997802734,67.17583465576172,28.30411148071289,99.63573455810547,17.75951385498047,166.89999389648438
2021-12-09,439.2478332519531,51.94308090209961,208.33583068847656,68.46988677978516,44.7221565246582,98.45342254638672,36.37530517578125,66.87406158447266,28.287925720214844,98.36746215820312,17.489770889282227,165.8800048828125
2021-12-10,443.459716796875,52.00863265991211,207.75953674316406,68.61741638183594,44.75790023803711,98.47927856445312,36.289634704589844,67.02881622314453,28.328414916992188,98.6069107055664,17.689905166625977,166.5800018310547
2021-12-13,439.53369140625,51.440364837646484,204.72335815429688,67.97467041015625,44.04808807373047,98.82414245605469,36.769371032714844,67.02881622314453,28.41750144958496,99.68846130371094,17.602890014648438,167.0
2021-12-14,436.42816162109375,51.23740768432617,202.96078491210938,67.61267852783203,43.94837188720703,98.63446044921875,36.70085144042969,66.91275787353516,28.31221580505371,98.46981048583984,17.446266174316406,165.44000244140625
2021-12-15,443.2884521484375,51.782371520996094,206.1826934814453,68.53089904785156,43.82146072387695,98.55690002441406,36.39244079589844,67.1680679321289,28.344606399536133,99.82289123535156,17.533281326293945,166.14999389648438
2021-12-16,439.22314453125,51.08519744873047,202.01316833496094,68.53972625732422,43.8758544921875,98.69239044189453,36.401004791259766,67.11837005615234,28.344606399536133,99.84977722167969,17.637699127197266,168.16000366210938
2021-12-17,434.8660583496094,50.99123001098633,203.8705291748047,67.67447662353516,43.65827941894531,98.8132095336914,36.75274658203125,67.05626678466797,28.397472381591797,99.65263366699219,17.428863525390625,167.8000030517578
2021-12-20,429.9820251464844,50.16440200805664,201.00868225097656,67.5243911743164,43.00558853149414,98.66650390625,36.529685974121094,66.9398422241211,28.324277877807617,98.8551254272461,17.307043075561523,167.08999633789062
2021-12-21,437.64215087890625,51.48170471191406,206.75120544433594,68.27485656738281,43.73080825805664,98.58880615234375,36.4010009765625,67.2969741821289,28.340547561645508,99.84977722167969,17.672502517700195,167.02000427246094
2021-12-22,442.0556640625,51.94585037231445,208.74127197265625,68.91053771972656,43.93931579589844,98.67514038085938,36.53828430175781,67.47555541992188,28.373071670532227,100.81753540039062,17.881336212158203,168.58999633789062
2021-12-23,444.7658996582031,52.32920455932617,210.40904235839844,69.31668090820312,44.16594314575195,98.5542984008789,36.27232360839844,67.66961669921875,28.34868049621582,100.72795104980469,17.97705078125,168.97000122070312
2021-12-27,451.13671875,53.01887130737305,212.38011169433594,69.85526275634766,44.36537170410156,98.6060791015625,36.332359313964844,67.73949432373047,28.397472381591797,102.41255187988281,18.203285217285156,169.3699951171875
2021-12-28,450.78851318359375,53.01509475708008,211.0818634033203,69.88172912597656,44.22032928466797,98.56291961669922,36.2122688293457,67.70841979980469,28.381202697753906,102.76201629638672,18.168479919433594,168.63999938964844
2021-12-29,451.2590637207031,53.317649841308594,211.309326171875,69.85526275634766,44.020896911621094,98.26947784423828,35.82620620727539,67.59974670410156,28.24295997619629,103.43406677246094,18.2554931640625,168.58999633789062
2021-12-30,449.9886474609375,53.13914108276367,211.25241088867188,69.67211151123047,44.52519226074219,98.48524475097656,36.100738525390625,67.5687026977539,28.340547561645508,103.9000473022461,18.168479919433594,169.8000030517578
2021-12-31,448.8687744140625,53.195499420166016,210.7975616455078,69.61018371582031,44.30751419067383,98.45072174072266,36.160789489746094,67.55318450927734,28.308032989501953,104.07028198242188,18.08146858215332,170.9600067138672
2022-01-03,451.5508117675781,53.36463165283203,213.5172576904297,70.06138610839844,44.62496566772461,97.77758026123047,35.294307708740234,67.5221176147461,28.06405258178711,103.28175354003906,18.151077270507812,168.3300018310547
2022-01-04,451.4002685546875,53.62583541870117,213.19500732421875,70.45951080322266,44.47077178955078,97.76896667480469,35.16562271118164,67.35128021240234,28.080326080322266,103.0846176147461,18.368614196777344,169.57000732421875
2022-01-05,442.6014404296875,52.406246185302734,205.97421264648438,69.84021759033203,43.74517059326172,97.4669189453125,35.00262451171875,66.83111572265625,27.925804138183594,100.02899169921875,18.290300369262695,169.05999755859375
2022-01-06,442.27215576171875,52.686248779296875,207.1492462158203,69.48631286621094,43.94470977783203,97.36334228515625,35.054100036621094,66.83890533447266,27.909536361694336,100.01106262207031,18.44692611694336,166.99000549316406
2022-01-07,440.5029296875,52.28410339355469,204.7517852783203,69.68980407714844,44.343788146972656,97.07855224609375,34.8052978515625,66.66807556152344,27.811960220336914,99.33900451660156,18.48172950744629,167.75
2022-01-10,439.6748962402344,52.081153869628906,204.04110717773438,69.0439682006836,44.343788146972656,96.99223327636719,34.88250732421875,66.72242736816406,27.795698165893555,98.83720397949219,18.403417587280273,168.25999450683594
2022-01-11,444.0130310058594,52.56222152709961,206.2111358642578,69.79598236083984,45.36871337890625,97.17350769042969,35.079811096191406,67.0329818725586,27.86075782775879,99.08811950683594,18.760173797607422,170.2899932861328
2022-01-12,445.18939208984375,52.39497375488281,204.6759490966797,70.47721862792969,46.12153625488281,97.17350769042969,34.96830749511719,67.14168548583984,27.852615356445312,99.18667602539062,18.908098220825195,170.74000549316406
2022-01-13,439.0819091796875,52.255916595458984,202.79969787597656,69.96407318115234,45.46848678588867,97.34609985351562,35.242820739746094,66.9009780883789,27.925804138183594,98.87303161621094,18.707965850830078,170.16000366210938
2022-01-14,439.2325439453125,52.109344482421875,203.083984375,69.89329528808594,45.45034408569336,96.80238342285156,34.745243072509766,66.83890533447266,27.722501754760742,97.93217468261719,18.95160484313965,169.6699981689453
2022-01-18,431.4689636230469,50.98747634887695,196.94342041015625,68.86701202392578,44.64310836791992,96.21553802490234,34.26480484008789,66.5128173828125,27.494810104370117,97.05401611328125,19.099529266357422,169.38999938964844
2022-01-19,427.00836181640625,50.28279113769531,193.74046325683594,68.80506896972656,44.833580017089844,96.42269897460938,34.51362228393555,66.45073699951172,27.511064529418945,95.83534240722656,19.20394515991211,172.0800018310547
2022-01-20,422.2655334472656,49.403343200683594,190.23428344726562,68.46887969970703,45.09661102294922,96.47449493408203,34.71092987060547,66.32648468017578,27.51919937133789,94.6435775756836,19.13433265686035,171.64999389648438
2022-01-21,414.04083251953125,48.55771255493164,186.67124938964844,67.53993225097656,44.443565368652344,96.85419464111328,35.0883903503418,66.33424377441406,27.689977645874023,94.41954040527344,19.151735305786133,171.08999633789062
2022-01-24,415.4899597167969,49.46723175048828,190.9734344482422,66.86753845214844,43.817726135253906,96.7419662475586,34.8396110534668,66.26436614990234,27.57612419128418,94.57189178466797,19.10822868347168,172.02999877929688
2022-01-25,410.70947265625,48.59905242919922,188.42433166503906,66.46056365966797,43.73609161376953,96.64706420898438,34.75382995605469,66.07027435302734,27.511064529418945,94.14176177978516,19.282257080078125,172.5800018310547
2022-01-26,409.75909423828125,48.10108184814453,185.70468139648438,66.20399475097656,43.18281555175781,96.1033935546875,34.384925842285156,65.84513092041016,27.372819900512695,92.6184310913086,19.325763702392578,169.7899932861328
2022-01-27,407.62286376953125,47.3475227355957,181.48777770996094,65.89434814453125,42.683963775634766,96.42269897460938,34.94255447387695,65.55785369873047,27.405344009399414,91.22952270507812,19.421480178833008,167.60000610351562
2022-01-28,417.5885314941406,48.296504974365234,185.02235412597656,66.11551666259766,42.892574310302734,96.49171447753906,34.959720611572266,65.74420166015625,27.454139709472656,94.07008361816406,19.43888282775879,167.10000610351562
2022-01-31,425.1356201171875,49.33568572998047,190.69859313964844,67.0798568725586,44.298439025878906,96.48310852050781,34.82246398925781,65.75970458984375,27.446012496948242,95.5038070678711,19.50849151611328,168.08999633789062
2022-02-01,428.07177734375,49.8411865234375,192.70758056640625,67.71686553955078,44.5705451965332,96.44940948486328,34.695274353027344,66.020751953125,27.46882438659668,94.9751205444336,19.58680534362793,168.22999572753906
2022-02-02,432.1841125488281,49.85245895385742,190.79335021972656,68.22116088867188,44.49798583984375,96.5531234741211,34.84995651245117,66.12203216552734,27.46882438659668,96.29235076904297,19.665117263793945,168.83999633789062
2022-02-03,422.152587890625,49.04817581176758,187.18295288085938,67.14179992675781,44.026336669921875,96.1641845703125,34.59218215942383,65.52985382080078,27.305850982666016,95.0826644897461,19.70862579345703,168.60000610351562
2022-02-04,424.2698974609375,49.136497497558594,187.98841857910156,67.30105590820312,44.13517761230469,95.55923461914062,34.08525466918945,65.27269744873047,27.077693939208984,94.20449829101562,19.865249633789062,168.86000061035156
2022-02-07,422.76422119140625,49.16468811035156,188.91709899902344,67.41606140136719,44.04447937011719,95.64566802978516,34.11103057861328,65.22594451904297,27.118436813354492,94.04319763183594,19.908756256103516,170.11000061035156
2022-02-08,426.12384033203125,50.07795715332031,192.1389923095703,67.76109313964844,44.47077178955078,95.35183715820312,33.879024505615234,65.15586853027344,27.004364013671875,93.55036163330078,19.734729766845703,170.6300048828125
2022-02-09,432.4100341796875,50.979957580566406,195.78732299804688,68.85816192626953,45.16917419433594,95.41230773925781,33.97355651855469,65.49867248535156,27.102142333984375,95.69197082519531,19.934860229492188,171.2100067138672
2022-02-10,424.7687072753906,50.252723693847656,192.7833709716797,67.98228454589844,44.86986541748047,94.53076171875,33.458011627197266,64.63378143310547,26.784345626831055,93.29944610595703,19.830446243286133,170.55999755859375
2022-02-11,416.2710266113281,49.5987663269043,190.83126831054688,66.95600128173828,44.189605712890625,95.15302276611328,33.939178466796875,64.40782165527344,26.947315216064453,92.33169555664062,20.12628936767578,173.80999755859375
2022-02-14,414.9158935546875,49.437164306640625,190.16793823242188,66.5224838256836,43.881221771240234,94.59992980957031,33.52676010131836,64.29871368408203,26.72730827331543,91.47147369384766,20.2307071685791,174.74000549316406
2022-02-15,421.58795166015625,50.512046813964844,195.26611328125,67.74342346191406,44.833580017089844,94.44434356689453,33.18305969238281,64.40782165527344,26.621374130249023,92.17040252685547,19.900054931640625,173.0800018310547
2022-02-16,422.06787109375,50.664268493652344,195.67364501953125,67.99998474121094,45.16010665893555,94.55672454833984,33.3463134765625,64.76625061035156,26.67841911315918,92.47505950927734,19.926158905029297,174.86000061035156
2022-02-17,413.21270751953125,49.5405158996582,190.66073608398438,66.90292358398438,44.634033203125,94.75548553466797,33.59549331665039,64.49352264404297,26.67841911315918,91.43561553955078,20.09148597717285,177.25
2022-02-18,410.3612976074219,49.361995697021484,189.02133178710938,66.61981964111328,44.189605712890625,94.95426940917969,33.91340255737305,64.58705139160156,26.743606567382812,90.96070098876953,20.169797897338867,177.1199951171875
2022-02-22,405.91021728515625,48.67610168457031,186.35855102539062,65.84125518798828,43.56376266479492,94.85054779052734,33.990718841552734,64.4389877319336,26.711009979248047,90.49474334716797,20.456945419311523,177.49000549316406
2022-02-23,398.5135498046875,47.85678482055664,182.8712615966797,65.30157470703125,43.055843353271484,94.42706298828125,33.55253601074219,64.32210540771484,26.4991455078125,88.89971160888672,20.648374557495117,178.2899932861328
2022-02-24,404.7809143066406,48.54643630981445,187.66619873046875,64.42568969726562,42.166969299316406,94.59992980957031,33.56972122192383,64.78184509277344,26.605083465576172,90.47679901123047,20.735387802124023,177.13999938964844
2022-02-25,413.692626953125,49.933265686035156,191.89260864257812,66.03587341308594,42.94699478149414,94.69498443603516,33.56972122192383,65.14804077148438,26.65397071838379,92.65428161621094,20.422136306762695,176.5500030517578
2022-02-28,412.8551025390625,49.933265686035156,192.66964721679688,64.77958679199219,42.3846435546875,95.37773895263672,34.317230224609375,65.19479370117188,26.898420333862305,91.12198638916016,20.770193099975586,178.3800048828125
2022-03-01,406.45587158203125,48.95045852661133,189.040283203125,63.36402130126953,41.822296142578125,95.91522979736328,34.68464279174805,65.01258850097656,26.98090171813965,90.88900756835938,21.605525970458984,181.6199951171875
2022-03-02,413.8713684082031,50.2508430480957,193.54148864746094,64.16027069091797,41.89485549926758,94.76411437988281,33.55746078491211,65.16901397705078,26.621601104736328,92.4571533203125,22.310335159301758,179.72999572753906
2022-03-03,411.8857421875,49.8355598449707,191.24826049804688,62.89511489868164,41.305301666259766,95.0843276977539,33.884437561035156,64.97348022460938,26.711429595947266,93.21880340576172,22.55397605895996,180.8000030517578
2022-03-04,408.36627197265625,49.04066848754883,188.2537078857422,61.072574615478516,40.470848083496094,95.46516418457031,34.47814178466797,64.55117797851562,26.74408721923828,93.67581176757812,23.50242805480957,183.67999267578125
2022-03-07,396.36798095703125,47.20659637451172,183.57252502441406,59.13503646850586,38.95614242553711,94.9112319946289,34.194190979003906,63.98809051513672,26.49094009399414,91.75820922851562,24.01580810546875,186.41000366210938
2022-03-08,393.4130859375,47.36068344116211,184.5865020751953,59.64817810058594,39.0831298828125,94.57364654541016,33.884437561035156,63.761287689208984,26.31128692626953,91.24745178222656,24.424772262573242,191.50999450683594
2022-03-09,403.9997863769531,48.72684097290039,189.78890991210938,62.143104553222656,40.18968200683594,94.3746109008789,33.5660514831543,64.2930908203125,26.343942642211914,92.70804595947266,22.484363555908203,185.82000732421875
2022-03-10,402.14599609375,48.70804214477539,189.44775390625,61.399925231933594,39.436859130859375,93.84664154052734,33.14444351196289,63.75349426269531,26.090805053710938,92.93205261230469,22.21462059020996,186.39999389648438
2022-03-11,397.1301574707031,48.217586517333984,186.4248504638672,60.73638916015625,38.611480712890625,93.8293685913086,33.23047637939453,63.29204559326172,26.082632064819336,92.15245819091797,22.597482681274414,185.08999633789062
2022-03-14,394.1282653808594,47.78913497924805,182.61541748046875,61.29376220703125,37.6772575378418,92.92053985595703,32.4991340637207,62.541282653808594,25.7559871673584,91.49834442138672,21.936176300048828,182.3000030517578
2022-03-15,402.80474853515625,48.531402587890625,185.5246124267578,61.8776741027832,37.7316780090332,93.12828826904297,32.45608139038086,63.01050567626953,25.927474975585938,92.1345443725586,21.396690368652344,178.88999938964844
2022-03-16,411.7258605957031,49.91447830200195,191.36196899414062,64.09833526611328,40.770164489746094,93.1975326538086,32.7142219543457,63.89423751831055,26.07445526123047,93.29047393798828,21.21396255493164,180.00999450683594
2022-03-17,416.8450927734375,50.40493392944336,194.36590576171875,64.63802337646484,40.56155776977539,93.35330963134766,32.4732780456543,64.33220672607422,26.270448684692383,94.65252685546875,22.232025146484375,180.88999938964844
2022-03-18,421.3056335449219,50.77325439453125,196.4127655029297,65.26617431640625,41.14204025268555,93.56102752685547,32.826072692871094,64.5433578491211,26.327613830566406,94.83174896240234,22.336442947387695,179.3000030517578
2022-03-21,421.220947265625,50.636077880859375,194.67860412597656,64.85919952392578,40.50713348388672,92.64361572265625,32.09469985961914,63.800418853759766,26.000972747802734,94.32994079589844,23.17177391052246,180.6699981689453
2022-03-22,426.35906982421875,50.95741271972656,196.63070678710938,65.46966552734375,41.241817474365234,92.39258575439453,31.733304977416992,64.12887573242188,25.943803787231445,94.5898208618164,23.119565963745117,179.36000061035156
2022-03-23,421.0139465332031,50.014068603515625,193.21926879882812,64.6203384399414,40.96971130371094,92.77344512939453,32.37864303588867,63.92552947998047,26.041799545288086,93.56826782226562,23.693857192993164,181.80999755859375
2022-03-24,427.1047058105469,50.582828521728516,195.4410400390625,65.22193145751953,41.1873893737793,92.56571197509766,32.13771438598633,64.0584716796875,26.041799545288086,94.16484069824219,23.458919525146484,183.1300048828125
2022-03-25,429.2574462890625,50.93724822998047,195.7069091796875,65.25733947753906,40.860862731933594,91.83001708984375,31.681682586669922,63.59705352783203,25.853975296020508,95.26261138916016,23.63294792175293,182.3800048828125
2022-03-28,432.2693786621094,51.02960205078125,195.7733917236328,65.04499816894531,40.996917724609375,92.05506896972656,31.95701789855957,63.99589920043945,25.976478576660156,96.34236907958984,22.606184005737305,179.05999755859375
2022-03-29,437.7833251953125,52.09849548339844,201.0145263671875,66.48709869384766,41.69532012939453,92.48780822753906,32.172142028808594,64.78578186035156,26.147958755493164,99.08680725097656,22.693199157714844,179.13999938964844
2022-03-30,435.0641174316406,51.3331184387207,196.979248046875,66.21282958984375,41.5774040222168,92.73881530761719,32.404457092285156,64.59029388427734,26.205121994018555,98.41194152832031,23.102161407470703,180.5800018310547
2022-03-31,428.3604736328125,50.58659362792969,194.89984130859375,65.11576843261719,40.95156478881836,92.69554901123047,32.54212951660156,64.35567474365234,26.139793395996094,97.37715911865234,22.67579460144043,180.64999389648438
2022-04-01,429.39910888671875,50.914615631103516,197.08367919921875,65.72623443603516,41.6318244934082,92.53082275390625,32.56367874145508,64.35094451904297,26.271560668945312,99.00579833984375,22.823720932006836,179.5
2022-04-04,433.1852111816406,50.80904006958008,197.40650939941406,65.99164581298828,42.36650466918945,92.60884857177734,32.365440368652344,64.8377914428711,26.287925720214844,98.64588165283203,23.2587890625,180.3699951171875
2022-04-05,427.60516357421875,49.868350982666016,192.73504638671875,65.09809112548828,41.586483001708984,91.67271423339844,31.67589569091797,63.997596740722656,25.89508628845215,98.32194519042969,23.067358016967773,179.24000549316406
2022-04-06,423.4508361816406,49.29526138305664,190.00054931640625,64.31951141357422,41.04227066040039,91.43867492675781,31.40869903564453,63.49503707885742,25.805057525634766,99.47372436523438,22.884628295898438,179.66000366210938
2022-04-07,425.546875,49.21043395996094,189.38336181640625,64.46109008789062,40.71574401855469,91.23930358886719,31.193201065063477,63.392948150634766,25.731395721435547,98.72687530517578,22.962940216064453,180.33999633789062
2022-04-08,424.41387939453125,49.185916900634766,187.8737030029297,64.48762512207031,40.75202941894531,90.7799301147461,30.848432540893555,63.00816345214844,25.54315948486328,98.84385681152344,23.250085830688477,181.47000122070312
2022-04-11,417.07763671875,48.94272994995117,186.6108856201172,63.80638122558594,40.24409866333008,90.38983154296875,30.426084518432617,62.57630920410156,25.31399917602539,97.74607849121094,23.058656692504883,182.3699951171875
2022-04-12,415.4820251464844,48.87297058105469,187.19955444335938,63.32863235473633,40.11711883544922,90.67589569091797,30.408845901489258,63.0552864074707,25.379474639892578,97.5301284790039,23.746063232421875,183.77000427246094
2022-04-13,420.3445129394531,49.67228698730469,190.76014709472656,64.0098648071289,40.643192291259766,90.85791778564453,30.486425399780273,63.43220520019531,25.485870361328125,98.10601043701172,24.26814842224121,184.64999389648438
2022-04-14,415.151611328125,49.38009262084961,188.9086456298828,63.717899322509766,40.11711883544922,90.12114715576172,29.891693115234375,63.00816345214844,25.215791702270508,97.62911224365234,24.450878143310547,184.0399932861328
2022-04-18,415.3026428222656,49.29903030395508,187.6363525390625,63.34632873535156,39.98107147216797,89.84378814697266,29.727928161621094,62.90609359741211,25.084835052490234,97.27819061279297,24.72932243347168,184.61000061035156
2022-04-19,422.0062561035156,50.40938949584961,191.37730407714844,63.64714050292969,39.781524658203125,89.2976303100586,29.538311004638672,62.85113525390625,24.872045516967773,99.32075500488281,24.0941219329834,181.82000732421875
2022-04-20,421.62860107421875,50.78076934814453,192.1083984375,64.0718002319336,39.54570388793945,89.80908203125,30.081314086914062,63.047447204589844,25.117578506469727,101.12035369873047,24.120222091674805,182.7100067138672
2022-04-21,415.5198059082031,49.872108459472656,187.8072509765625,63.381710052490234,38.783809661865234,89.31502532958984,29.84860610961914,62.61555480957031,24.8966007232666,100.31952667236328,24.085420608520508,182.05999755859375
2022-04-22,403.8970642089844,48.52421951293945,182.94589233398438,62.34659957885742,38.43914794921875,89.22836303710938,29.719310760498047,62.238643646240234,24.863862991333008,98.58290100097656,23.62424659729004,180.2899932861328
2022-04-25,406.3896789550781,48.803226470947266,184.05682373046875,62.0457763671875,38.1579704284668,89.82644653320312,29.995126724243164,62.764766693115234,25.125761032104492,98.24996948242188,23.450220108032227,177.0500030517578
2022-04-26,394.5592346191406,47.374267578125,178.2554931640625,60.31170654296875,37.32352066040039,90.10377502441406,30.279571533203125,62.395713806152344,25.06846809387207,96.6483383178711,23.77216911315918,177.32000732421875
2022-04-27,395.7488708496094,47.41950988769531,177.51487731933594,60.58598327636719,37.75888442993164,89.73973083496094,29.908935546875,62.089439392089844,24.8966007232666,96.07244873046875,23.9374942779541,175.97999572753906
2022-04-28,405.6909484863281,48.30554962158203,180.8285675048828,61.44417190551758,38.30309295654297,89.7050552368164,29.934797286987305,62.434940338134766,24.93752098083496,97.86305236816406,24.137624740600586,176.92999267578125
2022-04-29,390.4709777832031,46.991580963134766,175.60641479492188,60.727535247802734,38.43914794921875,89.16765594482422,29.590024948120117,61.66543960571289,24.741100311279297,93.35502624511719,23.954898834228516,176.91000366210938
2022-05-02,392.98248291015625,47.264930725097656,177.4484100341797,60.5771484375,38.38472366333008,88.68226623535156,29.11768341064453,61.66933822631836,24.60409164428711,91.051513671875,24.320358276367188,173.6300048828125
2022-05-03,394.8046875,47.741878509521484,178.96759033203125,61.02834701538086,38.6659049987793,88.88197326660156,29.28175163269043,61.99258804321289,24.72715950012207,92.41923522949219,23.981002807617188,174.08999633789062
2022-05-04,406.69183349609375,49.06903076171875,183.7434539794922,62.09886169433594,39.0831298828125,89.4550552368164,29.43717384338379,62.623199462890625,24.95686912536621,93.43599700927734,24.72932243347168,175.8000030517578
2022-05-05,392.2554626464844,47.25926971435547,176.29005432128906,60.099388122558594,37.64097595214844,88.56938171386719,28.703197479248047,61.511680603027344,24.595890045166016,90.99752044677734,24.598800659179688,175.1300048828125
2022-05-06,390.1405334472656,46.63151931762695,173.35617065429688,59.515464782714844,37.12398147583008,88.19597625732422,28.28870964050293,61.16482162475586,24.415395736694336,89.8277587890625,24.624902725219727,175.4199981689453
2022-05-09,377.5924987792969,45.05362319946289,166.0641326904297,57.7194709777832,36.0537109375,88.63014221191406,28.530488967895508,60.51842498779297,24.513843536376953,86.02159881591797,23.511127471923828,172.8800048828125
2022-05-10,378.3383483886719,44.91413497924805,166.1116180419922,58.15298843383789,36.226036071777344,88.89936065673828,28.780916213989258,60.865272521972656,24.587684631347656,84.3569564819336,23.371906280517578,171.4199981689453
2022-05-11,372.3712158203125,44.13932418823242,161.98138427734375,57.80793762207031,35.97207260131836,89.2293472290039,29.264476776123047,60.502655029296875,24.669721603393555,84.177001953125,23.946197509765625,172.82000732421875
2022-05-12,371.82354736328125,44.572906494140625,163.88034057617188,57.666385650634766,35.73625183105469,89.394287109375,29.247207641601562,60.47900390625,24.686138153076172,84.77986145019531,24.059314727783203,170.1699981689453
2022-05-13,380.8876647949219,45.736053466796875,169.07400512695312,59.26774215698242,36.724891662597656,89.01224517822266,28.832719802856445,60.549957275390625,24.57947540283203,87.0743637084961,24.38996696472168,168.7899932861328
2022-05-16,379.2825622558594,45.48344421386719,168.26693725585938,59.320838928222656,36.57977294921875,89.21192932128906,28.832719802856445,60.463233947753906,24.563058853149414,86.49847412109375,24.790231704711914,170.39999389648438
2022-05-17,387.1380310058594,46.85207748413086,173.41310119628906,60.426734924316406,37.477718353271484,88.72567749023438,28.530488967895508,60.40806579589844,24.481033325195312,87.4612808227539,24.520488739013672,169.3300018310547
2022-05-18,371.5876159667969,45.04985809326172,167.33644104003906,58.98463439941406,36.57977294921875,89.08170318603516,29.083139419555664,59.91143798828125,24.546661376953125,84.93283081054688,23.989704132080078,169.4199981689453
2022-05-19,369.26483154296875,45.00083923339844,167.61178588867188,59.55085372924805,37.16027069091797,89.30746459960938,29.143590927124023,60.31344985961914,24.620498657226562,84.72587585449219,24.29425048828125,171.91000366210938
2022-05-20,369.4537048339844,44.88396072387695,167.18455505371094,59.95782470703125,37.314449310302734,89.57664489746094,29.471723556518555,60.274024963378906,24.694339752197266,85.37371063232422,24.329055786132812,172.02999877929688
2022-05-23,376.3555908203125,45.36280059814453,169.2069091796875,60.975257873535156,37.59562683105469,89.28143310546875,29.014062881469727,60.510528564453125,24.677936553955078,86.4175033569336,24.51178741455078,172.8300018310547
2022-05-24,373.6553649902344,44.80290222167969,166.7003173828125,60.877933502197266,36.94257354736328,89.96739959716797,29.549442291259766,60.87313461303711,24.89124298095703,87.24533081054688,24.494382858276367,174.1300048828125
2022-05-25,376.9598693847656,45.671958923339844,169.7006072998047,60.89564514160156,37.12398147583008,90.34076690673828,29.65305519104004,61.79547882080078,25.088132858276367,87.8662109375,24.668411254882812,173.0800018310547
2022-05-26,384.3338623046875,46.735198974609375,173.4890594482422,61.56801986694336,37.704463958740234,90.27130126953125,29.52352523803711,62.654727935791016,25.11273956298828,87.94717407226562,24.938154220581055,172.75999450683594
2022-05-27,393.95489501953125,47.81539535522461,178.16053771972656,62.311195373535156,38.13983917236328,90.41891479492188,29.601247787475586,63.21443176269531,25.26042366027832,90.3046646118164,25.23400115966797,172.85000610351562
2022-05-31,391.7078857421875,47.351654052734375,175.94821166992188,61.939613342285156,38.67497253417969,89.8458251953125,29.014062881469727,62.67049789428711,25.03890609741211,89.2069091796875,25.059972763061523,171.13999938964844
2022-06-01,388.535400390625,46.94822311401367,174.95127868652344,61.284912109375,38.402870178222656,89.47698211669922,28.96733283996582,62.43861389160156,24.935293197631836,88.41510009765625,25.181795120239258,172.22999572753906
2022-06-02,395.85272216796875,48.01899337768555,179.2239532470703,62.55891799926758,39.06498718261719,89.59008026123047,28.984643936157227,62.69978332519531,24.918834686279297,89.69279479980469,25.756084442138672,174.35000610351562
2022-06-03,389.3569030761719,47.47041320800781,177.60980224609375,61.665340423583984,38.43008041381836,89.44218444824219,28.898113250732422,62.23284912109375,24.8941650390625,88.49605560302734,25.999723434448242,172.5800018310547
2022-06-06,390.5276184082031,47.74753189086914,178.37889099121094,61.91307830810547,38.63869094848633,88.89415740966797,28.413606643676758,61.765960693359375,24.746135711669922,88.19011688232422,26.11284065246582,171.82000732421875
2022-06-07,394.1531982421875,48.365867614746094,181.25582885742188,62.09886169433594,38.75659942626953,89.23342895507812,28.681812286376953,61.90843200683594,24.85304069519043,89.36888122558594,26.286865234375,172.94000244140625
2022-06-08,389.8855285644531,47.47041320800781,178.4548797607422,61.23182678222656,38.965213775634766,88.8680648803711,28.474164962768555,61.37822341918945,24.746135711669922,87.31732177734375,26.521804809570312,172.77999877929688
2022-06-09,380.7298583984375,46.488929748535156,174.75550842285156,59.945919036865234,38.043174743652344,88.77239227294922,28.53472137451172,60.88755416870117,24.589872360229492,85.38034057617188,26.565311431884766,172.22999572753906
2022-06-10,369.4970703125,45.25971603393555,170.01455688476562,58.499046325683594,37.622406005859375,88.08518981933594,28.3530330657959,59.850852966308594,24.400718688964844,83.5020523071289,26.304269790649414,174.5399932861328
2022-06-13,355.2903747558594,43.2040901184082,162.02743530273438,56.563846588134766,36.30521011352539,86.64118957519531,27.51377296447754,57.848731994628906,23.931957244873047,79.3843002319336,26.0084228515625,169.92999267578125
2022-06-14,354.34326171875,43.04524230957031,161.24684143066406,56.03031539916992,36.80830764770508,86.12791442871094,27.150394439697266,58.22856903076172,23.792139053344727,78.76122283935547,25.72127914428711,168.57000732421875
2022-06-15,359.3913879394531,43.55205154418945,163.6077423095703,57.07929611206055,37.29310607910156,87.08480834960938,27.70412254333496,59.36022186279297,24.121105194091797,80.54017639160156,25.73868179321289,170.77000427246094
2022-06-16,347.5809020996094,41.428340911865234,156.0299530029297,55.82232666015625,36.14970779418945,87.2935791015625,27.877166748046875,58.41851043701172,24.17867660522461,78.51739501953125,25.85179901123047,172.69000244140625
2022-06-17,348.2154846191406,41.823577880859375,157.2484893798828,55.59624481201172,36.28691482543945,87.28483581542969,27.980981826782227,58.60049819946289,24.20334815979004,79.15855407714844,24.92945098876953,171.27000427246094
2022-06-21,357.0710144042969,42.3928108215332,160.06639099121094,56.43724822998047,36.87233352661133,86.9369125366211,27.531085968017578,58.560935974121094,23.99774742126465,80.39568328857422,24.868541717529297,170.6300048828125
2022-06-22,356.4552917480469,42.2396240234375,159.76174926757812,56.05744171142578,36.21373748779297,87.67630767822266,28.22325325012207,58.54509735107422,24.145776748657227,81.5515365600586,24.424772262573242,171.30999755859375
2022-06-23,360.0259704589844,42.5043830871582,161.67523193359375,55.994140625,36.32350158691406,88.04168701171875,28.448211669921875,58.96452331542969,24.310256958007812,83.14989471435547,23.876585006713867,170.25999450683594
2022-06-24,371.2681579589844,44.002132415771484,166.68264770507812,57.667091369628906,37.183345794677734,87.90250396728516,28.084821701049805,59.38395309448242,24.310256958007812,84.9197998046875,24.102821350097656,170.08999633789062
2022-06-27,369.92333984375,44.172332763671875,167.30145263671875,57.42293167114258,37.22907638549805,87.51104736328125,27.868507385253906,59.019935607910156,24.096426010131836,84.73017120361328,24.050613403320312,169.89999389648438
2022-06-28,362.37481689453125,43.52368927001953,164.15989685058594,57.034080505371094,37.000396728515625,87.54586791992188,27.95504379272461,58.37100601196289,24.121105194091797,83.72781372070312,24.337759017944336,169.6199951171875
2022-06-29,362.11907958984375,43.18328857421875,162.49388122558594,56.817054748535156,36.854042053222656,88.0503921508789,28.3616943359375,58.283966064453125,24.22801971435547,83.22212982177734,23.92009162902832,169.49000549316406
2022-06-30,359.0977478027344,42.78236770629883,161.227783203125,56.50959014892578,36.680240631103516,88.45050811767578,28.612606048583984,58.25230026245117,24.318483352661133,83.0595932006836,23.18047523498535,168.4600067138672
2022-07-01,362.8294372558594,43.3156623840332,163.17935180664062,56.64523696899414,36.451560974121094,89.18780517578125,28.92902946472168,58.807952880859375,24.55021095275879,84.6218032836914,23.293594360351562,168.32000732421875
2022-07-05,363.6060485839844,43.257041931152344,164.53115844726562,55.433475494384766,36.16800308227539,89.35337829589844,29.1110782623291,58.75231170654297,24.55845832824707,84.2696304321289,21.727344512939453,164.75
2022-07-06,364.9035949707031,42.999855041503906,163.3126220703125,55.47868728637695,35.94846725463867,88.7520523071289,28.668954849243164,58.529754638671875,24.44300079345703,84.26061248779297,21.4053955078125,162.13999938964844
2022-07-07,370.3115539550781,43.917030334472656,167.17770385742188,56.31968307495117,36.67109680175781,88.55164337158203,28.452213287353516,59.483638763427734,24.43475914001465,84.40509033203125,22.29293441772461,162.22999572753906
2022-07-08,370.0179443359375,43.77142333984375,167.15863037109375,56.38298416137695,36.67109680175781,88.22045135498047,28.131460189819336,59.53133773803711,24.385284423828125,83.98970031738281,22.68449592590332,162.3000030517578
2022-07-11,365.8033447265625,43.27594757080078,163.79812622070312,55.46964645385742,35.692352294921875,88.6300277709961,28.59091567993164,59.19746398925781,24.44300079345703,83.82714080810547,22.6409912109375,161.42999267578125
2022-07-12,362.51690673828125,43.18328857421875,163.23648071289062,55.46060562133789,35.55513381958008,88.7520523071289,28.729629516601562,59.435951232910156,24.475990295410156,83.4027328491211,21.614229202270508,160.8300018310547
2022-07-13,360.6605529785156,43.07360076904297,163.0936737060547,55.433475494384766,35.472816467285156,89.07451629638672,29.041725158691406,59.372337341308594,24.616182327270508,83.05055236816406,21.736047744750977,161.60000610351562
2022-07-14,359.7891845703125,42.64999008178711,161.41818237304688,54.65577697753906,35.15266418457031,88.7607650756836,28.807655334472656,59.261077880859375,24.517227172851562,82.23783111572266,21.53591537475586,159.3300018310547
2022-07-15,366.6557922363281,43.470733642578125,164.77867126464844,55.523902893066406,35.335609436035156,89.1093978881836,28.989709854125977,60.016258239746094,24.64092254638672,83.63752746582031,21.814359664916992,159.00999450683594
2022-07-18,363.6913146972656,43.37429428100586,164.3122100830078,55.74998474121094,35.58258056640625,88.82178497314453,28.70362091064453,59.435951232910156,24.50897789001465,82.96025848388672,22.223323822021484,159.16000366210938
2022-07-19,373.4654541015625,44.794498443603516,170.10980224609375,57.26919937133789,36.16800308227539,88.69978332519531,28.547576904296875,60.222923278808594,24.56671142578125,85.10040283203125,22.310335159301758,159.5399932861328
2022-07-20,375.7764587402344,45.271053314208984,172.77532958984375,56.88939666748047,36.01250076293945,88.6387710571289,28.634267807006836,60.48522186279297,24.50897789001465,84.84756469726562,22.29293441772461,158.0399932861328
2022-07-21,379.6122741699219,45.630367279052734,173.66067504882812,57.477195739746094,36.42412185668945,89.3795166015625,29.085065841674805,61.20066452026367,24.797611236572266,85.5880355834961,21.91877555847168,160.27000427246094
2022-07-22,376.2310485839844,45.225677490234375,170.89041137695312,57.33250045776367,36.058231353759766,90.07673645019531,29.570545196533203,61.12116241455078,25.020273208618164,86.1027603149414,21.657732009887695,160.6699981689453
2022-07-25,376.6194152832031,45.49610137939453,171.77577209472656,57.775604248046875,36.18629837036133,89.74555969238281,29.258455276489258,61.105262756347656,24.805856704711914,86.22917938232422,22.04929542541504,160.22999572753906
2022-07-26,372.1490173339844,45.25025939941406,170.7190704345703,56.97078323364258,35.90272903442383,89.72811889648438,29.319129943847656,60.67599105834961,24.814105987548828,86.28336334228516,22.092802047729492,160.0399932861328
2022-07-27,381.77166748046875,46.09558868408203,174.60311889648438,58.31818771362305,36.57048034667969,90.0418701171875,29.197769165039062,61.34375,24.929555892944336,87.00577545166016,22.597482681274414,161.6699981689453
2022-07-28,386.62091064453125,46.8141975402832,177.0021209716797,58.616600036621094,36.72597885131836,90.68675231933594,29.42316246032715,61.97172927856445,25.135723114013672,89.89542388916016,22.614885330200195,163.63999938964844
2022-07-29,392.3699035644531,47.453392028808594,178.25877380371094,59.430477142333984,36.55218505859375,90.69546508789062,29.362478256225586,62.1545524597168,25.193452835083008,90.41917419433594,22.719301223754883,164.10000610351562
2022-08-01,391.1102600097656,47.442047119140625,178.192138671875,59.5118522644043,36.241180419921875,91.0097885131836,29.986183166503906,62.17372512817383,25.254642486572266,89.66065216064453,22.258129119873047,165.02999877929688
2022-08-02,388.61932373046875,46.97494888305664,178.02078247070312,58.562347412109375,36.0673828125,90.0755386352539,29.4041748046875,61.88642120361328,24.973478317260742,88.50476837158203,22.14501190185547,164.0500030517578
2022-08-03,394.6807861328125,47.375858306884766,180.63870239257812,58.905982971191406,36.350948333740234,90.47718048095703,29.82981300354004,62.4290657043457,25.19675636291504,88.78472900390625,21.95357894897461,164.4499969482422
2022-08-04,394.3020324707031,47.0184440612793,180.2579345703125,59.20439529418945,36.6070671081543,90.6954345703125,29.82114028930664,62.59667205810547,25.27118492126465,88.73957824707031,21.718643188476562,167.1699981689453
2022-08-05,393.610595703125,47.28886795043945,181.63829040527344,58.78842544555664,36.64365768432617,89.68260192871094,29.16095733642578,62.2774543762207,24.956947326660156,88.99241638183594,21.64033317565918,165.2899932861328
2022-08-08,393.2696228027344,47.59900665283203,183.561279296875,58.924072265625,36.689395904541016,90.09297943115234,29.55184555053711,62.33332061767578,25.031368255615234,89.70579528808594,21.9013729095459,166.69000244140625
2022-08-09,391.62164306640625,47.19053268432617,181.05758666992188,58.60755920410156,36.55218505859375,89.89212036132812,29.456298828125,61.870445251464844,24.94866943359375,90.23858642578125,22.0841007232666,167.1999969482422
2022-08-10,399.8236083984375,48.35734176635742,186.22686767578125,59.92783737182617,37.009544372558594,90.11919403076172,29.28256607055664,62.79616165161133,25.138866424560547,91.5840835571289,22.388647079467773,166.77999877929688
2022-08-11,399.9656677246094,48.6447868347168,186.92178344726562,59.909751892089844,37.15589904785156,89.63894653320312,28.674495697021484,62.43704605102539,24.915599822998047,91.26800537109375,22.823720932006836,166.33999633789062
2022-08-12,406.548095703125,49.40689468383789,190.73924255371094,60.37094497680664,37.549224853515625,90.04058837890625,28.952476501464844,62.99567794799805,25.171947479248047,92.73091888427734,22.701900482177734,167.8699951171875
2022-08-15,408.3381652832031,49.46931076049805,191.4151611328125,60.009220123291016,37.375431060791016,90.15411376953125,28.969846725463867,62.88389587402344,25.138866424560547,93.18242645263672,22.42345428466797,165.7100067138672
2022-08-16,409.1905517578125,49.78890609741211,191.33901977539062,59.99113082885742,37.36628341674805,90.02310943603516,29.0740909576416,62.588653564453125,25.072715759277344,92.83926391601562,22.17111587524414,165.4199981689453
2022-08-17,406.1125183105469,49.115665435791016,188.12130737304688,59.5118522644043,37.21078872680664,89.49051666259766,28.743989944458008,61.942291259765625,24.882522583007812,92.45095825195312,22.258129119873047,164.35000610351562
2022-08-18,407.3058166503906,49.524147033691406,189.36839294433594,59.31291198730469,37.000396728515625,89.68260192871094,28.8134822845459,62.03803634643555,24.915599822998047,91.73757934570312,22.597482681274414,163.9199981689453
2022-08-19,401.916748046875,48.710975646972656,185.30340576171875,58.499046325683594,36.4973030090332,89.05391693115234,28.361785888671875,61.407596588134766,24.7088623046875,90.89779663085938,22.58877944946289,162.72000122070312
2022-08-22,393.4874572753906,47.670875549316406,181.4860076904297,57.50432205200195,36.177146911621094,88.66974639892578,28.24886131286621,60.713340759277344,24.576557159423828,89.00143432617188,22.788915634155273,161.63999938964844
2022-08-23,392.6161193847656,47.66519546508789,181.78111267089844,57.53144836425781,36.36923599243164,88.63480377197266,28.11856460571289,60.86496353149414,24.59309196472168,87.81848907470703,23.163074493408203,162.77000427246094
2022-08-24,393.8379211425781,47.89023971557617,183.17098999023438,57.60379409790039,36.3600959777832,88.3990249633789,27.91876792907715,60.936771392822266,24.543476104736328,88.34223937988281,23.40671157836914,163.25
2022-08-25,399.3879699707031,48.69585037231445,186.01742553710938,58.23680114746094,37.146751403808594,88.88803100585938,28.292293548583984,61.51134490966797,24.7419376373291,89.70579528808594,23.076059341430664,163.75
2022-08-26,385.74005126953125,47.23591232299805,179.90567016601562,56.708534240722656,36.59791946411133,88.72215270996094,28.46602439880371,60.49785232543945,24.62616539001465,87.50244903564453,23.17177391052246,161.75999450683594
2022-08-29,383.4196472167969,46.9257698059082,178.24925231933594,56.58193588256836,36.36923599243164,88.29427337646484,28.222797393798828,60.26643371582031,24.485591888427734,86.72583770751953,23.511127471923828,161.86000061035156
2022-08-30,379.02508544921875,46.28658676147461,175.75506591796875,56.17499542236328,35.93932342529297,88.40778350830078,28.274919509887695,59.8035888671875,24.50212860107422,85.46160888671875,22.8585262298584,160.50999450683594
2022-08-31,376.1742858886719,45.9499626159668,174.6888427734375,55.795196533203125,36.0673828125,87.93626403808594,28.040372848510742,59.47642135620117,24.28713035583496,85.11846160888672,22.379947662353516,159.27000427246094
2022-09-01,377.4623718261719,45.59066390991211,172.78485107421875,55.04462814331055,35.783817291259766,87.5547866821289,27.561574935913086,59.633583068847656,24.193410873413086,85.27198028564453,21.9013729095459,157.8699951171875
2022-09-02,373.4276428222656,45.25593566894531,171.44256591796875,54.68290710449219,35.45452117919922,87.80850982666016,27.71827507019043,59.59348678588867,24.17681884765625,84.1702880859375,22.04929542541504,159.25999450683594
2022-09-06,371.94061279296875,44.97227096557617,169.74803161621094,54.54725646972656,35.03374481201172,86.98609161376953,27.056659698486328,59.43310546875,23.91141128540039,85.13652038574219,21.91877555847168,158.3300018310547
2022-09-07,378.6746520996094,45.995361328125,173.44174194335938,55.02653503417969,35.34475326538086,87.58979034423828,27.48322296142578,60.29118728637695,24.143640518188477,86.79808807373047,21.396690368652344,159.94000244140625
2022-09-08,381.06134033203125,46.43409729003906,174.8887481689453,55.06270980834961,35.15266418457031,87.30982208251953,27.222064971923828,60.555850982666016,24.143640518188477,87.05091094970703,21.483707427978516,158.97999572753906
2022-09-09,387.14178466796875,47.262393951416016,178.40155029296875,56.46437072753906,35.67405319213867,87.30108642578125,27.2742919921875,60.796409606933594,24.16852569580078,87.8816909790039,22.092802047729492,159.82000732421875
2022-09-12,391.318603515625,47.72760009765625,180.56253051757812,57.25111389160156,36.204593658447266,87.1698226928711,27.074071884155273,60.98087692260742,24.127052307128906,88.6402359008789,22.39735221862793,160.6300048828125
2022-09-13,374.2421569824219,45.94239807128906,173.4988555908203,55.26165771484375,35.08863067626953,86.67984008789062,27.100183486938477,59.59348678588867,23.98605728149414,85.36226654052734,22.28423309326172,158.5399932861328
2022-09-14,375.6723327636719,45.951866149902344,174.1747589111328,55.4425163269043,35.26242446899414,86.79359436035156,27.169828414916992,59.68168640136719,24.06899642944336,84.24254608154297,22.379947662353516,157.92999267578125
2022-09-15,371.33447265625,45.677650451660156,172.90863037109375,54.95419692993164,34.88739013671875,86.5311279296875,27.117597579956055,59.304779052734375,23.961177825927734,82.69837951660156,21.727344512939453,154.97999572753906
2022-09-16,368.5215759277344,45.01954650878906,170.39540100097656,54.619606018066406,34.567237854003906,86.46987915039062,26.94348907470703,59.50528335571289,23.886531829833984,82.63516998291016,21.649030685424805,155.83999633789062
2022-09-19,371.391357421875,45.598228454589844,171.8519287109375,54.809513092041016,34.677005767822266,86.33861541748047,26.978307723999023,59.72982406616211,23.961177825927734,82.52681732177734,21.718643188476562,155.9600067138672
2022-09-20,367.02508544921875,44.856910705566406,169.51004028320312,53.87808609008789,34.484920501708984,85.95366668701172,26.72585105895996,59.120338439941406,23.745534896850586,80.51307678222656,21.69253921508789,155.07000732421875
2022-09-21,360.7647399902344,44.25175476074219,166.920654296875,53.172725677490234,33.90864562988281,86.22491455078125,27.143714904785156,58.943912506103516,23.828474044799805,79.29399871826172,21.5620174407959,155.7899932861328
2022-09-22,357.7149963378906,43.29107666015625,163.16026306152344,53.01899719238281,33.74399185180664,85.30622100830078,26.455976486206055,58.59104919433594,23.521596908569336,78.50836944580078,21.622928619384766,155.6999969482422
2022-09-23,351.776611328125,42.38524627685547,159.2761993408203,51.32796096801758,32.91160202026367,85.04373931884766,26.595272064208984,57.84521484375,23.455245971679688,77.47893524169922,20.892011642456055,153.00999450683594
2022-09-26,348.30755615234375,41.72885513305664,157.09544372558594,50.5683479309082,32.50912094116211,83.95004272460938,26.072938919067383,57.163551330566406,23.123483657836914,75.38290405273438,20.404733657836914,151.22999572753906
2022-09-27,347.4126281738281,41.76690673828125,157.6312713623047,50.22471618652344,32.472530364990234,83.59136199951172,25.420024871826172,57.04325866699219,22.86637306213379,74.30611419677734,20.622272491455078,151.5399932861328
2022-09-28,354.16229248046875,42.881813049316406,162.61679077148438,51.43647384643555,32.756099700927734,84.93872833251953,26.255754470825195,58.061744689941406,23.23130989074707,75.74789428710938,21.19655990600586,154.69000244140625
2022-09-29,346.8795471191406,42.0408821105957,158.97097778320312,50.830596923828125,32.024322509765625,84.49251556396484,26.10775375366211,57.51641845703125,23.106903076171875,73.58522033691406,21.066038131713867,154.66000366210938
2022-09-30,341.4341125488281,41.71554183959961,157.8131103515625,50.64973831176758,31.905412673950195,84.291259765625,25.80306625366211,57.25177001953125,23.04055404663086,74.29698181152344,20.80499839782715,154.6699981689453
2022-10-03,350.4685974121094,42.935081481933594,161.99478149414062,51.65351104736328,32.42679977416992,84.97611999511719,26.219261169433594,58.00206756591797,23.352638244628906,75.68401336669922,21.27487564086914,158.42999267578125
2022-10-04,361.1976623535156,44.62645721435547,168.41563415527344,53.72434616088867,33.48788070678711,85.20408630371094,26.158184051513672,59.25127410888672,23.477476119995117,77.15316009521484,21.849164962768555,160.6999969482422
2022-10-05,360.35028076171875,44.41907501220703,167.17169189453125,53.15464401245117,33.506168365478516,84.75689697265625,25.87897300720215,59.017539978027344,23.319347381591797,75.61101531982422,22.240726470947266,159.80999755859375
2022-10-06,356.7898254394531,44.04998016357422,166.23387145996094,52.22322082519531,33.304935455322266,84.42366790771484,25.774276733398438,58.840248107910156,23.261093139648438,73.47571563720703,22.379947662353516,159.6300048828125
2022-10-07,346.8414001464844,42.94459533691406,161.34408569335938,51.39126205444336,32.60974884033203,83.97650146484375,25.538692474365234,58.12296676635742,23.08632469177246,71.75108337402344,22.614885330200195,157.8800048828125
2022-10-10,344.26153564453125,42.858978271484375,160.44459533691406,51.10188293457031,32.15238952636719,83.59943389892578,25.172245025634766,57.41377258300781,22.92819595336914,70.94805908203125,22.362548828125,155.47999572753906
2022-10-11,341.900634765625,42.925567626953125,160.492431640625,50.54122543334961,31.6401424407959,83.65205383300781,25.285667419433594,57.591064453125,22.861621856689453,71.73283386230469,22.04059410095215,155.16000366210938
2022-10-12,340.7962646484375,42.68584442138672,160.05226135253906,50.378448486328125,31.67673110961914,83.72217559814453,25.390361785888672,57.68778610229492,22.869937896728516,70.9206771850586,22.04059410095215,155.99000549316406
2022-10-13,349.86883544921875,43.62571716308594,164.0138702392578,51.418392181396484,31.76820182800293,83.45914459228516,25.172245025634766,57.81672668457031,22.853294372558594,72.07957458496094,22.345142364501953,154.91000366210938
2022-10-14,341.85296630859375,42.564090728759766,159.62167358398438,50.64973831176758,31.29254722595215,83.00320434570312,24.99773406982422,57.63136672973633,22.695171356201172,70.23629760742188,21.9013729095459,152.97999572753906
2022-10-17,350.6494140625,43.70943069458008,164.71243286132812,51.897666931152344,32.15238952636719,83.17857360839844,24.87557601928711,58.3405876159668,22.79503059387207,72.82783508300781,21.849164962768555,153.4199981689453
2022-10-18,354.6669006347656,44.37532043457031,166.66452026367188,52.268428802490234,32.161529541015625,83.31886291503906,24.971555709838867,58.75157928466797,22.88658905029297,73.64909362792969,21.614229202270508,153.75
2022-10-19,352.33447265625,43.58765411376953,163.83204650878906,51.626380920410156,31.57611083984375,82.59982299804688,24.51784896850586,58.18744659423828,22.628589630126953,71.81494903564453,21.605525970458984,151.69000244140625
2022-10-20,349.335693359375,42.93698501586914,161.7460174560547,51.50881576538086,31.777347564697266,82.10002136230469,24.151386260986328,57.865081787109375,22.462141036987305,71.47732543945312,21.622928619384766,151.4499969482422
2022-10-21,357.7703552246094,43.81406784057617,165.2578582763672,52.44025421142578,32.26215362548828,82.2227783203125,23.758747100830078,58.42116165161133,22.503753662109375,71.97007751464844,21.649030685424805,154.14999389648438
2022-10-24,362.1686096191406,44.11086654663086,165.96595764160156,52.44929122924805,31.03642463684082,82.10880279541016,23.592966079711914,58.461463928222656,22.51207733154297,71.91532135009766,21.709941864013672,153.64999389648438
2022-10-25,367.9853210449219,45.21625518798828,170.49208068847656,53.60678482055664,31.29254722595215,82.91551208496094,24.21245765686035,59.02560043334961,22.753419876098633,74.78062438964844,21.831762313842773,154.0
2022-10-26,365.20550537109375,45.31328201293945,171.33424377441406,54.11320114135742,31.80478858947754,83.2837905883789,24.526573181152344,59.18678283691406,22.82000160217285,74.9266357421875,22.240726470947266,154.97999572753906
2022-10-27,363.2633972167969,45.343727111816406,171.3724822998047,53.60678482055664,31.557819366455078,83.70466613769531,24.77960205078125,59.62198257446289,22.894908905029297,75.06351470947266,22.27553367614746,154.74000549316406
2022-10-28,371.7837829589844,46.1466064453125,175.26710510253906,54.14032745361328,31.3657283782959,83.49420166015625,24.59637451171875,60.08136749267578,22.92819595336914,76.73341369628906,22.014488220214844,153.16000366210938
2022-10-31,369.1753845214844,46.142799377441406,175.4297637939453,53.63391876220703,31.274250030517578,83.21365356445312,24.4218692779541,59.17873764038086,22.82832908630371,76.64215850830078,21.857866287231445,151.91000366210938
2022-11-01,367.709228515625,46.31212615966797,175.6689910888672,54.058937072753906,31.850526809692383,83.36832427978516,24.623050689697266,59.53468322753906,22.96028709411621,76.49615478515625,22.188518524169922,153.4600067138672
2022-11-02,358.2844543457031,44.95370101928711,169.8414306640625,53.2722053527832,31.585256576538086,83.22766876220703,24.535579681396484,58.99265670776367,22.84336280822754,74.4429931640625,22.388647079467773,152.38999938964844
2022-11-03,354.6859436035156,44.866180419921875,168.70269775390625,52.82004928588867,31.76820182800293,82.92008972167969,24.413122177124023,58.57198715209961,22.826650619506836,74.38823699951172,22.371246337890625,151.80999755859375
2022-11-04,359.7029724121094,45.632911682128906,170.98013305664062,54.93611145019531,33.11284255981445,82.91130065917969,24.054489135742188,58.97646713256836,22.826650619506836,75.41938781738281,23.128267288208008,156.47000122070312
2022-11-07,363.21588134765625,46.019126892089844,171.75521850585938,55.1079216003418,33.131134033203125,82.64765930175781,23.827062606811523,58.96840286254883,22.784893035888672,75.46500396728516,22.92813491821289,155.85000610351562
2022-11-08,365.18646240234375,46.114261627197266,171.82220458984375,55.731895446777344,33.36895751953125,82.99921417236328,24.080734252929688,58.91175079345703,22.84336280822754,75.81177520751953,22.649690628051758,159.4499969482422
2022-11-09,357.7322998046875,45.1458625793457,167.10467529296875,54.95419692993164,32.79268264770508,83.09589385986328,24.150707244873047,58.207908630371094,22.818300247192383,75.06351470947266,22.127609252929688,158.64999389648438
2022-11-10,377.3244323730469,47.76186752319336,177.39141845703125,58.03786087036133,33.98181915283203,84.87996673583984,25.060407638549805,60.02010726928711,23.46977996826172,80.52948760986328,22.327739715576172,163.47999572753906
2022-11-11,380.9610900878906,48.03584671020508,178.84593200683594,59.19535446166992,34.90569305419922,84.81842803955078,24.990427017211914,60.23044204711914,23.46977996826172,80.33784484863281,22.754106521606445,164.55999755859375
2022-11-14,377.76239013671875,47.57543182373047,176.8459930419922,58.571388244628906,34.6953010559082,84.58113861083984,24.92045021057129,59.785484313964844,23.411312103271484,78.49456024169922,22.41475486755371,164.9199981689453
2022-11-15,380.9706115722656,48.30790710449219,179.46792602539062,58.96023178100586,35.491111755371094,85.20512390136719,25.296581268310547,60.311344146728516,23.636821746826172,79.39794921875,22.67579460144043,165.5
2022-11-16,378.1717224121094,47.63821029663086,176.3101348876953,58.82459259033203,34.923988342285156,85.73246765136719,25.803913116455078,60.18190002441406,23.812223434448242,78.67707061767578,22.42345428466797,165.1199951171875
2022-11-17,376.8960266113281,47.34331512451172,174.67376708984375,58.797454833984375,34.988014221191406,85.37210845947266,25.550241470336914,59.92302322387695,23.72034454345703,78.04741668701172,22.04929542541504,163.9199981689453
2022-11-18,378.685791015625,47.64582443237305,175.802978515625,58.91502380371094,34.786773681640625,85.24908447265625,25.410282135009766,60.05243682861328,23.72034454345703,79.01469421386719,21.892671585083008,162.7899932861328
2022-11-21,377.23876953125,47.550697326660156,174.8843536376953,58.471920013427734,34.347713470458984,85.19635772705078,25.4890079498291,60.028175354003906,23.695289611816406,79.4435806274414,21.814359664916992,161.8800048828125
2022-11-22,382.43670654296875,48.33454513549805,176.75033569335938,59.2857780456543,34.43003463745117,85.63578033447266,25.812654495239258,60.46504211425781,23.85397720336914,79.8450927734375,22.04059410095215,162.07000732421875
2022-11-23,384.72149658203125,48.37449645996094,177.2096405029297,59.93687438964844,34.713600158691406,86.1454849243164,26.19752311706543,60.8048210144043,24.07948875427246,79.95458984375,21.736047744750977,163.0800018310547
2022-11-25,384.69287109375,48.591407775878906,177.58282470703125,60.24435043334961,34.5489501953125,86.1630630493164,26.145044326782227,60.68349838256836,24.06277847290039,80.48385620117188,21.54461669921875,163.22000122070312
2022-11-28,378.60009765625,47.67816925048828,174.00396728515625,59.46664810180664,34.3934440612793,86.0224609375,26.215017318725586,60.04435729980469,23.96255874633789,78.26643371582031,21.414094924926758,161.92999267578125
2022-11-29,377.9527282714844,47.815147399902344,174.5111541748047,59.63846206665039,35.134368896484375,85.71485137939453,25.935115814208984,60.303245544433594,23.86233139038086,79.57134246826172,21.69253921508789,162.72999572753906
2022-11-30,389.6718444824219,48.895809173583984,179.2957000732422,60.69649124145508,36.14970779418945,86.38278198242188,26.11005401611328,61.20934295654297,24.112899780273438,81.3689956665039,22.17981719970703,164.80999755859375
2022-12-01,389.510009765625,48.84443283081055,178.90335083007812,61.284278869628906,36.030792236328125,87.1015853881836,26.87283706665039,61.436004638671875,24.34926414489746,81.26861572265625,22.066699981689453,167.83999633789062
2022-12-02,389.0910949707031,48.895809173583984,179.94638061523438,61.23906707763672,36.16800308227539,87.46273040771484,27.162172317504883,61.38725280761719,24.46661376953125,81.01312255859375,21.831762313842773,167.25999450683594
2022-12-05,382.0844421386719,47.699092864990234,174.98959350585938,60.434242248535156,35.75637435913086,86.77566528320312,26.811464309692383,60.80229949951172,24.298969268798828,79.56221771240234,21.266172409057617,164.38999938964844
2022-12-06,376.61993408203125,47.122623443603516,172.3102569580078,60.1629524230957,35.71064758300781,87.03109741210938,27.10957145690918,60.58293533325195,24.382797241210938,78.81394958496094,20.926815032958984,164.83999633789062
2022-12-07,375.8964538574219,47.05031967163086,171.80307006835938,60.1629524230957,35.50025939941406,87.80628204345703,27.670698165893555,60.91602325439453,24.583953857421875,78.96907806396484,20.822402954101562,166.3300018310547
2022-12-08,378.8476867675781,47.42702865600586,173.0470733642578,60.470420837402344,35.93016815185547,87.54200744628906,27.574256896972656,60.96478271484375,24.550432205200195,79.57134246826172,20.787595748901367,166.47000122070312
2022-12-09,376.04876708984375,46.907630920410156,170.92274475097656,60.50658416748047,35.692352294921875,87.02227783203125,26.934213638305664,60.96478271484375,24.391176223754883,79.47095489501953,20.81369972229004,167.05999755859375
2022-12-12,381.32275390625,47.39468002319336,172.93226623535156,60.68745422363281,35.58258056640625,87.03990173339844,27.021894454956055,61.200382232666016,24.374414443969727,80.05496978759766,21.039936065673828,165.67999267578125
2022-12-13,384.3670959472656,47.69736862182617,174.3646240234375,61.54816436767578,35.837039947509766,87.62132263183594,27.284923553466797,61.834083557128906,24.558809280395508,81.55025482177734,21.387990951538086,168.50999450683594
2022-12-14,382.0628662109375,47.481441497802734,173.2206268310547,61.493682861328125,35.8556022644043,87.81510925292969,27.40766143798828,61.48472595214844,24.59234619140625,80.99781036376953,21.55331802368164,168.10000610351562
2022-12-15,372.5973205566406,46.41326141357422,168.88504028320312,59.922977447509766,35.02909851074219,87.9439926147461,27.521652221679688,61.252811431884766,24.617488861083984,79.83765411376953,21.292274475097656,165.35000610351562
2022-12-16,368.0462341308594,45.89350128173828,167.625732421875,59.39638137817383,35.131256103515625,87.71444702148438,27.258621215820312,60.92611312866211,24.525278091430664,77.82125854492188,21.022531509399414,166.7899932861328
2022-12-19,364.98675537109375,45.3890266418457,165.35702514648438,59.25111389160156,35.15911865234375,87.17589569091797,26.84994125366211,60.61576461791992,24.324268341064453,76.9004898071289,20.983139038085938,166.32000732421875
2022-12-20,365.40740966796875,45.631710052490234,166.23182678222656,59.48716735839844,35.14982223510742,86.58434295654297,26.392913818359375,60.4605827331543,24.105579376220703,76.68872833251953,21.07943344116211,169.0800018310547
2022-12-21,370.8572082519531,46.4935188293457,169.09657287597656,60.10455322265625,35.46556854248047,86.82274627685547,26.43686294555664,60.975120544433594,24.223337173461914,77.4805679321289,21.350805282592773,168.8000030517578
2022-12-22,365.8089294433594,45.96802520751953,166.8855438232422,59.61428451538086,35.14982223510742,86.7962417602539,26.463226318359375,60.59946060180664,24.214923858642578,77.16751861572266,21.07943344116211,166.75999450683594
2022-12-23,367.71160888671875,46.292877197265625,167.6449432373047,59.82310104370117,35.103397369384766,86.49608612060547,26.102886199951172,60.75461959838867,24.172870635986328,77.83043670654297,21.4646053314209,167.25999450683594
2022-12-27,366.2965393066406,46.30816650390625,166.5202178955078,59.91389465332031,35.62343978881836,85.86921691894531,25.645862579345703,60.12575149536133,23.912139892578125,77.77519989013672,21.65719223022461,168.6699981689453
2022-12-28,361.85064697265625,45.526607513427734,163.9342803955078,59.278350830078125,35.103397369384766,85.7191390991211,25.5052433013916,59.31720733642578,23.85325813293457,76.45854187011719,21.41208267211914,167.91000366210938
2022-12-29,368.11322021484375,46.4266357421875,168.08718872070312,60.2135124206543,35.68844985961914,86.0369873046875,25.76890754699707,60.08491134643555,23.98782730102539,78.16191864013672,21.385820388793945,168.85000610351562
2022-12-30,367.3482971191406,46.222171783447266,167.61611938476562,59.59612274169922,35.19626235961914,85.63082122802734,25.5140323638916,60.13391876220703,23.870073318481445,77.51739501953125,21.578407287597656,169.63999938964844
2023-01-03,365.74200439453125,46.002418518066406,166.6932373046875,60.122718811035156,35.49343490600586,86.13407135009766,25.953472137451172,60.248268127441406,24.004653930664062,77.65550994873047,21.061925888061523,171.05999755859375
2023-01-04,368.59124755859375,46.69416427612305,168.7697296142578,60.921688079833984,36.5613899230957,86.61082458496094,26.27865982055664,60.942447662353516,24.164461135864258,79.32205963134766,20.685508728027344,172.6699981689453
2023-01-05,364.4034118652344,46.22981643676758,166.96241760253906,60.31338882446289,36.449947357177734,86.54019165039062,26.384132385253906,60.81995391845703,24.13922691345215,77.20435333251953,20.580461502075195,170.52000427246094
2023-01-06,372.7216491699219,47.391632080078125,170.7115936279297,61.85685729980469,37.21145248413086,87.48490142822266,26.84115219116211,61.685665130615234,24.47566032409668,79.37731170654297,20.69426155090332,173.7100067138672
2023-01-09,372.4634704589844,47.401180267333984,170.99998474121094,62.12014389038086,37.49005126953125,87.70561981201172,26.972978591918945,61.90618133544922,24.551361083984375,79.37731170654297,20.93937110900879,174.10000610351562
2023-01-10,375.140625,47.8559684753418,173.52825927734375,62.30173110961914,37.75936508178711,87.37014770507812,26.577486038208008,61.83265686035156,24.47566032409668,79.55223083496094,20.93937110900879,174.74000549316406
2023-01-11,379.8160400390625,48.440696716308594,175.69125366210938,62.773860931396484,37.917232513427734,87.90869140625,26.946617126464844,62.24101638793945,24.660701751708984,82.4433822631836,21.3157901763916,174.6199951171875
2023-01-12,381.2979431152344,48.89548110961914,178.64251708984375,63.6999397277832,38.102970123291016,88.54436492919922,27.438793182373047,62.59220886230469,24.879383087158203,83.33650970458984,21.49086570739746,176.63999938964844
2023-01-13,382.7991027832031,49.141990661621094,179.81532287597656,64.0358657836914,38.35370635986328,88.2176742553711,27.201492309570312,62.59220886230469,24.77845573425293,82.87612915039062,21.700963973999023,178.75999450683594
2023-01-17,382.091552734375,49.02350997924805,179.59422302246094,64.23560333251953,38.140113830566406,88.05875396728516,27.043291091918945,62.37986755371094,24.75322723388672,82.958984375,21.849777221679688,177.58999633789062
2023-01-18,376.0680847167969,48.392921447753906,176.6910400390625,64.00863647460938,37.880088806152344,88.932861328125,27.676090240478516,62.4533576965332,24.980314254760742,81.80806732177734,21.613422393798828,177.0800018310547
2023-01-19,373.3908996582031,47.9056510925293,174.99908447265625,63.90876770019531,38.167972564697266,88.72976684570312,27.526683807373047,62.08582305908203,24.946674346923828,81.36610412597656,21.832271575927734,179.88999938964844
2023-01-20,380.2462463378906,48.689109802246094,177.883056640625,64.4716796875,38.75303268432617,88.3677978515625,27.096023559570312,62.20833969116211,24.837329864501953,82.3789291381836,21.963579177856445,179.2899932861328
2023-01-23,384.7591552734375,49.298675537109375,180.08445739746094,64.73497772216797,39.0316276550293,88.14706420898438,26.99934959411621,62.20018005371094,24.77845573425293,82.6827621459961,22.016101837158203,179.6300048828125
2023-01-24,384.5009460449219,49.12860870361328,179.69993591308594,64.65326690673828,39.05949020385742,88.5355453491211,27.35090446472168,62.24101638793945,24.879383087158203,82.9313735961914,21.89354705810547,180.27999877929688
2023-01-25,384.5679016113281,49.26046371459961,180.1998291015625,65.0799789428711,39.09663772583008,88.6414794921875,27.412425994873047,62.232826232910156,24.904619216918945,82.83930206298828,21.832271575927734,181.11000061035156
2023-01-26,388.7939758300781,49.68276596069336,181.2668914794922,65.13446044921875,39.46809768676758,88.49137878417969,27.27179718017578,62.38802719116211,24.896202087402344,83.7600326538086,21.92856216430664,179.47000122070312
2023-01-27,389.75958251953125,49.87385559082031,182.24745178222656,65.0073471069336,39.28236389160156,88.35896301269531,27.219072341918945,62.20018005371094,24.820512771606445,84.61632537841797,21.683454513549805,179.22000122070312
2023-01-30,384.8069152832031,49.33307647705078,179.7095489501953,64.58970642089844,38.49300765991211,88.1205825805664,27.113605499267578,61.857147216796875,24.75322723388672,83.60350799560547,21.403329849243164,178.75999450683594
2023-01-31,390.3905944824219,50.50253677368164,184.07394409179688,64.96195983886719,38.409427642822266,88.48255157470703,27.333324432373047,62.33900833129883,24.921432495117188,85.25164794921875,21.770994186401367,179.41000366210938
2023-02-01,394.559326171875,51.33185577392578,186.96755981445312,65.54302978515625,38.8830451965332,89.10652160644531,27.639944076538086,62.99390411376953,25.125751495361328,85.80409240722656,21.359560012817383,181.6699981689453
2023-02-02,400.286376953125,51.92232131958008,190.6494140625,65.45222473144531,38.65087127685547,89.20389556884766,27.657567977905273,63.355003356933594,25.184856414794922,87.69160461425781,21.20198631286621,177.89999389648438
2023-02-03,396.16552734375,51.557334899902344,189.370849609375,64.84391784667969,37.96367263793945,88.34539031982422,27.252262115478516,62.69025421142578,24.94845199584961,85.9145736694336,20.668001174926758,173.4600067138672
2023-02-06,393.7274169921875,50.999359130859375,186.63107299804688,64.18114471435547,37.406471252441406,87.85858917236328,27.049612045288086,62.28814697265625,24.762714385986328,85.38975524902344,20.729276657104492,173.82000732421875
2023-02-07,398.8139953613281,51.36052703857422,188.01539611816406,64.72589874267578,37.555057525634766,87.70816040039062,26.85576629638672,62.50971603393555,24.712060928344727,85.24243927001953,21.123201370239258,173.97999572753906
2023-02-08,394.46368408203125,50.76432418823242,185.2659912109375,64.32640838623047,37.50862503051758,87.83203887939453,26.961496353149414,62.247108459472656,24.712060928344727,84.88333892822266,21.16697120666504,174.41000366210938
2023-02-09,391.1173095703125,50.14902114868164,182.5839080810547,64.44444274902344,37.6850700378418,87.48689270019531,26.741228103637695,61.844970703125,24.560089111328125,83.89814758300781,21.000648498535156,173.02999877929688
2023-02-10,391.96820068359375,50.27895736694336,182.94920349121094,64.16297149658203,37.32289123535156,87.10629272460938,26.476898193359375,61.368980407714844,24.441890716552734,84.16516876220703,21.298282623291016,173.36000061035156
2023-02-13,396.57666015625,50.87897491455078,185.15066528320312,64.80760192871094,37.62934494018555,87.37181854248047,26.67955207824707,61.524932861328125,24.500991821289062,84.96620178222656,21.254512786865234,172.47999572753906
2023-02-14,396.3663024902344,50.89234161376953,185.06414794921875,64.92564392089844,37.56434631347656,87.06207275390625,26.609066009521484,61.54133987426758,24.433441162109375,84.22042083740234,21.324542999267578,172.61000061035156
2023-02-15,397.62841796875,51.26688003540039,186.9386749267578,64.63510131835938,37.24860382080078,86.8938980102539,26.388790130615234,61.44283676147461,24.382783889770508,84.58871459960938,21.096940994262695,170.88999938964844
2023-02-16,392.2742004394531,50.87515640258789,185.15066528320312,64.31732177734375,37.25788497924805,86.53102111816406,26.045167922973633,60.9504508972168,24.197040557861328,83.86132049560547,21.03566551208496,170.75
2023-02-17,391.1842346191406,50.81782913208008,185.66017150878906,64.48075103759766,36.849273681640625,86.73460388183594,26.230195999145508,61.18844223022461,24.289918899536133,83.474609375,20.878093719482422,171.25999450683594
2023-02-21,383.43011474609375,49.57958221435547,180.18060302734375,63.7725715637207,36.384944915771484,85.92033386230469,25.74559211730957,60.24470520019531,24.019752502441406,81.8172607421875,20.904356002807617,170.6199951171875
2023-02-22,382.77996826171875,49.66175079345703,180.67088317871094,63.41848373413086,36.208499908447266,86.15047454833984,25.94824981689453,60.63862228393555,24.0788516998291,80.9793930053711,20.632984161376953,169.66000366210938
2023-02-23,384.79736328125,49.875762939453125,181.9590606689453,63.74534606933594,36.384944915771484,86.46025085449219,26.186140060424805,61.237701416015625,24.205486297607422,81.47660064697266,20.79055404663086,169.57000732421875
2023-02-24,380.6382751464844,49.568119049072266,180.2575225830078,62.683067321777344,35.567718505859375,85.964599609375,25.851318359375,60.868377685546875,24.0788516998291,80.08626556396484,20.720523834228516,168.35000610351562
2023-02-27,381.96728515625,49.6789436340332,180.89195251464844,63.42756271362305,35.75345993041992,86.13275146484375,25.921810150146484,61.27872848510742,24.09572982788086,80.25200653076172,20.73802947998047,169.00999450683594
2023-02-28,380.5044250488281,49.5566520690918,180.90158081054688,62.96452331542969,35.502716064453125,86.1239013671875,26.01872444152832,61.16382598876953,24.09572982788086,80.16915893554688,20.799306869506836,169.77999877929688
2023-03-01,379.14666748046875,49.715248107910156,181.13232421875,63.30044937133789,36.26422119140625,85.63064575195312,25.735231399536133,60.9904670715332,23.933021545410156,79.07343292236328,21.158218383789062,170.75999450683594
2023-03-02,382.1297912597656,49.96175765991211,181.5648956298828,63.42756271362305,36.394229888916016,85.45320892333984,25.505617141723633,61.06475067138672,23.958446502685547,80.01261138916016,21.07943344116211,170.66000366210938
2023-03-03,388.2584533691406,50.517822265625,184.09317016601562,64.35363006591797,36.71926498413086,86.1274642944336,26.070837020874023,61.692237854003906,24.170318603515625,81.32007598876953,21.41208267211914,172.49000549316406
2023-03-06,388.6982727050781,49.90060043334961,181.4014892578125,64.1902084350586,36.58924865722656,85.91453552246094,25.911867141723633,61.692237854003906,24.136411666870117,80.99781036376953,21.307035446166992,171.6199951171875
2023-03-07,382.5696716308594,49.298675537109375,179.2961883544922,63.118865966796875,35.97633361816406,85.7991943359375,26.035512924194336,61.25467300415039,24.077091217041016,79.09187316894531,20.869340896606445,168.6199951171875
2023-03-08,383.2388610839844,49.34645080566406,179.38272094726562,63.46388626098633,36.12491989135742,85.71049499511719,26.062000274658203,60.96565246582031,24.034709930419922,80.02182006835938,20.755537033081055,168.5399932861328
2023-03-09,376.1445617675781,48.148338317871094,174.39344787597656,63.00084686279297,35.326271057128906,86.02100372314453,26.14149284362793,60.62717056274414,24.034709930419922,78.16191864013672,20.501676559448242,170.1999969482422
2023-03-10,370.8572082519531,46.77632522583008,169.36575317382812,62.32897186279297,35.14053726196289,87.02349090576172,26.989322662353516,60.63541793823242,24.339811325073242,75.59304809570312,20.720523834228516,173.8699951171875
2023-03-13,370.082763671875,45.90304946899414,166.6067657470703,61.90224838256836,35.19626235961914,87.71551513671875,27.121795654296875,60.30516815185547,24.382184982299805,76.6427001953125,20.589214324951172,177.86000061035156
2023-03-14,376.3070983886719,46.79161834716797,169.6925811767578,62.72845458984375,35.21483612060547,87.2009506225586,26.6978816986084,60.742740631103516,24.272008895874023,77.40691375732422,20.326595306396484,176.8300018310547
2023-03-15,373.9932556152344,45.771202087402344,166.89515686035156,60.78550338745117,34.61119842529297,88.07038116455078,27.227771759033203,60.54460906982422,24.483877182006836,77.26879119873047,19.853885650634766,178.2100067138672
2023-03-16,380.4279479980469,46.40753173828125,169.17349243164062,61.729740142822266,35.14053726196289,87.72435760498047,26.989322662353516,60.94089889526367,24.40760612487793,77.28722381591797,19.915163040161133,178.57000732421875
2023-03-17,375.9150390625,45.33552932739258,164.607177734375,60.994327545166016,34.92695236206055,88.27444458007812,27.351421356201172,60.577632904052734,24.50083351135254,75.55621337890625,19.853885650634766,183.77000427246094
2023-03-20,379.6439208984375,46.11707305908203,166.74131774902344,61.9476432800293,35.05696105957031,87.91958618164062,27.13062286376953,60.41249465942383,24.475406646728516,76.41249084472656,19.93267059326172,183.83999633789062
2023-03-21,384.57745361328125,46.92919921875,169.81753540039062,62.882816314697266,35.372703552246094,87.65341186523438,26.892173767089844,61.0730094909668,24.551679611206055,75.97974395751953,20.002700805664062,180.3699951171875
2023-03-22,378.1332092285156,45.73298645019531,165.00131225585938,62.66489791870117,35.51200866699219,88.4962387084961,27.245441436767578,61.130802154541016,24.687280654907227,73.33721923828125,20.055225372314453,183.44000244140625
2023-03-23,379.0914611816406,45.53480911254883,164.2689971923828,62.67398452758789,36.00419235229492,88.70914459228516,27.289592742919922,60.89138412475586,24.72117805480957,72.90293884277344,20.002700805664062,185.74000549316406
2023-03-24,381.59735107421875,45.91273880004883,165.7548828125,62.483314514160156,35.911319732666016,88.8599624633789,27.38674545288086,60.76752853393555,24.814403533935547,74.71788024902344,20.0989933013916,183.64999389648438
2023-03-27,382.2597961425781,46.357826232910156,167.59779357910156,63.07346725463867,35.716304779052734,87.90181732177734,26.821523666381836,60.61888885498047,24.53472900390625,74.61600494384766,20.475414276123047,181.9499969482422
2023-03-28,381.5492858886719,46.459503173828125,167.3566131591797,63.100711822509766,36.227073669433594,87.76875305175781,26.848012924194336,60.585880279541016,24.475406646728516,74.37525177001953,20.571706771850586,183.44000244140625
2023-03-29,387.0699768066406,47.029293060302734,169.2573699951172,63.863365173339844,36.3292236328125,87.87518310546875,26.795021057128906,61.345489501953125,24.560161590576172,76.04203033447266,20.440397262573242,182.52999877929688
2023-03-30,389.2206115722656,47.16743469238281,169.0258026123047,64.60787963867188,36.691402435302734,87.97281646728516,26.91866683959961,61.70875930786133,24.611003875732422,76.99579620361328,20.589214324951172,184.17999267578125
2023-03-31,394.6836853027344,47.992366790771484,172.1326904296875,64.93472290039062,36.64496994018555,88.39862060546875,27.271930694580078,62.37751770019531,24.788976669311523,78.61627960205078,20.781801223754883,183.22000122070312
2023-04-03,396.0854187011719,47.98277282714844,172.20986938476562,65.45222473144531,36.71926498413086,88.78285217285156,27.40207862854004,62.32942199707031,24.9089298248291,77.99586486816406,21.123201370239258,184.5399932861328
2023-04-04,394.0595703125,47.15015411376953,169.18983459472656,65.4613037109375,36.71926498413086,89.11196899414062,27.561445236206055,62.1469612121582,25.00250816345215,77.94029998779297,21.096940994262695,187.97999572753906
2023-04-05,393.1282653808594,46.8259391784668,167.5302734375,65.0073471069336,36.43138122558594,89.41436004638672,27.844764709472656,61.79861068725586,25.062061309814453,77.51432800292969,21.17572784423828,187.8300018310547
2023-04-06,394.61651611328125,46.76838302612305,167.78115844726562,65.31605529785156,36.57996368408203,89.33428955078125,27.8890323638916,62.07231521606445,25.02802848815918,77.98660278320312,21.114450454711914,186.49000549316406
2023-04-10,395.0677795410156,47.33625030517578,169.57577514648438,65.2706527709961,36.61711120605469,88.72061920166016,27.490610122680664,62.0142707824707,24.942955017089844,78.36626434326172,21.114450454711914,185.11000061035156
2023-04-11,395.05816650390625,47.77558135986328,170.9169464111328,65.4885482788086,36.839988708496094,88.77396392822266,27.517175674438477,62.1469612121582,24.917428970336914,78.78295135498047,21.22825050354004,186.27999877929688
2023-04-12,393.57952880859375,47.505069732666016,169.66261291503906,65.90618896484375,36.57996368408203,88.88072204589844,27.490610122680664,62.13036346435547,24.891916275024414,78.39405059814453,21.394577026367188,187.19000244140625
2023-04-13,398.7065734863281,47.83504867553711,171.91073608398438,66.75055694580078,37.081443786621094,88.84513092041016,27.331256866455078,62.55335235595703,24.942955017089844,78.17179870605469,21.394577026367188,189.72000122070312
2023-04-14,397.72723388671875,47.57413864135742,170.30906677246094,66.47818756103516,36.88642501831055,88.4093246459961,27.05678939819336,62.43724822998047,24.866390228271484,76.91244506835938,21.42083740234375,186.36000061035156
2023-04-17,399.19622802734375,47.944400787353516,172.49932861328125,66.36015319824219,37.04429244995117,87.964599609375,26.764617919921875,62.27138137817383,24.73027992248535,78.5792236328125,21.33329963684082,185.52999877929688
2023-04-18,399.4266357421875,47.8810920715332,171.76605224609375,66.72332763671875,36.997859954833984,88.08911895751953,26.853147506713867,62.312843322753906,24.789831161499023,78.4310531616211,21.37706756591797,186.25
2023-04-19,399.3978576660156,47.971256256103516,171.9879608154297,66.5145034790039,36.62639617919922,87.9557113647461,26.82659339904785,62.064022064208984,24.704755783081055,78.81999206542969,21.07943344116211,185.36000061035156
2023-04-20,397.1607666015625,47.779422760009766,171.1002655029297,66.5145034790039,36.570682525634766,88.35594940185547,27.03023338317871,62.00593948364258,24.789831161499023,78.01438903808594,20.895601272583008,186.08999633789062
2023-04-21,397.3815612792969,47.75831604003906,171.3221893310547,66.85042572021484,36.227073669433594,88.2047348022461,26.897422790527344,62.19675064086914,24.7728214263916,78.17179870605469,20.851831436157227,184.25
2023-04-24,397.8809509277344,47.779422760009766,171.20640563964844,67.02294158935547,36.14349365234375,88.55158996582031,27.127613067626953,62.37088394165039,24.883405685424805,77.9495620727539,21.018156051635742,184.80999755859375
2023-04-25,391.5633239746094,46.85662841796875,166.98028564453125,66.08777618408203,35.46556854248047,89.10306549072266,27.517175674438477,62.27138137817383,24.985490798950195,77.12543487548828,20.720523834228516,185.75
2023-04-26,389.969482421875,46.436485290527344,165.36895751953125,66.0423812866211,35.66987609863281,88.77396392822266,27.260421752929688,62.030845642089844,24.883405685424805,76.5235366821289,20.405380249023438,184.74000549316406
2023-04-27,397.7080383300781,47.16743469238281,167.57847595214844,66.86859130859375,36.152774810791016,88.45381164550781,27.012516021728516,62.238182067871094,24.806838989257812,78.4032974243164,20.431642532348633,184.75
2023-04-28,401.001220703125,47.616355895996094,169.04507446289062,66.84136199951172,36.3385124206543,88.90740966796875,27.393226623535156,62.503597259521484,24.985490798950195,79.33853912353516,20.624231338500977,184.8000030517578
2023-05-01,400.7132263183594,47.6029167175293,169.1416015625,66.74149322509766,36.2177848815918,87.99700927734375,26.696531295776367,62.21707534790039,24.637073516845703,78.63480377197266,20.44915199279785,183.97000122070312
2023-05-02,396.2294616699219,46.925697326660156,165.66802978515625,66.06961822509766,35.86489486694336,88.8530044555664,27.300037384033203,62.158748626708984,24.89326286315918,77.29210662841797,19.985193252563477,187.52000427246094
2023-05-03,393.3779602050781,46.87581253051758,166.2759246826172,66.24212646484375,35.80917739868164,89.24535369873047,27.450918197631836,62.125423431396484,24.94449806213379,76.92169952392578,19.73133087158203,189.11000061035156
2023-05-04,390.63201904296875,46.095001220703125,164.4137420654297,66.10594177246094,36.09705352783203,89.13834381103516,27.2379150390625,61.94216537475586,24.90180015563965,77.5513916015625,19.810115814208984,190.44000244140625
2023-05-05,397.7752380371094,47.061912536621094,168.3214569091797,67.07740783691406,36.57996368408203,88.8530044555664,27.113658905029297,62.27536392211914,24.8249454498291,78.8385009765625,20.25656509399414,187.4600067138672
2023-05-08,397.9864807128906,46.933380126953125,167.93551635742188,67.09557342529297,36.59853744506836,88.36260223388672,26.794151306152344,62.10044860839844,24.662689208984375,78.39405059814453,20.35285758972168,187.69000244140625
2023-05-09,396.36383056640625,46.749202728271484,167.4337615966797,66.82319641113281,36.37565994262695,88.28231811523438,26.705402374267578,61.94216537475586,24.65414810180664,78.03289031982422,20.414134979248047,189.02000427246094
2023-05-10,398.03448486328125,46.83168411254883,168.28286743164062,66.68701171875,36.357086181640625,88.8530044555664,26.953908920288086,62.3170051574707,24.799325942993164,78.78295135498047,20.35285758972168,188.75
2023-05-11,397.4392395019531,46.53624725341797,166.98992919921875,66.5235824584961,36.227073669433594,89.12045288085938,27.202411651611328,62.21707534790039,24.87618637084961,77.92178344726562,20.002700805664062,187.1300048828125
2023-05-12,396.9207458496094,46.54200744628906,166.65223693847656,66.40554809570312,35.79988479614258,88.62117767333984,26.989404678344727,61.99214172363281,24.773710250854492,77.94029998779297,19.84513282775879,186.80999755859375
2023-05-15,398.236083984375,46.929534912109375,168.6881103515625,66.91397094726562,36.4592399597168,88.39827728271484,26.740901947021484,61.97549057006836,24.637073516845703,77.81066131591797,20.07273292541504,187.2100067138672
2023-05-16,395.5765380859375,46.24080276489258,166.2276611328125,66.2784423828125,36.19921112060547,88.19317626953125,26.643274307250977,61.54231262207031,24.534597396850586,75.91239929199219,19.853885650634766,184.8699951171875
2023-05-17,400.37713623046875,47.04655838012695,169.93275451660156,66.58712768554688,36.36637496948242,88.05941772460938,26.590024948120117,61.70893478393555,24.534597396850586,76.89393615722656,20.090242385864258,184.22999572753906
2023-05-18,404.2559814453125,47.449440002441406,170.96517944335938,66.48726654052734,36.171356201171875,87.6492691040039,26.37701988220215,61.74224090576172,24.44919204711914,76.55132293701172,19.906410217285156,181.83999633789062
2023-05-19,403.6703796386719,47.00819778442383,169.92311096191406,66.87767791748047,36.19921112060547,87.45313262939453,26.19063377380371,61.80887985229492,24.4150390625,76.44947052001953,19.880146026611328,183.63999938964844
2023-05-22,403.7855529785156,47.26142883300781,171.99761962890625,66.89582824707031,36.49638366699219,87.37286376953125,26.110763549804688,62.08375549316406,24.40650177001953,76.93097686767578,19.897655487060547,183.2100067138672
2023-05-23,399.3690490722656,46.791404724121094,171.18711853027344,65.91527557373047,35.929901123046875,87.4709243774414,26.172889709472656,61.75888442993164,24.44919204711914,76.10685729980469,19.976438522338867,183.42999267578125
2023-05-24,396.3734436035156,46.33673095703125,169.37313842773438,64.952880859375,35.66059112548828,87.24801635742188,26.05751609802246,61.325740814208984,24.363801956176758,74.55118560791016,19.985193252563477,181.9499969482422
2023-05-25,399.8683166503906,46.33097457885742,168.05126953125,64.8620834350586,35.5862922668457,86.9270248413086,25.959880828857422,61.28408432006836,24.286945343017578,74.5604476928711,19.67005157470703,180.1999969482422
2023-05-26,405.1201477050781,46.77606201171875,169.96173095703125,65.49762725830078,36.2177848815918,86.99837493896484,26.110763549804688,61.65895080566406,24.363801956176758,75.421630859375,19.985193252563477,180.9199981689453
2023-05-30,405.19696044921875,46.74152374267578,169.3345947265625,64.83485412597656,35.79988479614258,87.57797241210938,26.40365219116211,61.92549514770508,24.534597396850586,75.74571990966797,19.521236419677734,182.0399932861328
2023-05-31,402.70068359375,46.08540344238281,167.6653289794922,64.16297149658203,35.46556854248047,87.8900146484375,26.607772827148438,61.733917236328125,24.602909088134766,76.14389038085938,19.302387237548828,182.32000732421875
2023-06-01,406.84832763671875,46.449913024902344,169.47926330566406,65.11630249023438,36.09705352783203,88.15641784667969,26.7127742767334,62.104698181152344,24.674068450927734,76.19017791748047,19.617528915405273,183.75999450683594
2023-06-02,412.6473693847656,48.015384674072266,175.6255340576172,65.9606704711914,36.71926498413086,87.69154357910156,26.47252655029297,62.42275619506836,24.605487823486328,77.89398956298828,19.871395111083984,181.0500030517578
2023-06-05,411.93695068359375,47.497398376464844,173.27122497558594,65.579345703125,36.70997619628906,87.68263244628906,26.436918258666992,62.37251663208008,24.571191787719727,77.37545013427734,19.81886863708496,182.13999938964844
2023-06-06,412.81060791015625,48.470054626464844,177.8350830078125,66.12408447265625,37.03500747680664,87.78987884521484,26.561500549316406,62.47297286987305,24.596912384033203,78.04216003417969,19.84513282775879,182.33999633789062
2023-06-07,411.45166015625,49.21589279174805,181.16244506835938,65.54254913330078,36.87590026855469,87.32501983642578,26.187774658203125,62.12981414794922,24.4168701171875,79.26651000976562,19.923917770385742,180.14999389648438
2023-06-08,413.83050537109375,49.011924743652344,180.48516845703125,66.2359619140625,37.137962341308594,87.78987884521484,26.47252655029297,62.5231819152832,24.571191787719727,78.85716247558594,19.95893096923828,182.52999877929688
2023-06-09,414.65887451171875,48.71366882324219,179.024169921875,66.1250228881836,37.30643081665039,87.58428955078125,26.445825576782227,62.53992462158203,24.50259780883789,78.37337493896484,19.83637809753418,182.0399932861328
2023-06-12,418.42462158203125,48.981136322021484,179.7691650390625,66.4116439819336,37.38130187988281,87.73625183105469,26.49031639099121,62.47297286987305,24.562618255615234,78.46640014648438,19.565006256103516,181.8800048828125
2023-06-13,421.15985107421875,49.50260543823242,181.8300323486328,67.04034423828125,37.755680084228516,87.32501983642578,26.24116325378418,62.548301696777344,24.494033813476562,79.04322052001953,19.82762336730957,180.5399932861328
2023-06-14,421.65106201171875,49.198577880859375,179.87562561035156,67.28996276855469,38.036460876464844,87.40547943115234,26.41023063659668,62.57343292236328,24.528322219848633,79.44328308105469,19.871395111083984,180.63999938964844
2023-06-15,426.8615417480469,49.681556701660156,181.35595703125,68.00189971923828,38.392112731933594,88.01338958740234,26.650487899780273,62.87473678588867,24.70836067199707,79.86193084716797,20.291582107543945,181.91000366210938
2023-06-16,425.3398132324219,49.46989059448242,179.90463256835938,67.85396575927734,38.26108932495117,87.73625183105469,26.561500549316406,62.7156867980957,24.665498733520508,79.83402252197266,20.54544448852539,181.6300048828125
2023-06-20,423.326904296875,49.11005783081055,179.1209259033203,66.95713806152344,37.5123405456543,87.89718627929688,26.73946762084961,62.548301696777344,24.759807586669922,78.99671173095703,20.36161231994629,179.75
2023-06-21,421.0924377441406,49.056182861328125,178.70489501953125,67.058837890625,37.33450698852539,88.04019927978516,26.792858123779297,62.389278411865234,24.716934204101562,78.65247344970703,20.65924835205078,179.49000549316406
2023-06-22,422.61419677734375,48.786781311035156,177.3793487548828,66.64278411865234,37.20347595214844,87.58428955078125,26.49031639099121,62.20513916015625,24.622629165649414,77.49883270263672,20.27407455444336,177.7100067138672
2023-06-23,419.3973388671875,48.224918365478516,174.70892333984375,65.60726165771484,36.6606330871582,87.84352111816406,26.730566024780273,62.096336364746094,24.699787139892578,76.51264953613281,20.055225372314453,178.1999969482422
2023-06-26,417.6252136230469,48.613609313964844,174.88308715820312,65.69047546386719,36.78230667114258,87.95079803466797,26.757272720336914,62.12981414794922,24.699787139892578,78.2524185180664,20.08148765563965,178.50999450683594
2023-06-27,422.2481689453125,49.39291763305664,177.40835571289062,66.26370239257812,37.15668487548828,87.78094482421875,26.67717933654785,62.33906173706055,24.682645797729492,79.19208526611328,19.757591247558594,177.69000244140625
2023-06-28,422.3830261230469,49.41023635864258,178.27914428710938,66.3099365234375,36.93206024169922,88.04019927978516,26.792858123779297,62.698970794677734,24.76837921142578,79.31303405761719,19.696313858032227,177.27999877929688
2023-06-29,424.0684509277344,50.010597229003906,180.33033752441406,66.21748352050781,36.735504150390625,87.36075592041016,26.347938537597656,62.53154373168945,24.631202697753906,80.11314392089844,19.705068588256836,177.08999633789062
2023-06-30,429.2691955566406,50.31462860107422,181.1914520263672,67.0311050415039,37.02565002441406,87.56639862060547,26.605989456176758,62.8328742980957,24.759807586669922,80.51319122314453,19.871395111083984,178.27000427246094
2023-07-03,429.8857116699219,50.45893859863281,181.55911254882812,66.95713806152344,37.43745803833008,87.46333312988281,26.468608856201172,62.73442840576172,24.720211029052734,81.20166778564453,19.871395111083984,178.47000122070312
2023-07-05,429.1440124511719,50.041385650634766,179.7498321533203,66.2082290649414,37.212833404541016,87.06893920898438,26.218822479248047,62.5408821105957,24.548067092895508,81.48075866699219,19.993947982788086,177.83999633789062
2023-07-06,425.628662109375,49.496826171875,176.84718322753906,65.061767578125,36.45473098754883,86.5042495727539,25.87982177734375,62.08647537231445,24.358701705932617,80.82949829101562,19.950178146362305,177.30999755859375
2023-07-07,424.54046630859375,49.962493896484375,178.71456909179688,65.55178833007812,36.866539001464844,86.52217864990234,25.746009826660156,62.14533615112305,24.3673095703125,80.61553955078125,20.11650276184082,178.63999938964844
2023-07-10,425.6672058105469,50.6032600402832,181.77200317382812,65.73670196533203,36.89461135864258,86.7641830444336,25.790616989135742,62.45671463012695,24.470598220825195,80.95045471191406,20.1602725982666,178.77999877929688
2023-07-11,428.5276794433594,51.159358978271484,183.6393585205078,66.32843017578125,37.26898956298828,86.95243072509766,25.906587600708008,62.79332733154297,24.548067092895508,82.03897857666016,20.39662742614746,179.4499969482422
2023-07-12,431.7445068359375,51.52880859375,185.64215087890625,67.59507751464844,38.10197448730469,87.66049194335938,26.20098114013672,63.28140640258789,24.763248443603516,82.48555755615234,20.54544448852539,181.8800048828125
2023-07-13,435.423583984375,51.80974578857422,187.14186096191406,68.67682647705078,38.5980224609375,88.20726776123047,26.468608856201172,63.660099029541016,24.90956687927246,83.0623550415039,20.834321975708008,182.00999450683594
2023-07-14,434.9902038574219,51.344078063964844,185.31317138671875,68.28851318359375,38.382755279541016,87.78599548339844,26.352642059326172,63.197242736816406,24.72882080078125,82.9414291381836,20.69426155090332,181.42999267578125
2023-07-17,436.608154296875,51.65966033935547,187.29664611816406,68.2052993774414,38.42955780029297,87.88458251953125,26.352642059326172,63.31508255004883,24.7718505859375,82.38321685791016,20.527936935424805,181.55999755859375
2023-07-18,439.7768249511719,52.15803527832031,189.6090850830078,68.64907836914062,38.14876937866211,87.95629119873047,26.45076560974121,63.491764068603516,24.832109451293945,81.89942169189453,20.799306869506836,183.63999938964844
2023-07-19,440.5858459472656,52.33505630493164,190.4121551513672,68.61210632324219,38.07390213012695,88.2251968383789,26.72732162475586,63.54227828979492,24.926782608032227,82.80187225341797,20.913108825683594,183.6699981689453
2023-07-20,437.8409729003906,52.07144546508789,188.7479705810547,68.26077270507812,37.79311752319336,87.76805877685547,26.40616798400879,63.26456832885742,24.797672271728516,82.55067443847656,20.97438621520996,182.74000549316406
2023-07-21,437.8313293457031,51.94636917114258,188.14808654785156,68.39945220947266,37.736961364746094,87.83081817626953,26.42400550842285,63.4244499206543,24.823501586914062,82.93212890625,21.08818817138672,182.17999267578125
2023-07-24,439.7672119140625,52.0079460144043,188.61251831054688,68.2330322265625,38.25172805786133,87.66944885253906,26.334796905517578,63.31508255004883,24.814889907836914,83.60197448730469,21.4646053314209,181.39999389648438
2023-07-25,440.95184326171875,52.098384857177734,188.5931396484375,68.30699920654297,38.569942474365234,87.5708999633789,26.290185928344727,63.272979736328125,24.789066314697266,83.01585388183594,21.543392181396484,182.41000366210938
2023-07-26,440.9903564453125,52.394710540771484,190.08316040039062,68.49191284179688,38.79457092285156,87.85768127441406,26.32586669921875,63.525421142578125,24.883752822875977,83.4438247680664,21.438344955444336,183.3000030517578
2023-07-27,438.1395568847656,51.75587463378906,187.62562561035156,68.33473205566406,38.31724166870117,87.10478210449219,25.835222244262695,63.02052688598633,24.642745971679688,81.61100769042969,21.385820388793945,180.4199981689453
2023-07-28,442.28094482421875,52.19074249267578,190.0541229248047,68.82475280761719,39.24382019042969,87.44538879394531,25.969045639038086,63.382381439208984,24.754642486572266,81.45286560058594,21.51712989807129,181.86000061035156
2023-07-31,443.2054748535156,52.41587448120117,192.2601776123047,68.84324645996094,39.26253890991211,87.55296325683594,26.022565841674805,63.533851623535156,24.814889907836914,81.91803741455078,21.60466957092285,182.35000610351562
2023-08-01,441.9726867675781,52.286956787109375,191.3796844482422,67.9833984375,38.76648712158203,86.97325897216797,25.61913299560547,63.21931457519531,24.647233963012695,81.75987243652344,21.49086570739746,180.4600067138672
2023-08-02,435.79913330078125,51.69429397583008,188.7769775390625,66.71675109863281,37.83991241455078,86.76652526855469,25.413387298583984,62.94874954223633,24.543529510498047,81.28538513183594,21.16697120666504,179.60000610351562
2023-08-03,434.5472106933594,51.50955581665039,188.2448272705078,66.53182983398438,37.98966598510742,86.18231201171875,24.86772918701172,62.745811462402344,24.34476661682129,80.39224243164062,21.36831283569336,179.5399932861328
2023-08-04,432.5246276855469,51.51533889770508,187.8674774169922,66.71675109863281,37.942867279052734,86.89234924316406,25.297101974487305,63.11789321899414,24.56081199645996,79.77820587158203,21.403329849243164,180.19000244140625
2023-08-07,436.3481750488281,51.90596389770508,187.99330139160156,67.28072357177734,37.88671112060547,86.91033935546875,25.082420349121094,63.236228942871094,24.5262451171875,80.74578094482422,21.41208267211914,179.77999877929688
2023-08-08,434.5182189941406,51.46723175048828,186.81288146972656,66.87391662597656,37.428104400634766,87.11703491210938,25.341827392578125,63.371498107910156,24.595382690429688,80.20618438720703,21.385820388793945,178.63999938964844
2023-08-09,431.580810546875,51.21900939941406,185.3518829345703,66.85543060302734,37.52169418334961,87.17993927001953,25.458112716674805,63.37998580932617,24.604019165039062,80.2433853149414,21.534637451171875,177.7899932861328
2023-08-10,431.77337646484375,51.140113830566406,184.52947998046875,67.14204406738281,37.57785415649414,86.6137466430664,25.10030746459961,63.36306381225586,24.474388122558594,79.93637084960938,21.42083740234375,177.60000610351562
2023-08-11,431.51336669921875,51.1304931640625,184.79071044921875,66.68900299072266,37.02565002441406,86.34410095214844,25.001909255981445,63.270050048828125,24.413896560668945,80.09451293945312,21.385820388793945,177.60000610351562
2023-08-14,433.8247985839844,51.22285842895508,184.471435546875,66.39315032958984,36.84782028198242,86.28121185302734,24.97507095336914,63.261592864990234,24.362049102783203,79.53630828857422,21.280773162841797,177.05999755859375
2023-08-15,428.9129333496094,50.5282096862793,182.03323364257812,65.57028198242188,36.4266471862793,86.04752349853516,24.831951141357422,63.05866241455078,24.310190200805664,78.58734893798828,21.026912689208984,176.58999633789062
2023-08-16,425.70574951171875,50.03946304321289,179.80787658691406,65.0340347290039,36.09906768798828,85.84081268310547,24.653047561645508,62.864192962646484,24.206485748291016,77.69420623779297,20.93937110900879,175.57000732421875
2023-08-17,422.4311828613281,49.41793441772461,177.68894958496094,64.57174682617188,36.18330764770508,85.75094604492188,24.536752700805664,62.60208511352539,24.154634475708008,77.15460205078125,20.99189567565918,175.3000030517578
2023-08-18,422.5081787109375,49.568031311035156,178.656494140625,64.57174682617188,35.93996047973633,85.9396743774414,24.635160446166992,62.64436721801758,24.241056442260742,77.34066009521484,21.140708923339844,175.3300018310547
2023-08-21,425.3590393066406,49.604583740234375,178.39529418945312,64.8121337890625,36.02419662475586,85.5082778930664,24.313127517700195,62.62746810913086,24.111427307128906,76.66151428222656,21.08818817138672,175.80999755859375
2023-08-22,424.14556884765625,49.385231018066406,177.8631134033203,64.69194030761719,35.94932174682617,85.59815216064453,24.474143981933594,62.66126251220703,24.137353897094727,76.91270446777344,21.096940994262695,176.10000610351562
2023-08-23,428.82623291015625,49.92978286743164,179.75950622558594,65.39461517333984,36.52024459838867,86.41600036621094,25.02874755859375,63.168601989746094,24.413896560668945,78.15008544921875,21.140708923339844,177.88999938964844
2023-08-24,423.0668029785156,49.423709869384766,177.2729034423828,64.49779510498047,36.37984848022461,86.21827697753906,24.894573211669922,62.82192611694336,24.34476661682129,77.81514739990234,21.158218383789062,177.85000610351562
2023-08-25,426.09100341796875,49.57379913330078,178.02760314941406,64.93233489990234,36.41728973388672,86.16436767578125,24.939294815063477,63.084041595458984,24.362049102783203,77.95470428466797,21.36831283569336,177.6199951171875
2023-08-28,428.6625061035156,50.03946304321289,179.61434936523438,65.61650848388672,36.772953033447266,86.35309600830078,24.97507095336914,63.320804595947266,24.422536849975586,78.60595703125,21.33329963684082,178.1300048828125
2023-08-29,434.8553161621094,50.7398681640625,182.1202850341797,66.43013000488281,37.24091339111328,86.91033935546875,25.225540161132812,63.71817398071289,24.586742401123047,79.554931640625,21.41208267211914,179.8699951171875
2023-08-30,436.76226806640625,50.86880111694336,182.80726623535156,66.39315032958984,37.11924362182617,86.87438201904297,25.207651138305664,63.69281768798828,24.56081199645996,79.8526382446289,21.438344955444336,180.32000732421875
2023-08-31,435.9918518066406,50.85725402832031,182.48794555664062,66.13426208496094,36.6606330871582,87.00022888183594,25.306047439575195,63.650543212890625,24.621305465698242,79.39675903320312,21.525882720947266,180.02000427246094
2023-09-01,436.9164123535156,51.35562515258789,184.65530395507812,66.09728240966797,37.09117126464844,86.54962158203125,24.948108673095703,63.77029037475586,24.48853874206543,79.44328308105469,21.779747009277344,180.11000061035156
2023-09-05,435.038330078125,50.187625885009766,180.76576232910156,65.52406311035156,36.79166793823242,86.08097839355469,24.64310073852539,63.35406494140625,24.34101676940918,78.45709228515625,21.884794235229492,178.63999938964844
2023-09-06,432.0141296386719,50.045230865478516,180.08847045898438,65.38536834716797,36.585758209228516,85.99990844726562,24.670007705688477,63.20117950439453,24.306306838989258,78.29895782470703,21.93731689453125,177.8300018310547
2023-09-07,430.81988525390625,49.57379913330078,178.3468780517578,65.17272186279297,36.15523147583008,86.27027130126953,24.741779327392578,63.41353988647461,24.410438537597656,78.81063079833984,21.89354705810547,178.02000427246094
2023-09-08,431.3495788574219,49.527618408203125,177.95018005371094,65.08026885986328,36.2301025390625,86.31529235839844,24.822519302368164,63.388057708740234,24.410438537597656,78.41056823730469,21.93731689453125,178.0800018310547
2023-09-11,434.2678527832031,49.604583740234375,178.3759307861328,65.75519561767578,36.679351806640625,86.2161636352539,24.678977966308594,63.49850082397461,24.38441276550293,78.41056823730469,22.068626403808594,178.41000366210938
2023-09-12,431.9178161621094,49.59111404418945,178.20175170898438,65.48707580566406,36.567039489746094,86.24322509765625,24.7866268157959,63.39651870727539,24.38441276550293,78.50360870361328,22.147411346435547,177.49000549316406
2023-09-13,432.3223571777344,49.33134460449219,177.03102111816406,65.2836685180664,36.52024459838867,86.3694076538086,24.79560089111328,63.56644821166992,24.410438537597656,77.66629791259766,22.217443466186523,177.0800018310547
2023-09-14,436.1844482421875,49.920166015625,179.52731323242188,66.14350891113281,36.76358413696289,86.25221252441406,24.652070999145508,63.64289093017578,24.39308738708496,79.10835266113281,22.401275634765625,177.1699981689453
2023-09-15,430.5598449707031,49.43717575073242,177.6502685546875,65.99557495117188,36.623199462890625,86.05396270751953,24.517507553100586,63.40501403808594,24.36705207824707,78.68968963623047,22.348752975463867,178.33999633789062
2023-09-18,431.30145263671875,49.36406326293945,176.4698944091797,65.76444244384766,36.57640075683594,86.18011474609375,24.607210159301758,63.447513580322266,24.401763916015625,78.0756607055664,22.339998245239258,179.38999938964844
2023-09-19,430.33837890625,49.287086486816406,175.7828826904297,65.81991577148438,36.36113739013672,85.92780303955078,24.481624603271484,63.252140045166016,24.33234405517578,77.72211456298828,22.357505798339844,179.22000122070312
2023-09-20,426.2643737792969,48.99845504760742,174.02198791503906,65.6627426147461,36.21138381958008,85.88273620605469,24.526479721069336,63.20117950439453,24.33234405517578,77.80584716796875,22.173673629760742,179.35000610351562
2023-09-21,419.2817687988281,48.10561752319336,171.3225555419922,64.57174682617188,35.58430862426758,85.2969741821289,23.9613094329834,62.75093460083008,24.150104522705078,75.06128692626953,22.1036434173584,178.0500030517578
2023-09-22,418.2801513671875,48.047882080078125,170.93551635742188,64.6272201538086,36.00548553466797,85.65745544433594,24.140729904174805,62.86135482788086,24.254240036010742,74.60543060302734,22.121150970458984,178.6199951171875
2023-09-25,420.0137634277344,48.34422302246094,171.6999053955078,64.34060668945312,35.846370697021484,84.98157501220703,23.6114444732666,62.776432037353516,24.080684661865234,74.46586608886719,22.016101837158203,177.6999969482422
2023-09-26,413.8670654296875,47.580299377441406,169.4922637939453,63.50850296020508,35.34096145629883,84.87342071533203,23.5217342376709,62.50459671020508,24.01993751525879,73.09208679199219,21.98984146118164,176.27999877929688
2023-09-27,413.9734191894531,47.8605842590332,171.0767822265625,63.3882942199707,35.397117614746094,84.57601928710938,23.405113220214844,62.41965103149414,23.915803909301758,72.5651626586914,22.112396240234375,174.10000610351562
2023-09-28,416.392333984375,48.35929870605469,172.62237548828125,63.90605926513672,35.4907112121582,84.8283462524414,23.440994262695312,62.71696472167969,23.99390983581543,73.28026580810547,22.08613395690918,173.22999572753906
2023-09-29,415.4828796386719,48.198856353759766,171.80581665039062,63.72114562988281,35.51879119873047,84.74726867675781,23.458938598632812,62.62352752685547,23.933162689208984,73.52493286132812,21.849777221679688,171.4499969482422
2023-10-02,415.33770751953125,47.57064437866211,169.2103729248047,62.78733444213867,35.34096145629883,84.15718078613281,23.107114791870117,62.243499755859375,23.78240394592285,72.16996765136719,21.683454513549805,169.64999389648438
2023-10-03,409.8034973144531,46.797447204589844,166.36216735839844,62.00144958496094,34.87299728393555,83.49750518798828,22.666208267211914,61.611602783203125,23.55582046508789,70.76797485351562,21.587160110473633,169.16000366210938
2023-10-04,412.7060241699219,47.02747344970703,166.43992614746094,62.112396240234375,34.770042419433594,84.08489227294922,22.936147689819336,61.927555084228516,23.703964233398438,71.53953552246094,20.983139038085938,169.13999938964844
2023-10-05,412.5125732421875,46.946292877197266,166.56631469726562,62.657894134521484,34.90107727050781,84.13908386230469,22.846166610717773,61.98731231689453,23.69525718688965,72.08528900146484,20.860584259033203,168.8300018310547
2023-10-06,417.3598937988281,47.33094787597656,168.17022705078125,63.35131072998047,35.40648651123047,83.81378173828125,22.585224151611328,62.07272720336914,23.64296531677246,72.23582458496094,20.93937110900879,169.6999969482422
2023-10-09,420.1075744628906,47.686622619628906,169.142333984375,63.25886917114258,35.23801040649414,84.6812515258789,23.062118530273438,62.53384780883789,23.90440559387207,73.15794372558594,21.37706756591797,172.82000732421875
2023-10-10,422.3038330078125,48.13119888305664,171.05734252929688,64.12796020507812,35.743412017822266,84.59996032714844,23.044124603271484,62.51676940917969,23.90440559387207,73.3931884765625,21.324542999267578,172.52999877929688
2023-10-11,424.09375,48.27811050415039,170.76568603515625,64.39608001708984,35.96804428100586,84.98854064941406,23.485031127929688,62.50822067260742,23.991558074951172,74.74813842773438,21.20198631286621,173.7899932861328
2023-10-12,421.5492248535156,47.36187744140625,166.9065399169922,63.859832763671875,35.56558609008789,84.25658416748047,22.900157928466797,62.175201416015625,23.808542251586914,73.58136749267578,21.193233489990234,173.25999450683594
2023-10-13,419.33355712890625,47.08353042602539,165.5164794921875,63.26811599731445,35.43456268310547,84.61802673339844,23.269081115722656,62.12394332885742,23.913124084472656,73.50611114501953,21.75348663330078,178.8300018310547
2023-10-16,423.6971740722656,47.83932113647461,168.18971252441406,63.73039245605469,35.696617126464844,84.14813995361328,22.92715072631836,62.10689163208008,23.773693084716797,74.35294342041016,21.683454513549805,177.9600067138672
2023-10-17,423.8229064941406,48.4230842590332,170.0657958984375,63.76738357543945,35.60302734375,83.54268646240234,22.675201416015625,61.816551208496094,23.599388122558594,74.14594268798828,21.744731903076172,178.2899932861328
2023-10-18,418.269287109375,47.35028076171875,166.56631469726562,62.657894134521484,35.060184478759766,83.15410614013672,22.477249145507812,61.51765060424805,23.468677520751953,72.52754211425781,21.93731689453125,180.8699951171875
2023-10-19,414.4765930175781,46.617679595947266,163.91253662109375,62.1031494140625,34.85427474975586,82.83783721923828,22.090333938598633,61.295631408691406,23.329238891601562,70.79621124267578,22.164920806884766,183.08999633789062
2023-10-20,409.3777770996094,46.111236572265625,161.79339599609375,61.54841232299805,34.43310546875,83.13603210449219,22.198305130004883,61.423728942871094,23.416379928588867,70.33514404296875,21.998594284057617,183.58999633789062
2023-10-23,408.66180419921875,45.67632293701172,160.42279052734375,61.59464645385742,34.405025482177734,83.46137237548828,22.477249145507812,61.67138671875,23.54710578918457,69.66707611083984,21.858531951904297,182.97000122070312
2023-10-24,411.738525390625,45.929534912109375,161.82254028320312,61.945987701416016,34.84491729736328,83.75953674316406,22.693193435668945,61.98731231689453,23.64296531677246,70.49510192871094,21.622177124023438,182.9499969482422
2023-10-25,405.885009765625,45.241397857666016,159.1493377685547,61.50217819213867,34.38631057739258,83.13603210449219,22.252290725708008,61.6542854309082,23.468677520751953,68.95196533203125,21.779747009277344,183.72000122070312
2023-10-26,400.9894104003906,45.45402526855469,159.5575714111328,61.05839920043945,34.217838287353516,83.69630432128906,22.558225631713867,61.86777114868164,23.599388122558594,70.31632232666016,21.595914840698242,184.00999450683594
2023-10-27,399.151123046875,44.852874755859375,157.6814727783203,60.873477935791016,34.189762115478516,83.66920471191406,22.504240036010742,61.79094314575195,23.573251724243164,69.27188873291016,21.884794235229492,186.14999389648438
2023-10-30,403.8919372558594,45.21434020996094,158.55636596679688,61.65011215209961,34.5454216003418,83.47039031982422,22.405256271362305,61.80799102783203,23.51224136352539,69.591796875,21.534637451171875,185.10000610351562
2023-10-31,406.3010559082031,45.61833190917969,159.92698669433594,61.87201690673828,34.348873138427734,83.41619110107422,22.315282821655273,61.970245361328125,23.503528594970703,70.88088989257812,21.455852508544922,184.08999633789062
2023-11-01,410.74200439453125,45.89860916137695,160.8407440185547,62.45449447631836,34.667091369628906,84.33796691894531,22.752267837524414,62.560935974121094,23.78719139099121,71.36076354980469,21.49086570739746,183.50999450683594
2023-11-02,418.65631103515625,46.886375427246094,165.12762451171875,63.73039245605469,35.275447845458984,84.84553527832031,23.221759796142578,63.26490020751953,23.979801177978516,73.60960388183594,21.718469619750977,184.1199951171875
2023-11-03,422.41033935546875,47.80259704589844,169.61865234375,64.40533447265625,35.99612045288086,85.36215209960938,23.402334213256836,63.88303756713867,24.084857940673828,75.30329132080078,21.60466957092285,184.7899932861328
2023-11-06,423.42620849609375,47.332881927490234,167.49949645996094,64.08171844482422,36.286258697509766,84.93612670898438,23.194671630859375,63.62548828125,23.962289810180664,74.30590057373047,21.692209243774414,183.35000610351562
2023-11-07,424.5485534667969,47.21497344970703,166.9065399169922,63.693416595458984,36.22074508666992,85.38932800292969,23.50164794921875,63.634071350097656,24.111127853393555,73.65666198730469,21.22825050354004,182.58999633789062
2023-11-08,424.8968200683594,46.986881256103516,165.12762451171875,63.610206604003906,35.9774055480957,85.67935943603516,23.85376739501953,63.66841125488281,24.224933624267578,74.01421356201172,20.99189567565918,180.77000427246094
2023-11-09,421.6943359375,46.48624038696289,162.571044921875,63.6009521484375,35.640464782714844,84.96334075927734,23.35719108581543,63.273494720458984,24.006061553955078,72.84744262695312,20.93937110900879,181.49000549316406
2023-11-10,428.29290771484375,47.06227493286133,164.3888397216797,63.887577056884766,35.89316177368164,85.1627197265625,23.456499099731445,63.58254623413086,24.12862777709961,73.57196807861328,21.044418334960938,179.50999450683594
2023-11-13,427.79937744140625,46.99654769897461,164.44717407226562,64.05398559570312,35.88380813598633,85.15369415283203,23.429418563842773,63.5224609375,24.12862777709961,72.96977996826172,21.350805282592773,180.50999450683594
2023-11-14,436.1878356933594,48.8309440612793,173.4778289794922,65.69047546386719,36.838462829589844,86.22320556640625,23.926000595092773,64.16634368896484,24.41754913330078,76.89348602294922,21.3157901763916,182.1199951171875
2023-11-15,437.0682678222656,49.037776947021484,173.7791748046875,65.58877563476562,37.14731979370117,85.68843078613281,23.6099910736084,63.96031951904297,24.303735733032227,77.10990142822266,21.17572784423828,181.63999938964844
2023-11-16,437.6100769042969,48.550662994384766,170.96983337402344,65.54254913330078,36.79166793823242,86.15975189208984,23.871824264526367,64.04618835449219,24.47883415222168,77.02521514892578,20.668001174926758,183.69000244140625
2023-11-17,438.074462890625,48.944984436035156,173.31256103515625,66.43013000488281,36.838462829589844,86.33197784423828,23.971132278442383,64.19212341308594,24.531360626220703,76.8746566772461,20.965635299682617,183.6699981689453
2023-11-20,441.59625244140625,49.165348052978516,174.32354736328125,66.67975616455078,37.29706954956055,86.4679183959961,24.09754180908203,64.26080322265625,24.63641929626465,77.47685241699219,21.22825050354004,183.3699951171875
2023-11-21,440.5803527832031,48.92759323120117,172.07801818847656,66.4208755493164,37.063079833984375,86.55854797363281,24.079486846923828,64.34666442871094,24.64517593383789,77.1004867553711,21.350805282592773,185.35000610351562
2023-11-22,442.2541809082031,49.22333526611328,173.15707397460938,66.57805633544922,36.98821258544922,86.6401596069336,24.160743713378906,64.45829010009766,24.723974227905273,77.39218139648438,21.16697120666504,184.55999755859375
2023-11-24,442.5831604003906,49.42630386352539,174.32354736328125,67.08657836914062,37.00693130493164,86.24134063720703,23.898910522460938,64.38957977294922,24.59264373779297,77.67446899414062,21.026912689208984,185.52000427246094
2023-11-27,441.7607421875,49.343177795410156,173.7402801513672,66.85543060302734,36.857181549072266,86.73076629638672,24.26005744934082,64.4840087890625,24.776500701904297,77.95673370361328,20.88684844970703,186.77000427246094
2023-11-28,442.1380615234375,49.02617263793945,173.0695343017578,66.87391662597656,37.166038513183594,87.1114501953125,24.314231872558594,64.76732635498047,24.846534729003906,78.41780090332031,21.140708923339844,189.25999450683594
2023-11-29,441.9349670410156,49.217533111572266,173.98329162597656,67.01261138916016,36.950775146484375,87.53744506835938,24.594114303588867,65.11932373046875,25.039146423339844,78.99176025390625,21.289527893066406,189.5399932861328
2023-11-30,443.5313720703125,49.49589538574219,174.64431762695312,66.95713806152344,37.02565002441406,87.24740600585938,24.3413143157959,64.99911499023438,24.960359573364258,79.59396362304688,20.930618286132812,188.75
2023-12-01,446.1532897949219,50.69047164916992,179.74774169921875,67.65980529785156,37.184757232666016,88.01457214355469,24.75065803527832,65.53730010986328,25.175796508789062,81.45704650878906,20.834321975708008,192.00999450683594
2023-12-04,443.9472961425781,51.11572265625,181.67247009277344,67.13279724121094,36.76358413696289,87.67827606201172,24.687259674072266,65.37342071533203,25.096654891967773,81.94631958007812,20.69426155090332,187.86000061035156
2023-12-05,443.8505554199219,50.444984436035156,179.24227905273438,66.89241027832031,36.538963317871094,88.25999450683594,25.149139404296875,65.4338150024414,25.23735237121582,81.44761657714844,20.51042938232422,187.14999389648438
2023-12-06,442.01226806640625,50.357994079589844,178.9214630126953,67.09581756591797,36.492164611816406,88.48723602294922,25.457048416137695,65.44243621826172,25.33407974243164,81.0900650024414,20.011455535888672,187.83999633789062
2023-12-07,445.4083251953125,50.64021301269531,180.21437072753906,67.4194107055664,36.66999053955078,88.51448822021484,25.330249786376953,65.55455017089844,25.351661682128906,81.3629379272461,20.046470642089844,188.14999389648438
2023-12-08,447.3337097167969,50.866371154785156,181.58499145507812,67.62281799316406,36.51087951660156,88.06912994384766,25.121959686279297,65.42518615722656,25.23735237121582,81.19359588623047,20.134010314941406,185.63999938964844
2023-12-11,449.0751953125,51.119590759277344,181.96409606933594,67.78923797607422,36.72615051269531,88.07821655273438,25.067628860473633,65.3820571899414,25.228553771972656,81.38175964355469,20.06397819519043,183.58999633789062
2023-12-12,451.3005065917969,51.01714324951172,181.77938842773438,67.909423828125,36.735504150390625,88.34178924560547,25.158184051513672,65.52869415283203,25.307695388793945,81.4382095336914,19.757591247558594,183.49000549316406
2023-12-13,457.48297119140625,52.32384490966797,187.93267822265625,68.89872741699219,37.100528717041016,89.45075225830078,25.701560974121094,66.52911376953125,25.668228149414062,84.4774398803711,19.985193252563477,187.6300048828125
2023-12-14,458.9149169921875,53.516483306884766,193.1624755859375,69.40723419189453,37.643367767333984,90.17269134521484,26.317386627197266,66.82292938232422,25.92324447631836,86.81096649169922,20.317842483520508,188.72999572753906
2023-12-15,458.14093017578125,53.0718994140625,191.53909301757812,68.7322998046875,37.41874313354492,89.96302032470703,26.35361099243164,66.67558288574219,25.89686393737793,85.7289047241211,20.35285758972168,187.0
2023-12-18,460.68548583984375,53.151153564453125,191.6071319580078,68.89872741699219,37.4000244140625,89.78071594238281,26.164709091186523,66.71891784667969,25.82003402709961,85.59717559814453,20.498884201049805,187.85000610351562
2023-12-19,463.3460998535156,53.85282516479492,195.3204803466797,69.481201171875,37.71824645996094,89.89009857177734,26.27368927001953,66.90959167480469,25.82003402709961,86.17115020751953,20.655014038085938,189.1300048828125
2023-12-20,456.7064208984375,52.97842788696289,191.49986267089844,68.78001403808594,37.03925323486328,90.21826934814453,26.473491668701172,66.91825866699219,25.917177200317383,85.04859924316406,20.416229248046875,188.10000610351562
2023-12-21,461.34014892578125,53.694801330566406,194.75852966308594,69.89404296875,37.735408782958984,90.20915985107422,26.328176498413086,67.22159576416016,25.890674591064453,85.85514831542969,20.452964782714844,189.42999267578125
2023-12-22,462.2241516113281,53.91611099243164,196.57321166992188,69.95957946777344,37.55421447753906,90.09066009521484,26.246444702148438,67.14360046386719,25.89951515197754,86.13980865478516,20.416229248046875,190.27000427246094
2023-12-26,464.2155456542969,54.319923400878906,199.1294403076172,70.27787017822266,37.84983825683594,90.27297973632812,26.291852951049805,67.27360534667969,25.926002502441406,86.79454803466797,20.61827850341797,191.72000122070312
2023-12-27,465.09954833984375,54.32963562011719,199.83187866210938,70.65234375,38.069175720214844,90.84725952148438,26.736860275268555,67.55097198486328,26.137928009033203,87.2500228881836,20.526437759399414,192.58999633789062
2023-12-28,465.31329345703125,54.32963562011719,199.0708770751953,70.46510314941406,38.364803314208984,90.64671325683594,26.564300537109375,67.33428192138672,26.049623489379883,87.73394775390625,20.351940155029297,191.47000122070312
2023-12-29,463.982421875,53.80544662475586,195.82200622558594,70.54000091552734,38.34573745727539,90.47352600097656,26.355419158935547,67.07427215576172,25.970155715942383,86.73761749267578,20.241731643676758,191.1699981689453
2024-01-02,461.32073974609375,53.63267135620117,194.66098022460938,69.75362396240234,37.897525787353516,90.04507446289062,26.191951751708984,66.84894561767578,25.837696075439453,87.50621795654297,20.076417922973633,190.72000122070312
2024-01-03,457.55157470703125,52.419307708740234,189.47052001953125,69.2293701171875,37.68772506713867,90.09066009521484,26.31909942626953,66.66693878173828,25.82003402709961,85.41865539550781,20.33357048034668,189.1300048828125
2024-01-04,456.1429748535156,52.32417678833008,189.09979248046875,69.38851165771484,37.563751220703125,89.72602081298828,25.946746826171875,66.40691375732422,25.705242156982422,85.26683044433594,20.223363876342773,189.32000732421875
2024-01-05,456.6870422363281,52.514434814453125,188.54367065429688,69.43531799316406,37.61143112182617,89.51637268066406,25.719694137573242,66.45890808105469,25.63460350036621,85.07707214355469,20.324386596679688,189.35000610351562
2024-01-08,462.9721374511719,53.17256164550781,191.93890380859375,70.17488861083984,37.71633529663086,89.85363006591797,25.937660217285156,66.83160400390625,25.784719467163086,86.3011245727539,20.03049659729004,187.8699951171875
2024-01-09,462.5350341796875,52.83088302612305,190.22178649902344,69.54766845703125,37.18229675292969,89.83541870117188,25.82868003845215,66.93560791015625,25.82003402709961,85.70333862304688,20.177440643310547,187.92999267578125
2024-01-10,465.1286926269531,52.953189849853516,190.32911682128906,69.99701690673828,37.09646987915039,89.66220092773438,25.701534271240234,67.05695343017578,25.793546676635742,85.76976013183594,20.03968048095703,187.5
2024-01-11,464.8761291503906,52.83476257324219,188.8363494873047,69.98766326904297,37.249053955078125,90.17269134521484,25.846839904785156,67.27360534667969,25.917177200317383,85.01063537597656,20.18662452697754,187.8699951171875
2024-01-12,465.2744140625,52.819236755371094,188.52413940429688,70.27787017822266,37.38256072998047,90.33677673339844,25.8377628326416,67.34294128417969,25.970155715942383,85.56100463867188,20.260099411010742,189.7100067138672
2024-01-16,463.661865234375,52.462013244628906,186.19236755371094,69.09831237792969,36.47660446166992,89.66220092773438,25.410913467407227,66.91825866699219,25.784719467163086,84.96320343017578,20.085601806640625,187.91000366210938
2024-01-17,461.05841064453125,52.09703826904297,184.865478515625,68.4429931640625,35.93303298950195,89.41606903076172,25.36550521850586,66.63226318359375,25.705242156982422,83.44498443603516,20.058048248291016,185.83999633789062
2024-01-18,465.0121154785156,52.53773498535156,185.9582061767578,69.05150604248047,36.228660583496094,89.33405303955078,25.1566219329834,66.77093505859375,25.669918060302734,82.88513946533203,20.18662452697754,187.3699951171875
2024-01-19,470.8310241699219,53.03472900390625,187.74362182617188,69.21064758300781,36.610111236572266,89.3522720336914,25.220203399658203,66.88361358642578,25.722902297973633,83.8055648803711,20.149890899658203,187.92999267578125
2024-01-22,471.85107421875,53.66179656982422,191.75352478027344,69.42596435546875,36.2858772277832,89.51637268066406,25.36550521850586,66.93560791015625,25.767047882080078,84.24205780029297,20.232547760009766,187.22000122070312
2024-01-23,473.3177795410156,53.4482421875,191.19744873046875,69.2293701171875,36.600582122802734,89.29757690429688,25.19295310974121,66.85758972167969,25.678749084472656,83.72964477539062,20.342754364013672,187.9499969482422
2024-01-24,473.67730712890625,53.1046142578125,189.62661743164062,69.75362396240234,37.010643005371094,89.09703826904297,25.047643661499023,66.82292938232422,25.643428802490234,82.50558471679688,20.517253875732422,186.39999389648438
2024-01-25,476.31951904296875,53.44047164916992,191.19744873046875,69.95021057128906,37.058326721191406,89.4981460571289,25.211116790771484,67.33428192138672,25.793546676635742,83.58731079101562,20.673383712768555,187.13999938964844
2024-01-26,475.82415771484375,53.49483871459961,191.20716857910156,70.2591552734375,37.08693313598633,89.39786529541016,25.1566219329834,67.28227233886719,25.740564346313477,83.32162475585938,20.76522445678711,187.00999450683594
2024-01-29,479.5641174316406,54.00542068481445,194.55364990234375,70.67105865478516,37.10600662231445,89.75337219238281,25.429079055786133,67.42961883544922,25.837696075439453,83.90044403076172,20.59072494506836,188.3300018310547
2024-01-30,479.2046813964844,53.875343322753906,192.89508056640625,70.57744598388672,36.81037902832031,89.92656707763672,25.62887954711914,67.34294128417969,25.890674591064453,83.0938949584961,20.728487014770508,188.58999633789062
2024-01-31,471.3361511230469,52.871646881103516,188.18267822265625,70.2217025756836,36.610111236572266,90.33677673339844,25.874088287353516,67.15230560302734,25.952495574951172,82.31581115722656,20.50806999206543,188.4499969482422
2024-02-01,477.5921325683594,53.57054901123047,190.68032836914062,70.91445922851562,36.96296310424805,90.85150146484375,26.319578170776367,67.53901672363281,26.136964797973633,83.79606628417969,20.260099411010742,190.41000366210938
2024-02-02,482.5172424316406,53.58025360107422,189.6754150390625,70.35276794433594,36.858062744140625,90.01951599121094,25.791187286376953,67.2341537475586,25.924114227294922,82.65740203857422,20.03049659729004,188.61000061035156
2024-02-05,480.9046630859375,52.97648620605469,187.26556396484375,69.9782943725586,36.90574264526367,89.27894592285156,25.317445755004883,66.92059326171875,25.728994369506836,80.9778823852539,20.1131534576416,187.57000732421875
2024-02-06,482.2063903808594,53.23857116699219,188.9534454345703,70.40894317626953,37.74494171142578,89.7452392578125,25.536094665527344,67.16446685791016,25.85315704345703,82.0975570678711,20.18662452697754,188.5500030517578
2024-02-07,486.1212463378906,53.502593994140625,188.51437377929688,70.3714828491211,37.792625427246094,89.5623779296875,25.435880661010742,67.27770233154297,25.764467239379883,82.0785903930664,20.278467178344727,188.5
2024-02-08,486.44183349609375,53.99764633178711,191.37303161621094,70.24978637695312,37.582828521728516,89.28809356689453,25.281009674072266,67.24285888671875,25.675783157348633,82.64791870117188,20.3886775970459,188.3300018310547
2024-02-09,489.25897216796875,54.4150505065918,194.48536682128906,70.49319458007812,37.74494171142578,89.26068115234375,25.235456466674805,67.38221740722656,25.658044815063477,82.69536590576172,20.44378089904785,187.60000610351562
2024-02-12,488.99664306640625,54.921756744384766,198.01719665527344,70.6148910522461,38.04056930541992,89.27894592285156,25.262788772583008,67.2341537475586,25.640302658081055,82.63843536376953,20.452964782714844,187.11000061035156
2024-02-13,482.4298095703125,53.57443618774414,189.87054443359375,69.52893829345703,37.32534408569336,88.45610809326172,24.843717575073242,66.69413757324219,25.43631935119629,80.95890045166016,20.33357048034668,184.52999877929688
2024-02-14,486.73321533203125,54.331565856933594,194.28048706054688,70.30596160888672,37.859378814697266,88.84925842285156,24.962148666381836,66.95542907714844,25.516136169433594,81.69902801513672,20.14070701599121,184.4199981689453
2024-02-15,489.9389343261719,55.325557708740234,199.46115112304688,71.10169982910156,38.04056930541992,89.0595474243164,25.080581665039062,67.19059753417969,25.61369514465332,83.53987884521484,20.18662452697754,185.66000366210938
2024-02-16,487.60748291015625,54.81109619140625,196.74887084960938,71.21403503417969,38.221763610839844,88.77609252929688,24.943933486938477,66.99029541015625,25.54274559020996,82.64791870117188,20.232547760009766,186.33999633789062
2024-02-20,484.8972473144531,54.42475891113281,194.03656005859375,71.50424194335938,38.27898025512695,88.8583984375,24.971256256103516,67.129638671875,25.595958709716797,82.51507568359375,20.122337341308594,187.47000122070312
2024-02-21,485.3343505859375,54.49076461791992,193.1194305419922,71.5604248046875,38.34573745727539,88.59326171875,24.825489044189453,67.0076904296875,25.53387451171875,83.12236022949219,20.204994201660156,187.47999572753906
2024-02-22,495.4761047363281,55.339141845703125,194.58290100097656,72.36552429199219,38.736724853515625,88.66636657714844,24.898380279541016,67.32997131347656,25.57822036743164,83.17930603027344,20.260099411010742,187.55999755859375
2024-02-23,495.7577819824219,55.3682746887207,195.02197265625,72.45914459228516,38.717655181884766,88.99555206298828,25.2081298828125,67.37352752685547,25.631433486938477,83.2836685180664,19.966209411621094,188.6199951171875
2024-02-26,493.89263916015625,55.31003189086914,196.2512664794922,72.35615539550781,38.54599380493164,88.80352783203125,25.126136779785156,67.15575408935547,25.569355010986328,82.34427642822266,20.149890899658203,188.1999969482422
2024-02-27,494.7669677734375,55.60123062133789,199.03184509277344,72.55274963378906,38.62228775024414,88.68468475341797,24.980375289916992,67.24285888671875,25.54274559020996,82.50558471679688,20.306018829345703,188.0
2024-02-28,494.14520263671875,55.56241226196289,197.39279174804688,72.13147735595703,38.11686325073242,88.8583984375,25.126136779785156,67.2341537475586,25.54274559020996,83.33111572265625,20.223363876342773,188.33999633789062
2024-02-29,495.86468505859375,55.97010040283203,198.7684326171875,72.31871795654297,38.13593673706055,89.00469207763672,25.271894454956055,67.35609436035156,25.58709144592285,84.07125091552734,20.195810317993164,189.30999755859375
2024-03-01,500.6634521484375,56.445743560791016,200.87583923339844,73.02083587646484,38.60321807861328,89.43197631835938,25.419919967651367,67.60836029052734,25.715351104736328,84.98217010498047,20.29683494567871,192.88999938964844
2024-03-04,500.0709533691406,56.785484313964844,200.69046020507812,72.83360290527344,38.51738739013672,89.2119369506836,25.328548431396484,67.59085845947266,25.670814514160156,85.80770874023438,20.36112403869629,196.00999450683594
2024-03-05,495.01947021484375,56.63016891479492,198.7684326171875,72.7025375366211,38.17407989501953,89.6978988647461,25.684904098510742,67.53829193115234,25.786619186401367,84.8113784790039,20.204994201660156,197.19000244140625
2024-03-06,497.70068359375,57.02814483642578,200.25140380859375,73.56381225585938,38.72718811035156,89.83544921875,25.821964263916016,67.70474243164062,25.84005355834961,85.06758117675781,20.37030792236328,198.80999755859375
2024-03-07,502.64520263671875,57.58144760131836,201.9197540283203,74.43444061279297,38.96560287475586,90.02800750732422,25.83110809326172,67.78358459472656,25.893497467041016,85.24787139892578,20.425413131713867,199.94000244140625
2024-03-08,499.5949401855469,57.28053283691406,201.79295349121094,74.19104766845703,38.927452087402344,90.11052703857422,25.80368995666504,67.80109405517578,25.92913055419922,86.20623779296875,20.36112403869629,201.6300048828125
2024-03-11,499.3520812988281,56.9990348815918,200.1929168701172,73.76976776123047,39.01327896118164,90.00968933105469,25.785417556762695,67.79234313964844,25.93803596496582,85.7982177734375,20.53562355041504,202.0
2024-03-12,504.5589294433594,57.309654235839844,199.91969299316406,74.35955047607422,39.44241714477539,89.78044891357422,25.55698013305664,67.85364532470703,25.87568473815918,85.58946990966797,20.48051643371582,199.7899932861328
2024-03-13,503.75262451171875,57.54262161254883,200.70021057128906,74.3689193725586,39.318443298339844,89.61537170410156,25.465606689453125,67.87993621826172,25.83115005493164,85.1529769897461,20.76522445678711,201.19000244140625
2024-03-14,502.6549072265625,56.84372329711914,197.10984802246094,73.82593536376953,39.11818313598633,89.0468521118164,25.100116729736328,67.55581665039062,25.670814514160156,83.82454681396484,20.829513549804688,200.35000610351562
2024-03-15,498.5651550292969,56.75635528564453,197.48060607910156,73.85401916503906,38.87976837158203,89.03768157958984,25.081846237182617,67.51201629638672,25.697538375854492,83.72964477539062,20.902984619140625,199.7100067138672
2024-03-18,502.081787109375,56.63016891479492,196.3488311767578,73.83529663085938,38.94652557373047,88.94597625732422,25.008750915527344,67.66971588134766,25.644100189208984,83.66322326660156,21.095849990844727,200.02999877929688
2024-03-19,504.9862976074219,57.076683044433594,197.1781463623047,73.96636199951172,38.75579833984375,89.16607666015625,25.09098243713379,67.94124603271484,25.715351104736328,83.73914337158203,21.086666107177734,199.8000030517578
2024-03-20,509.6783142089844,57.853233337402344,201.0807342529297,74.75273132324219,39.1944694519043,89.34944152832031,25.100116729736328,68.16901397705078,25.768798828125,84.25154113769531,21.03156089782715,202.17999267578125
2024-03-21,511.2521667480469,58.47616195678711,203.39105224609375,74.71529388427734,39.242149353027344,89.41363525390625,25.145809173583984,68.13397216796875,25.795522689819336,84.83922576904297,21.004011154174805,201.97000122070312
2024-03-22,510.57000732421875,58.00896453857422,200.58384704589844,74.55613708496094,38.96560287475586,89.6978988647461,25.374242782592773,68.06388854980469,25.88459014892578,83.71526336669922,20.857065200805664,200.35000610351562
2024-03-25,508.9717712402344,58.057640075683594,201.04354858398438,74.39700317382812,38.994205474853516,89.5328598022461,25.255449295043945,67.9587631225586,25.80443000793457,83.33427429199219,21.03156089782715,200.99000549316406
2024-03-26,507.8997497558594,57.97977066040039,200.68161010742188,74.48123931884766,38.96560287475586,89.6245346069336,25.319414138793945,67.87993621826172,25.795522689819336,82.9342269897461,20.866249084472656,201.63999938964844
2024-03-27,512.3241577148438,58.96281051635742,205.05386352539062,74.93061828613281,39.032352447509766,89.91796875,25.52957534790039,68.23909759521484,25.946945190429688,85.02019500732422,20.847881317138672,203.10000610351562
2024-03-28,512.3339233398438,59.1185417175293,205.69943237304688,74.7621078491211,39.17539978027344,89.80793762207031,25.52957534790039,68.09017944335938,25.92913055419922,85.62980651855469,21.095849990844727,205.72000122070312
2024-04-01,511.5055847167969,58.758419036865234,203.76275634765625,74.44380187988281,39.242149353027344,89.15496063232422,25.069429397583008,67.81283569335938,25.72873878479004,84.22010040283203,21.196874618530273,207.82000732421875
2024-04-02,508.1629333496094,57.97977066040039,200.01654052734375,73.9195556640625,39.36612319946289,89.090576171875,24.968597412109375,67.69834899902344,25.69295310974121,83.17234802246094,21.38974380493164,210.88999938964844
2024-04-03,508.7282409667969,58.2425651550293,201.32720947265625,74.33146667480469,39.394737243652344,89.14576721191406,24.941104888916016,67.75118255615234,25.710845947265625,83.27713012695312,21.646896362304688,212.74000549316406
2024-04-04,502.47174072265625,57.580718994140625,199.31228637695312,73.69487762451172,39.25168991088867,89.3572998046875,25.11526107788086,67.69834899902344,25.74662971496582,82.68657684326172,21.70199966430664,211.52000427246094
2024-04-05,507.7146301269531,58.06736373901367,199.97738647460938,73.92891693115234,39.337520599365234,88.91584014892578,24.812780380249023,67.63674926757812,25.65717315673828,83.04853057861328,21.812210083007812,215.13999938964844
2024-04-08,507.85113525390625,58.320430755615234,201.07290649414062,74.29402160644531,39.595001220703125,88.83307647705078,24.794445037841797,67.79521179199219,25.66611671447754,83.98197174072266,21.80302619934082,216.47999572753906
2024-04-09,508.4845886230469,58.398292541503906,201.8651885986328,74.28465270996094,39.86201095581055,89.13654327392578,25.005271911621094,67.93610382080078,25.75558090209961,84.99163055419922,21.68363380432129,217.6699981689453
2024-04-10,503.5534362792969,57.21085739135742,196.53439331054688,73.30168151855469,39.318443298339844,88.0697250366211,24.49196434020996,67.33740234375,25.451416015625,81.5435791015625,21.793840408325195,215.61000061035156
2024-04-11,507.3248596191406,57.24006271362305,197.86465454101562,73.49828338623047,39.556854248046875,88.08811950683594,24.372804641723633,67.27574157714844,25.40668296813965,81.63882446289062,21.757104873657227,219.8000030517578
2024-04-12,500.2303466796875,56.34461975097656,194.34341430664062,72.3093490600586,38.65089416503906,88.2536392211914,24.510292053222656,67.24053192138672,25.46930503845215,80.77206420898438,21.784656524658203,216.88999938964844
2024-04-15,494.0323791503906,55.731441497802734,191.49705505371094,72.09403228759766,38.4029541015625,87.72021484375,24.15281105041504,66.8531265258789,25.236711502075195,79.45760345458984,21.812210083007812,220.9499969482422
2024-04-16,493.087158203125,55.48810577392578,190.79281616210938,71.38253784179688,37.897525787353516,87.47193145751953,24.015321731567383,66.63301849365234,25.165142059326172,78.2764892578125,21.77547264099121,221.22000122070312
2024-04-17,490.22210693359375,55.001461029052734,188.7778778076172,71.42935180664062,37.86891555786133,87.8765869140625,24.262807846069336,66.72105407714844,25.290393829345703,77.75260925292969,21.4356632232666,219.58999633789062
2024-04-18,489.0915832519531,54.92359924316406,188.6213836669922,71.23274993896484,38.02149963378906,87.62825012207031,24.134485244750977,66.77388000488281,25.24565887451172,77.72404479980469,21.42647933959961,220.33999633789062
2024-04-19,484.8524169921875,55.06959533691406,188.9148406982422,71.26084899902344,37.86891555786133,87.72021484375,24.207813262939453,66.89715576171875,25.263551712036133,78.09552764892578,21.527503967285156,221.02999877929688
2024-04-22,489.3255310058594,55.63410949707031,191.02757263183594,72.09403228759766,38.27898025512695,87.77540588378906,24.180316925048828,67.2669448852539,25.317224502563477,78.72417449951172,21.527503967285156,215.57000732421875
2024-04-23,495.2213439941406,56.30568313598633,194.22604370117188,72.88040924072266,38.59368133544922,87.95935821533203,24.198644638061523,67.53988647460938,25.361957550048828,79.39093017578125,21.61934471130371,215.0399932861328
2024-04-24,495.02642822265625,56.32515335083008,193.35549926757812,72.73998260498047,38.72718811035156,87.72941589355469,24.042823791503906,67.39021301269531,25.272497177124023,79.6385726928711,21.591793060302734,214.63999938964844
2024-04-25,492.93121337890625,56.140228271484375,192.18173217773438,72.40296173095703,38.813018798828125,87.48111724853516,23.886993408203125,67.24933624267578,25.21881866455078,79.1623306274414,21.711185455322266,215.9199981689453
2024-04-26,497.75506591796875,56.27648162841797,194.0206298828125,72.98339080810547,39.26122283935547,87.67424774169922,24.00615882873535,67.46064758300781,25.290393829345703,79.2861557006836,21.72955322265625,216.6199951171875
2024-04-29,499.52874755859375,56.61714553833008,195.58563232421875,73.26423645019531,39.64268112182617,87.94097137451172,24.180316925048828,67.66313171386719,25.361957550048828,80.12435150146484,21.711185455322266,216.17999267578125
2024-04-30,491.5863952636719,55.60490417480469,191.61444091796875,72.33743286132812,39.089569091796875,87.582275390625,24.015321731567383,67.17009735107422,25.263551712036133,78.67655181884766,21.4356632232666,211.8699951171875
2024-05-01,490.04656982421875,55.63410949707031,192.01547241210938,72.17828369140625,39.12771224975586,87.89134216308594,24.167978286743164,67.52413940429688,25.349811553955078,78.79084014892578,21.123403549194336,213.7899932861328
2024-05-02,494.5294494628906,56.37381362915039,195.5465087890625,73.15189361572266,40.138572692871094,88.28804016113281,24.278335571289062,67.94013977050781,25.493587493896484,79.83860778808594,21.196874618530273,213.1300048828125
2024-05-03,500.7468566894531,56.967533111572266,197.48318481445312,73.8821029663086,40.500953674316406,88.74008178710938,24.489856719970703,68.22337341308594,25.646360397338867,80.44820404052734,21.224428176879883,212.9600067138672
2024-05-06,505.96063232421875,57.736446380615234,200.03610229492188,74.38764190673828,40.539100646972656,88.8046646118164,24.591012954711914,68.30301666259766,25.70026969909668,80.64823150634766,21.463214874267578,215.1999969482422
2024-05-07,506.61346435546875,57.93110656738281,200.48602294921875,74.58423614501953,40.31022644042969,88.98918914794922,24.747352600097656,68.3118667602539,25.709257125854492,81.36260986328125,21.444847106933594,214.2100067138672
2024-05-08,506.56475830078125,57.69751739501953,199.32205200195312,74.49996948242188,40.319759368896484,88.8046646118164,24.609407424926758,68.15254974365234,25.664323806762695,80.74347686767578,21.334636688232422,213.5800018310547
2024-05-09,509.34210205078125,58.25229263305664,201.35653686523438,75.07102966308594,40.44373321533203,88.97074127197266,24.71056365966797,68.17025756835938,25.6912784576416,82.29605102539062,21.417293548583984,216.9499969482422
2024-05-10,510.0535583496094,58.21337127685547,199.8404541015625,75.21145629882812,40.529563903808594,88.78622436523438,24.591012954711914,68.0640640258789,25.628379821777344,82.14364624023438,21.380558013916016,218.7100067138672
2024-05-13,510.2288818359375,58.18416213989258,200.2610626220703,75.21145629882812,40.8347282409668,88.83232116699219,24.64618492126465,68.04633331298828,25.637371063232422,82.32463073730469,21.518320083618164,216.25999450683594
2024-05-14,512.55810546875,58.70001983642578,202.33468627929688,75.77316284179688,41.0540657043457,89.07220458984375,24.756542205810547,68.15254974365234,25.6912784576416,82.9342269897461,21.42647933959961,218.08999633789062
2024-05-15,518.9119262695312,59.16720199584961,204.85824584960938,76.57826232910156,41.492740631103516,89.66263580322266,25.10600471496582,68.55083465576172,25.888978958129883,84.20105743408203,21.499950408935547,220.88999938964844
2024-05-16,517.6937866210938,58.65135192871094,203.3812713623047,76.16635131835938,41.57855987548828,89.5611572265625,25.069223403930664,68.39152526855469,25.853036880493164,84.13438415527344,21.555055618286133,220.02999877929688
2024-05-17,518.5709228515625,58.70001983642578,203.5279998779297,76.42847442626953,41.7597541809082,89.27516174316406,24.903690338134766,68.400390625,25.79911994934082,84.14391326904297,21.77547264099121,223.66000366210938
2024-05-20,519.1749877929688,58.729217529296875,203.97792053222656,76.4846420288086,41.607173919677734,89.19213104248047,24.848508834838867,68.43578338623047,25.79911994934082,83.55335235595703,21.968339920043945,224.55999755859375
2024-05-21,520.4418334960938,58.66109085083008,203.78228759765625,76.36294555664062,41.349693298339844,89.35820007324219,24.958866119384766,68.3826904296875,25.826080322265625,83.5819320678711,21.87649917602539,224.22999572753906
2024-05-22,518.9606323242188,58.17443084716797,202.06082153320312,75.64210510253906,41.216182708740234,89.24749755859375,24.97726058959961,68.23220825195312,25.808107376098633,82.8104019165039,21.564239501953125,220.11000061035156
2024-05-23,515.1697387695312,57.444454193115234,198.74496459960938,75.25827026367188,40.9110221862793,88.99839782714844,24.839311599731445,67.99323272705078,25.709257125854492,81.03874969482422,21.454030990600586,215.72000122070312
2024-05-24,518.5903930664062,57.93110656738281,200.94573974609375,75.87613677978516,41.02545166015625,89.0998764038086,24.903690338134766,68.23220825195312,25.763174057006836,81.04827880859375,21.600975036621094,215.9199981689453
2024-05-28,518.9898071289062,57.57098388671875,200.67185974121094,75.84805297851562,40.96823501586914,88.68472290039062,24.563426971435547,67.95782470703125,25.646360397338867,80.55298614501953,21.98670768737793,218.19000244140625
2024-05-29,515.2769165039062,56.82154083251953,197.70814514160156,74.6497573852539,40.35791015625,88.34339904785156,24.305925369262695,67.75425720214844,25.529537200927734,79.80049896240234,21.757104873657227,216.16000366210938
2024-05-30,511.9342956542969,57.3373908996582,199.58615112304688,75.2770004272461,40.24346923828125,88.75852966308594,24.51744270324707,68.02861785888672,25.65534210205078,80.9625473022461,21.472396850585938,216.57000732421875
2024-05-31,516.4561157226562,58.08683395385742,201.26852416992188,75.99784088134766,39.85248565673828,89.04452514648438,24.701364517211914,68.26760864257812,25.763174057006836,82.55322265625,21.371374130249023,215.3000030517578
2024-06-03,516.7777709960938,57.60991668701172,200.1339111328125,76.21316528320312,40.27207946777344,89.58316040039062,25.01416015625,68.47925567626953,25.903980255126953,82.32463073730469,21.06829833984375,217.22000122070312
2024-06-04,517.5379028320312,56.841007232666016,197.5516357421875,76.11953735351562,39.70943069458008,89.90705108642578,25.29097557067871,68.44367980957031,26.003257751464844,83.05804443359375,20.857065200805664,215.27000427246094
2024-06-05,523.7357177734375,57.47365188598633,200.57403564453125,76.65315246582031,40.34837341308594,90.18467712402344,25.457054138183594,68.6659927368164,26.075468063354492,82.85802459716797,20.930538177490234,217.82000732421875
2024-06-06,523.71630859375,57.29845428466797,199.13621520996094,76.915283203125,40.54863739013672,90.21243286132812,25.466278076171875,68.5503921508789,26.05741310119629,82.99137115478516,21.2060604095459,219.42999267578125
2024-06-07,523.0535888671875,56.889671325683594,196.7985076904297,76.08208465576172,40.09088897705078,89.41655731201172,25.00493621826172,68.37254333496094,25.85884666442871,82.32463073730469,20.902984619140625,211.60000610351562
2024-06-10,524.61279296875,56.967533111572266,197.473388671875,76.02592468261719,40.32929611206055,89.34251403808594,24.866535186767578,68.43480682373047,25.81371307373047,82.55322265625,21.2060604095459,213.5399932861328
2024-06-11,525.913818359375,56.71475601196289,196.798583984375,75.1620101928711,40.19486999511719,89.64791107177734,25.097200393676758,68.52371215820312,25.903980255126953,82.31932830810547,21.17850685119629,214.14999389648438
2024-06-12,530.292724609375,57.47602462768555,199.81961059570312,76.0478286743164,40.5981559753418,90.07362365722656,25.29097557067871,68.79937744140625,26.03033447265625,83.02867126464844,21.25197982788086,214.72000122070312
2024-06-13,531.4071044921875,57.12466812133789,198.0736846923828,74.96198272705078,40.50213623046875,90.52708435058594,25.613910675048828,68.79047393798828,26.147674560546875,83.51751708984375,21.270349502563477,212.97000122070312
2024-06-14,531.5927734375,56.44147872924805,194.92514038085938,74.13330841064453,40.550148010253906,90.61962890625,25.798444747924805,68.52371215820312,26.165725708007812,83.45042419433594,21.18769073486328,215.72999572753906
2024-06-17,535.9423217773438,56.94898986816406,196.5631561279297,74.42857360839844,40.809410095214844,90.29572296142578,25.56777572631836,68.56815338134766,26.048383712768555,83.15327453613281,21.261165618896484,214.61000061035156
2024-06-18,537.242431640625,57.05635070800781,196.90647888183594,74.72384643554688,41.183895111083984,90.61962890625,25.789222717285156,68.78160095214844,26.165725708007812,83.39291381835938,21.4356632232666,215.47000122070312
2024-06-20,535.5806274414062,56.909950256347656,196.07273864746094,74.77147674560547,41.11668014526367,90.46231842041016,25.632366180419922,68.73710632324219,26.093523025512695,83.17243194580078,21.481582641601562,218.16000366210938
2024-06-21,534.6716918945312,57.144187927246094,196.51416015625,74.24759674072266,40.9726448059082,90.47157287597656,25.641592025756836,68.8171615600586,26.111568450927734,83.51751708984375,21.307085037231445,214.77999877929688
2024-06-24,533.3031616210938,57.48579025268555,197.3674774169922,74.8381576538086,40.9726448059082,90.54560089111328,25.72463607788086,68.74602508544922,26.120595932006836,84.01596069335938,21.481582641601562,215.6300048828125
2024-06-25,535.3265380859375,56.939231872558594,196.7200927734375,75.01913452148438,40.876625061035156,90.53633880615234,25.770771026611328,68.83496856689453,26.120595932006836,82.9999008178711,21.27953338623047,214.55999755859375
2024-06-26,536.1476440429688,56.7830696105957,196.2002410888672,74.4666748046875,40.79020309448242,90.12914276123047,25.420146942138672,68.68376922607422,26.003257751464844,82.7602767944336,21.316267013549805,212.5800018310547
2024-06-27,536.9296264648438,56.968505859375,198.19139099121094,74.52381896972656,40.81901168823242,90.2772445678711,25.521642684936523,68.76383209228516,26.048383712768555,83.46000671386719,21.42647933959961,214.99000549316406
2024-06-28,534.88671875,57.11491012573242,199.0054931640625,74.60955810546875,40.89582824707031,89.8329849243164,25.115657806396484,68.59486389160156,25.903980255126953,84.10221862792969,21.334636688232422,215.00999450683594
2024-07-01,536.0400390625,56.57811737060547,197.33804321289062,74.74290466308594,40.99184799194336,89.3512191772461,24.705595016479492,68.58142852783203,25.79156494140625,83.32581329345703,21.61016082763672,215.57000732421875
2024-07-02,539.4611206054688,56.75380325317383,198.0148468017578,74.92388153076172,41.11668014526367,89.64826965332031,24.872211456298828,68.76917266845703,25.90941619873047,83.6421127319336,21.637710571289062,215.55999755859375
2024-07-03,541.8265991210938,56.87091064453125,197.96580505371094,75.78112030029297,41.72161865234375,90.13098907470703,25.2054500579834,69.0105209350586,26.072593688964844,83.6037826538086,21.757104873657227,217.99000549316406
2024-07-05,545.17919921875,56.509796142578125,197.024169921875,76.28596496582031,41.89446258544922,90.58589935302734,25.36280632019043,69.21612548828125,26.199514389038086,83.84341430664062,21.839763641357422,220.92999267578125
2024-07-08,545.814453125,56.68547821044922,198.40716552734375,75.90495300292969,41.90406036376953,90.61373138427734,25.409086227416992,69.19827270507812,26.19045066833496,84.14055633544922,21.54587173461914,218.19000244140625
2024-07-09,546.3228149414062,56.343875885009766,197.54403686523438,75.60015869140625,42.076900482177734,90.53018188476562,25.31652069091797,69.1177978515625,26.15418815612793,84.12139129638672,21.39892578125,218.55999755859375
2024-07-10,551.5228271484375,56.968505859375,199.47630310058594,76.66696166992188,42.31695556640625,90.62301635742188,25.39056968688965,69.27869415283203,26.199514389038086,84.77320861816406,21.39892578125,219.36000061035156
2024-07-11,546.8408813476562,58.373939514160156,206.64634704589844,76.88603973388672,42.56661605834961,91.08717346191406,25.6405029296875,69.52899932861328,26.326431274414062,87.1120376586914,21.472396850585938,223.25
2024-07-12,550.340087890625,58.96929168701172,209.0592498779297,77.70518493652344,42.73945236206055,91.33784484863281,25.72381019592285,69.70780181884766,26.417085647583008,87.84052276611328,21.38974380493164,223.11000061035156
2024-07-15,551.8746948242188,59.330406188964844,213.03170776367188,77.0193862915039,42.288150787353516,91.0221939086914,25.483144760131836,69.71672058105469,26.299238204956055,88.24311828613281,21.233613967895508,223.8300018310547
2024-07-16,555.1491088867188,60.755348205566406,220.2998504638672,77.39086151123047,42.52820587158203,91.39351654052734,25.788606643676758,69.98490905761719,26.43521499633789,89.32626342773438,21.17850685119629,228.2899932861328
2024-07-17,547.3980102539062,59.8671989440918,217.9948272705078,76.98128509521484,41.836849212646484,91.45849609375,25.81637191772461,69.90443420410156,26.44428825378418,89.91097259521484,21.17850685119629,227.22999572753906
2024-07-18,543.0679321289062,59.213287353515625,213.77716064453125,76.21928405761719,41.44315719604492,91.20787048339844,25.649757385253906,69.76142120361328,26.344562530517578,89.23999786376953,21.022377014160156,225.77999877929688
2024-07-19,539.529541015625,58.80337142944336,212.68841552734375,75.75254821777344,41.03986358642578,91.0221939086914,25.50165557861328,69.70780181884766,26.272037506103516,89.05786895751953,20.7376708984375,221.72999572753906
2024-07-22,545.1303100585938,59.525604248046875,216.0723419189453,76.55265808105469,41.38554000854492,90.98506927490234,25.418350219726562,69.96703338623047,26.26297378540039,89.92056274414062,20.792776107788086,221.8000030517578
2024-07-23,544.2213745117188,59.66223907470703,218.36756896972656,76.12403106689453,41.020660400390625,90.97579193115234,25.418350219726562,69.97595977783203,26.253902435302734,89.80553436279297,20.599910736083984,222.5800018310547
2024-07-24,531.934814453125,58.50080871582031,213.67909240722656,75.1620101928711,40.425315856933594,90.69725036621094,25.17767333984375,69.75247192382812,26.126983642578125,88.37730407714844,20.59072494506836,221.8000030517578
2024-07-25,529.129638671875,58.96929168701172,216.3470001220703,74.68576049804688,40.262081146240234,90.94792938232422,25.35354995727539,69.76142120361328,26.199514389038086,88.08016967773438,20.636646270751953,218.3300018310547
2024-07-26,535.0431518554688,59.984317779541016,219.9271240234375,75.63826751708984,40.67498016357422,91.2728500366211,25.529422760009766,69.98490905761719,26.326431274414062,89.56591033935547,20.425413131713867,220.6300048828125
2024-07-29,535.41455078125,59.90624237060547,217.48480224609375,75.30487823486328,40.54054641723633,91.42137145996094,25.649757385253906,69.92231750488281,26.380823135375977,90.14102935791016,20.33357048034668,220.32000732421875
2024-07-30,532.5310668945312,60.12096405029297,218.30873107910156,75.47632598876953,40.35810470581055,91.51420593261719,25.733062744140625,69.95807647705078,26.39896011352539,90.75448608398438,20.269283294677734,222.52000427246094
2024-07-31,540.8394165039062,60.482078552246094,219.57398986816406,76.54313659667969,41.24150848388672,92.00621795654297,26.02001953125,70.2083740234375,26.52587127685547,90.51485443115234,20.7376708984375,226.5500030517578
2024-08-01,533.7332763671875,59.14496612548828,212.4333953857422,74.5143051147461,40.521339416503906,92.39173889160156,26.24289321899414,70.05470275878906,26.623300552368164,91.5596694946289,20.489700317382812,225.77000427246094
2024-08-02,523.6851806640625,57.50530242919922,204.92002868652344,73.34272003173828,39.94520950317383,93.42533111572266,26.98578453063965,69.8210678100586,26.850923538208008,91.64592742919922,20.1131534576416,225.33999633789062
2024-08-05,508.4468688964844,55.943721771240234,198.32872009277344,71.74252319335938,38.8121452331543,93.35084533691406,27.087934494018555,69.38975524902344,26.78719139099121,89.04827880859375,20.076417922973633,222.47999572753906
2024-08-06,513.2754516601562,56.50003433227539,200.48660278320312,71.86634063720703,39.03300094604492,92.7921371459961,26.55862045288086,69.65036010742188,26.65972137451172,90.90785217285156,19.911104202270508,220.6999969482422
2024-08-07,509.7273254394531,56.099884033203125,198.11294555664062,72.20924377441406,39.27305603027344,92.51277923583984,26.354326248168945,69.7851333618164,26.550457000732422,90.11226654052734,20.094785690307617,220.5500030517578
2024-08-08,521.5347900390625,57.30034637451172,202.92889404296875,73.41893005371094,40.16606140136719,92.37310028076172,26.205738067626953,70.07268524169922,26.55956268310547,91.07080078125,20.278467178344727,224.00999450683594
2024-08-09,523.763427734375,57.26131057739258,202.5071563720703,73.70467376708984,40.38691329956055,92.69903564453125,26.456472396850586,70.06370544433594,26.668827056884766,91.48298645019531,20.397859573364258,224.55999755859375
2024-08-12,524.0175170898438,56.919715881347656,200.68276977539062,73.63800048828125,40.521339416503906,92.85730743408203,26.54932975769043,70.108642578125,26.705242156982422,90.85993194580078,20.682567596435547,228.41000366210938
2024-08-13,532.7363891601562,57.69075012207031,203.98825073242188,74.90483093261719,40.9726448059082,93.22979736328125,26.735055923461914,70.43212127685547,26.8691349029541,91.5596694946289,20.489700317382812,228.05999755859375
2024-08-14,534.4761962890625,57.62242889404297,202.72291564941406,75.1810531616211,40.75179672241211,93.39739990234375,26.865066528320312,70.55792236328125,26.96019172668457,91.92390441894531,20.36112403869629,226.1999969482422
2024-08-15,543.6251220703125,58.76432800292969,207.9803009033203,76.095458984375,41.20309829711914,93.00629425048828,26.64219856262207,70.6208267211914,26.887338638305664,91.64592742919922,20.526437759399414,226.91000366210938
2024-08-16,544.8566284179688,58.79361343383789,208.52960205078125,76.51456451416016,41.68321228027344,93.22979736328125,26.744346618652344,70.8454818725586,26.951086044311523,91.6746826171875,20.397859573364258,231.99000549316406
2024-08-19,549.9198608398438,59.359683990478516,211.079833984375,77.44801330566406,42.08650588989258,93.33222961425781,26.855777740478516,70.96229553222656,26.996610641479492,92.37442016601562,20.28765296936035,231.61000061035156
2024-08-20,549.0987548828125,58.8326530456543,208.61785888671875,77.20987701416016,41.760032653808594,93.611572265625,27.060073852539062,70.89938354492188,27.06945037841797,92.35525512695312,20.204994201660156,232.4600067138672
2024-08-21,551.2393798828125,59.54512405395508,211.33485412597656,77.92426300048828,41.92326354980469,93.78849792480469,27.07864761352539,71.0611343383789,27.11497688293457,92.68115234375,20.10396957397461,232.14999389648438
2024-08-22,546.5770263671875,59.18400955200195,209.47122192382812,77.4670639038086,41.40474319458008,93.40670013427734,26.837203979492188,70.9712905883789,27.023929595947266,93.03581237792969,20.085601806640625,229.3699951171875
2024-08-23,552.4807739257812,60.472312927246094,216.16065979003906,78.88629150390625,42.096107482910156,93.83505249023438,26.99507713317871,71.34870910644531,27.16960334777832,95.02957153320312,20.44378089904785,232.02000427246094
2024-08-26,550.9168701171875,60.28688049316406,216.2292938232422,78.53385925292969,41.74082565307617,93.7512435913086,26.94864273071289,71.20492553710938,27.13318634033203,94.88578796386719,20.655014038085938,232.75999450683594
2024-08-27,551.923583984375,60.052635192871094,214.5520477294922,78.89582061767578,41.79843521118164,93.77918243408203,26.883642196655273,71.2498550415039,27.124082565307617,95.09666442871094,20.55398941040039,233.38999938964844
2024-08-28,548.697998046875,59.77936553955078,213.10035705566406,78.61959075927734,41.5391731262207,93.69539642333984,26.855777740478516,71.21390533447266,27.087661743164062,94.76118469238281,20.306018829345703,231.75
2024-08-29,548.7859497070312,59.93552017211914,214.62069702148438,78.91487121582031,41.558380126953125,93.57431030273438,26.772201538085938,71.28581237792969,27.060344696044922,94.44485473632812,20.53562355041504,232.9499969482422
2024-08-30,553.9664916992188,60.40399932861328,215.8663787841797,79.03868865966797,41.644798278808594,93.35084533691406,26.54004669189453,71.2947769165039,26.996610641479492,95.40339660644531,20.306018829345703,231.2899932861328
2024-09-03,542.735595703125,58.8424072265625,209.2652587890625,77.79090881347656,40.81901168823242,93.7450180053711,26.931299209594727,71.04196166992188,27.0670223236084,95.40339660644531,19.901918411254883,230.2899932861328
2024-09-04,541.6017456054688,58.647220611572266,208.91213989257812,77.44801330566406,40.809410095214844,94.15602111816406,27.210765838623047,71.30381774902344,27.204187393188477,95.67178344726562,19.754974365234375,230.42999267578125
2024-09-05,540.0964965820312,58.24706268310547,207.87240600585938,77.4670639038086,40.86702346801758,94.39888763427734,27.350502014160156,71.54759979248047,27.313915252685547,95.36505126953125,19.800893783569336,232.35000610351562
2024-09-06,531.1138305664062,57.47602462768555,203.9195556640625,76.0097427368164,40.11804962158203,94.52032470703125,27.3691349029541,71.45730590820312,27.32305908203125,95.27879333496094,19.534557342529297,230.6300048828125
2024-09-09,537.0762329101562,57.710269927978516,204.4884796142578,76.77173614501953,40.45412826538086,94.66043853759766,27.46228790283203,71.62885284423828,27.368783950805664,96.43862915039062,19.58966064453125,231.60000610351562
2024-09-10,539.0604248046875,57.58339309692383,204.32171630859375,76.39073181152344,40.30049514770508,94.95000457763672,27.657913208007812,71.49341583251953,27.43279457092285,97.96269226074219,19.304954528808594,232.6199951171875
2024-09-11,544.8761596679688,57.817626953125,204.92002868652344,76.84793853759766,40.5981559753418,94.9219741821289,27.629972457885742,71.60176849365234,27.441936492919922,97.61763000488281,19.479450225830078,232.25
2024-09-12,549.48974609375,58.30562210083008,207.5585479736328,77.4765853881836,40.93423843383789,94.8379135131836,27.53681182861328,71.70108795166016,27.43279457092285,97.96269226074219,19.856000900268555,236.3300018310547
2024-09-13,552.3048095703125,59.34992980957031,212.67860412597656,77.65756225585938,41.12628173828125,95.0340576171875,27.59270668029785,71.89972686767578,27.487653732299805,98.86372375488281,19.89273452758789,238.67999267578125
2024-09-16,553.2235717773438,59.75008010864258,213.44366455078125,78.28621673583984,41.26071548461914,95.25826263427734,27.82559585571289,72.08033752441406,27.588239669799805,99.31424713134766,20.03968048095703,238.66000366210938
2024-09-17,553.4288940429688,60.052635192871094,215.209228515625,77.84806823730469,41.30872344970703,95.16482543945312,27.695173263549805,72.09838104248047,27.597383499145508,98.49948120117188,20.177440643310547,237.33999633789062
2024-09-18,551.7769775390625,60.111202239990234,215.24844360351562,77.60041809082031,41.16468811035156,94.86593627929688,27.397079467773438,72.16157531738281,27.50594711303711,98.3173599243164,20.048864364624023,235.50999450683594
2024-09-19,561.2386474609375,61.145751953125,219.68191528320312,79.13394165039062,42.038490295410156,94.87528228759766,27.331867218017578,72.37828826904297,27.524232864379883,98.21192932128906,20.40704345703125,239.1699981689453
2024-09-20,560.0656127929688,60.7065544128418,217.32786560058594,78.35289001464844,41.95207214355469,94.79120635986328,27.266658782958984,72.46857452392578,27.542524337768555,98.02980041503906,20.40704345703125,242.2100067138672
2024-09-23,561.6198120117188,61.038387298583984,216.53335571289062,78.64816284179688,42.27854919433594,94.75383758544922,27.22007942199707,72.33313751220703,27.524232864379883,98.89248657226562,20.416229248046875,242.67999267578125
2024-09-24,563.252197265625,61.02862548828125,216.8962860107422,79.1148910522461,43.718875885009766,94.88459777832031,27.229394912719727,72.3421859741211,27.560808181762695,98.92123413085938,20.756040573120117,246.07000732421875
2024-09-25,561.9225463867188,60.41041564941406,214.25074768066406,78.68626403808594,43.257972717285156,94.52032470703125,27.00582504272461,72.26091766357422,27.43279457092285,98.34500122070312,20.58154296875,245.72999572753906
2024-09-26,564.3265991210938,60.90028381347656,215.3924102783203,80.4198226928711,44.84233856201172,94.53900909423828,27.043087005615234,72.37828826904297,27.43279457092285,97.43771362304688,20.397859573364258,246.97999572753906
2024-09-27,563.30615234375,61.008056640625,216.8490447998047,79.93404388427734,44.75592041015625,94.80988311767578,27.173505783081055,72.55888366699219,27.524232864379883,97.63075256347656,20.498884201049805,245.02000427246094
2024-09-30,566.0045776367188,61.05704116821289,217.40020751953125,79.6578140258789,44.03575134277344,94.59503936767578,27.08035659790039,72.50470733642578,27.460222244262695,98.32571411132812,20.452964782714844,243.05999755859375
2024-10-01,560.65673828125,60.57697677612305,214.4475860595703,79.06726837158203,44.35262680053711,94.84520721435547,27.256013870239258,72.46841430664062,27.575927734375,97.73693084716797,20.81114387512207,245.61000061035156
2024-10-02,560.8824462890625,60.62595748901367,214.15232849121094,78.90534210205078,45.22642517089844,94.6484375,27.050457000732422,72.47747802734375,27.530010223388672,97.40875244140625,20.98564338684082,245.66000366210938
2024-10-03,559.8128662109375,60.43001174926758,212.71539306640625,78.17192077636719,44.68870544433594,94.26432800292969,26.826196670532227,72.30506896972656,27.392269134521484,96.44354248046875,21.28871726989746,245.49000549316406
2024-10-04,564.895751953125,61.01784896850586,215.6876983642578,78.62911987304688,45.10159683227539,93.65530395507812,26.499162673950195,72.22342681884766,27.25452995300293,95.90303802490234,21.343820571899414,245.0
2024-10-07,559.83251953125,60.5965576171875,213.994873046875,78.19096374511719,45.4760856628418,93.33674621582031,26.330974578857422,71.91494750976562,27.1259708404541,95.07295227050781,21.637710571289062,244.1699981689453
2024-10-08,565.14111328125,60.63574981689453,214.1425018310547,78.067138671875,44.35262680053711,93.49602508544922,26.349660873413086,72.08731079101562,27.17188262939453,95.29496002197266,21.132587432861328,242.3699951171875
2024-10-09,568.9778442382812,61.03744888305664,214.61492919921875,78.08618927001953,44.11256790161133,93.25242614746094,26.209503173828125,72.04196166992188,27.144332885742188,95.3625259399414,20.94890594482422,241.0500030517578
2024-10-10,567.976806640625,60.714134216308594,213.4240264892578,77.99093627929688,44.19898986816406,93.19620513916016,26.116069793701172,72.00566101074219,27.116785049438477,94.60000610351562,21.36219024658203,242.82000732421875
2024-10-11,571.4308471679688,61.742855072021484,217.7643585205078,78.3909912109375,44.51586151123047,93.22431182861328,26.041311264038086,72.19620513916016,27.1259708404541,95.66173553466797,21.380558013916016,245.47000122070312
2024-10-14,576.1409301757812,62.11515426635742,219.36859130859375,78.61959075927734,44.33341979980469,93.13999938964844,26.031972885131836,72.23250579833984,27.116785049438477,96.28912353515625,21.049930572509766,245.07000732421875
2024-10-15,571.5682373046875,61.958396911621094,219.5457763671875,77.31465911865234,43.39240264892578,93.51477813720703,26.349660873413086,72.21434783935547,27.217802047729492,97.42806243896484,20.645830154418945,245.9199981689453
2024-10-16,574.1096801757812,62.516849517822266,223.1577911376953,77.51468658447266,43.728485107421875,93.63658142089844,26.424413681030273,72.34139251708984,27.300445556640625,98.43187713623047,20.59072494506836,247.14999389648438
2024-10-17,574.2764892578125,62.585426330566406,222.54757690429688,77.52421569824219,43.6612663269043,93.1774673461914,26.05999755859375,72.23250579833984,27.144332885742188,97.66936492919922,20.61827850341797,248.6300048828125
2024-10-18,576.445068359375,62.61481475830078,222.08499145507812,78.048095703125,44.09336471557617,93.24305725097656,26.088031768798828,72.4048843383789,27.1259708404541,98.39327239990234,20.50806999206543,251.27000427246094
2024-10-21,575.5914306640625,61.88002014160156,218.59109497070312,77.12416076660156,43.786094665527344,92.59657287597656,25.66756248474121,72.11454010009766,26.905582427978516,96.42425537109375,20.572359085083008,251.22000122070312
2024-10-22,575.1400756835938,61.468528747558594,217.7643585205078,76.6860122680664,43.69007110595703,92.61531829833984,25.676904678344727,72.01473999023438,26.905582427978516,96.5304183959961,20.930538177490234,253.92999267578125
2024-10-23,569.9000854492188,61.096229553222656,215.77627563476562,75.91448211669922,43.430809020996094,92.38109588623047,25.611499786376953,71.79696655273438,26.83211898803711,97.39910888671875,20.81114387512207,250.8699951171875
2024-10-24,571.116943359375,61.19420623779297,216.24867248535156,76.3431167602539,43.36360168457031,92.55908966064453,25.751657485961914,72.00566101074219,26.896404266357422,97.64041137695312,20.801959991455078,252.8000030517578
2024-10-25,570.9893188476562,60.8610954284668,215.43179321289062,76.0859375,43.32518768310547,92.37171936035156,25.620840072631836,71.9330825805664,26.83211898803711,96.71379089355469,20.94890594482422,253.32000732421875
2024-10-28,572.70654296875,61.468528747558594,218.94541931152344,76.6955337524414,43.51723098754883,92.2218017578125,25.5367488861084,72.11454010009766,26.813756942749023,96.96475219726562,20.3886775970459,253.3300018310547
2024-10-29,573.5897216796875,61.537109375,218.2367706298828,76.4193115234375,43.3828010559082,92.32485961914062,25.55543327331543,72.13270568847656,26.85048484802246,96.0671157836914,20.351940155029297,256.0899963378906
2024-10-30,571.744873046875,61.44893264770508,217.94151306152344,75.92400360107422,42.96030807495117,92.23117065429688,25.620840072631836,72.00566101074219,26.822935104370117,96.5304183959961,20.609094619750977,257.5
2024-10-31,560.5292358398438,60.64555740356445,214.31964111328125,75.45728302001953,42.68183898925781,92.21241760253906,25.66756248474121,71.80606079101562,26.767839431762695,94.88956451416016,20.746854782104492,253.50999450683594
2024-11-01,562.9627075195312,60.76312255859375,215.52035522460938,75.60968780517578,42.720252990722656,91.84587860107422,25.32069969177246,71.81061553955078,26.662702560424805,93.81817626953125,20.526437759399414,252.47000122070312
2024-11-04,561.834228515625,60.93947219848633,216.61285400390625,75.66683959960938,42.96030807495117,92.23120880126953,25.67693519592285,72.01123046875,26.801044464111328,94.83164978027344,20.87543296813965,252.8300018310547
2024-11-05,568.62451171875,61.82123565673828,220.6874237060547,76.4193115234375,43.54603958129883,92.44741821289062,25.7894287109375,72.21185302734375,26.920936584472656,96.12503051757812,21.004011154174805,253.39999389648438
2024-11-06,582.7448120117188,64.37833404541016,233.47219848632812,75.31440734863281,43.00831604003906,91.72370147705078,25.189455032348633,72.33949279785156,26.69959259033203,93.70236206054688,20.7744083404541,245.6999969482422
2024-11-07,587.2879028320312,64.28035736083984,232.64547729492188,76.4573974609375,43.95893096923828,92.41920471191406,25.470693588256836,72.64954376220703,26.948606491088867,94.8606185913086,20.98564338684082,249.64999389648438
2024-11-08,589.8587646484375,64.5938720703125,234.3579864501953,75.40013122558594,42.87388610839844,92.5789794921875,25.751930236816406,72.76809692382812,27.022382736206055,96.41458892822266,20.664199829101562,247.9600067138672
2024-11-11,590.3101196289062,65.16212463378906,237.8814239501953,75.41918182373047,42.54740905761719,92.37220764160156,25.639436721801758,72.68600463867188,26.985498428344727,95.77755737304688,20.33357048034668,242.13999938964844
2024-11-12,588.5045776367188,64.47631072998047,233.70843505859375,74.01899719238281,41.74082565307617,91.83647918701172,25.283203125,72.39421844482422,26.782596588134766,94.48418426513672,20.223363876342773,240.0500030517578
2024-11-13,588.9462280273438,64.11380767822266,231.39553833007812,73.58085632324219,41.47195816040039,91.81768035888672,25.114458084106445,72.4124526977539,26.718036651611328,95.130859375,20.159074783325195,237.6300048828125
2024-11-14,585.0505981445312,63.545562744140625,228.27560424804688,73.7332534790039,41.24150848388672,91.78008270263672,25.236326217651367,72.2574234008789,26.69959259033203,94.29114532470703,20.14070701599121,237.00999450683594
2024-11-15,577.62255859375,62.86955261230469,224.87026977539062,73.46654510498047,41.24150848388672,91.78947448730469,25.161334991455078,72.24832153320312,26.718036651611328,94.3973159790039,20.03968048095703,236.58999633789062
2024-11-18,580.026611328125,62.98711395263672,225.31317138671875,73.8666000366211,41.71201705932617,91.87407684326172,25.217578887939453,72.38508605957031,26.754928588867188,95.16947937011719,20.498884201049805,241.08999633789062
2024-11-19,582.048095703125,63.01650619506836,226.98631286621094,73.77134704589844,41.68321228027344,92.00564575195312,25.330076217651367,72.49454498291016,26.810266494750977,95.67138671875,20.563173294067383,243.25
2024-11-20,582.3129272460938,63.39860534667969,227.2815704345703,73.57132720947266,41.63520050048828,91.91167449951172,25.26445960998535,72.47628021240234,26.745712280273438,95.46869659423828,20.55398941040039,244.6199951171875
2024-11-21,585.2960205078125,64.39794158935547,230.7361297607422,73.59037780761719,41.54877853393555,91.86466979980469,25.226959228515625,72.50363159179688,26.736480712890625,96.15398406982422,20.700937271118164,246.66000366210938
2024-11-22,587.22900390625,65.48543548583984,234.9977264404297,73.8761215209961,41.558380126953125,91.93047332763672,25.255077362060547,72.48540496826172,26.745712280273438,96.86824035644531,20.719303131103516,249.83999633789062
2024-11-25,588.9658203125,66.49456787109375,238.5703582763672,74.25713348388672,41.587188720703125,92.75757598876953,25.836301803588867,72.75897216796875,27.022382736206055,98.21952819824219,20.425413131713867,242.47999572753906
2024-11-26,592.439453125,66.1810531616211,236.8184814453125,73.82849884033203,41.41434860229492,92.6165771484375,25.742555618286133,72.62218475341797,26.96704864501953,98.52840423583984,20.425413131713867,242.9499969482422
2024-11-27,590.5358276367188,65.9557113647461,237.14328002929688,74.22855377197266,41.47195816040039,92.870361328125,25.911298751831055,72.84104919433594,27.05005645751953,99.2909164428711,20.315204620361328,243.49000549316406
2024-11-29,593.724853515625,66.03409576416016,238.04872131347656,75.21915435791016,41.5391731262207,93.2369155883789,26.12691307067871,72.9869384765625,27.188392639160156,98.75040435791016,20.33357048034668,245.58999633789062
2024-12-02,595.3341674804688,65.8283462524414,237.93063354492188,75.42870330810547,41.702415466308594,93.24822998046875,26.18991470336914,72.96037292480469,27.2115478515625,97.42806243896484,20.18662452697754,243.44000244140625
2024-12-03,595.5795288085938,65.66179656982422,236.23780822753906,75.8573226928711,41.78883361816406,93.06907653808594,26.011241912841797,72.96037292480469,27.146711349487305,96.86824035644531,20.416229248046875,243.92999267578125
2024-12-04,599.2493286132812,65.84793853759766,237.08421325683594,75.91448211669922,41.89446258544922,93.37081146240234,26.246339797973633,73.13441467285156,27.248594284057617,96.54971313476562,20.306018829345703,244.6699981689453
2024-12-05,598.2974243164062,65.30908966064453,234.31861877441406,76.28596496582031,42.17292022705078,93.3896484375,26.302766799926758,73.0702896118164,27.257854461669922,96.2505111694336,20.278467178344727,242.86000061035156
2024-12-06,599.376953125,65.31888580322266,235.15516662597656,76.27643585205078,42.10570526123047,93.65364074707031,26.330978393554688,73.18936920166016,27.32269287109375,96.22154998779297,20.122337341308594,242.9499969482422
2024-12-09,596.2859497070312,65.01516723632812,233.97413635253906,76.22880554199219,42.969905853271484,93.38023376464844,26.14289665222168,73.0977783203125,27.248594284057617,96.49180603027344,20.315204620361328,245.36000061035156
2024-12-10,594.5588989257812,64.58409118652344,232.96043395996094,75.54300689697266,42.27854919433594,93.26709747314453,26.011241912841797,73.13441467285156,27.220808029174805,94.96678161621094,20.36112403869629,248.58999633789062
2024-12-11,599.141357421875,64.98577117919922,234.01351928710938,76.01925659179688,42.451385498046875,93.05024719238281,25.804357528686523,73.15272521972656,27.165237426757812,94.79304504394531,20.61827850341797,250.9600067138672
2024-12-12,595.962158203125,64.61346435546875,230.97232055664062,75.35250091552734,42.24013900756836,92.673095703125,25.522239685058594,72.95121765136719,27.044836044311523,94.60964965820312,20.53562355041504,247.27999877929688
2024-12-13,595.8541870117188,64.29995727539062,229.38775634765625,75.14295196533203,42.27854919433594,92.32421875,25.31535530090332,72.74052429199219,26.905906677246094,94.21392822265625,20.526437759399414,244.2899932861328
2024-12-16,598.3956298828125,64.29016876220703,230.7361297607422,74.89530181884766,42.048095703125,92.40909576416016,25.35296630859375,72.87793731689453,26.942949295043945,93.94366455078125,20.416229248046875,244.8800048828125
2024-12-17,595.7901611328125,63.51006317138672,228.09458923339844,74.77655029296875,41.9475212097168,92.40909576416016,25.39998435974121,72.72220611572266,26.942949295043945,93.48431396484375,20.278467178344727,243.94000244140625
2024-12-18,578.2723999023438,61.09990692138672,217.99632263183594,72.942138671875,40.97108840942383,91.70533752441406,25.089658737182617,71.9754867553711,26.66509437561035,89.67916870117188,20.094785690307617,239.25999450683594
2024-12-19,577.8489379882812,60.942501068115234,217.0289306640625,72.71041870117188,41.1077880859375,91.46885681152344,24.797147750854492,71.90182495117188,26.56742286682129,88.30696105957031,20.094785690307617,239.60000610351562
2024-12-20,584.2495727539062,61.34584045410156,219.06239318847656,72.5076675415039,41.27378463745117,91.71478271484375,24.910383224487305,72.3530044555664,26.66044044494629,89.9127197265625,20.223363876342773,242.10000610351562
2024-12-23,588.4935302734375,61.503231048583984,218.55899047851562,72.98075103759766,41.50812911987305,91.43102264404297,24.702795028686523,72.15962982177734,26.595325469970703,90.30199432373047,20.238842010498047,240.9600067138672
2024-12-24,595.1107177734375,61.96559143066406,220.51348876953125,73.2414321899414,41.63506317138672,91.53507232666016,24.77828025817871,72.38982391357422,26.66044044494629,90.90536499023438,20.354934692382812,241.44000244140625
2024-12-26,594.8250732421875,62.20168685913086,222.77398681640625,73.58900451660156,41.48860168457031,91.60127258300781,24.77828025817871,72.57396697998047,26.679046630859375,91.09027862548828,20.296886444091797,243.07000732421875
2024-12-27,588.38525390625,61.591773986816406,219.52635192871094,73.4828109741211,41.303077697753906,91.41210174560547,24.580129623413086,72.32537078857422,26.595325469970703,90.1852035522461,20.393630981445312,241.39999389648438
2024-12-30,581.9354858398438,61.1589241027832,217.83837890625,73.00006103515625,40.97108840942383,91.77155303955078,24.797147750854492,72.4266586303711,26.688350677490234,89.80567169189453,20.57744598388672,240.6300048828125
2024-12-31,579.6705932617188,61.29664993286133,218.11477661132812,73.00006103515625,40.834388732910156,91.65804290771484,24.71223258972168,72.41743469238281,26.641841888427734,90.56475830078125,20.683862686157227,242.1300048828125
2025-01-02,578.45947265625,61.139251708984375,218.29246520996094,72.74903869628906,40.77580261230469,91.66749572753906,24.721668243408203,72.59236907958984,26.632539749145508,89.8154067993164,20.887025833129883,245.4199981689453
2025-01-03,585.5099487304688,61.88689041137695,221.5400848388672,73.0676498413086,41.156612396240234,91.57289123535156,24.646183013916016,72.70286560058594,26.595325469970703,90.92483520507812,20.780607223510742,243.49000549316406
2025-01-06,589.1434326171875,61.9951057434082,221.62893676757812,73.7627944946289,41.303077697753906,91.47830963134766,24.580129623413086,72.83179473876953,26.54881477355957,89.79593658447266,20.819305419921875,243.19000244140625
2025-01-07,582.5164184570312,61.591773986816406,219.85211181640625,73.7048568725586,41.01014709472656,91.1567153930664,24.315929412841797,72.59236907958984,26.455793380737305,89.02713012695312,20.91604995727539,244.55999755859375
2025-01-08,583.1268920898438,61.75900650024414,218.85511779785156,73.58900451660156,40.814857482910156,91.26075744628906,24.353668212890625,72.6844482421875,26.48369789123535,89.26068878173828,20.877351760864258,245.86000061035156
2025-01-10,574.4025268554688,60.883480072021484,214.03794860839844,72.46904754638672,40.1215934753418,90.7499771118164,24.18382453918457,72.30693817138672,26.35346794128418,87.0904769897461,21.438467025756836,248.2100067138672
2025-01-13,575.2395629882812,61.35567855834961,214.4525604248047,72.26629638671875,39.84819412231445,90.66481018066406,24.13665199279785,72.28853607177734,26.297651290893555,88.1804428100586,21.5932559967041,245.74000549316406
2025-01-14,576.0370483398438,62.07380294799805,216.89071655273438,72.5269775390625,40.29735565185547,90.69320678710938,24.098905563354492,72.38060760498047,26.316261291503906,89.00765228271484,21.583581924438477,247.02999877929688
2025-01-15,586.5143432617188,62.89030456542969,221.15509033203125,73.45384216308594,40.82462692260742,91.47830963134766,24.504642486572266,73.01592254638672,26.56742286682129,89.37747192382812,21.931861877441406,248.8800048828125
2025-01-16,585.5197143554688,63.36250686645508,221.5993194580078,73.83038330078125,40.77580261230469,91.67695617675781,24.589563369750977,73.09880828857422,26.604631423950195,91.44062042236328,21.83511734008789,250.60000610351562
2025-01-17,591.0734252929688,63.64777755737305,222.5568389892578,74.12967681884766,41.098026275634766,91.67695617675781,24.627309799194336,73.16325378417969,26.632539749145508,91.34330749511719,21.738372802734375,249.27000427246094
2025-01-21,596.43017578125,64.72989654541016,226.8310546875,75.62617492675781,41.53742218017578,91.97962188720703,24.825464248657227,73.35662078857422,26.762767791748047,93.08531188964844,21.631956100463867,253.1300048828125
2025-01-22,599.97509765625,64.41510772705078,225.3503875732422,75.452392578125,41.566715240478516,91.7620849609375,24.721668243408203,73.25533294677734,26.688350677490234,91.47954559326172,21.612606048583984,254.42999267578125
2025-01-23,603.3231201171875,64.42493438720703,226.3769989013672,76.07029724121094,41.66435623168945,91.6107177734375,24.551822662353516,73.347412109375,26.66044044494629,92.14131927490234,21.53521156311035,254.07000732421875
2025-01-24,601.540771484375,64.33639526367188,225.74522399902344,76.49510955810547,41.93775939941406,91.7620849609375,24.646183013916016,73.43026733398438,26.716259002685547,92.39435577392578,21.544885635375977,255.64999389648438
2025-01-27,593.151123046875,63.657615661621094,223.58343505859375,76.49510955810547,41.17613983154297,92.27287292480469,24.94812774658203,73.48552703857422,26.865093231201172,93.46485900878906,21.21595573425293,252.99000549316406
2025-01-28,598.1928100585938,63.736324310302734,223.83021545410156,76.3985595703125,41.47883224487305,92.2445068359375,24.89150619506836,73.45790100097656,26.8278865814209,92.48194122314453,21.235305786132812,255.17999267578125
2025-01-29,595.6522827148438,63.490386962890625,223.31687927246094,76.38890838623047,41.48860168457031,92.18773651123047,24.86319923400879,73.411865234375,26.799976348876953,91.26544189453125,21.274002075195312,254.1999969482422
2025-01-30,598.6358642578125,64.18883514404297,225.58729553222656,77.22886657714844,42.191627502441406,92.32015991210938,24.94812774658203,73.54996490478516,26.846487045288086,92.48194122314453,21.293350219726562,258.04998779296875
2025-01-31,595.4060668945312,63.598594665527344,223.5636749267578,76.5047607421875,41.71318054199219,92.13098907470703,24.844327926635742,73.40267181396484,26.7813720703125,92.2775650024414,21.25465202331543,258.55999755859375
2025-02-03,591.4869995117188,62.870628356933594,220.94781494140625,75.60685729980469,41.410484313964844,92.21829986572266,24.978784561157227,73.31017303466797,26.815946578979492,91.97587585449219,21.419116973876953,259.94000244140625
2025-02-04,595.4356079101562,63.27396011352539,224.0078887939453,76.48545837402344,42.15257263183594,92.3891372680664,25.045066833496094,73.5413818359375,26.86266326904297,92.1023941040039,21.47716522216797,262.5
2025-02-05,597.877685546875,63.84453201293945,226.44607543945312,77.22886657714844,42.045166015625,92.88262939453125,25.43328857421875,73.73564147949219,27.02150535583496,93.49405670166016,21.34172248840332,264.1300048828125
2025-02-06,600.0736083984375,63.82485580444336,225.7057342529297,77.59575653076172,42.22092819213867,92.78772735595703,25.43328857421875,73.6246337890625,26.984130859375,93.71788024902344,21.351396560668945,263.42999267578125
2025-02-07,594.5592651367188,63.00835418701172,223.08987426757812,76.86199188232422,42.18186569213867,92.49352264404297,25.281789779663086,73.39339447021484,26.890697479248047,93.36754608154297,21.36107063293457,263.8999938964844
2025-02-10,598.4487915039062,63.07721710205078,224.09674072265625,77.38335418701172,42.68960952758789,92.52198791503906,25.21550750732422,73.5413818359375,26.890697479248047,93.49405670166016,21.670652389526367,268.3699951171875
2025-02-11,598.92138671875,62.7820930480957,222.7937469482422,77.75023651123047,42.523616790771484,92.31319427490234,25.073474884033203,73.51362609863281,26.834632873535156,93.88333129882812,21.83511734008789,267.3900146484375
2025-02-12,596.9324340820312,62.319732666015625,220.74050903320312,78.03987884521484,42.75796127319336,91.8292007446289,24.7420654296875,73.35641479492188,26.722511291503906,92.9101333618164,21.5932559967041,267.6700134277344
2025-02-13,603.29345703125,62.900142669677734,223.2280731201172,78.98604583740234,43.0313606262207,92.37962341308594,25.120824813842773,73.68936920166016,26.900033950805664,93.75680541992188,21.699676513671875,270.30999755859375
2025-02-14,603.3034057617188,62.86079025268555,223.0602569580078,79.1019058227539,43.36334991455078,92.7212905883789,25.272323608398438,73.77262878417969,26.993471145629883,93.35780334472656,21.7093505859375,266.2900085449219
2025-02-18,605.0758056640625,63.441192626953125,224.28428649902344,79.6715316772461,43.636749267578125,92.35115814208984,24.997724533081055,73.70787048339844,26.900033950805664,93.74707794189453,22.02860450744629,270.70001220703125
2025-02-19,606.4248657226562,63.096885681152344,223.51431274414062,78.85087585449219,43.56840133666992,92.4840316772461,25.035600662231445,73.76338195800781,26.918724060058594,93.78600311279297,22.20274543762207,270.8500061035156
2025-02-20,604.0714111328125,62.48697280883789,221.37228393554688,79.21776580810547,43.9687385559082,92.62638854980469,25.111352920532227,73.80963134765625,26.965438842773438,94.37965393066406,22.231767654418945,270.989990234375
2025-02-21,593.6434326171875,60.991695404052734,214.99545288085938,78.7253646850586,43.841800689697266,93.02496337890625,25.395418167114258,73.67089080810547,27.049535751342773,93.68869018554688,21.92218589782715,270.739990234375
2025-02-24,590.8173828125,60.903160095214844,213.4456787109375,78.67709350585938,43.168060302734375,93.18631744384766,25.471168518066406,73.76338195800781,27.114940643310547,94.01957702636719,21.844791412353516,272.2099914550781
2025-02-25,587.942138671875,60.8933219909668,212.63623046875,79.39155578613281,43.197357177734375,93.7652359008789,25.8404541015625,73.94834899902344,27.273780822753906,95.09007263183594,21.60293197631836,268.6199951171875
2025-02-26,588.1390991210938,61.001529693603516,212.9027557373047,79.49774932861328,43.62698745727539,93.91707611083984,25.982481002807617,74.05010223388672,27.32984161376953,94.63267517089844,21.419116973876953,269.0299987792969
2025-02-27,578.784423828125,60.25389099121094,209.65512084960938,78.59986114501953,42.77749252319336,93.77472686767578,25.8404541015625,73.911376953125,27.24574851989746,95.03169250488281,21.44814109802246,264.92999267578125
2025-02-28,587.9027099609375,60.8736457824707,211.88601684570312,78.76399230957031,42.191627502441406,94.19231414794922,26.12451934814453,74.11485290527344,27.35787010192871,95.77130126953125,21.283676147460938,263.2699890136719
2025-03-03,577.8095092773438,59.516090393066406,206.09161376953125,79.63292694091797,41.820587158203125,94.39601135253906,26.25083351135254,73.96056365966797,27.40947914123535,96.2481689453125,21.148235321044922,266.739990234375
2025-03-04,570.8380126953125,58.581539154052734,203.7620086669922,79.61360931396484,42.17210006713867,94.15804290771484,25.975406646728516,73.95130157470703,27.343795776367188,95.17766571044922,21.21595573425293,269.05999755859375
2025-03-05,577.0907592773438,59.30950164794922,205.78561401367188,81.51561737060547,43.431697845458984,93.83438110351562,25.785459518432617,73.98847198486328,27.26872444152832,96.3260269165039,21.157909393310547,269.6199951171875
2025-03-06,566.731689453125,58.404457092285156,202.6366729736328,80.6756362915039,43.15829849243164,93.73918151855469,25.718976974487305,73.70967864990234,27.20304298400879,93.75680541992188,21.051490783691406,268.25
2025-03-07,569.6563110351562,58.76844787597656,203.29806518554688,81.51561737060547,43.373111724853516,93.62493896484375,25.624000549316406,73.83048248291016,27.165508270263672,94.36991882324219,21.235305786132812,268.3900146484375
2025-03-10,554.8170166015625,57.51910400390625,198.18475341796875,79.59430694580078,42.338096618652344,94.0723648071289,25.880434036254883,73.55170440673828,27.24995994567871,93.4745864868164,21.099863052368164,266.0400085449219
2025-03-11,550.0903930664062,57.21414566040039,198.16500854492188,79.32396697998047,42.68960952758789,93.73918151855469,25.690486907958984,73.29150390625,27.099822998046875,92.34568786621094,21.21595573425293,269.1600036621094
2025-03-12,552.8869018554688,57.16495132446289,198.51051330566406,79.89360046386719,42.923954010009766,93.46311950683594,25.55752182006836,73.37515258789062,27.00598907470703,92.00506591796875,21.21595573425293,270.3299865722656
2025-03-13,545.5805053710938,56.27959060668945,195.54913330078125,79.36258697509766,42.74819564819336,93.74869537353516,25.766469955444336,72.96627807617188,27.090436935424805,90.25333404541016,21.138561248779297,275.1300048828125
2025-03-14,556.9044799804688,57.6469841003418,200.27745056152344,80.8204574584961,43.52934265136719,93.55829620361328,25.64299774169922,73.3008041381836,27.071666717529297,92.09265899658203,21.25465202331543,275.239990234375
2025-03-17,560.8924560546875,58.512672424316406,202.80447387695312,81.72801208496094,44.27143096923828,93.68206024169922,25.756973266601562,73.47736358642578,27.10920524597168,93.54270935058594,21.399770736694336,276.7300109863281
2025-03-18,555.0499267578125,58.03227996826172,201.04348754882812,81.7183609008789,44.046852111816406,93.77725219726562,25.794960021972656,73.3472671508789,27.17489242553711,93.1802978515625,21.351396560668945,279.9599914550781
2025-03-19,561.0554809570312,58.75238037109375,204.16976928710938,81.95973205566406,44.15426254272461,94.05331420898438,25.899429321289062,73.83048248291016,27.287492752075195,93.31706237792969,21.48683738708496,281.1099853515625
2025-03-20,559.8009643554688,58.32821273803711,202.8737335205078,81.27423858642578,43.74415588378906,94.11043548583984,25.937416076660156,73.72826385498047,27.27811050415039,93.11192321777344,21.525535583496094,280.75
2025-03-21,559.6430053710938,58.002689361572266,201.61727905273438,80.7721939086914,43.52934265136719,93.99620056152344,25.813953399658203,73.61674499511719,27.24057388305664,92.2327651977539,21.399770736694336,278.489990234375
2025-03-24,569.6587524414062,59.44288635253906,206.6332244873047,80.76253509521484,43.72462844848633,93.63445281982422,25.55752182006836,73.83048248291016,27.137359619140625,93.50265502929688,21.47716522216797,277.25
2025-03-25,570.8837280273438,59.294925689697266,205.485595703125,81.20665740966797,43.597694396972656,93.72013092041016,25.576513290405273,73.7933349609375,27.165508270263672,92.46721649169922,21.506187438964844,278.4700012207031
2025-03-26,564.4237670898438,58.92007827758789,203.39808654785156,80.15428161621094,43.33405685424805,93.4916763305664,25.424560546875,73.4959487915039,27.0810489654541,92.97516632080078,21.47716522216797,278.239990234375
2025-03-27,562.645751953125,58.476173400878906,202.42852783203125,80.32806396484375,43.54887008666992,93.44406127929688,25.358076095581055,73.35657501220703,27.05290412902832,92.6821060180664,21.53521156311035,281.9700012207031
2025-03-28,551.2864990234375,57.420684814453125,198.31288146972656,79.61360931396484,42.738433837890625,93.9866943359375,25.68099021911621,73.2264633178711,27.19365692138672,92.54535675048828,21.467491149902344,284.05999755859375
2025-03-31,555.0203247070312,57.55878829956055,197.36312866210938,78.9088134765625,42.67008590698242,94.16755676269531,25.88993263244629,73.31010437011719,27.24057388305664,93.5319595336914,21.767396926879883,288.1400146484375
2025-04-01,556.8772583007812,57.864585876464844,197.3828887939453,79.02466583251953,42.806785583496094,94.51616668701172,26.073856353759766,73.48006439208984,27.311256408691406,93.59056854248047,21.777070999145508,287.57000732421875
2025-04-02,560.2554321289062,58.79183578491211,200.49932861328125,79.2081069946289,42.86537170410156,94.41110229492188,26.064327239990234,73.62945556640625,27.358375549316406,93.99107360839844,21.912511825561523,288.1600036621094
2025-04-03,533.45751953125,54.83621597290039,187.62803649902344,77.5474853515625,41.95729064941406,94.90776062011719,26.226335525512695,72.71434020996094,27.3678035736084,91.07034301757812,21.032142639160156,286.4200134277344
2025-04-04,501.39495849609375,52.1629638671875,179.2582244873047,72.430419921875,39.62361526489258,94.99370574951172,26.4741153717041,71.6778335571289,27.339527130126953,87.04576873779297,20.267866134643555,279.7200012207031
2025-04-07,500.1800537109375,51.590824127197266,177.63572692871094,70.68290710449219,38.149200439453125,93.7903060913086,25.749839782714844,71.06153106689453,26.849470138549805,84.66230773925781,19.948610305786133,273.7099914550781
2025-04-08,492.6928405761719,50.46628189086914,172.95614624023438,70.44153594970703,37.61216354370117,93.30320739746094,25.30193519592285,70.73470306396484,26.604446411132812,82.52302551269531,19.50358772277832,275.20001220703125
2025-04-09,539.5619506835938,55.14201354980469,187.65771484375,75.87718963623047,40.21923828125,93.51332092285156,25.3686466217041,72.63029479980469,26.971986770629883,87.34858703613281,20.20981788635254,285.3800048828125
2025-04-10,520.6068115234375,52.95211410522461,179.77268981933594,74.38069915771484,39.525970458984375,92.77789306640625,24.8159122467041,71.44438171386719,26.557321548461914,85.2972412109375,19.958282470703125,292.3500061035156
2025-04-11,530.4053955078125,53.632755279541016,182.39443969726562,76.24408721923828,40.76604080200195,92.682373046875,24.873092651367188,71.6591567993164,26.58559799194336,86.54759216308594,20.248516082763672,297.92999267578125
2025-04-14,534.889892578125,54.323265075683594,184.54129028320312,77.06474304199219,41.1370849609375,93.22677612304688,25.063688278198242,72.01399993896484,26.72696304321289,88.364501953125,20.258190155029297,296.2300109863281
2025-04-15,533.5761108398438,54.23448181152344,184.7688446044922,77.7598876953125,41.098026275634766,93.41778564453125,25.149457931518555,72.21009063720703,26.849470138549805,88.60871124267578,20.20981788635254,297.7799987792969
2025-04-16,521.6736450195312,53.65248489379883,182.9979248046875,77.46058654785156,40.61957550048828,93.71388244628906,25.30193519592285,72.20075988769531,26.934289932250977,88.49148559570312,20.46135139465332,307.4700012207031
2025-04-17,522.1970825195312,54.10624694824219,184.4918212890625,78.3005599975586,40.93203353881836,93.47510528564453,25.09227752685547,72.6209487915039,26.915441513061523,89.80045318603516,20.674190521240234,306.1199951171875
2025-04-21,510.0576171875,52.87319564819336,180.79171752929688,77.87574768066406,40.92226791381836,92.91160583496094,24.692020416259766,72.19142150878906,26.698684692382812,87.98353576660156,20.500049591064453,315.5899963378906
2025-04-22,522.8984985351562,54.19502258300781,185.47128295898438,79.48810577392578,41.53742218017578,93.0835189819336,24.8254451751709,72.47156524658203,26.755229949951172,89.74183654785156,20.59679412841797,311.1099853515625
2025-04-23,531.2647705078125,54.89540100097656,188.2216339111328,79.80671691894531,42.015872955322266,93.31273651123047,25.035097122192383,72.83573150634766,26.830625534057617,89.86882019042969,20.44200325012207,303.6499938964844
2025-04-24,542.4954833984375,56.07912826538086,191.9910125732422,80.86874389648438,42.504085540771484,93.82848358154297,25.282875061035156,73.4893798828125,27.056806564331055,90.1911849975586,20.625816345214844,308.07000732421875
2025-04-25,546.4169921875,55.82265090942383,192.05038452148438,81.21631622314453,42.42597198486328,94.17233276367188,25.435352325439453,73.55474853515625,27.16989517211914,90.0251235961914,20.65484046936035,304.7300109863281
2025-04-28,546.6539916992188,56.029808044433594,192.8616485595703,81.7569808959961,42.504085540771484,94.43021392822266,25.57830047607422,73.59211730957031,27.235862731933594,90.60145568847656,20.538747787475586,309.07000732421875
2025-04-29,550.130859375,56.306007385253906,193.99937438964844,81.92111206054688,42.62126159667969,94.65943145751953,25.77842903137207,73.78819274902344,27.2735595703125,91.20709228515625,20.277538299560547,306.05999755859375
2025-04-30,551.1285400390625,56.1383171081543,192.78248596191406,81.8245620727539,42.728668212890625,94.5734634399414,25.635482788085938,73.39599609375,27.1793155670166,91.51968383789062,19.900236129760742,303.7699890136719
2025-05-01,554.239990234375,56.48357009887695,193.97958374023438,81.56388854980469,42.718902587890625,94.31572723388672,25.472930908203125,73.49081420898438,27.108327865600586,91.77365112304688,19.996980667114258,297.4599914550781
2025-05-02,562.3692016601562,57.83499526977539,198.34259033203125,83.12796783447266,43.93944549560547,93.85577392578125,25.243444442749023,73.71605682373047,27.05153465270996,92.76026153564453,20.08405113220215,297.9800109863281
2025-05-05,559.2379760742188,57.70675277709961,196.81898498535156,83.27278900146484,44.27143096923828,93.69287872314453,25.10001564025879,73.68789672851562,27.013675689697266,92.66259002685547,19.967958450317383,306.8800048828125
2025-05-06,554.6646728515625,57.292457580566406,194.672119140625,83.16658782958984,44.09567642211914,93.92284393310547,25.186073303222656,73.63158416748047,27.06100082397461,91.97879791259766,20.267866134643555,315.4800109863281
2025-05-07,556.867431640625,57.45028305053711,195.31520080566406,82.88658905029297,43.58792495727539,94.06658172607422,25.291255950927734,73.69729614257812,27.117795944213867,91.96903228759766,20.01633071899414,310.75
2025-05-08,560.3837890625,58.17038345336914,199.03509521484375,82.59695434570312,43.55863571166992,93.5779037475586,25.02351951599121,73.67852783203125,27.013675689697266,91.56851196289062,20.277538299560547,304.6300048828125
2025-05-09,559.9492797851562,58.10133361816406,198.66905212402344,83.00244903564453,43.8515625,93.67372131347656,25.061767578125,73.72545623779297,26.985279083251953,92.18392944335938,20.432329177856445,306.8399963378906
2025-05-12,578.538818359375,60.18272018432617,205.65377807617188,83.4272689819336,44.7987060546875,93.35753631591797,24.84184455871582,74.45755004882812,26.9947452545166,92.46721649169922,20.567771911621094,298.19000244140625
2025-05-13,582.7169799804688,60.3800048828125,206.40570068359375,83.53346252441406,44.87681579589844,93.2616958618164,24.736663818359375,74.58894348144531,27.013675689697266,91.3340835571289,20.887025833129883,299.4599914550781
2025-05-14,583.0527954101562,60.19258499145508,204.57540893554688,83.12796783447266,45.218570709228516,92.99340057373047,24.593231201171875,74.31675720214844,26.890628814697266,90.52330017089844,20.780607223510742,293.1600036621094
2025-05-15,585.9172973632812,60.330684661865234,205.91102600097656,84.03551483154297,45.199039459228516,93.5204086303711,24.813161849975586,74.45755004882812,27.05153465270996,92.11555480957031,20.57744598388672,297.8399963378906
2025-05-16,589.7300415039062,60.98173522949219,207.61268615722656,84.22860717773438,45.16974639892578,93.5779037475586,24.87053108215332,74.54199981689453,27.098867416381836,93.2779769897461,20.500049591064453,294.239990234375
2025-05-19,590.4708862304688,60.744991302490234,206.7420654296875,85.02996063232422,45.267391204833984,93.54915618896484,24.794034957885742,74.50447845458984,27.108327865600586,93.38543701171875,20.471027374267578,298.0299987792969
2025-05-20,588.2780151367188,60.577293395996094,206.85089111328125,85.43546295166016,45.218570709228516,93.38626098632812,24.63148307800293,74.46692657470703,27.05153465270996,92.88724517822266,20.732234954833984,303.5799865722656
2025-05-21,578.499267578125,58.94966506958008,201.04348754882812,84.93341064453125,45.10139846801758,92.77301025390625,24.239444732666016,73.96947479248047,26.82437515258789,90.37678527832031,20.70321273803711,305.82000732421875
2025-05-22,578.5881958007812,58.890480041503906,201.03355407714844,84.88513946533203,44.954933166503906,93.04129028320312,24.363750457763672,74.11967468261719,26.928495407104492,90.00558471679688,20.59679412841797,303.1099853515625
2025-05-23,574.8742065429688,58.78197479248047,200.40040588378906,85.0009994506836,45.14045333862305,93.17544555664062,24.43067741394043,74.10089111328125,26.937955856323242,90.07396697998047,20.712886810302734,309.75
2025-05-27,586.6680297851562,60.08407974243164,205.485595703125,86.23681640625,45.03304672241211,93.59705352783203,24.727100372314453,74.5514144897461,27.146188735961914,91.55876159667969,20.529071807861328,304.5
2025-05-28,583.2108154296875,59.31465530395508,203.3189239501953,85.24237060546875,44.82799530029297,93.42459869384766,24.602794647216797,74.50447845458984,27.079931259155273,91.45130920410156,20.46135139465332,303.80999755859375
2025-05-29,585.5221557617188,59.47248077392578,203.92242431640625,85.61890411376953,44.993995666503906,93.7695541381836,24.822721481323242,74.61711120605469,27.184051513671875,92.25231170654297,20.354934692382812,305.6099853515625
2025-05-30,584.89990234375,59.22587203979492,202.88363647460938,85.74441528320312,44.44718933105469,93.99949645996094,24.87053108215332,74.68280792236328,27.25031089782715,92.34998321533203,20.20014190673828,303.6000061035156
2025-06-02,588.2977905273438,59.14695739746094,203.51681518554688,86.66162872314453,44.7694091796875,93.75243377685547,24.66229248046875,74.66960906982422,27.18851661682129,92.39883422851562,20.625816345214844,311.6700134277344
2025-06-03,591.596923828125,59.88678741455078,206.80140686035156,86.0051040649414,44.87681579589844,93.68512725830078,24.633501052856445,74.8110580444336,27.2170352935791,92.2132339477539,20.76125717163086,308.9100036621094
2025-06-04,591.4389038085938,59.77827835083008,206.21771240234375,86.39129638671875,45.43338394165039,94.24272155761719,24.99816131591797,74.9525146484375,27.378644943237305,92.45744323730469,20.683862686157227,310.8999938964844
2025-06-05,588.6829833984375,59.68949890136719,206.30673217773438,86.33336639404297,45.667728424072266,94.00238037109375,24.99816131591797,74.79219055175781,27.312097549438477,92.3792953491211,20.780607223510742,309.3299865722656
2025-06-06,594.6292724609375,60.261634826660156,209.64080810546875,86.6423110961914,45.81419372558594,93.52171325683594,24.691082000732422,74.78276824951172,27.18851661682129,92.76026153564453,20.945072174072266,305.17999267578125
2025-06-09,595.1923828125,60.43919372558594,211.0852508544922,86.6326675415039,46.20476531982422,93.63706970214844,24.71986961364746,74.82047271728516,27.245553970336914,92.85794830322266,20.964420318603516,306.6199951171875
2025-06-10,598.6099853515625,60.61675262451172,212.2229766845703,86.74851989746094,46.46840286254883,93.84857177734375,24.825429916381836,74.9996566772461,27.28358268737793,93.6882553100586,20.91604995727539,306.7099914550781
2025-06-11,596.9110107421875,60.30109405517578,211.35238647460938,86.60369873046875,46.663692474365234,94.16580963134766,24.921388626098633,74.98080444335938,27.369136810302734,93.19983673095703,21.25465202331543,308.3699951171875
2025-06-12,599.0841064453125,60.370147705078125,210.51144409179688,87.26988220214844,46.74180221557617,94.51190948486328,25.199678421020508,75.06568145751953,27.483217239379883,93.67849731445312,21.25465202331543,312.20001220703125
2025-06-13,592.4464111328125,59.44288635253906,206.6629180908203,86.1499252319336,45.999717712402344,94.1754379272461,24.969371795654297,74.83934783935547,27.359636306762695,92.85794830322266,21.912511825561523,316.2900085449219
2025-06-16,598.2299194335938,60.105899810791016,209.09945678710938,86.47306823730469,46.56364440917969,93.98316192626953,24.76784896850586,74.990234375,27.331111907958984,92.88249206542969,21.8641414642334,311.7799987792969
2025-06-17,593.2756958007812,59.601219177246094,206.89703369140625,85.41229248046875,45.952392578125,94.27157592773438,25.03654670715332,74.90536499023438,27.407163619995117,92.53881072998047,22.328510284423828,311.94000244140625
2025-06-18,593.1369018554688,59.81892395019531,207.98831176757812,85.55962371826172,45.94253158569336,94.33887481689453,25.05573844909668,75.0185317993164,27.435684204101562,92.84322357177734,22.38655662536621,310.260009765625
2025-06-20,591.1948852539062,59.79913330078125,207.5518035888672,84.79350280761719,45.67634582519531,94.4253921508789,25.017351150512695,75.2542953491211,27.445188522338867,92.84322357177734,22.50265121459961,310.1300048828125
2025-06-23,597.4075317382812,60.33349609375,210.09152221679688,85.43193817138672,46.05097961425781,94.61766052246094,25.13250732421875,75.39574432373047,27.521242141723633,94.13938903808594,21.670652389526367,311.0799865722656
2025-06-24,603.92724609375,60.88764953613281,212.77011108398438,86.47306823730469,47.2439079284668,95.00221252441406,25.27645492553711,75.60320281982422,27.64482307434082,94.51252746582031,21.148235321044922,306.19000244140625
2025-06-25,604.3731689453125,60.40276336669922,210.28993225097656,86.0016098022461,47.28334426879883,94.99258422851562,25.286046981811523,75.58434295654297,27.60679817199707,92.37188720703125,21.119211196899414,307.1199951171875
2025-06-26,609.129150390625,61.20430374145508,213.70266723632812,86.96417236328125,47.59883117675781,95.25216674804688,25.410797119140625,75.80123901367188,27.692358016967773,92.26386260986328,21.196605682373047,306.7799987792969
2025-06-27,611.804443359375,61.372535705566406,213.77210998535156,87.74993133544922,47.4115104675293,94.98297882080078,25.247663497924805,75.76351165771484,27.654333114624023,92.43079376220703,21.090187072753906,301.2200012207031
2025-06-30,615.2129516601562,61.372535705566406,214.07965087890625,87.79904174804688,47.55939865112305,95.36753845214844,25.506759643554688,76.05585479736328,27.777915954589844,93.05924987792969,21.099863052368164,304.8299865722656
2025-07-01,614.9849853515625,62.13449478149414,216.28204345703125,87.6517105102539,47.648128509521484,95.27976989746094,25.526018142700195,75.96017456054688,27.80178451538086,93.71715545654297,21.21595573425293,307.54998779296875
2025-07-02,617.7098388671875,62.75791549682617,219.2781219482422,87.9070816040039,47.85516357421875,95.1640396118164,25.371957778930664,76.10228729248047,27.792238235473633,93.9822769165039,21.564233779907227,309.25
2025-07-03,622.4163208007812,63.12405776977539,221.31187438964844,87.92672729492188,48.07205581665039,94.97113037109375,25.246780395507812,76.149658203125,27.734954833984375,94.0706558227539,21.5545597076416,307.1400146484375
2025-07-07,618.1160888671875,62.49073791503906,217.98841857910156,86.97399139404297,47.39179229736328,94.6335678100586,25.015689849853516,75.89383697509766,27.620386123657227,93.30472564697266,21.53521156311035,307.3699951171875
2025-07-08,617.6207275390625,62.74802017211914,219.49639892578125,87.61241912841797,47.68756103515625,94.59498596191406,24.977174758911133,75.78961181640625,27.55355453491211,93.20653533935547,21.60293197631836,304.1600036621094
2025-07-09,621.2868041992188,62.98551940917969,221.87734985351562,88.27050018310547,47.60869216918945,94.99042510986328,25.227523803710938,75.99807739257812,27.687217712402344,93.30472564697266,21.564233779907227,305.5199890136719
2025-07-10,623.0900268554688,63.32196807861328,223.0182342529297,88.21156311035156,47.736854553222656,94.96148681640625,25.246780395507812,75.92225646972656,27.687217712402344,93.80552673339844,21.496511459350586,306.20001220703125
2025-07-11,620.7021484375,62.777706146240234,219.9427947998047,87.36686706542969,47.5791130065918,94.56605529785156,24.919401168823242,75.82752227783203,27.563098907470703,93.76624298095703,21.777070999145508,309.1400146484375
2025-07-14,621.990234375,62.97562026977539,221.42100524902344,87.36686706542969,47.648128509521484,94.55641174316406,24.89051628112793,75.88436889648438,27.563098907470703,94.32595825195312,21.5932559967041,308.010009765625
2025-07-15,619.2654418945312,61.867313385009766,217.0856475830078,86.45342254638672,47.993186950683594,94.27671813964844,24.717193603515625,75.65696716308594,27.467628479003906,92.9905014038086,21.5545597076416,306.7300109863281
2025-07-16,621.5047607421875,62.1542854309082,219.26820373535156,86.80701446533203,48.21994400024414,94.4117431640625,24.765338897705078,75.85594940185547,27.505815505981445,93.91353607177734,21.583581924438477,308.260009765625
2025-07-17,625.1510009765625,62.83708190917969,222.1452178955078,87.03292083740234,48.49599075317383,94.45032501220703,24.746082305908203,75.93173217773438,27.55355453491211,93.785888671875,21.757720947265625,307.5899963378906
2025-07-18,624.8933715820312,62.79750061035156,220.5678253173828,86.7873764038086,48.38754653930664,94.6239242553711,24.81348419189453,76.03596496582031,27.60129165649414,94.0706558227539,21.796419143676758,308.3900146484375
2025-07-21,625.9436645507812,62.38188552856445,219.67494201660156,87.24900817871094,48.70302963256836,94.88433074951172,25.015689849853516,76.14019775390625,27.687217712402344,94.33578491210938,21.748046875,313.1300048828125
2025-07-22,625.9536743164062,63.21311569213867,221.5003662109375,87.73028564453125,48.73260498046875,95.06758880615234,25.140865325927734,76.2728271484375,27.75404930114746,96.02472686767578,21.7093505859375,316.1000061035156
2025-07-23,631.492431640625,63.727691650390625,224.8833465576172,89.91077423095703,49.22555160522461,94.85540008544922,25.02532196044922,76.31074523925781,27.71586036682129,96.24075317382812,21.651302337646484,312.17999267578125
2025-07-24,631.7401733398438,63.133949279785156,221.7781524658203,89.24288177490234,48.9593620300293,94.79753112792969,24.977174758911133,76.21598815917969,27.696765899658203,95.99527740478516,21.670652389526367,310.2699890136719
2025-07-25,634.1974487304688,63.688106536865234,222.60157775878906,89.13483428955078,48.81147384643555,94.95185089111328,25.12160873413086,76.26335144042969,27.763593673706055,95.97563171386719,21.44814109802246,307.3999938964844
2025-07-28,634.0587158203125,63.55946731567383,222.34364318847656,87.70082092285156,48.48613357543945,94.82646942138672,24.986804962158203,76.2254638671875,27.706314086914062,94.35540771484375,21.670652389526367,305.4100036621094
2025-07-29,632.5526733398438,63.48029708862305,220.9249725341797,87.5240249633789,48.50585174560547,95.33763122558594,25.352697372436523,76.2728271484375,27.849523544311523,95.95599365234375,21.951210021972656,306.25
2025-07-30,631.6707763671875,63.08447265625,219.80392456054688,86.89541625976562,48.15092849731445,95.06758880615234,25.2178955078125,76.11177062988281,27.792238235473633,94.57144165039062,21.9028377532959,300.9599914550781
2025-07-31,629.084716796875,62.37199020385742,217.651123046875,85.96231842041016,47.874881744384766,95.1158218383789,25.27566909790039,76.15913391113281,27.792238235473633,93.16725158691406,21.719024658203125,302.9599914550781
2025-08-01,618.9285888671875,61.441802978515625,213.216552734375,85.73641967773438,47.519962310791016,95.93836975097656,25.607112884521484,76.16295623779297,28.007978439331055,93.03960418701172,21.370746612548828,309.1099853515625
2025-08-04,628.3613891601562,62.24334716796875,217.98841857910156,86.87577056884766,48.01290512084961,96.0157699584961,25.67475128173828,76.42005157470703,28.04633140563965,93.9822769165039,21.293350219726562,310.9100036621094
2025-08-05,625.3392944335938,62.20376205444336,219.0995635986328,86.86595153808594,48.15092849731445,96.04480743408203,25.732730865478516,76.38197326660156,28.055923461914062,94.21793365478516,21.10953712463379,311.1600036621094
2025-08-06,629.966552734375,62.00585174560547,218.81182861328125,87.43562316894531,48.377685546875,96.00608825683594,25.597448348999023,76.45816040039062,28.055923461914062,93.55021667480469,21.06116485595703,310.5
2025-08-07,629.6197509765625,61.887107849121094,218.09756469726562,88.22138977050781,48.781898498535156,95.92868041992188,25.568458557128906,76.38197326660156,28.0367431640625,93.91353607177734,21.12888526916504,313.1199951171875
2025-08-08,634.3856201171875,61.8772087097168,218.57376098632812,88.76160430908203,48.742462158203125,95.74481964111328,25.47182846069336,76.39148712158203,27.96962547302246,93.08870697021484,21.12888526916504,313.04998779296875
2025-08-11,633.1272583007812,61.63971710205078,218.52415466308594,88.38835906982422,48.60443878173828,95.81256103515625,25.500816345214844,76.39148712158203,27.998390197753906,92.46025848388672,21.157909393310547,308.54998779296875
2025-08-12,639.825439453125,63.044891357421875,225.01229858398438,89.46878051757812,49.19597625732422,95.81256103515625,25.37519645690918,76.56289672851562,28.02715492248535,92.80393981933594,21.07084083557129,308.2699890136719
2025-08-13,642.1737060546875,64.02455139160156,229.38734436035156,90.00899505615234,49.78750991821289,96.16092681884766,25.58778190612793,76.76287841796875,28.142215728759766,93.66805267333984,21.04181671142578,309.2099914550781
2025-08-14,642.1935424804688,63.203216552734375,226.4309844970703,90.0188217163086,49.1762580871582,95.88996887207031,25.384862899780273,76.56289672851562,28.065509796142578,92.97087097167969,21.12888526916504,307.25
2025-08-15,640.746826171875,62.86676788330078,225.32977294921875,90.54920959472656,49.235408782958984,95.74481964111328,25.23025131225586,76.62004089355469,28.02715492248535,93.56985473632812,21.06116485595703,307.42999267578125
2025-08-18,640.4495849609375,63.02509307861328,226.1531982421875,90.45098114013672,49.52132034301758,95.63836669921875,25.181934356689453,76.56289672851562,27.979211807250977,92.65664672851562,21.080514907836914,306.95001220703125
2025-08-19,637.0609130859375,63.14384841918945,224.4170684814453,90.46080780029297,49.117103576660156,95.82222747802734,25.307558059692383,76.54385375976562,28.02715492248535,94.3161392211914,20.91604995727539,305.2699890136719
2025-08-20,635.356689453125,62.88656234741211,223.62339782714844,90.7849349975586,49.048091888427734,95.88030242919922,25.36553192138672,76.51528930664062,28.04633140563965,94.66963958740234,21.148235321044922,308.3599853515625
2025-08-21,632.849853515625,62.78760528564453,224.17898559570312,90.21525573730469,48.93964385986328,95.65772247314453,25.249576568603516,76.37242889404297,27.950448989868164,94.25721740722656,21.274002075195312,307.2900085449219
2025-08-22,642.5601196289062,64.52922058105469,232.96873474121094,91.5707015991211,49.91567611694336,96.18997955322266,25.423513412475586,76.99142456054688,28.132627487182617,95.95599365234375,21.36107063293457,310.5799865722656
2025-08-25,639.726318359375,64.0344467163086,230.51832580566406,90.36258697509766,49.62976837158203,96.04480743408203,25.37519645690918,76.83906555175781,28.084688186645508,95.40609741210938,21.467491149902344,309.8299865722656
2025-08-26,642.3223266601562,64.3016357421875,232.42311096191406,90.26437377929688,49.50160217285156,96.16092681884766,25.355873107910156,77.01046752929688,28.103862762451172,95.08206176757812,21.30302619934082,312.0799865722656
2025-08-27,643.84814453125,64.74693298339844,234.0699462890625,90.04828643798828,49.205833435058594,96.25770568847656,25.346206665039062,77.1056900024414,28.11345100402832,95.58284759521484,21.32237434387207,312.7099914550781
2025-08-28,646.1668090820312,64.82610321044922,234.3477325439453,90.38223266601562,49.393150329589844,96.37384033203125,25.491153717041016,77.143798828125,28.142215728759766,95.34718322753906,21.457815170288086,315.0299987792969
2025-08-29,642.3817749023438,64.4797592163086,233.30604553222656,89.85184478759766,49.15653991699219,96.2480239868164,25.336544036865234,77.0009536743164,28.065509796142578,95.87743377685547,21.48683738708496,318.07000732421875
2025-09-02,637.526611328125,64.23236846923828,232.04612731933594,88.96786499023438,49.117103576660156,95.99269104003906,25.173633575439453,76.9177017211914,28.001953125,94.23758697509766,21.83511734008789,325.5899963378906
2025-09-03,640.9549560546875,64.1235122680664,231.81793212890625,89.1053695678711,49.304420471191406,96.34220123291016,25.416059494018555,77.12820434570312,28.146394729614258,94.29650115966797,21.641630172729492,328.1400146484375
2025-09-04,646.236083984375,65.04380798339844,234.71478271484375,89.75362396240234,49.14667892456055,96.73054504394531,25.600305557250977,77.33869934082031,28.290830612182617,94.96421813964844,21.48683738708496,326.69000244140625
2025-09-05,644.5120849609375,65.36046600341797,235.88543701171875,90.15632629394531,49.738216400146484,97.18687438964844,25.949403762817383,77.3769760131836,28.435274124145508,95.99527740478516,21.312700271606445,331.04998779296875
2025-09-08,646.14697265625,65.36046600341797,236.3616180419922,91.05995178222656,50.19172668457031,97.51698303222656,26.230613708496094,77.3769760131836,28.52193832397461,95.43556213378906,21.457815170288086,334.82000732421875
2025-09-09,647.6331787109375,64.7667236328125,234.9727325439453,90.7554702758789,50.4677734375,97.32281494140625,26.104555130004883,77.2908706665039,28.483421325683594,95.2588119506836,21.51586151123047,334.05999755859375
2025-09-10,649.486083984375,64.73703002929688,234.55606079101562,90.73582458496094,50.81283950805664,97.51698303222656,26.250011444091797,77.34827423095703,28.550825119018555,95.121337890625,21.66097640991211,335.260009765625
2025-09-11,654.8961181640625,65.81565856933594,238.8914337158203,91.6983871459961,51.5522575378418,97.70145416259766,26.376073837280273,77.53963470458984,28.66637420654297,96.68262481689453,21.496511459350586,334.760009765625
2025-09-12,654.6681518554688,65.09327697753906,236.450927734375,91.33496856689453,51.52267837524414,97.61407470703125,26.279098510742188,77.46308135986328,28.61823081970215,96.22112274169922,21.62228012084961,335.4200134277344
2025-09-15,658.0865478515625,65.1031723022461,237.45291137695312,91.94393157958984,51.897315979003906,97.77912902832031,26.346982955932617,77.68315887451172,28.685638427734375,96.06400299072266,21.815767288208008,338.9100036621094
2025-09-16,657.2169799804688,64.91653442382812,237.06192016601562,91.68856048583984,52.28181457519531,97.81796264648438,26.385770797729492,77.62574005126953,28.676006317138672,95.6045150756836,22.038280487060547,339.5899963378906
2025-09-17,656.4915161132812,64.83711242675781,237.66880798339844,91.34478759765625,52.508567810058594,97.6431884765625,26.327587127685547,77.54920196533203,28.62786293029785,95.49581909179688,21.806095123291016,336.9700012207031
2025-09-18,659.6021728515625,65.66110229492188,243.58837890625,91.6983871459961,52.38040542602539,97.371337890625,26.09485626220703,77.72142791748047,28.579713821411133,95.53533935546875,21.7093505859375,335.6199951171875
2025-09-19,662.7526245117188,65.13494110107422,241.73789978027344,91.34478759765625,52.2620964050293,97.371337890625,26.05607032775879,77.75012969970703,28.579713821411133,94.99185180664062,21.53521156311035,339.17999267578125
2025-09-22,665.9428100585938,65.11508178710938,243.14068603515625,91.63945770263672,52.518428802490234,97.25484466552734,25.96879768371582,77.80754089355469,28.52193832397461,95.02149963378906,21.53521156311035,345.04998779296875
2025-09-23,662.3849487304688,65.05552673339844,242.59349060058594,91.46265411376953,52.548004150390625,97.41019439697266,26.123950958251953,77.75012969970703,28.560453414916992,95.66380310058594,21.757720947265625,346.4599914550781
2025-09-24,660.1587524414062,64.5690689086914,240.36495971679688,90.93226623535156,52.37054443359375,97.2257308959961,26.03667640686035,77.6448974609375,28.483421325683594,94.70528411865234,21.9028377532959,343.32000732421875
2025-09-25,657.137451171875,64.21167755126953,238.06675720214844,90.28401184082031,52.064918518066406,97.08979034423828,26.01728057861328,77.42481994628906,28.444902420043945,94.44837188720703,22.057626724243164,344.75
2025-09-26,660.7848510742188,64.86689758300781,240.1062774658203,90.98137664794922,51.96632766723633,97.15775299072266,25.997882843017578,77.5779037475586,28.47378921508789,95.41675567626953,22.067302703857422,346.739990234375
2025-09-29,662.643310546875,64.71798706054688,240.3848419189453,91.33496856689453,52.43955612182617,97.34222412109375,26.182132720947266,77.71186065673828,28.531564712524414,95.50569915771484,21.88348960876465,352.4599914550781
2025-09-30,665.1676025390625,64.7874755859375,240.72311401367188,91.70820617675781,52.6465950012207,97.33251953125,26.133644104003906,77.68315887451172,28.531564712524414,95.93061065673828,21.796419143676758,355.4700012207031
2025-10-01,667.6919555664062,65.01580810546875,241.25039672851562,92.4645004272461,53.0606689453125,97.58089447021484,26.192020416259766,77.82830047607422,28.62246322631836,95.98001098632812,21.757720947265625,356.0299987792969
2025-10-02,668.347900390625,65.09523010253906,242.7725830078125,92.61183166503906,53.3071403503418,97.68803405761719,26.269861221313477,77.79947662353516,28.65146827697754,95.4760513305664,21.612606048583984,354.7900085449219
2025-10-03,668.268310546875,65.29377746582031,244.57333374023438,93.38777160644531,53.464881896972656,97.58089447021484,26.192020416259766,77.71295166015625,28.632131576538086,95.89108276367188,21.680326461791992,357.6400146484375
2025-10-06,670.72314453125,65.40298461914062,245.54830932617188,93.6038589477539,53.71135711669922,97.36659240722656,26.03635025024414,77.73218536376953,28.554773330688477,94.86339569091797,21.9028377532959,364.3800048828125
2025-10-07,668.268310546875,64.67827606201172,242.911865234375,92.78862762451172,53.29728317260742,97.53219604492188,26.172563552856445,77.64564514160156,28.603124618530273,94.59659576416016,21.989906311035156,366.260009765625
2025-10-08,672.24365234375,65.33348846435547,245.4587860107422,93.06364440917969,53.72121810913086,97.54193878173828,26.18229103088379,77.53030395507812,28.583782196044922,94.18156433105469,22.018930435180664,372.29998779296875
2025-10-09,670.3554077148438,64.61870574951172,243.8769073486328,92.29753112792969,53.16911697387695,97.425048828125,26.18229103088379,77.30919647216797,28.53543472290039,93.6874771118164,21.815767288208008,365.42999267578125
2025-10-10,652.1484985351562,62.792030334472656,236.57443237304688,90.59831237792969,51.207191467285156,97.82441711425781,26.542287826538086,76.85737609863281,28.59345245361328,92.58074188232422,21.351396560668945,369.1199951171875
2025-10-13,662.1165161132812,64.0230484008789,243.1605987548828,91.32514953613281,52.69588851928711,98.00948333740234,26.522829055786133,77.33804321289062,28.65146827697754,93.14399719238281,21.62228012084961,378.0899963378906
2025-10-14,661.3711547851562,64.60877990722656,246.6327362060547,91.7376708984375,52.22266387939453,98.16532897949219,26.600662231445312,77.424560546875,28.738500595092773,94.11239624023438,21.380420684814453,380.7900085449219
2025-10-15,664.1539306640625,64.66835021972656,249.05032348632812,92.1796646118164,53.080387115478516,98.12637329101562,26.542287826538086,77.67449188232422,28.757837295532227,95.46617126464844,21.457815170288086,387.3900146484375
2025-10-16,659.8804321289062,63.8741340637207,243.8072509765625,92.66093444824219,53.425445556640625,98.47704315185547,26.73687744140625,77.39572143554688,28.825525283813477,95.17960357666016,21.419116973876953,396.45001220703125
2025-10-17,663.5675659179688,64.0031967163086,242.16571044921875,92.82791900634766,53.41558837890625,98.34066772460938,26.688232421875,77.59760284423828,28.79651641845703,95.80213928222656,21.399770736694336,388.989990234375
2025-10-20,670.4249877929688,64.7874755859375,246.89141845703125,93.59403228759766,54.14514923095703,98.50625610351562,26.78553009033203,77.75139617919922,28.854537963867188,96.81007385253906,21.612606048583984,403.1499938964844
2025-10-21,670.2659301757812,65.0356674194336,245.7274169921875,92.90648651123047,53.543758392333984,98.60365295410156,26.902280807495117,77.63603973388672,28.87387466430664,96.4642105102539,21.390094757080078,377.239990234375
2025-10-22,667.01611328125,64.271240234375,242.09605407714844,92.76898193359375,53.49446105957031,98.59391784667969,26.92173957824707,77.55914306640625,28.883546829223633,96.88912963867188,21.728696823120117,377.2799987792969
2025-10-23,670.8025512695312,65.1448745727539,245.16030883789062,93.2011489868164,53.967689514160156,98.41858673095703,26.756338119506836,77.73218536376953,28.854537963867188,96.78042602539062,22.096324920654297,378.7900085449219
2025-10-24,676.318359375,65.5121841430664,248.15492248535156,93.34848022460938,54.322608947753906,98.5159912109375,26.766067504882812,77.94365692138672,28.902883529663086,97.00770568847656,22.106000900268555,377.5199890136719
2025-10-27,684.348388671875,65.76038360595703,249.02047729492188,93.99673461914062,54.92400360107422,98.58418273925781,26.853633880615234,78.13593292236328,28.931896209716797,97.33380126953125,22.057626724243164,367.010009765625
2025-10-28,686.0777587890625,65.16472625732422,247.6873321533203,93.95745086669922,54.9042854309082,98.64263153076172,26.912010192871094,78.05902862548828,28.94156265258789,95.2883071899414,21.85446548461914,364.3800048828125
2025-10-29,686.4454345703125,64.75769805908203,245.57815551757812,93.42706298828125,55.21976852416992,98.1750717163086,26.649311065673828,77.8187026977539,28.806190490722656,92.87718963623047,21.970558166503906,363.0
2025-10-30,679.0115966796875,64.06275939941406,243.5983428955078,93.01453399658203,54.647953033447266,97.99000549316406,26.532560348510742,77.67449188232422,28.69015121459961,93.2625732421875,21.98023223876953,370.1300048828125
2025-10-31,680.999267578125,64.45986938476562,244.97128295898438,92.80827331542969,54.5197868347168,97.93156433105469,26.464452743530273,77.67449188232422,28.59345245361328,93.53926086425781,22.13502311706543,368.1199951171875
2025-11-03,682.4501953125,64.43008422851562,244.18531799316406,92.8475570678711,54.86485290527344,97.81136322021484,26.40880012512207,77.43293762207031,28.52936363220215,93.44043731689453,22.299488067626953,368.7799987792969
2025-11-04,674.618896484375,63.8741340637207,239.9669952392578,91.89482116699219,53.8592414855957,97.86022186279297,26.457618713378906,77.4426040649414,28.56820297241211,93.64795684814453,22.144697189331055,362.32000732421875
2025-11-05,676.7059326171875,64.31095123291016,243.42918395996094,92.48414611816406,54.34232711791992,97.59636688232422,26.19401741027832,77.5198974609375,28.50994110107422,93.63807678222656,22.076976776123047,366.510009765625
2025-11-06,669.361572265625,63.69544219970703,239.12135314941406,92.27787780761719,53.9381103515625,97.95793914794922,26.428329467773438,77.54889678955078,28.626466751098633,93.14399719238281,22.106000900268555,366.07000732421875
2025-11-07,670.1765747070312,64.45986938476562,240.37490844726562,92.62165832519531,53.78036880493164,97.91885375976562,26.359987258911133,77.61653137207031,28.58762550354004,94.53730010986328,22.15437126159668,368.30999755859375
2025-11-10,680.591796875,64.87682342529297,242.78253173828125,93.59403228759766,54.72682189941406,97.8797607421875,26.359987258911133,77.87740325927734,28.58762550354004,94.35942840576172,22.39623260498047,378.3800048828125
2025-11-11,681.9234619140625,64.85697174072266,242.99147033691406,94.28157043457031,54.78597640991211,98.17293548583984,26.477144241333008,77.96436309814453,28.704151153564453,95.4760513305664,22.54134750366211,379.8699951171875
2025-11-12,682.4005126953125,65.08529663085938,242.39451599121094,94.8414306640625,54.79583740234375,98.13384246826172,26.525957107543945,77.80976104736328,28.665313720703125,94.69540405273438,22.289813995361328,385.989990234375
2025-11-13,671.2796630859375,63.8741340637207,235.5795440673828,93.82975769042969,54.15501022338867,97.8406753540039,26.34046173095703,77.49091339111328,28.558496475219727,93.53926086425781,22.173721313476562,382.8699951171875
2025-11-14,671.1405029296875,63.73514938354492,236.26602172851562,93.56456756591797,54.18458557128906,97.7234115600586,26.203779220581055,77.51023864746094,28.500232696533203,93.75665283203125,22.222091674804688,375.9599914550781
2025-11-17,664.8594970703125,62.553768157958984,231.57012939453125,92.34663391113281,53.543758392333984,97.74295043945312,26.262357711791992,77.38462829589844,28.500232696533203,93.12422943115234,22.193069458007812,371.6499938964844
2025-11-18,659.3536987304688,62.7523193359375,232.27651977539062,91.14835357666016,53.277565002441406,97.80159759521484,26.252592086791992,77.4039535522461,28.5196533203125,93.55902099609375,22.376882553100586,374.3500061035156
2025-11-19,661.8383178710938,62.84166717529297,232.23670959472656,90.87332916259766,53.09024429321289,97.80159759521484,26.213542938232422,77.4426040649414,28.5196533203125,92.83766174316406,22.15437126159668,374.9599914550781
2025-11-20,651.7211303710938,61.80919647216797,227.9387969970703,89.6161117553711,52.360687255859375,97.91885375976562,26.32093048095703,77.39429473876953,28.548784255981445,92.52144622802734,21.94153594970703,374.8500061035156
2025-11-21,658.1909790039062,63.298336029052734,234.3956298828125,91.00102233886719,52.350826263427734,98.15340423583984,26.369749069213867,77.65518188476562,28.626466751098633,93.94440460205078,21.796419143676758,374.2699890136719
2025-11-24,667.9105834960938,63.93370819091797,238.6736297607422,91.07959747314453,52.90292739868164,98.34883117675781,26.516191482543945,77.86774444580078,28.723575592041016,94.07286071777344,21.9028377532959,380.20001220703125
2025-11-25,674.1915893554688,65.12500762939453,243.8769073486328,92.16983795166016,53.09024429321289,98.50520324707031,26.584537506103516,78.1382827758789,28.801254272460938,94.95232391357422,21.786745071411133,380.0799865722656
2025-11-26,678.8426513671875,65.5121841430664,246.03582763671875,93.18151092529297,53.47474670410156,98.66156005859375,26.69192886352539,78.21558380126953,28.869226455688477,95.37723541259766,22.018930435180664,383.1199951171875
2025-11-28,682.6390991210938,65.85964965820312,247.4783935546875,93.49581909179688,53.55361557006836,98.52474212646484,26.574771881103516,78.25423431396484,28.830387115478516,95.75274658203125,22.309162139892578,387.8800048828125
2025-12-01,679.4389038085938,65.48240661621094,244.36439514160156,93.0341796875,53.51417922973633,98.09925079345703,26.26131820678711,78.11348724365234,28.70655059814453,94.6558837890625,22.367210388183594,389.75
2025-12-02,680.6017456054688,65.25408172607422,243.9167022705078,93.34848022460938,53.533897399902344,98.22669982910156,26.30050277709961,78.25907897949219,28.73580551147461,94.35942840576172,22.270465850830078,387.239990234375
2025-12-03,683.0167846679688,65.71074676513672,248.35389709472656,93.84941101074219,53.573333740234375,98.41297912597656,26.35927391052246,78.32703399658203,28.794309616088867,94.63611602783203,22.376882553100586,386.8800048828125
2025-12-04,683.6030883789062,66.03834533691406,250.53271484375,94.10477447509766,53.5634765625,98.17767333984375,26.231935501098633,78.38528442382812,28.73580551147461,94.39895629882812,22.4349308013916,387.1300048828125
2025-12-05,684.8552856445312,66.0582046508789,249.4880828857422,94.10477447509766,53.967689514160156,98.06983947753906,26.11439323425293,78.38528442382812,28.716304779052734,94.33966827392578,22.570371627807617,386.44000244140625
2025-12-08,682.8179321289062,65.73059844970703,249.5875701904297,93.81011962890625,53.84938049316406,97.91297149658203,26.036027908325195,78.1911392211914,28.66754913330078,93.52938079833984,22.289813995361328,385.4200134277344
2025-12-09,682.2713623046875,65.69088745117188,250.1049041748047,93.68242645263672,53.760650634765625,97.8247299194336,26.045825958251953,78.10377502441406,28.648046493530273,93.04518127441406,22.24144172668457,387.3999938964844
2025-12-10,686.6541137695312,66.93183135986328,253.50743103027344,94.72357177734375,54.36204528808594,98.13846588134766,26.143775939941406,78.36585998535156,28.755306243896484,93.39103698730469,22.376882553100586,389.04998779296875
2025-12-11,688.3138427734375,67.56719970703125,256.48211669921875,95.2834243774414,54.105712890625,98.15807342529297,26.12418556213379,78.35616302490234,28.73580551147461,93.76653289794922,22.357534408569336,393.239990234375
2025-12-12,680.9395751953125,66.68364715576172,252.55233764648438,94.78250122070312,53.47474670410156,97.85414123535156,25.90869140625,78.21054077148438,28.599292755126953,93.63807678222656,22.173721313476562,395.44000244140625
2025-12-15,679.9259643554688,66.56451416015625,250.6421356201172,95.36199188232422,53.31700134277344,97.95219421386719,25.938072204589844,78.24938201904297,28.6285457611084,93.95428466796875,22.067302703857422,395.79998779296875
2025-12-16,678.0349731445312,66.12554168701172,249.4562530517578,94.91999816894531,52.97999954223633,98.13846588134766,26.065414428710938,78.29791259765625,28.67729949951172,93.15851593017578,21.844791412353516,395.8900146484375
2025-12-17,670.6246948242188,65.82624053955078,246.8009796142578,94.1500015258789,52.599998474121094,98.10905456542969,26.045825958251953,78.20084381103516,28.65779685974121,93.58731842041016,22.106000900268555,399.2900085449219
2025-12-18,675.701171875,66.15546417236328,248.26837158203125,94.81999969482422,53.20000076293945,98.3541488647461,26.146081924438477,78.4144058227539,28.74886131286621,93.06877136230469,21.951210021972656,398.57000732421875
2025-12-19,681.67529296875,66.69420623779297,250.34466552734375,95.45999908447266,53.720001220703125,98.21053314208984,26.037960052490234,78.37635803222656,28.690109252929688,92.75963592529297,22.106000900268555,399.0199890136719
2025-12-22,686.0037841796875,67.26287841796875,253.12973022460938,95.69999694824219,54.0099983215332,98.17118835449219,26.018299102783203,78.44463348388672,28.680320739746094,93.34799194335938,22.389999389648438,408.2300109863281
2025-12-23,689.1353759765625,67.06334686279297,251.63238525390625,96.29000091552734,54.310001373291016,98.17118835449219,26.057619094848633,78.5031509399414,28.709693908691406,93.27818298339844,22.639999389648438,413.6400146484375
2025-12-24,691.5490112304688,67.16311645507812,252.2612762451172,96.41000366210938,54.41999816894531,98.38758850097656,26.175567626953125,78.64945983886719,28.797821044921875,93.95628356933594,22.6299991607666,411.92999267578125
2025-12-26,691.4293212890625,67.173095703125,250.9735565185547,96.56999969482422,54.79999923706055,98.40726470947266,26.136255264282227,78.61043548583984,28.8076114654541,94.05599975585938,22.700000762939453,416.739990234375
2025-12-29,689.0755615234375,66.7740249633789,249.43629455566406,96.27999877929688,54.65999984741211,98.52531433105469,26.224716186523438,78.63969421386719,28.82719612121582,94.2354965209961,22.489999771118164,398.6000061035156
2025-12-30,688.0881958007812,66.5445556640625,247.58956909179688,96.44000244140625,54.880001068115234,98.48596954345703,26.18539810180664,78.71772766113281,28.81740379333496,94.44490814208984,22.639999389648438,398.8900146484375
2025-12-31,683.1213989257812,65.84619140625,245.722900390625,96.02999877929688,54.709999084472656,98.2498779296875,26.018299102783203,78.63969421386719,28.729278564453125,93.62720489501953,22.360000610351562,396.30999755859375
2026-01-02,684.3681030273438,66.75407409667969,248.33824157714844,97.04000091552734,56.2400016784668,98.22037506103516,25.969154357910156,78.67871856689453,28.719486236572266,93.72692108154297,22.389999389648438,398.2799987792969
2026-01-05,688.9558715820312,67.62203979492188,252.28123474121094,98.1500015258789,56.86000061035156,98.40726470947266,26.0772762298584,78.8835220336914,28.768444061279297,93.86653137207031,22.809999465942383,408.760009765625
2026-01-06,693.0450439453125,68.59976196289062,255.62527465820312,98.30000305175781,57.279998779296875,98.38758850097656,26.047788619995117,78.90303039550781,28.788028717041016,94.52468872070312,22.799999237060547,413.17999267578125
2026-01-07,690.791015625,68.1009292602539,255.02635192871094,97.93000030517578,56.849998474121094,98.48596954345703,26.165740966796875,78.8835220336914,28.8076114654541,93.51750946044922,22.59000015258789,409.2300109863281
2026-01-08,690.711181640625,68.350341796875,257.8113708496094,97.94000244140625,56.869998931884766,98.30889892578125,26.057619094848633,78.94204711914062,28.74886131286621,94.31527709960938,22.8799991607666,411.489990234375
2026-01-09,695.2291870117188,68.94894409179688,259.7679138183594,98.80999755859375,57.13999938964844,98.52531433105469,26.18539810180664,79.00055694580078,28.81740379333496,94.47482299804688,22.899999618530273,414.4700012207031
2026-01-12,696.3760986328125,69.0586929321289,261.03564453125,99.41000366210938,57.939998626708984,98.47613525390625,26.126422882080078,79.03958129882812,28.788028717041016,94.62440490722656,23.190000534057617,422.2300109863281
2026-01-13,695.0197143554688,69.1983642578125,260.88592529296875,98.83999633789062,57.5099983215332,98.56465911865234,26.165740966796875,79.03958129882812,28.846778869628906,95.16289520263672,23.3700008392334,421.6300048828125
2026-01-14,691.6487426757812,69.26819610595703,262.72265625,99.30000305175781,57.75,98.71221160888672,26.313180923461914,79.03958129882812,28.905532836914062,96.08031463623047,23.389999389648438,425.94000244140625
2026-01-15,693.473876953125,70.07630920410156,265.0385437011719,99.26000213623047,58.09000015258789,98.58433532714844,26.313180923461914,79.03958129882812,28.87615394592285,96.75841522216797,23.200000762939453,423.3299865722656
2026-01-16,692.8156127929688,69.896728515625,265.2881164550781,99.52999877929688,57.869998931884766,98.41710662841797,26.146081924438477,79.08833312988281,28.8076114654541,98.03482818603516,23.15999984741211,421.2900085449219
2026-01-20,678.7929077148438,68.92898559570312,262.1137390136719,98.0199966430664,57.310001373291016,98.0433120727539,25.8512020111084,78.8835220336914,28.680320739746094,96.14015197753906,23.479999542236328,437.2300109863281
2026-01-21,686.492431640625,70.17607116699219,267.3144836425781,99.02999877929688,58.2599983215332,98.36792755126953,26.028125762939453,79.11759948730469,28.8076114654541,96.37947845458984,23.75,443.6000061035156
2026-01-22,690.122802734375,70.18605041503906,269.3109436035156,99.41999816894531,58.70000076293945,98.38758850097656,26.10676383972168,79.17613220214844,28.856571197509766,95.49197387695312,23.739999771118164,451.7900085449219
2026-01-23,690.4020385742188,69.47770690917969,264.33978271484375,99.97000122070312,59.06999969482422,98.47613525390625,26.165740966796875,79.1371078491211,28.87615394592285,95.77118682861328,24.18000030517578,458.0
2026-01-26,694.0423583984375,69.4477767944336,263.5112609863281,100.47000122070312,59.16999816894531,98.6236801147461,26.28369140625,79.17613220214844,28.89573860168457,95.67147064208984,24.290000915527344,464.70001220703125
2026-01-27,696.7950439453125,69.4477767944336,264.25994873046875,102.08999633789062,60.34000015258789,98.55481719970703,26.136255264282227,79.16636657714844,28.87615394592285,95.76121520996094,24.6200008392334,476.1000061035156
2026-01-28,696.8449096679688,69.28814697265625,262.83245849609375,101.01000213623047,60.75,98.51547241210938,26.087106704711914,79.03958129882812,28.846778869628906,94.81387329101562,24.940000534057617,494.55999755859375
2026-01-29,695.2391967773438,69.13850402832031,262.90234375,101.69000244140625,60.439998626708984,98.51547241210938,26.096935272216797,79.02981567382812,28.856571197509766,96.00054168701172,25.299999237060547,495.8999938964844
2026-01-30,693.1846923828125,68.50997161865234,259.1889343261719,100.73999786376953,59.099998474121094,98.49580383300781,25.988813400268555,79.11759948730469,28.83698844909668,95.94071197509766,24.43000030517578,444.95001220703125
2026-02-02,696.685302734375,69.08861541748047,261.7144470214844,101.4000015258789,59.279998779296875,98.38231658935547,25.912860870361328,79.1656265258789,28.81043815612793,94.96345520019531,23.540000915527344,427.1300048828125
2026-02-03,690.731201171875,69.21831512451172,262.3133850097656,101.44999694824219,59.599998474121094,98.39218139648438,25.972043991088867,79.11663055419922,28.81043815612793,94.73410034179688,24.149999618530273,454.2900085449219
2026-02-04,687.4598388671875,69.73710632324219,260.0574035644531,101.77999877929688,58.79999923706055,98.33296966552734,25.9227237701416,79.01860809326172,28.800607681274414,96.09029388427734,24.190000534057617,453.9700012207031
2026-02-05,678.7131958007812,69.36796569824219,255.375732421875,100.33000183105469,58.529998779296875,98.75731658935547,26.169322967529297,78.9303970336914,28.908767700195312,95.87090301513672,23.760000228881836,441.8800048828125
2026-02-06,691.93798828125,71.5628433227539,264.5494079589844,102.61000061035156,60.06999969482422,98.81653594970703,26.179187774658203,79.204833984375,28.92843246459961,97.38665771484375,24.010000228881836,455.4599914550781
2026-02-09,695.2391967773438,71.6227035522461,266.4060974121094,103.98999786376953,60.5099983215332,98.84614562988281,26.179187774658203,79.3126449584961,28.92843246459961,97.78553009033203,24.25,467.0299987792969
2026-02-10,693.3043212890625,71.5927734375,265.6873779296875,104.23999786376953,60.599998474121094,99.13233184814453,26.455381393432617,79.23423767089844,28.997262954711914,99.04200744628906,24.139999389648438,462.3999938964844
2026-02-11,693.20458984375,71.42316436767578,264.47955322265625,104.94000244140625,61.560001373291016,98.90535736083984,26.3271484375,79.22444152832031,28.967763900756836,98.6530990600586,24.3700008392334,467.6300048828125
2026-02-12,682.5130615234375,70.3756103515625,259.07916259765625,104.1500015258789,60.86000061035156,99.34945678710938,26.64280128479004,79.18522644042969,29.05626106262207,98.59326934814453,23.799999237060547,451.3900146484375
2026-02-13,682.94189453125,71.07398223876953,262.4930725097656,104.23999786376953,61.119998931884766,99.6652603149414,26.77103042602539,79.2440414428711,29.134923934936523,99.93949127197266,23.8799991607666,462.6199951171875
2026-02-17,684.01904296875,71.20368194580078,262.57293701171875,104.22000122070312,60.869998931884766,99.67512512207031,26.830215454101562,79.204833984375,29.18408966064453,100.92671203613281,23.59000015258789,448.20001220703125
2026-02-18,687.5197143554688,71.50297546386719,263.521240234375,104.33999633789062,61.189998626708984,99.5369644165039,26.73157501220703,79.30284881591797,29.154590606689453,99.7300796508789,24.209999084472656,458.2799987792969
2026-02-19,685.8541259765625,71.49300384521484,264.1301574707031,104.05000305175781,61.040000915527344,99.55669403076172,26.761167526245117,79.3322525024414,29.17425537109375,99.55058288574219,24.43000030517578,459.55999755859375
2026-02-20,690.661376953125,71.94195556640625,264.14013671875,104.9000015258789,62.34000015258789,99.57643127441406,26.701982498168945,79.39105224609375,29.154590606689453,100.25859069824219,24.600000381469727,468.6199951171875
2026-02-23,683.6699829101562,70.70484924316406,260.0274353027344,104.47000122070312,61.650001525878906,99.77381134033203,26.800622940063477,79.26364135742188,29.18408966064453,100.22867584228516,24.75,481.2799987792969
2026-02-24,688.6766357421875,71.34335327148438,262.8623962402344,104.66000366210938,62.619998931884766,99.76394653320312,26.840078353881836,79.204833984375,29.18408966064453,100.47797393798828,24.719999313354492,474.6099853515625
2026-02-25,694.4013671875,71.61272430419922,264.11016845703125,105.66000366210938,63.310001373291016,99.71460723876953,26.830215454101562,79.3126449584961,29.16442108154297,100.08907318115234,24.75,473.4200134277344
2026-02-26,690.571533203125,71.90204620361328,265.5176696777344,105.56999969482422,62.709999084472656,99.87249755859375,26.938720703125,79.2440414428711,29.19392204284668,100.76716613769531,24.760000228881836,477.4800109863281
2026-02-27,687.5496215820312,71.32339477539062,260.9458312988281,105.37999725341797,62.58000183105469,100.06987762451172,27.086679458618164,79.11663055419922,29.19392204284668,100.99652099609375,25.100000381469727,483.75
2026-03-02,687.6194458007812,71.93197631835938,263.341552734375,103.30000305175781,61.5,99.66992950439453,26.833385467529297,79.0713119506836,29.077415466308594,101.25579071044922,25.809999465942383,490.0
2026-03-03,681.5556030273438,70.69486999511719,258.7796630859375,100.08999633789062,58.41999816894531,99.56102752685547,26.79380989074707,78.91372680664062,29.08728790283203,100.67741394042969,25.90999984741211,468.1400146484375
2026-03-04,686.4525756835938,70.69486999511719,261.2951965332031,101.37999725341797,59.04999923706055,99.52143096923828,26.70475959777832,79.18950653076172,29.10703468322754,100.77713012695312,26.139999389648438,471.79998779296875
2026-03-05,682.6427001953125,69.69719696044922,256.3040771484375,99.16000366210938,57.630001068115234,99.23434448242188,26.586029052734375,78.87432861328125,28.988555908203125,99.89959716796875,26.520000457763672,466.1300048828125
2026-03-06,673.6067504882812,68.06101989746094,250.4445037841797,98.27999877929688,57.31999969482422,99.11555480957031,26.50687599182129,78.49019622802734,28.929311752319336,98.74284362792969,27.510000228881836,473.510009765625
2026-03-09,679.5409545898438,68.72945404052734,253.16964721679688,98.98999786376953,58.45000076293945,99.43234252929688,26.70475959777832,78.96296691894531,29.057668685913086,98.95226287841797,27.139999389648438,472.5299987792969
2026-03-10,678.314208984375,68.41020202636719,252.9101104736328,99.22000122070312,58.68000030517578,99.10565185546875,26.457401275634766,78.83493041992188,28.899694442749023,98.84256744384766,27.600000381469727,477.8599853515625
2026-03-11,677.586181640625,68.2106704711914,252.40103149414062,99.01000213623047,58.83000183105469,98.66017150878906,26.170469284057617,78.65764617919922,28.712095260620117,97.73567199707031,28.1299991607666,476.239990234375
2026-03-12,667.1738891601562,66.84386444091797,246.97068786621094,97.45999908447266,56.95000076293945,98.29387664794922,26.0913143157959,78.15531158447266,28.563995361328125,97.04759979248047,28.860000610351562,466.8800048828125
2026-03-13,663.433837890625,66.74409484863281,246.15213012695312,96.30000305175781,56.79999923706055,98.21467590332031,25.96268653869629,78.007568359375,28.48500633239746,97.22709655761719,28.709999084472656,460.8399963378906
2026-03-16,670.1259765625,67.21300506591797,248.47799682617188,98.0999984741211,58.380001068115234,98.60076141357422,26.170469284057617,78.2538070678711,28.59361457824707,97.9749984741211,28.309999465942383,460.42999267578125
2026-03-17,671.989990234375,67.81999969482422,250.0500030517578,98.37000274658203,58.75,98.79876708984375,26.24962043762207,78.60839080810547,28.731843948364258,98.37000274658203,28.760000228881836,459.2699890136719
2026-03-18,662.8499755859375,67.19000244140625,246.02000427246094,96.69000244140625,57.560001373291016,98.38297271728516,26.081418991088867,78.2045669555664,28.61336326599121,96.83999633789062,29.270000457763672,444.739990234375
2026-03-19,660.9299926757812,67.3499984741211,247.6300048828125,96.5199966430664,57.619998931884766,98.49186706542969,26.219938278198242,78.46065521240234,28.712095260620117,96.47000122070312,28.84000015258789,426.4100036621094
2026-03-20,651.2999877929688,65.87000274658203,242.22000122070312,93.58999633789062,55.63999938964844,97.67020416259766,25.725223541259766,77.7317886352539,28.40601921081543,93.44999694824219,28.940000534057617,413.3800048828125
2026-03-23,658.3400268554688,67.08000183105469,247.4499969482422,95.83999633789062,57.310001373291016,98.03648376464844,25.8934268951416,78.24396514892578,28.563995361328125,94.11000061035156,27.75,404.0400085449219
2026-03-24,656.22998046875,67.62999725341797,248.77999877929688,95.2699966430664,56.52000045776367,97.7691879272461,25.784587860107422,77.97802734375,28.514625549316406,93.48999786376953,28.239999771118164,404.1300048828125
2026-03-25,659.739990234375,68.22000122070312,251.82000732421875,96.66000366210938,57.41999816894531,98.11568450927734,26.022052764892578,78.2242660522461,28.59361457824707,93.48999786376953,28.170000076293945,416.2900085449219
2026-03-26,648.010009765625,67.20999908447266,247.44000244140625,94.66000366210938,55.470001220703125,97.5613021850586,25.814271926879883,77.7317886352539,28.386272430419922,93.33999633789062,28.440000534057617,400.6400146484375
2026-03-27,636.989990234375,66.11000061035156,243.10000610351562,93.80000305175781,55.20000076293945,97.55140686035156,25.705432891845703,77.53480529785156,28.35664939880371,92.61000061035156,29.100000381469727,414.70001220703125
2026-03-30,634.9299926757812,65.58999633789062,239.61000061035156,94.06999969482422,54.75,98.04639434814453,26.012157440185547,77.62345123291016,28.5047550201416,93.05999755859375,29.260000228881836,414.5799865722656
2026-03-31,653.2100219726562,67.52999877929688,248.0,97.12999725341797,56.790000915527344,98.27407836914062,26.022052764892578,78.36215209960938,28.662731170654297,94.55999755859375,28.950000762939453,430.2900085449219
2026-04-01,658.0599975585938,68.0999984741211,249.55999755859375,98.61000061035156,57.22999954223633,98.34062957763672,25.986305236816406,78.55416107177734,28.685535430908203,94.87999725341797,28.68000030517578,437.82000732421875
2026-04-02,658.9600219726562,68.18000030517578,251.2899932861328,98.0,56.59000015258789,98.56909942626953,26.1054630279541,78.74220275878906,28.784690856933594,96.25,29.329999923706055,429.4100036621094
2026-04-06,661.8599853515625,68.45999908447266,252.36000061035156,98.48999786376953,57.11000061035156,98.39029693603516,26.085601806640625,78.88076782226562,28.74502944946289,96.37000274658203,29.479999542236328,427.6499938964844
2026-04-07,662.3800048828125,68.55000305175781,252.91000366210938,98.3499984741211,57.310001373291016,98.5094985961914,26.075672149658203,78.90056610107422,28.7747745513916,96.45999908447266,29.3700008392334,431.80999755859375
2026-04-08,678.989990234375,70.52999877929688,260.4700012207031,102.19000244140625,60.439998626708984,98.76776885986328,26.165040969848633,79.36573791503906,28.873929977416992,98.19000244140625,28.559999465942383,434.5299987792969
2026-04-09,683.010009765625,70.66999816894531,261.9599914550781,101.94999694824219,60.279998779296875,98.82736206054688,26.125322341918945,79.45480346679688,28.88384437561035,98.9000015258789,28.709999084472656,437.9100036621094
2026-04-10,682.6199951171875,70.44999694824219,261.29998779296875,102.18000030517578,60.560001373291016,98.65850067138672,26.05581283569336,79.13809967041016,28.824350357055664,99.0199966430664,28.5,437.1300048828125
2026-04-13,689.5399780273438,71.20999908447266,265.07000732421875,102.80999755859375,61.06999969482422,98.85716247558594,26.145179748535156,79.43501281738281,28.903675079345703,99.44999694824219,28.959999084472656,435.3599853515625
2026-04-14,697.6900024414062,71.56999969482422,268.7200012207031,103.63999938964844,62.2400016784668,99.11543273925781,26.274267196655273,79.67254638671875,28.9929141998291,100.41999816894531,28.84000015258789,445.0899963378906
2026-04-15,703.1900024414062,71.36000061035156,269.3900146484375,103.30999755859375,62.20000076293945,98.95650482177734,26.165040969848633,79.6329574584961,28.982999801635742,100.47000122070312,28.889999389648438,440.4599914550781
2026-04-16,704.739990234375,71.48999786376953,269.95001220703125,103.01000213623047,62.45000076293945,98.81743621826172,26.016094207763672,79.52408599853516,28.88384437561035,101.36000061035156,29.110000610351562,440.0799865722656
2026-04-17,713.3599853515625,72.9000015258789,275.7799987792969,104.31999969482422,63.63999938964844,99.18496704101562,26.254409790039062,79.82100677490234,29.022663116455078,102.9800033569336,28.290000915527344,445.92999267578125
2026-04-20,712.0900268554688,73.36000061035156,277.3500061035156,103.91000366210938,63.18000030517578,99.17503356933594,26.23455047607422,79.75172424316406,29.022663116455078,103.2300033569336,28.670000076293945,442.0899963378906
2026-04-21,707.22998046875,72.91999816894531,274.510009765625,101.62999725341797,62.25,98.80750274658203,26.09553337097168,79.54388427734375,28.923507690429688,101.44999694824219,29.209999084472656,429.57000732421875
2026-04-22,714.5599975585938,72.63999938964844,276.4800109863281,101.97000122070312,63.380001068115234,98.94657135009766,26.145179748535156,79.67254638671875,28.97308349609375,100.62999725341797,29.510000228881836,435.260009765625
2026-04-23,711.739990234375,72.63999938964844,275.5199890136719,101.23999786376953,62.349998474121094,98.78762817382812,26.085601806640625,79.54388427734375,28.913591384887695,101.66000366210938,29.889999389648438,431.0400085449219
2026-04-24,717.280029296875,72.79000091552734,276.6499938964844,101.7699966430664,63.7400016784668,98.92669677734375,26.135250091552734,79.65275573730469,28.933422088623047,101.41000366210938,29.860000610351562,433.25
2026-04-27,718.5,72.83999633789062,277.1400146484375,101.37999725341797,63.63999938964844,98.77770233154297,26.02602195739746,79.68244171142578,28.873929977416992,100.83000183105469,30.09000015258789,429.8900146484375
2026-04-28,714.9600219726562,72.11000061035156,273.9100036621094,100.95999908447266,62.9900016784668,98.73796844482422,26.035953521728516,79.57357788085938,28.873929977416992,101.73999786376953,30.34000015258789,421.9100036621094
2026-04-29,714.8900146484375,71.56999969482422,272.0799865722656,99.93000030517578,62.689998626708984,98.30089569091797,25.837358474731445,79.30635070800781,28.74502944946289,100.9000015258789,31.079999923706055,417.4100036621094
2026-04-30,722.0700073242188,72.7699966430664,277.9700012207031,102.31999969482422,63.9900016784668,98.43995666503906,25.827428817749023,79.55377960205078,28.76485824584961,102.62999725341797,31.100000381469727,423.6600036621094
2026-05-01,724.010009765625,72.80999755859375,279.2799987792969,102.0999984741211,64.12999725341797,98.56953430175781,25.907142639160156,79.65227508544922,28.81763458251953,102.36000061035156,30.809999465942383,423.17999267578125
2026-05-04,721.3900146484375,72.3499984741211,277.8800048828125,100.69999694824219,64.0999984741211,98.26056671142578,25.737749099731445,79.39360046386719,28.737974166870117,101.62999725341797,31.329999923706055,414.7099914550781
2026-05-05,726.97998046875,73.2699966430664,282.55999755859375,102.04000091552734,65.4000015258789,98.4399642944336,25.85732078552246,79.51298522949219,28.81763458251953,101.94000244140625,31.200000762939453,418.2699890136719
2026-05-06,737.4099731445312,74.62000274658203,286.79998779296875,104.80999755859375,67.48999786376953,98.85856628417969,26.05660629272461,79.75177001953125,28.947084426879883,103.27999877929688,30.209999084472656,430.9599914550781
2026-05-07,734.9600219726562,73.66000366210938,282.260009765625,102.88999938964844,66.58999633789062,98.6193618774414,25.937036514282227,79.45329284667969,28.84750747680664,102.55999755859375,30.25,431.67999267578125
2026-05-08,740.969970703125,73.98999786376953,284.1700134277344,103.95999908447266,67.94000244140625,98.84859466552734,26.046642303466797,79.73186492919922,28.947084426879883,102.7699966430664,30.299999237060547,433.7699890136719
2026-05-11,742.75,73.79000091552734,285.3299865722656,103.73999786376953,67.88999938964844,98.58946228027344,25.897178649902344,79.57268524169922,28.887338638305664,102.83999633789062,31.059999465942383,434.6499938964844
2026-05-12,741.6099853515625,73.33000183105469,282.57000732421875,103.13999938964844,65.81999969482422,98.30043029785156,25.747713088989258,79.46324920654297,28.80767822265625,102.8499984741211,31.690000534057617,432.92999267578125
2026-05-13,745.739990234375,73.12999725341797,282.6700134277344,103.83000183105469,67.20999908447266,98.34030151367188,25.687929153442383,79.50304412841797,28.81763458251953,102.01000213623047,31.3700008392334,430.5
2026-05-14,751.5599975585938,73.44000244140625,284.45001220703125,103.45999908447266,67.37999725341797,98.3104019165039,25.737749099731445,79.44334411621094,28.80767822265625,101.33000183105469,31.149999618530273,427.2099914550781
2026-05-15,742.4500122070312,72.22000122070312,277.6000061035156,101.72000122070312,65.06999969482422,97.69246673583984,25.359107971191406,79.05532836914062,28.638395309448242,99.80000305175781,31.190000534057617,417.2900085449219
2026-05-18,741.9099731445312,72.1500015258789,275.9700012207031,102.66000366210938,64.97000122070312,97.68251037597656,25.34914207458496,79.13492584228516,28.608522415161133,100.91000366210938,31.3799991607666,418.42999267578125
2026-05-19,737.1900024414062,71.44999694824219,273.0,101.91999816894531,64.26000213623047,97.30377197265625,25.179750442504883,78.94589233398438,28.49898910522461,101.26000213623047,31.610000610351562,411.5
2026-05-20,744.7899780273438,72.79000091552734,279.8699951171875,103.62000274658203,65.45999908447266,97.89180755615234,25.428857803344727,79.45329284667969,28.678226470947266,102.41000366210938,30.8799991607666,417.3999938964844
2026-05-21,746.1799926757812,72.9000015258789,282.489990234375,104.19000244140625,66.02999877929688,98.01139831542969,25.518535614013672,79.49309539794922,28.737974166870117,102.55999755859375,30.700000762939453,416.989990234375
2026-05-22,749.1400146484375,73.5,285.1199951171875,103.9800033569336,65.87999725341797,98.11106872558594,25.61817741394043,79.50304412841797,28.777803421020508,102.72000122070312,30.540000915527344,413.82000732421875
2026-05-26,754.030029296875,74.6500015258789,290.510009765625,105.12999725341797,68.4000015258789,98.39013671875,25.757678985595703,79.77166748046875,28.857465744018555,103.12000274658203,30.030000686645508,414.0
2026-05-27,754.1699829101562,74.36000061035156,290.3699951171875,104.7699966430664,68.38999938964844,98.4698715209961,25.817462921142578,79.72191619873047,28.907255172729492,102.79000091552734,29.489999771118164,408.489990234375
2026-05-28,758.1699829101562,74.44999694824219,292.0299987792969,104.69000244140625,68.61000061035156,98.66919708251953,25.937036514282227,79.8214111328125,28.957042694091797,102.30999755859375,29.719999313354492,412.7699890136719
2026-05-29,760.0499877929688,74.5999984741211,290.42999267578125,104.80000305175781,68.5999984741211,98.72899627685547,25.94700050354004,79.9010009765625,28.96700096130371,101.43000030517578,29.479999542236328,417.1199951171875
2026-06-01,762.02001953125,74.54000091552734,288.9800109863281,104.44000244140625,70.08000183105469,98.68000030517578,25.959999084472656,79.83999633789062,28.979999542236328,99.5999984741211,29.989999771118164,411.260009765625
2026-06-02,763.0599975585938,75.22000122070312,291.6600036621094,105.0199966430664,70.80000305175781,98.70999908447266,26.020000457763672,79.9000015258789,28.989999771118164,99.98999786376953,30.1200008392334,411.95001220703125
2026-06-03,757.25,75.12999725341797,287.6700134277344,104.12000274658203,69.91999816894531,98.5,25.920000076293945,79.68000030517578,28.93000030517578,100.0,30.290000915527344,407.8699951171875
2026-06-04,760.8300170898438,75.45999908447266,292.010009765625,104.94999694824219,69.0999984741211,98.66000366210938,25.969999313354492,79.83000183105469,28.979999542236328,101.79000091552734,29.8799991607666,411.2699890136719
2026-06-05,740.9099731445312,73.94999694824219,281.6499938964844,102.26000213623047,64.58999633789062,98.16999816894531,25.829999923706055,79.43000030517578,28.81999969482422,102.54000091552734,29.229999542236328,396.239990234375
2026-06-08,744.3900146484375,74.34500122070312,284.7099914550781,103.01000213623047,65.875,98.26000213623047,25.802099227905273,79.54499816894531,28.834999084472656,101.23500061035156,29.46030044555664,398.1000061035156
