Date,Close,High,Low,Open,Volume
2003-09-29,49.42189407348633,49.484780318592954,49.38803366862405,49.479942063467675,13600
2003-09-30,49.67823028564453,49.69757960163531,49.479906255122174,49.48474450674604,62600
2003-10-01,49.654052734375,49.70242418526206,49.6298651636789,49.64921448213475,66300
2003-10-02,49.57669448852539,49.65409182327786,49.34450986528408,49.43641458716758,68900
2003-10-03,49.21875,49.363868183820195,49.194562405860395,49.363868183820195,64500
2003-10-06,49.2912712097168,49.33480441710072,49.14615313742529,49.16550245976455,28700
2003-10-07,49.12199020385742,49.3106415639963,49.03975462621404,49.3106415639963,13000
2003-10-08,49.24291229248047,49.363842820025354,48.99137472850329,49.09295592878017,42700
2003-10-09,49.068721771240234,49.097743887158366,48.90425450319704,49.044534214306424,35900
2003-10-10,49.33966064453125,49.363848228893225,49.1848696999334,49.1848696999334,13500
2003-10-13,49.12199020385742,49.388035195857334,49.12199020385742,49.33966371463075,23700
2003-10-14,49.0252571105957,49.14134943575049,48.9236758647717,49.06879403909655,54300
2003-10-15,48.90430450439453,48.972025304445275,48.80756155875256,48.94300315885405,23100
2003-10-16,48.77372360229492,49.1220042716807,48.63828193986901,49.044606927146745,62300
2003-10-17,49.00588607788086,49.00588607788086,48.73500287561383,48.875282731218356,55600
2003-10-20,48.97685623168945,49.083275670278816,48.923646512394775,48.923646512394775,12900
2003-10-21,49.073604583740234,49.2090498690471,49.04458243928496,49.04458243928496,49000
2003-10-22,49.2912712097168,49.31545509476146,49.102619930041364,49.21871217357104,25400
2003-10-23,49.170345306396484,49.27676474395102,49.170345306396484,49.262249982961215,20700
2003-10-24,49.412200927734375,49.412200927734375,49.24289897306636,49.24289897306636,28200
2003-10-27,49.31547546386719,49.39771104040183,49.242920088259275,49.35901237973934,35400
2003-10-28,49.50895690917969,49.50895690917969,49.24291196465617,49.24291196465617,16600
2003-10-29,49.2912712097168,49.38801413090721,49.2912712097168,49.37834131499052,71700
2003-10-30,49.2912712097168,49.32029334797274,49.23322324269902,49.2380614959103,17300
2003-10-31,49.21381378173828,49.291210976516986,49.0493502785856,49.291210976516986,31000
2003-11-03,49.126007080078125,49.23280334343587,49.126007080078125,49.189115983102674,56700
2003-11-04,49.22309494018555,49.310473362055376,49.22309494018555,49.24736446074304,26900
2003-11-05,49.22309494018555,49.30561797651427,49.22309494018555,49.271637684874555,24600
2003-11-06,48.95613098144531,49.12118084766712,48.95613098144531,49.1163254594787,78000
2003-11-07,48.980403900146484,48.980403900146484,48.81050235041767,48.8784629703092,33400
2003-11-10,49.07262420654297,49.09689743888032,48.98524945870916,49.06777252293572,21100
2003-11-11,48.9852180480957,49.125990853944224,48.93667161455026,49.116283789378876,23700
2003-11-12,49.077484130859375,49.193987508983604,48.936707518153774,49.04835921222222,16400
2003-11-13,49.43670654296875,49.470690553845756,49.286222854002496,49.286222854002496,25400
2003-11-14,49.475528717041016,49.59203577044189,49.460966261259586,49.475528717041016,18800
2003-11-17,49.68426513671875,49.718245434217394,49.601742086161295,49.62115992809975,48800
2003-11-18,49.65998077392578,49.6842502914163,49.53862207575252,49.57745404445207,26800
2003-11-19,49.426979064941406,49.65998943564822,49.426979064941406,49.65027866409941,44900
2003-11-20,49.596893310546875,49.640584386625655,49.485245333987514,49.51437024898993,21400
2003-11-21,49.650272369384766,49.72794371763118,49.61629208042039,49.679397273190304,66500
2003-11-24,49.44157409667969,49.582350748304215,49.44157409667969,49.5580775070123,37000
2003-11-25,49.63572311401367,49.63572311401367,49.40756809734796,49.40756809734796,54000
2003-11-26,49.45610809326172,49.58232220889335,49.45610809326172,49.553197298968556,25300
2003-11-28,49.378448486328125,49.393010943665786,49.378448486328125,49.393010943665786,22900
2003-12-01,49.2431526184082,49.31616386843822,49.16040826801052,49.233419518040535,58700
2003-12-02,49.228538513183594,49.233406918874785,48.96570030844149,49.082516050491705,52100
2003-12-03,49.277191162109375,49.33073246217476,49.111702571728344,49.111702571728344,32400
2003-12-04,49.350189208984375,49.40373049477816,49.18470066271482,49.228505143726295,25200
2003-12-05,49.59843444824219,49.59843444824219,49.40860757019823,49.59356604499645,42200
2003-12-08,49.59843444824219,49.66657723966804,49.554626246037785,49.64223893694297,67200
2003-12-09,49.32100296020508,49.695788374453315,49.26259325219705,49.666585377201415,87900
2003-12-10,49.51570510864258,49.525438204568715,49.452426987856114,49.52056979985328,120500
2003-12-11,49.69094467163086,49.715282990442105,49.355098895773374,49.447576337542735,91600
2003-12-12,49.7201042175293,49.81258157154695,49.62275474816525,49.7639086936162,16400
2003-12-15,49.69094467163086,49.768824321021974,49.57412891105026,49.744486002210735,21100
2003-12-16,49.7201042175293,49.739574111402106,49.598420165951154,49.695765921812644,61500
2003-12-17,49.841819763183594,49.914830982965356,49.72500403963571,49.86128966935906,23100
2003-12-18,49.914791107177734,49.95859557594947,49.749298893646696,49.86611452387324,33400
2003-12-19,49.939170837402344,49.939170837402344,49.822355101557854,49.90996783181754,26500
2003-12-22,49.914791107177734,50.036475138435115,49.77850187282785,49.982933867601716,139700
2003-12-23,49.7201042175293,49.89046114703818,49.7201042175293,49.836919867263596,80300
2003-12-24,49.75911331176758,49.885662227949425,49.70070354879369,49.81265095260899,16200
2003-12-26,50.00731658935547,50.00731658935547,49.79801970555606,49.93430535761046,54500
2003-12-29,49.885589599609375,49.939130876007866,49.724969483916226,49.89045800114623,37600
2003-12-30,49.793128967285156,49.83693345531537,49.68604637853989,49.78826056411394,33800
2003-12-31,49.86195373535156,49.86195373535156,49.78873426367382,49.78873426367382,51900
2004-01-02,49.5788459777832,49.88148475666428,49.471457903854514,49.86195931375929,26100
2004-01-05,49.63744354248047,49.63744354248047,49.447075047834886,49.56422403128624,63600
2004-01-06,49.86195373535156,49.8814791760721,49.67158534344763,49.759447964641524,151800
2004-01-07,49.974220275878906,50.00838886605508,49.86195364705592,49.8863576548406,75200
2004-01-08,49.959617614746094,50.03283714563288,49.84735089493972,49.886398083859305,39800
2004-01-09,50.37446975708008,50.40863833861304,50.232916865083574,50.345183465507844,49800
2004-01-12,50.232933044433594,50.39889371559136,50.228050752900344,50.374485982022385,67600
2004-01-13,50.350135803222656,50.36477896938053,50.228104453105345,50.29644171124294,21700
2004-01-14,50.345211029052734,50.39402278309581,50.30128156764341,50.30128156764341,14100
2004-01-15,50.408653259277344,50.44770414232987,50.276861184096546,50.44770414232987,32600
2004-01-16,50.369606018066406,50.54533126741862,50.32567284367977,50.472111792839,66800
2004-01-20,50.32567596435547,50.41842088618054,50.242695625931674,50.36472684976575,51700
2004-01-21,50.359859466552734,50.41843581200905,50.28176139670949,50.41355351886306,53800
2004-01-22,50.44770812988281,50.54045305343913,50.41353953553535,50.46235128116066,44100
2004-01-23,50.32567596435547,50.662483333848705,50.27686421964132,50.657601042148066,28700
2004-01-26,50.13042068481445,50.320789078688414,50.13042068481445,50.31591051153056,31900
2004-01-27,50.20365905761719,50.35009805761857,50.17925504034927,50.21830221279763,20200
2004-01-28,50.101131439208984,50.47210734672835,49.89611990772335,50.345193850243355,63000
2004-01-29,49.98401641845703,50.05235364195788,49.93520464797062,50.05235364195788,50600
2004-01-30,50.08161926269531,50.19388964010663,50.03280751238085,50.19388964010663,105300
2004-02-02,50.09529113769531,50.25191525215728,50.09529113769531,50.18828798929298,21300
2004-02-03,50.23240661621094,50.30582508880814,50.124730421849485,50.30582508880814,40300
2004-02-04,50.2373161315918,50.26179020732874,50.105165831583484,50.25689464533742,37600
2004-02-05,50.09529113769531,50.24702343254626,50.03655942865548,50.2176538438129,38900
2004-02-06,50.30084991455078,50.305745467433795,50.193173890613465,50.23722266392245,31600
2004-02-09,50.33518981933594,50.4135038507523,50.26666690895589,50.37924239556228,15800
2004-02-10,50.22747039794922,50.35472498814817,50.19320897224714,50.35472498814817,31300
2004-02-11,50.42324447631836,50.50645399108647,50.14915308898366,50.25193735923417,26200
2004-02-12,50.428184509277344,50.51139036321681,50.335187534745955,50.51139036321681,61400
2004-02-13,50.65330123901367,50.65330123901367,50.413471207973735,50.526046621687414,82500
2004-02-17,50.53095626831055,50.560325888543474,50.41348899003116,50.55053477039335,78300
2004-02-18,50.49181365966797,50.658225361183334,50.462444033233666,50.63375129485779,38800
2004-02-19,50.545616149902344,50.56030282042675,50.36452162314123,50.452622975208925,21500
2004-02-20,50.389007568359375,50.53094888706272,50.33516762905063,50.52605706291967,40700
2004-02-23,50.52604675292969,50.53583413343554,50.320474420145345,50.45262832937929,24300
2004-02-24,50.48201370239258,50.604376544163785,50.47222631810662,50.57501065708832,40800
2004-02-25,50.59950256347656,50.64355514709392,50.511401130461024,50.58481961367717,78800
2004-02-26,50.5162353515625,50.57986263483903,50.47218655565135,50.574970813658666,33700
2004-02-27,50.65330123901367,50.66798417684239,50.550516939996555,50.65330123901367,34100
2004-03-01,50.67589569091797,50.72004948113082,50.48455511376463,50.70533155105987,154200
2004-03-02,50.499237060546875,50.64642374260932,50.410925799931974,50.58264110026295,28500
2004-03-03,50.445308685302734,50.572870327589385,50.386433217374496,50.572870327589385,79900
2004-03-04,50.567909240722656,50.582627156249075,50.45016217339949,50.572816460268726,116500
2004-03-05,50.940818786621094,51.019315644613705,50.52869811703715,50.97516186382686,68900
2004-03-08,51.112545013427734,51.12235571908962,50.960454745417934,51.09782708337717,44100
2004-03-09,51.186161041259766,51.235222077494875,51.0487886425546,51.11256761534853,46400
2004-03-10,51.12723922729492,51.20083258652577,51.083085457624655,51.17139674007893,38800
2004-03-11,51.24009323120117,51.2891542328975,50.98006655340757,51.2891542328975,56000
2004-03-12,51.08309555053711,51.1812175534892,51.02912732597912,51.17140685043978,42300
2004-03-15,51.09290313720703,51.15668206092429,51.024216990707146,51.097810359989666,61300
2004-03-16,51.21558380126953,51.25483411745492,50.93102462359971,51.06349350494636,53200
2004-03-17,51.191043853759766,51.30879478491676,51.137079355874,51.30879478491676,28300
2004-03-18,51.1419563293457,51.249892755402676,51.03401990328872,51.18120661938709,27000
2004-03-19,51.08797836303711,51.171386149229974,50.9702312585059,51.141946565762446,132500
2004-03-22,51.220458984375,51.23026968572594,51.08308670677886,51.14195840111216,23300
2004-03-23,51.2253532409668,51.24988185969263,51.107602395876434,51.19591365813776,45500
2004-03-24,51.25481414794922,51.2793427786713,51.14197046866055,51.26953207500541,31300
2004-03-25,51.2253532409668,51.23516393983455,51.107602395876434,51.19591365813776,39000
2004-03-26,51.04873275756836,51.19591570514693,50.91135676613678,51.17138708544035,102300
2004-03-29,50.95553207397461,50.96043929687568,50.759284332189694,50.91628177699476,210100
2004-03-30,50.754356384277344,50.99966502556068,50.754356384277344,50.989854326878984,243200
2004-03-31,50.999691009521484,51.063473684344146,50.877036626388325,50.92610137413336,105100
2004-04-01,51.024269104003906,51.04394345835423,50.84228789313735,51.04394345835423,128500
2004-04-02,50.55702209472656,50.645554824805124,50.37012133233844,50.37012133233844,165600
2004-04-05,50.24714660644531,50.34059508756707,50.19304307671743,50.19304307671743,77500
2004-04-06,50.38982391357422,50.41441781350855,50.237352240987754,50.38982391357422,54800
2004-04-07,50.266876220703125,50.49804543684927,50.266876220703125,50.404596846016084,207600
2004-04-08,50.29633712768555,50.458643985402695,50.29141760093672,50.316011482181445,18700
2004-04-12,50.28160095214844,50.36521417539817,50.207823033545395,50.34062028503022,88400
2004-04-13,50.19306564331055,50.217655779924975,50.02583545282957,50.158636450049855,110800
2004-04-14,50.04551315307617,50.05043268172758,49.8143440889714,49.922551204297115,30400
2004-04-15,49.971710205078125,50.05532338777018,49.8831774961986,49.912690900824444,40600
2004-04-16,50.10945129394531,50.11929035110644,49.971734513696084,50.09469646070444,49000
2004-04-19,50.04551315307617,50.16847510185523,49.98157429061138,50.143881211099064,115300
2004-04-20,49.88319778442383,50.030753610069155,49.829094231853915,49.99632441775198,40000
2004-04-21,49.765132904052734,49.92744348847143,49.68151972510935,49.701194076478174,72700
2004-04-22,49.94716262817383,50.016021043461635,49.8389554748638,49.97175277506108,41100
2004-04-23,49.848724365234375,49.922502212599724,49.73068206094813,49.89790834597888,90200
2004-04-26,49.83395767211914,49.96675476373691,49.69624105784996,49.84871248757708,109900
2004-04-27,49.9569206237793,49.966755916812794,49.78969437473518,49.89789760808917,54200
2004-04-28,49.72578430175781,49.9667885396398,49.706109950349244,49.9667885396398,36400
2004-04-29,49.58314514160156,49.81431406638313,49.489696668550536,49.69135219171197,46600
2004-04-30,49.568443298339844,49.69632483538383,49.55368845800835,49.64714078344464,64200
2004-05-03,49.494468688964844,49.72625884998908,49.494468688964844,49.63748823007731,245200
2004-05-04,49.58320617675781,49.78047450725381,49.45498119754835,49.61279510942906,41200
2004-05-05,49.51909255981445,49.70649539298037,49.46484367815954,49.6374520458887,34000
2004-05-06,49.36618423461914,49.484543664582816,49.34645703586212,49.44016028931335,67900
2004-05-07,48.947025299072266,49.070317554233654,48.89770914952391,49.070317554233654,56800
2004-05-10,48.873050689697266,49.06538631263087,48.85332347675778,49.021002905452875,77000
2004-05-11,48.99638366699219,49.04569985903447,48.82870786153155,48.82870786153155,84200
2004-05-12,48.927268981933594,49.0752211051491,48.927268981933594,49.04562842295872,48900
2004-05-13,48.917484283447266,48.95200599820811,48.75473744418126,48.94707324964664,21200
2004-05-14,48.927268981933594,49.09001556495489,48.89768006232201,48.96179064234004,53300
2004-05-17,49.17388153076172,49.26265210305624,49.14922533781271,49.14922533781271,37400
2004-05-18,49.19853210449219,49.21825931263813,49.07523987551522,49.1886666191291,24000
2004-05-19,49.11467742919922,49.13933737344932,49.02097791872312,49.13933737344932,31000
2004-05-20,49.247859954833984,49.247859954833984,49.109773227555245,49.2133382730143,11200
2004-05-21,49.1689338684082,49.29222608348704,49.050574395454866,49.29222608348704,22300
2004-05-24,49.20840835571289,49.23799729537762,49.11963777413737,49.11963777413737,39300
2004-05-25,49.193580627441406,49.26262394836835,49.15905896697793,49.26262394836835,44600
2004-05-26,49.3168830871582,49.35140475481603,49.26756695658696,49.311950345327205,35800
2004-05-27,49.55361557006836,49.558544550293426,49.39086892071354,49.39086892071354,99600
2004-05-28,49.381004333496094,49.58320540381202,49.341553678076245,49.58320540381202,54900
2004-06-01,49.3250846862793,49.41908555688944,49.24098063074865,49.37456121261875,39500
2004-06-02,49.34487533569336,49.35971678402233,49.22613997453247,49.32014084665476,196100
2004-06-03,49.3250846862793,49.3250846862793,49.22613918265843,49.22613918265843,91900
2004-06-04,49.22121047973633,49.27068325135209,49.16678929859983,49.27068325135209,30100
2004-06-07,49.270668029785156,49.270668029785156,49.07277700445811,49.2211952734534,39300
2004-06-08,49.1519889831543,49.25093838373372,49.12725446390971,49.22125167629305,264400
2004-06-09,49.16679763793945,49.171746048299504,49.05301062137647,49.057959031736516,90200
2004-06-10,49.117305755615234,49.21130664324226,49.02825327642376,49.14698865716916,49500
2004-06-14,48.97880554199219,49.09754098340695,48.904594475658605,48.97880554199219,73500
2004-06-15,49.39438247680664,49.41417234653273,49.18659450648026,49.221225834867994,58200
2004-06-16,49.29542922973633,49.394374788433915,49.226166583741794,49.394374788433915,55600
2004-06-17,49.349822998046875,49.40919256499527,49.156876623625855,49.2954018386431,57100
2004-06-18,49.42399215698242,49.493254705834076,49.305256898168984,49.379464075848745,47700
2004-06-21,49.48836898803711,49.48836898803711,49.36468516920285,49.46857912407995,31500
2004-06-22,49.46855545043945,49.46855545043945,49.34982009804905,49.443820963227886,39900
2004-06-23,49.428985595703125,49.47350994287767,49.36961602494114,49.41908877997816,24600
2004-06-24,49.61703109741211,49.67145231243578,49.537871593911184,49.61703109741211,42100
2004-06-25,49.6021614074707,49.64668577195322,49.51805353923028,49.59226458789855,33200
2004-06-28,49.438846588134766,49.49821612041041,49.37453242573125,49.47347787166386,77500
2004-06-29,49.349822998046875,49.52297951681843,49.18161488681994,49.18161488681994,225700
2004-06-30,49.74068069458008,49.745629103770185,49.51804757538871,49.54278584680895,23300
2004-07-01,49.80371856689453,49.82853508861948,49.639938611036875,49.77394177000026,316900
2004-07-02,50.12135314941406,50.17098240916102,50.0022421687274,50.12135314941406,162500
2004-07-06,50.08656692504883,50.151088312105045,49.997232823827154,50.12130775405357,27900
2004-07-07,50.05679702758789,50.10146219109925,50.00220374787385,50.06176108568923,29700
2004-07-08,50.11142349243164,50.136236226436196,50.02208931978254,50.096535094735025,74200
2004-07-09,49.96254348754883,50.13624781159684,49.96254348754883,50.11143507185871,425600
2004-07-12,50.11142349243164,50.11142349243164,50.02705338117121,50.02705338117121,52600
2004-07-13,50.05679702758789,50.07168541542501,49.972426972199614,50.07168541542501,52800
2004-07-14,50.08656692504883,50.12130775405357,49.997232823827154,50.12130775405357,39000
2004-07-15,49.99229431152344,50.076664392046716,49.97740213278284,49.98236619236304,24600
2004-07-16,50.32481002807617,50.32481002807617,50.13125337225981,50.13125337225981,58800
2004-07-19,50.2503662109375,50.36947712989317,50.24044187871946,50.36947712989317,13000
2004-07-20,50.11638641357422,50.30001502961378,50.02705224295764,50.25038577626442,62300
2004-07-21,49.997249603271484,50.12628863422399,49.927767921943435,50.0022136623571,32900
2004-07-22,50.10646438598633,50.12631684703479,50.02705832826224,50.12135278515523,35000
2004-07-23,50.22063064575195,50.22063064575195,50.05188656780803,50.195814115137246,41200
2004-07-26,49.987327575683594,50.1312550040595,49.98236351636916,50.126290944745065,81000
2004-07-27,49.87321090698242,50.071731763658306,49.77395237187968,50.071731763658306,20500
2004-07-28,49.9476318359375,49.9476318359375,49.76399947229834,49.873186078436845,30800
2004-07-29,49.833465576171875,49.97738918850886,49.82353745958289,49.92279590667054,48200
2004-07-30,50.20069122314453,50.21061554631737,49.98231824869812,49.98231824869812,31300
2004-08-02,50.18678665161133,50.32619378032013,50.16687080485873,50.32619378032013,28200
2004-08-03,50.25654983520508,50.321273565013115,50.18684618816139,50.226674130355015,77400
2004-08-04,50.36605453491211,50.38596659459455,50.18183569507632,50.18183569507632,213200
2004-08-05,50.40087127685547,50.42576323342371,50.33614383294843,50.3660194988128,281500
2004-08-06,50.72454071044922,50.853991920692394,50.71458467822857,50.71458467822857,44800
2004-08-09,50.75936508178711,50.79919678626257,50.684685384096134,50.77928093402484,23200
2004-08-10,50.624942779541016,50.7842658144675,50.60004701216843,50.77928590128083,28400
2004-08-11,50.65977478027344,50.72947834340824,50.55023952433039,50.62492299870604,22100
2004-08-12,50.764312744140625,50.764312744140625,50.54026619628268,50.54026619628268,17600
2004-08-13,50.863922119140625,50.863922119140625,50.78425871353596,50.85894220665027,18500
2004-08-16,50.80416488647461,50.80416488647461,50.70458564843915,50.80416488647461,16400
2004-08-17,50.953556060791016,50.953556060791016,50.7842769608976,50.82908479372999,271000
2004-08-18,50.789310455322266,50.98348553289738,50.789310455322266,50.97850561336413,47400
2004-08-19,50.95853042602539,50.95853042602539,50.78427143082793,50.84401899999329,32700
2004-08-20,50.809120178222656,50.97839910301876,50.809120178222656,50.97839910301876,57900
2004-08-23,50.82412338256836,50.863955111206884,50.689692248054016,50.82909949972614,40400
2004-08-24,50.82907485961914,50.83903468623196,50.65481587950347,50.65979579280988,39400
2004-08-25,50.83406066894531,50.923680126050925,50.779293011905146,50.829080755061305,69900
2004-08-26,50.92864990234375,50.953541869686305,50.80915858284203,50.87886216909808,46800
2004-08-27,50.963523864746094,50.99837567303475,50.938628088013246,50.97845981136091,50600
2004-08-30,51.0132942199707,51.03321007485161,50.92367477228706,51.003338191810705,50000
2004-08-31,51.0132942199707,51.22738491173934,50.98840225029025,51.11287349437525,386200
2004-09-01,51.197120666503906,51.2071076972976,51.027310659895434,51.09723130661967,277800
2004-09-02,50.9923210144043,51.15214008792881,50.977338571634384,51.15214008792881,27900
2004-09-03,50.967315673828125,50.967315673828125,50.72258991287605,50.93734699899413,97700
2004-09-07,50.96233367919922,50.96233367919922,50.79751926055884,50.887417687963996,36100
2004-09-08,51.1171875,51.137165363504316,50.82252258668401,50.86746992177783,87700
2004-09-09,51.0672492980957,51.20209512578393,51.00232409371073,51.15215236776563,49400
2004-09-10,51.177066802978516,51.24199193270547,51.112137862867755,51.21702248760301,67200
2004-09-13,51.22705078125,51.24702863965999,51.12716529958694,51.177108040418474,126000
2004-09-14,51.2819938659668,51.29198089093781,51.21207326000797,51.22705570265811,86300
2004-09-15,51.251991271972656,51.26697370359946,51.19205773508099,51.26197828959571,124400
2004-09-16,51.40684509277344,51.431818367117735,51.177105448275306,51.267003901373414,111700
2004-09-17,51.192073822021484,51.391848530721134,51.192073822021484,51.38685311514759,59800
2004-09-20,51.411834716796875,51.411834716796875,51.24202485324,51.38686144526649,94600
2004-09-21,51.39682388305664,51.426788744029544,51.24199654380027,51.41180631354309,41400
2004-09-22,51.56664276123047,51.56664276123047,51.34189862686099,51.4617619111657,28600
2004-09-23,51.411834716796875,51.56665833120376,51.3419141289753,51.55167589244003,28300
2004-09-24,51.426856994628906,51.44183944499916,51.29200732051824,51.36192796250555,26400
2004-09-27,51.411834716796875,51.511720182145915,51.36688359011943,51.37187900650276,39100
2004-09-28,51.49673843383789,51.53669414466773,51.40184457321361,51.5117208728025,47600
2004-09-29,51.202091217041016,51.38688359902877,51.19210419035504,51.25203778163461,225100
2004-09-30,51.2769889831543,51.286979816668364,51.097192083766515,51.23703326987111,60700
2004-10-01,51.185333251953125,51.230423622336325,51.105178114434594,51.230423622336325,45500
2004-10-04,51.20037841796875,51.20037841796876,50.979948852903775,50.979948852903775,23400
2004-10-05,51.195308685302734,51.25542402847112,51.10012096237131,51.105131848364046,139600
2004-10-06,51.100181579589844,51.20037648518337,51.03505527317312,51.18534763156341,128000
2004-10-07,51.100181579589844,51.12523221708355,51.02503348929938,51.085152725969884,39800
2004-10-08,51.35063552856445,51.40073294513036,51.23040096436871,51.38570410237937,29200
2004-10-11,51.40074157714844,51.500940249295056,51.280506992761026,51.280506992761026,25800
2004-10-12,51.35063552856445,51.515960443201024,51.35063552856445,51.4808918693861,34100
2004-10-13,51.42578125,51.56104465085896,51.30554669121563,51.30554669121563,32700
2004-10-14,51.6712532043457,51.6712532043457,51.54600777698939,51.55101866429604,18900
2004-10-15,51.57607650756836,51.60112712728201,51.44582398718354,51.60112712728201,21400
2004-10-18,51.5309944152832,51.59612068108268,51.45083548304854,51.59612068108268,39700
2004-10-19,51.55600357055664,51.621129783974965,51.42574732153479,51.42574732153479,32200
2004-10-20,51.73638916015625,51.73638916015625,51.55603922732832,51.55603922732832,135800
2004-10-21,51.60615158081055,51.75143680452586,51.60615158081054,51.70133555192897,23100
2004-10-22,51.73136520385742,51.74138315489286,51.621148631534744,51.67625691769609,25800
2004-10-25,51.79154586791992,51.8216074033095,51.65628233633672,51.816596510379334,33800
2004-10-26,51.64118576049805,51.78146000106395,51.61613515088854,51.726351717672145,60200
2004-10-27,51.52595520019531,51.79648571448139,51.445800134213975,51.786467764553535,29100
2004-10-28,51.58612060546875,51.661268674938114,51.43081739817111,51.546041125459816,76000
2004-10-29,51.72135925292969,51.726370141073595,51.59110673869006,51.67627272619776,61600
2004-11-01,51.61036682128906,51.710837035737136,51.5249700134183,51.68571852398842,28900
2004-11-02,51.56513595581055,51.67062676127048,51.53499298814688,51.67062676127048,97300
2004-11-03,51.67560958862305,51.6906791440395,51.44453412963923,51.5600699428601,40700
2004-11-04,51.63043975830078,51.761049067418426,51.570161486819735,51.735930565937835,40700
2004-11-05,51.49983215332031,51.49983215332031,51.31396903337655,51.459647915184995,149600
2004-11-08,51.31396484375,51.44959478054183,51.31396484375001,51.41945564626477,52300
2004-11-09,51.43455123901367,51.439575708117225,51.32403591401755,51.43455123901368,54700
2004-11-10,51.37424087524414,51.434522973718366,51.29889304283246,51.404383840753695,21800
2004-11-11,51.42448043823242,51.43955000546631,51.24865860038352,51.359173870158806,43000
2004-11-12,51.4847412109375,51.50985970282126,51.37422597871897,51.43450805971374,32200
2004-11-15,51.509864807128906,51.5148892725123,51.38428000035295,51.4345131565545,390500
2004-11-16,51.45962142944336,51.46464206128536,51.33905727945446,51.45962142944337,50100
2004-11-17,51.59027099609375,51.64050801785564,51.369244197037474,51.369244197037474,64600
2004-11-18,51.61036682128906,51.68571852398842,51.474736822467655,51.61036682128906,50300
2004-11-19,51.50483703613281,51.59023377944904,51.41441582775565,51.52995552889354,43500
2004-11-22,51.58523178100586,51.60532581596421,51.38931973084358,51.51992520925491,63100
2004-11-23,51.555057525634766,51.59022110733621,51.459615708183975,51.53496350287066,63600
2004-11-24,51.60537338256836,51.615418493033836,51.424530733799074,51.55513633259447,94300
2004-11-26,51.45464324951172,51.47976176148985,51.344127928882905,51.424504101175444,39400
2004-11-29,51.31396484375,51.379267578865324,51.298895276611475,51.359173545165596,103200
2004-11-30,51.339115142822266,51.354188552967386,51.22357915954367,51.298930880078416,108000
2004-12-01,51.14661407470703,51.36830892616251,51.14661407470703,51.36830892616251,49000
2004-12-02,51.24235153198242,51.262506311102975,51.14158148051068,51.22723640867476,51500
2004-12-03,51.53963088989258,51.53963088989258,51.383436153323125,51.50436098666299,85100
2004-12-06,51.59503936767578,51.63534891417232,51.46403526362701,51.51945992902726,146500
2004-12-07,51.66554260253906,51.66554260253906,51.50430837474381,51.58996321735721,76500
2004-12-08,51.8419075012207,51.8419075012207,51.61517312173785,51.620208929901736,158200
2004-12-09,51.77141571044922,51.87218578488491,51.710951359308645,51.79157049416274,120600
2004-12-10,51.70586013793945,51.81670556338283,51.69578083481782,51.77136023171888,139800
2004-12-13,51.78147506713867,51.836899744071104,51.65047477996267,51.74116935638568,102400
2004-12-14,51.83183288574219,51.84190834636259,51.600058850188624,51.600058850188624,53900
2004-12-15,51.94771194458008,51.952751596368834,51.82678721054583,51.9325968333418,57400
2004-12-16,51.7462043762207,51.89232362734134,51.69581935545203,51.89232362734134,123100
2004-12-17,51.62022018432617,51.72099403150058,51.60510506828231,51.62022018432617,48100
2004-12-20,51.670597076416016,51.75625194360181,51.625247894646385,51.74113683105471,57800
2004-12-21,51.670597076416016,51.796561473146305,51.64540265941863,51.69578764928508,83100
2004-12-22,51.78147506713867,51.79155437792497,51.645435124569524,51.645435124569524,94300
2004-12-23,51.806671142578125,51.821786265106084,51.6857463182236,51.74620680833544,192700
2004-12-27,51.61017990112305,51.64544981064309,51.5446797389092,51.59506477477615,145200
2004-12-28,51.58494186401367,51.59502116914762,51.39347735188314,51.56478709787437,122800
2004-12-29,51.574886322021484,51.64542610868831,51.52450130927805,51.64038645417495,116800
2004-12-30,51.68069839477539,51.69077386013853,51.519464040053386,51.574888709876284,132700
2004-12-31,51.74842071533203,51.84443566962115,51.67261659469282,51.72820602612439,135300
2005-01-03,51.74842071533203,51.82422483597124,51.60692174643629,51.718096753741705,479600
2005-01-04,51.69786071777344,51.798930258983255,51.58162727538187,51.778715579630116,190500
2005-01-05,51.677669525146484,51.72314968269419,51.57659608244444,51.647345564557064,69900
2005-01-06,51.713077545166016,51.73329224671521,51.63727337824656,51.69286284361682,75400
2005-01-07,51.69786071777344,51.76861016773148,51.60184195473501,51.743340854651095,137000
2005-01-10,51.672611236572266,51.70798597512807,51.59680712379346,51.70798597512807,69500
2005-01-11,51.743370056152344,51.80401412843638,51.65746051208514,51.758530110333844,78600
2005-01-12,51.81913375854492,51.844399210618526,51.67258025651998,51.76354436620598,119100
2005-01-13,51.945518493652344,51.970783968054896,51.8141249178604,51.869714359327816,62400
2005-01-14,51.758544921875,51.90509858016493,51.733279442861715,51.88488388361882,124200
2005-01-18,51.89496612548828,51.90001690532429,51.68271385010449,51.819162016819575,86600
2005-01-19,51.97077941894531,51.975834055606754,51.84444049131595,51.935404673431414,88300
2005-01-20,52.04149627685547,52.056656320652294,51.849458773947944,51.94547752540171,98400
2005-01-21,52.06678009033203,52.076889360131425,51.980870574820976,51.99603062396331,85200
2005-01-24,52.076900482177734,52.092060534557795,52.00109636471985,52.07184584619852,85200
2005-01-25,51.985939025878906,52.03647382163609,51.93540037456394,52.021313768464715,79600
2005-01-26,51.96070098876953,52.02134509353015,51.925326224882525,52.02134509353015,95100
2005-01-27,51.889923095703125,51.905083149716106,51.81917360660386,51.89497773222678,83900
2005-01-28,52.06678009033203,52.06678009033204,51.930335792494276,51.99603062396331,79400
2005-01-31,52.00107955932617,52.06171974924909,51.9252754663662,52.06171974924909,113800
2005-02-01,52.05636215209961,52.09691331484514,51.954988112407506,51.954988112407506,98400
2005-02-02,52.096946716308594,52.10708644708183,52.00570847522047,52.06653525833729,203100
2005-02-03,52.0309944152832,52.0309944152832,51.9245505669735,52.00057912493059,52500
2005-02-04,52.24894714355469,52.31483984341877,52.05633116874218,52.26922271285965,52800
2005-02-07,52.259071350097656,52.324967902447895,52.11207640576755,52.26414120808657,68900
2005-02-08,52.28948974609375,52.33510686920603,52.16783635012341,52.27428017122086,114900
2005-02-09,52.43144226074219,52.46185369205452,52.25910179324043,52.33006437774974,90600
2005-02-10,52.162757873535156,52.375645464774145,52.16275787353515,52.375645464774145,134500
2005-02-11,52.233741760253906,52.26415318081697,52.107022351681884,52.26415318081697,73700
2005-02-14,52.243865966796875,52.27427738058156,52.13235229336156,52.172903423186874,99200
2005-02-15,52.14253234863281,52.24897624639641,52.06143002623868,52.06143002623868,139700
2005-02-16,52.08170700073242,52.24897764476839,52.00567453824592,52.24897764476839,75000
2005-02-17,52.05636215209961,52.117188896217904,51.954988112407506,52.03609043789857,90400
2005-02-18,52.071556091308594,52.081691945363346,51.944836646186054,51.960042360853464,94000
2005-02-22,51.924522399902344,51.98027922360478,51.85355987285701,51.97013950993106,103500
2005-02-23,51.949886322021484,52.00564316973566,51.87892376441605,52.00057331071546,128300
2005-02-24,51.89923095703125,51.99553900125163,51.85867979449933,51.99553900125163,83600
2005-02-25,51.94481658935547,51.94481658935546,51.81302733450647,51.929607013390175,66800
2005-02-28,51.807960510253906,51.95495548250864,51.73192809465052,51.94481963177386,359800
2005-03-01,51.77090835571289,51.81157372170083,51.68958150179976,51.68958150179976,125000
2005-03-02,51.70478820800781,51.79119913226641,51.64887434453234,51.64887434453234,171000
2005-03-03,51.74544906616211,51.82169171152648,51.61837281980912,51.81661145387504,120700
2005-03-04,51.89285659790039,51.95385459518824,51.79119714714676,51.86744367424171,585500
2005-03-07,51.90810012817383,51.9843427641699,51.801356559720524,51.91826452028704,203000
2005-03-08,51.7962760925293,51.82168901364131,51.72002957307512,51.79119195708327,96600
2005-03-09,51.48115921020508,51.689566240815495,51.43541359552178,51.67431770258773,110600
2005-03-10,51.42017364501953,51.56757879121393,51.36934000502174,51.56757879121393,173000
2005-03-11,51.46084976196289,51.537096365580034,51.33377338195543,51.537096365580034,87600
2005-03-14,51.440467834472656,51.46588463736929,51.303227181785914,51.41505490963567,129900
2005-03-15,51.450645446777344,51.54722466164517,51.364234506137905,51.54214052453098,108000
2005-03-16,51.486244201660156,51.587903710236645,51.35916787690872,51.450662985852226,94600
2005-03-17,51.47605895996094,51.623467913461184,51.39473215551344,51.58788670937908,191700
2005-03-18,51.440467834472656,51.49130144026592,51.313391576108785,51.440467834472656,80800
2005-03-21,51.440467834472656,51.50654997078004,51.384553970547785,51.50654997078004,106700
2005-03-22,51.16090393066406,51.552297111842755,51.074493003113666,51.54213271721437,181500
2005-03-23,51.22694778442383,51.22694778442382,50.95754691002704,51.14053691491111,158800
2005-03-24,51.25746154785156,51.33370805443705,51.110056547326955,51.16088625903114,101500
2005-03-28,51.15579605102539,51.196461366784156,51.03888811579139,51.196461366784156,83100
2005-03-29,51.125328063964844,51.272737008837304,51.0897468619653,51.23207166996349,270600
2005-03-30,51.27781295776367,51.38964069123749,51.13548816172785,51.33881096094753,51600
2005-03-31,51.30319595336914,51.476017698078245,51.23711773534342,51.455688921806704,128100
2005-04-01,51.60569381713867,51.64139635526375,51.37107658213313,51.63629488087879,96200
2005-04-04,51.54445266723633,51.63625968716864,51.41184555388689,51.55975318867802,387300
2005-04-05,51.442466735839844,51.54447284623999,51.38636220773466,51.54447284623999,46500
2005-04-06,51.57506561279297,51.61076813213014,51.457755111380685,51.58526466491097,279600
2005-04-07,51.51386642456055,51.72808156885371,51.513866424560554,51.671977046593604,235900
2005-04-08,51.51386642456055,51.54956894860941,51.38635685420273,51.50876495218692,130600
2005-04-11,51.610836029052734,51.62613657299984,51.44252226305878,51.53943089644097,82200
2005-04-12,51.75361251831055,51.8250176043212,51.5138937761525,51.55979537803706,150600
2005-04-13,51.825016021728516,51.87601909713787,51.70770544613031,51.86071856364359,74600
2005-04-14,51.87092590332031,51.89642939073919,51.738318664342515,51.850527782928225,185600
2005-04-15,52.054534912109375,52.054534912109375,51.825019113432546,51.988231299250295,146900
2005-04-18,51.99332809448242,52.074932234403256,51.88622047198846,52.06983075963161,153400
2005-04-19,52.0595817565918,52.12588529987268,51.87596775381865,51.95757570673177,100600
2005-04-20,52.095314025878906,52.10041549867085,51.87599739122826,51.993307917741504,114900
2005-04-21,51.96779251098633,52.08000153893952,51.875985478232145,51.875985478232145,109500
2005-04-22,52.074928283691406,52.08513123246064,51.90151706746244,52.04942869433793,44100
2005-04-25,52.054534912109375,52.069835446516436,51.95252875520533,52.023933843295254,63400
2005-04-26,51.926998138427734,52.085112657685094,51.926998138427734,52.085112657685094,68800
2005-04-27,52.141204833984375,52.20750839649778,51.99329329488602,52.15140388541625,70500
2005-04-28,52.27378845214844,52.27378845214844,52.06977249371195,52.125876979564,75900
2005-04-29,52.187137603759766,52.25344120591447,52.049428925043145,52.18203612935254,151000
2005-05-02,52.18918991088867,52.24547820252703,52.117550976808786,52.240360020370154,54800
2005-05-03,52.15336990356445,52.230127019006055,52.02032840109668,52.230127019006055,708100
2005-05-04,52.20966720581055,52.240368495674495,52.01521919662269,52.153378905040164,63900
2005-05-05,52.24549102783203,52.347835175947694,52.14315078374643,52.24549102783203,86400
2005-05-06,52.05101776123047,52.117538497225034,51.9537918436761,52.10730603939055,70000
2005-05-09,52.01008605957031,52.0203224226016,51.943565315981395,52.00496787805467,70300
2005-05-10,52.066349029541016,52.168689185924514,51.97424132718518,52.127755465787146,133700
2005-05-11,52.15336990356445,52.26594648567493,52.061262145840345,52.20965819461969,75900
2005-05-12,52.276161193847656,52.281275469803795,52.01518867106886,52.112410666592375,83400
2005-05-13,52.327362060546875,52.368295812410466,52.25572311474839,52.32736206054687,52900
2005-05-16,52.25057601928711,52.35291619836154,52.2352253828287,52.327333105606726,82800
2005-05-17,52.311973571777344,52.368257927875966,52.255685311651796,52.32732420562487,99400
2005-05-18,52.45009231567383,52.47567928816907,52.317047085941525,52.39892227470721,330800
2005-05-19,52.32221984863281,52.38362630427198,52.21476147928524,52.35803930508201,64200
2005-05-20,52.26084899902344,52.35295679322251,52.1994464055778,52.35295679322251,113600
2005-05-23,52.434791564941406,52.445024021257346,52.29662802849682,52.30174620866859,104300
2005-05-24,52.52690887451172,52.552491971984516,52.404099856168735,52.51667251229996,81500
2005-05-25,52.51666259765625,52.62412095642279,52.4501418719515,52.62412095642279,102500
2005-05-26,52.511497497558594,52.53196629427848,52.38357044607713,52.475678079304735,69500
2005-05-27,52.475711822509766,52.56781951496494,52.40407293993645,52.49617672836532,140400
2005-05-31,52.6190299987793,52.65484946757511,52.50133522757631,52.60367935558528,65400
2005-06-01,53.008155822753906,53.008155822753906,52.674415190423765,52.72576291638341,266900
2005-06-02,52.97226333618164,52.992801661941165,52.90038115466587,52.98766610118001,269800
2005-06-03,52.838748931884766,53.12627754278791,52.80793949694263,53.11087478395861,70700
2005-06-06,52.8489990234375,52.90034284200839,52.78225245102356,52.85413458047926,104200
2005-06-07,52.98766326904297,53.00306995050296,52.90551388768079,52.987663269042976,154400
2005-06-08,52.890079498291016,52.99276714291368,52.86440562849408,52.98249994536443,109900
2005-06-09,52.88492965698242,52.89519685175857,52.65901219909242,52.85412415537251,107400
2005-06-10,52.67958068847656,52.81307780074196,52.638504051274325,52.81307780074196,77700
2005-06-13,52.633392333984375,52.67446506945099,52.530700702104824,52.66933342582092,87900
2005-06-14,52.56660461425781,52.62308399252313,52.510125235992504,52.61795235252261,129800
2005-06-15,52.53582000732422,52.59229940806075,52.474205047261464,52.56149388667137,105800
2005-06-16,52.695003509521484,52.71041019230057,52.55123914186514,52.628256886619674,89500
2005-06-17,52.695003509521484,52.71041019230057,52.576913029211724,52.633392447546036,76100
2005-06-20,52.576934814453125,52.679622571817674,52.530722581538285,52.63341425618968,72300
2005-06-21,52.79257583618164,52.79257583618164,52.58206478080453,52.71555806771239,75100
2005-06-22,53.01845932006836,53.023590961973674,52.736062323920095,52.91063608079826,71600
2005-06-23,52.96711349487305,53.00305457328271,52.890095779056985,52.95684237687957,113400
2005-06-24,53.04928970336914,53.06982803246784,52.946601975161364,53.05955690927562,171000
2005-06-27,53.09038543701172,53.1263265465267,53.02877042757726,53.0852498735704,198400
2005-06-28,52.93629455566406,53.05952052847941,52.93115899758921,53.0133122576548,93800
2005-06-29,52.910614013671875,53.05950991250482,52.828460770043236,53.05950991250482,166800
2005-06-30,53.080116271972656,53.080116271972656,52.87987238051856,52.98256406670482,123000
2005-07-01,52.89103698730469,53.03526590966714,52.79831783293692,53.024965528045556,123100
2005-07-05,52.69530487060547,52.79832441944635,52.633490783334615,52.71590563641855,141600
2005-07-06,52.77771759033203,52.82922736267036,52.715903505559794,52.793170129039154,228700
2005-07-07,52.84469223022461,52.963168271193,52.798334603287834,52.89620594452499,166100
2005-07-08,52.75711441040039,52.90134334906695,52.741661871249526,52.84468141888454,231100
2005-07-11,52.762245178222656,52.782849865385785,52.61801629802301,52.6334688309098,141800
2005-07-12,52.73648452758789,52.787998206745954,52.68497477837178,52.787998206745954,127900
2005-07-13,52.664398193359375,52.69530720333503,52.576831179973794,52.69530720333503,251100
2005-07-14,52.664398193359375,52.73651266672915,52.57167902332051,52.72621228336663,139100
2005-07-15,52.69015884399414,52.69015884399414,52.60774005137798,52.638649063581205,111600
2005-07-18,52.5974235534668,52.68499054633609,52.56136632522984,52.664385854494526,74300
2005-07-19,52.62321853637695,52.69018088593176,52.58715735206361,52.59746167042342,127300
2005-07-20,52.71079635620117,52.736549297467455,52.499601016105075,52.545962598299226,159200
2005-07-21,52.43775177001953,52.62319010083248,52.43259961362366,52.61803794443661,135000
2005-07-22,52.5150032043457,52.60772234986847,52.41198367818398,52.51500320434571,125100
2005-07-25,52.5150032043457,52.62832704108942,52.42743621411393,52.51500320434571,97400
2005-07-26,52.5716667175293,52.5716667175293,52.478947569193814,52.478947569193814,113000
2005-07-27,52.54076385498047,52.581973240406064,52.489254088170135,52.494406243834156,73000
2005-07-28,52.69530487060547,52.70560525351201,52.53047123449374,52.53047123449374,403000
2005-07-29,52.53047180175781,52.61288665573172,52.44290086135914,52.61288665573172,106000
2005-08-01,52.499961853027344,52.53097150155505,52.391437940029896,52.49996185302735,220300
2005-08-02,52.38627624511719,52.494800164938994,52.29842016862711,52.4637905144613,90200
2005-08-03,52.55682373046875,52.55682373046875,52.375950488951574,52.47414050980702,167700
2005-08-04,52.5051383972168,52.55681589526888,52.4327891113958,52.54648197275461,196200
2005-08-05,52.246726989746094,52.344916958424264,52.246726989746094,52.31391125999489,86100
2005-08-08,52.23639678955078,52.32941783419933,52.17955037655783,52.288074271524614,86400
2005-08-09,52.32946014404297,52.32946014404297,52.195095428082034,52.28811654794078,103300
2005-08-10,52.33464431762695,52.41733154013695,52.27263284348823,52.406997608695086,128400
2005-08-11,52.474098205566406,52.48960105052089,52.324230799776785,52.35523648968575,126800
2005-08-12,52.623985290527344,52.64982206086742,52.47411782869355,52.49995459903363,93400
2005-08-15,52.57749938964844,52.634345832984955,52.5413247386835,52.634345832984955,145300
2005-08-16,52.70151901245117,52.727355790402555,52.629165783062234,52.629165783062234,279600
2005-08-17,52.592994689941406,52.69118470390989,52.453465039912075,52.655010058143716,119100
2005-08-18,52.737648010253906,52.737648010253906,52.61878631778548,52.660129858012496,85600
2005-08-19,52.68600845336914,52.737689891063425,52.60849418230799,52.65500274494468,73700
2005-08-22,52.73251724243164,52.76869188062416,52.63432724902059,52.68600474033278,93800
2005-08-23,52.76868438720703,52.84103365331811,52.71183797201415,52.7325097541515,110900
2005-08-24,52.83586883544922,52.85137168757432,52.74284777995897,52.77902241583075,98900
2005-08-25,52.83586883544922,52.8565406191959,52.71184207570876,52.83586883544922,182200
2005-08-26,52.79458236694336,52.84109097014589,52.706726211877076,52.825588102411714,103900
2005-08-29,52.81526184082031,52.877277268135416,52.748081418287285,52.81526184082031,97700
2005-08-30,52.944419860839844,53.0116041781128,52.866905560512,52.88757341210501,127800
2005-08-31,53.151123046875,53.18213270343828,52.93407516463618,53.068439829101514,112200
2005-09-01,53.22368621826172,53.30664363194705,53.083689896182484,53.16665126568363,104900
2005-09-02,53.19779586791992,53.27557121560275,53.08891196349136,53.13039267636467,264800
2005-09-06,53.09407424926758,53.2081441806434,52.980004317891755,53.17184956209807,121300
2005-09-07,53.00596618652344,53.05781511114354,52.93855902427986,53.03707475013162,96300
2005-09-08,53.000797271728516,53.05264621314,52.9282079625883,53.04227800718597,130900
2005-09-09,52.98516845703125,53.0888661939951,52.891838911437745,52.95405597129002,234600
2005-09-12,52.91258239746094,52.98517160881658,52.82443496440167,52.88665598377022,106300
2005-09-13,53.042240142822266,53.07853477148334,52.933352301021195,52.938538378206445,105900
2005-09-14,52.98516845703125,53.057757664068966,52.834803969363094,53.037017325513176,171500
2005-09-15,52.85558319091797,52.99557563438556,52.757067499259065,52.912618174950175,165800
2005-09-16,52.7363395690918,52.86077776546908,52.69485885169306,52.85559564265844,86400
2005-09-19,52.782989501953125,52.82446625028189,52.663733466486526,52.72076844573346,96000
2005-09-20,52.746726989746094,52.834870572860446,52.59117623239835,52.803758047898846,219700
2005-09-21,52.86592483520508,52.95406832777356,52.767409193030865,52.93332798437815,233300
2005-09-22,52.91258239746094,52.990353726902455,52.84517530419119,52.933318781435126,396000
2005-09-23,52.81926345825195,52.907406953204834,52.78296884528218,52.907406953204834,85200
2005-09-26,52.689674377441406,52.76226365174021,52.64819366189387,52.70522865681704,126100
2005-09-27,52.65333557128906,52.777773657726236,52.52371141080417,52.720738710647645,297900
2005-09-28,52.79853820800781,52.81409248146769,52.606692938429106,52.7000225350056,233800
2005-09-29,52.67927932739258,52.77779499505055,52.66372505477649,52.741500373673986,137100
2005-09-30,52.65333557128906,52.76221939139852,52.544447795364164,52.725924784695366,127300
2005-10-03,52.474918365478516,52.604974172300764,52.36567196402641,52.54254595619032,86200
2005-10-04,52.5477294921875,52.58414494561159,52.454089187813175,52.55813220645721,136500
2005-10-05,52.6309814453125,52.65699419352743,52.516531703547784,52.568557199977654,608800
2005-10-06,52.594573974609375,52.65700219842265,52.51653968708995,52.65700219842265,129500
2005-10-07,52.54255294799805,52.66220605255152,52.46451865972306,52.516540195576795,81100
2005-10-10,52.610191345214844,52.66741623709518,52.54256373162425,52.589381932804756,90100
2005-10-11,52.45412063598633,52.64140135701666,52.44891729123851,52.61538860226668,128600
2005-10-12,52.43328857421875,52.53733161029268,52.39687311469413,52.4488946327311,151000
2005-10-13,52.298065185546875,52.39690891564472,52.183615386273615,52.36569677729388,108000
2005-10-14,52.282413482666016,52.44368134870597,52.193976521869054,52.33443499084149,103500
2005-10-17,52.365684509277344,52.43851546102687,52.30325627821096,52.417706050671406,94600
2005-10-18,52.34489059448242,52.42812429155459,52.29286506869815,52.41772156779196,113200
2005-10-19,52.43849182128906,52.521725456199256,52.40727573533376,52.40727573533376,138100
2005-10-20,52.448936462402344,52.454139809052094,52.308477854783646,52.40731762718548,145000
2005-10-21,52.57375717163086,52.64138873016268,52.40208652602186,52.51133292558692,285800
2005-10-24,52.464508056640625,52.59976719771546,52.40208381382761,52.5789577937818,137000
2005-10-25,52.3084716796875,52.52176123926125,52.20442460392826,52.396908717340274,481600
2005-10-26,52.10039138793945,52.230447280585835,52.03796313063248,52.22004058653924,134900
2005-10-27,52.22003936767578,52.25645485800716,52.043165262920716,52.225242714577625,73100
2005-10-28,52.13677215576172,52.28243402347558,52.04313181666164,52.277230679917736,85700
2005-10-31,52.13157653808594,52.246026299390586,52.053542249106506,52.07435165743361,91300
2005-11-01,52.14934158325195,52.26943093002668,52.091908067419595,52.253767968155906,428000
2005-11-02,52.10236358642578,52.19634536075079,52.034489409647755,52.15457479805965,104800
2005-11-03,51.92478561401367,52.133634222499296,51.86735214709372,52.10230832543601,158100
2005-11-04,51.977073669433594,52.060610839943905,51.89875483345042,51.997954974465074,121200
2005-11-07,51.98228454589844,52.07626633890209,51.872639784637656,52.05016271962718,128300
2005-11-08,52.15977478027344,52.21720828351662,52.039685459821776,52.15455246630813,171300
2005-11-09,52.02405548095703,52.154585528627734,51.98750722694767,52.14936321135185,132600
2005-11-10,52.2067756652832,52.22243862732385,51.9718232677549,52.07624567033208,177700
2005-11-11,52.258968353271484,52.3164018493803,52.11799776138672,52.11799776138672,77800
2005-11-14,52.08144760131836,52.21197754518131,51.99268819552141,52.201536902393684,530600
2005-11-15,52.15458297729492,52.22767948173785,52.05016053765094,52.13369769267398,209100
2005-11-16,52.27462387084961,52.37382390144154,52.15975690373123,52.25895693432316,150000
2005-11-17,52.29033279418945,52.45218876280933,52.22245462660521,52.33210336140121,274600
2005-11-18,52.26942825317383,52.42084351593574,52.19633177921416,52.3842952789559,127300
2005-11-21,52.43651580810547,52.478286367360965,52.33731172573862,52.44173812387736,194000
2005-11-22,52.5722770690918,52.59838068546819,52.36865053743782,52.46785065320485,202700
2005-11-23,52.535736083984375,52.61405092740331,52.40520603367147,52.59838795871953,230400
2005-11-25,52.5826530456543,52.5826530456543,52.48867137867771,52.551327151147284,31200
2005-11-28,52.50955581665039,52.65574863334223,52.46778530232258,52.47300761247743,211400
2005-11-29,52.43651580810547,52.645364620923154,52.368641636910134,52.629701657067294,199900
2005-11-30,52.32688522338867,52.48874120493414,52.25378871666098,52.48351888775049,158200
2005-12-01,52.2529296875,52.46781327008367,52.15859123636684,52.35775241019131,520700
2005-12-02,52.2529296875,52.34726813863317,52.19527818966429,52.32630359409491,151700
2005-12-05,52.2791633605957,52.336814888198056,52.074763944034665,52.305370054444076,308600
2005-12-06,52.36823654174805,52.41016563391398,52.237211127663265,52.33679172191276,186000
2005-12-07,52.30017852783203,52.44168441524295,52.23728480088054,52.41023955105918,200800
2005-12-08,52.56745147705078,52.57268961999345,52.35780980045446,52.410219219957945,137100
2005-12-09,52.38920211791992,52.49926298808578,52.26866097379566,52.488782714127396,175800
2005-12-12,52.2791633605957,52.45735608330837,52.25295666674733,52.436395526525764,122400
2005-12-13,52.47832489013672,52.47832489013672,52.247722759625454,52.2791675959269,152200
2005-12-14,52.61982345581055,52.666990700227906,52.48355586319449,52.535965245406956,202200
2005-12-15,52.56745147705078,52.64082546407212,52.41546136148301,52.61986089655426,300500
2005-12-16,52.56217575073242,52.71416576918562,52.50452422654053,52.70892363101003,779300
2005-12-19,52.60407257080078,52.724613684792644,52.54642108199515,52.64075951835188,196700
2005-12-20,52.61982345581055,52.677474975818136,52.5307271061914,52.619823455810554,142200
2005-12-21,52.61982345581055,52.63554587061634,52.478313725399374,52.61458131801544,179400
2005-12-22,52.73516082763672,52.7456411114703,52.61985771255655,52.67226712888877,171200
2005-12-23,52.87141799926758,52.9028668440597,52.604128809315306,52.604128809315306,154300
2005-12-27,53.00763702392578,53.00763702392578,52.8294443941341,52.86088921149075,204100
2005-12-28,52.82034683227539,52.967653927995535,52.75721349961648,52.967653927995535,1387300
2005-12-29,52.85718536376953,52.95714549259363,52.76248735062518,52.82562069732749,185200
2005-12-30,52.920326232910156,53.009766163690244,52.757236735649606,52.90454389624869,141000
2006-01-03,52.9466552734375,52.988744198276386,52.7993480503222,52.85721931852047,170600
2006-01-04,53.07291793823242,53.07291793823242,52.93087283443385,52.97296175919668,284500
2006-01-05,53.07291793823242,53.088704295384076,52.93087283443385,53.04135325157069,203100
2006-01-06,52.951904296875,53.078167026344616,52.92559772190142,53.07290490858594,201100
2006-01-09,53.00978088378906,53.07817236625315,52.92560304646077,52.999256647212924,170500
2006-01-10,52.9045295715332,53.051836692246624,52.899271469949156,53.04131647526052,251500
2006-01-11,52.86769485473633,53.00448173792889,52.825609979291805,52.99396152252211,111000
2006-01-12,53.00448989868164,53.036054563579185,52.79404943378927,52.88348532687767,188200
2006-01-13,53.15183639526367,53.204445547005534,53.03609385313897,53.07292066074038,108400
2006-01-17,53.17811584472656,53.20441840026652,53.02554657284659,53.162333508638795,253000
2006-01-18,53.24123764038086,53.32015332344973,53.13601940550127,53.32015332344973,142600
2006-01-19,53.16227722167969,53.19384186043532,53.036010639027744,53.15701511061551,156500
2006-01-20,53.188629150390625,53.23598016631789,53.03080179620941,53.18336703443906,134100
2006-01-23,53.188629150390625,53.241238268451035,53.08341091426982,53.14654025041494,221900
2006-01-24,53.09921646118164,53.20443474329972,53.03082497918691,53.18865240236403,209400
2006-01-25,52.967681884765625,53.09920672019524,52.82037471129557,53.09920672019524,162600
2006-01-26,52.8045539855957,52.92555449848756,52.69407368580973,52.899251958814624,183800
2006-01-27,52.87297058105469,52.920317583300395,52.741445778614256,52.920317583300395,164400
2006-01-30,52.87828063964844,52.894062988039565,52.75201382487526,52.873018518910705,130800
2006-01-31,52.88875961303711,52.92558640183149,52.74145245785961,52.878239393589695,174300
2006-02-01,52.741424560546875,52.910399733034595,52.699183788939365,52.88399975436564,459300
2006-02-02,52.77840805053711,52.86289768361596,52.704481635936844,52.79953045880683,150400
2006-02-03,52.92631149291992,52.92631149291992,52.69925044002602,52.72036883819621,145000
2006-02-06,52.915714263916016,52.957959090493766,52.810106226160045,52.84178783174915,119800
2006-02-07,52.87874221801758,52.98435023813888,52.7678525882839,52.979072657214225,122900
2006-02-08,52.85234069824219,52.93154873142309,52.82065909644499,52.90514873948807,146800
2006-02-09,52.884033203125,52.936837222546956,52.757302750774606,52.873469982027544,144200
2006-02-10,52.773136138916016,52.92627059380567,52.70976890729993,52.87874416292163,118100
2006-02-13,52.81004333496094,52.81004333496094,52.70971299849375,52.79948012655197,109600
2006-02-14,52.725624084472656,52.794272944613546,52.672820058072034,52.725624084472656,237600
2006-02-15,52.783653259277344,52.85757962289674,52.709726895657944,52.847020440387396,199000
2006-02-16,52.73086929321289,52.83119969419374,52.725587685612275,52.77839167555991,148300
2006-02-17,52.94736099243164,52.968483391806934,52.762545033755025,52.762545033755025,155800
2006-02-21,52.75199508666992,52.957933480787055,52.741431870789505,52.94737026490664,276700
2006-02-22,52.963191986083984,53.02127756202987,52.878702410640976,52.878702410640976,79400
2006-02-23,52.93156814575195,52.98437217767747,52.82596008190093,52.98437217767747,157900
2006-02-24,52.9737434387207,53.015988220277826,52.8206091270892,52.87341308969355,150500
2006-02-27,52.86292266845703,53.02661637405528,52.82067783195124,53.01077556753795,189300
2006-02-28,52.9737434387207,53.10575535957364,52.963184257673475,53.04766979210362,169000
2006-03-01,52.975379943847656,53.08138613508647,52.88527771408671,53.065486217331326,182800
2006-03-02,52.842857360839844,52.922360966442184,52.7209553368081,52.922360966442184,134000
2006-03-03,52.73682403564453,52.80572496306785,52.69442159859066,52.80572496306785,229300
2006-03-06,52.445343017578125,52.71565365728734,52.42944310531076,52.68385383275261,237300
2006-03-07,52.57786560058594,52.667971873684884,52.5248645270542,52.604368159213166,211200
2006-03-08,52.60436248779297,52.65736355561052,52.524858864205505,52.65736355561052,196100
2006-03-09,52.535457611083984,52.67856088795955,52.51425637678354,52.63615841935865,105700
2006-03-10,52.55665969848633,52.641460593342636,52.45595484485505,52.59376084818385,85600
2006-03-13,52.65207290649414,52.65207290649414,52.567271989544246,52.60967446988074,198900
2006-03-14,52.82697296142578,52.826972961425774,52.63086859290364,52.68917098455145,345800
2006-03-15,52.68385696411133,52.77926048710733,52.620253267540136,52.673254326155345,181100
2006-03-16,52.90641784667969,52.93821764546196,52.752712079701965,52.795114507223694,122000
2006-03-17,52.78984451293945,52.89054932712196,52.73684346895093,52.89054932712196,253400
2006-03-20,52.76863479614258,52.86933959412171,52.758036206538364,52.84283705453148,460900
2006-03-21,52.630828857421875,52.816334489100704,52.593727731086105,52.779233362764934,165400
2006-03-22,52.72624588012695,52.85344919686202,52.71034192727961,52.80044815186579,117200
2006-03-23,52.68385696411133,52.864061372147354,52.68385696411133,52.842860139956954,168700
2006-03-24,52.77389907836914,52.94880601199508,52.736797975210635,52.77920039131092,109300
2006-03-27,52.81637954711914,52.869380623711606,52.73687591036897,52.84817938433003,190100
2006-03-28,52.68385696411133,52.811060313532145,52.63085590549612,52.789859081341746,181600
2006-03-29,52.57786560058594,52.68917311184212,52.47716477399244,52.641469315057655,370200
2006-03-30,52.3393440246582,52.59375476725606,52.3128414734862,52.5301510706762,857800
2006-03-31,52.51422882080078,52.56192854015567,52.424126655095,52.424126655095,154000
2006-04-03,52.46259307861328,52.50516005197147,52.366819418262345,52.425347991777365,175400
2006-04-04,52.53179168701172,52.61159972769369,52.46261930587131,52.49454658155613,499500
2006-04-05,52.56905746459961,52.65418742794069,52.515846670671095,52.65418742794069,195900
2006-04-06,52.52648162841797,52.569048632643785,52.46263112207925,52.56372674226232,282000
2006-04-07,52.350894927978516,52.44666865622038,52.233837697970365,52.44666865622038,250100
2006-04-10,52.30303192138672,52.31899353951954,52.175330857495005,52.175330857495005,267400
2006-04-11,52.40941619873047,52.45730102643475,52.281719265440074,52.404094309181446,194800
2006-04-12,52.361549377441406,52.48392446326588,52.25513184692696,52.36686720940684,171400
2006-04-13,52.255149841308594,52.32964010861303,52.170019846995714,52.24451011430015,182200
2006-04-17,52.340274810791016,52.35091453595281,52.17001079230138,52.276424281577,109200
2006-04-18,52.30303192138672,52.40944541521524,52.28706624383932,52.34027705016816,205900
2006-04-19,52.350894927978516,52.382818150921516,52.19659258473258,52.361538708568105,233000
2006-04-20,52.2711067199707,52.37752427747746,52.175332947921994,52.36156265870513,242300
2006-04-21,52.26578140258789,52.366872993475326,52.18596926074001,52.2710992351407,396000
2006-04-24,52.46259307861328,52.48919845181465,52.31361273126961,52.40406450509826,141300
2006-04-25,52.287071228027344,52.43605581676942,52.15937421137768,52.43605581676942,110000
2006-04-26,52.19657897949219,52.24978569033293,52.116766883525145,52.20722275730743,128300
2006-04-27,52.31894302368164,52.38811132194422,52.11675189744992,52.14335727492589,143400
2006-04-28,52.436038970947266,52.43603897094727,52.255131201015715,52.37751034474121,219900
2006-05-01,52.2304573059082,52.390687369851534,52.17170505998529,52.390687369851534,163000
2006-05-02,52.2838134765625,52.321200860467144,52.182331688141666,52.25176831176402,123000
2006-05-03,52.246402740478516,52.30515489962854,52.08083069646519,52.2837901076724,128600
2006-05-04,52.219749450683594,52.26782130076616,51.990082794541905,51.990082794541905,103100
2006-05-05,52.31586456298828,52.41734636289583,52.21972498279157,52.41734636289583,128600
2006-05-08,52.35325241088867,52.369279070161944,52.267797269363186,52.33722982653513,116000
2006-05-09,52.32652282714844,52.35322576250568,52.2677706644778,52.31050025095057,172500
2006-05-10,52.26779556274414,52.44405213471756,51.92596685796394,52.32654775340195,170700
2006-05-11,52.235755920410156,52.29450811728258,52.18234186876612,52.29450811728258,186900
2006-05-12,52.12358474731445,52.235750985233565,52.00608443959093,52.193021377923394,181800
2006-05-15,52.15560531616211,52.27310963420378,52.13424052425295,52.18230824986051,126100
2006-05-16,52.41201400756836,52.43337881551308,52.155644462072694,52.155644462072694,471300
2006-05-17,52.26240158081055,52.26240158081055,52.02739712585482,52.21433387692718,163200
2006-05-18,52.48147964477539,52.48147964477539,52.36397517362599,52.379997769705874,224200
2006-05-19,52.47077560424805,52.561577072998894,52.4120233906121,52.433388202381636,316800
2006-05-22,52.48147964477539,52.63637153175208,52.43340778161304,52.572277072509856,374300
2006-05-23,52.337215423583984,52.449377558112054,52.29448990203897,52.36926465839101,246100
2006-05-24,52.347930908203125,52.56691308885201,52.34793090820312,52.44407051980827,192300
2006-05-25,52.34254455566406,52.5508461926983,52.2998149698833,52.47607145504076,189500
2006-05-26,52.56691360473633,52.625665816567235,52.347931421938384,52.49748102480938,275000
2006-05-30,52.44934844970703,52.48673580713377,52.39593852122831,52.44934844970703,203400
2006-05-31,52.331851959228516,52.50810432825297,52.29446459914253,52.50810432825297,415500
2006-06-01,52.290584564208984,52.39782776191356,52.231605919108596,52.35493048283173,461500
2006-06-02,52.692710876464844,52.69807405638286,52.54793774593968,52.62836908107928,115500
2006-06-05,52.521183013916016,52.68740904475703,52.521183013916016,52.52654619966239,356200
2006-06-06,52.66056442260742,52.682013061327794,52.4836162213465,52.59085941494837,255500
2006-06-07,52.49431610107422,52.6230037775598,52.4675042934738,52.612281509064125,320000
2006-06-08,52.671302795410156,52.783905106180995,52.55333730100914,52.644490968169755,205100
2006-06-09,52.74633026123047,52.76777888827373,52.60691623090287,52.60691623090287,166800
2006-06-12,52.585472106933594,52.740971598132774,52.58010892698668,52.740971598132774,193700
2006-06-13,52.735599517822266,52.78385994738408,52.60691185716904,52.762411322124045,258900
2006-06-14,52.53721618652344,52.681989319003755,52.4675071193708,52.65517750995925,158000
2006-06-15,52.45143127441406,52.515777173358295,51.47554097375627,52.50505081141337,114800
2006-06-16,52.4193000793457,52.54798788381001,52.312056833199165,52.53190241961591,227900
2006-06-19,52.27987289428711,52.4139238504263,52.23697560650404,52.354941102452216,164400
2006-06-20,52.31205749511719,52.349591609015526,52.23698926732053,52.33886932972097,109200
2006-06-21,52.32811737060547,52.38174101359059,52.23160463141528,52.285224183490804,95700
2006-06-22,52.10295867919922,52.32280435448742,52.05470226710953,52.32280435448742,248700
2006-06-23,52.12970733642578,52.177963690022594,52.0707246214242,52.13507051712818,331800
2006-06-26,51.97957992553711,52.16188719162634,51.96349447157735,52.017114015079535,561200
2006-06-27,52.124305725097656,52.17256613402088,52.01706673556528,52.16183978052451,746000
2006-06-28,52.07073211669922,52.20478301719718,52.06536893522483,52.20478301719718,108000
2006-06-29,52.25307846069336,52.263804831664984,52.06540787780883,52.092219714326,248100
2006-06-30,52.2476806640625,52.3441974767536,52.22623202891904,52.306663387979775,187400
2006-07-03,52.327354431152344,52.413491968192986,52.21430199423437,52.21430199423437,88800
2006-07-05,52.17121887207031,52.33810515695367,52.063546988869454,52.33810515695367,260100
2006-07-06,52.219722747802734,52.268172065462174,52.14973903098353,52.268172065462174,137000
2006-07-07,52.41353988647461,52.51044265060529,52.2789529422524,52.289718090592444,427600
2006-07-10,52.46198654174805,52.51043997497828,52.4135372157852,52.478140424336374,92600
2006-07-11,52.548095703125,52.596545002856956,52.46734276297325,52.54271107851084,204000
2006-07-12,52.58041763305664,52.58041763305664,52.435065564682496,52.48889951195933,173100
2006-07-13,52.623504638671875,52.65042367525627,52.505067449329836,52.505067449329836,499200
2006-07-14,52.69346618652344,52.69885081302571,52.55887927483275,52.65040149630502,738700
2006-07-17,52.58041763305664,52.6665552345131,52.56965248650803,52.64502083414898,187300
2006-07-18,52.54274368286133,52.59657764061303,52.47275994851089,52.53197853421807,223900
2006-07-19,52.74726867675781,52.74726867675781,52.440410889265856,52.47271041197117,121400
2006-07-20,52.80109786987305,52.84416663447772,52.655741816148144,52.67189157605903,91500
2006-07-21,52.76879119873047,52.90876262198944,52.763410683912866,52.897997485091004,139800
2006-07-24,52.84956359863281,52.87109798763756,52.78496453888329,52.80111430382067,172500
2006-07-25,52.80651092529297,52.84419919799382,52.72037745027013,52.84419919799382,86500
2006-07-26,52.83882522583008,52.93572797180988,52.73115322625985,52.790371799206774,117200
2006-07-27,52.92494201660156,52.97339542793434,52.784974622230244,52.914176873675125,135700
2006-07-28,53.03804397583008,53.07572817212408,52.951910430273514,53.04342860594904,105400
2006-07-31,52.97334671020508,53.08639908965723,52.97334671020508,53.027180589859185,491100
2006-08-01,53.10261535644531,53.113425434923236,52.929625229928824,53.07558397363557,195000
2006-08-02,53.12421798706055,53.21071508398729,53.08637653825724,53.162059435863846,127400
2006-08-03,53.134979248046875,53.21606916452374,53.059296425842994,53.18903781756329,330100
2006-08-04,53.302608489990234,53.36207420558827,53.27558124388717,53.27558124388717,136000
2006-08-07,53.30802536010742,53.3404597111394,53.253966733584505,53.31343246008236,209400
2006-08-08,53.30802536010742,53.39451833766231,53.253966733584505,53.29721116015754,137300
2006-08-09,53.3513069152832,53.36211699751159,53.221561182074296,53.221561182074296,131700
2006-08-10,53.32421875,53.35665308656443,53.16744591592693,53.35125011340835,143700
2006-08-11,53.232330322265625,53.25935756716104,53.18908178114351,53.25935756716104,109600
2006-08-14,53.17289733886719,53.21614590661013,53.108024487252784,53.20533170246918,195400
2006-08-15,53.302608489990234,53.37829137813173,53.264767045919484,53.33504695948521,269400
2006-08-16,53.480987548828125,53.545860341469194,53.46477038176952,53.545860341469194,188300
2006-08-17,53.486419677734375,53.59453692499524,53.470202503086114,53.59453692499524,143200
2006-08-18,53.52423858642578,53.605328549926874,53.51342439160863,53.58370428469946,449000
2006-08-21,53.654014587402344,53.65942168829116,53.55670739345133,53.62158023088852,350600
2006-08-22,53.664794921875,53.68101621555103,53.58911204901579,53.63236058333741,432000
2006-08-23,53.64322280883789,53.68106427914904,53.551318560015744,53.62700150063803,157200
2006-08-24,53.63774490356445,53.71883483988024,53.63774490356446,53.71342774428439,199600
2006-08-25,53.69184112548828,53.756713944899296,53.63778250484995,53.691841125488274,173600
2006-08-28,53.64322280883789,53.735122933249116,53.61619141958239,53.637815706104604,294200
2006-08-29,53.664794921875,53.68101621555103,53.54586763910142,53.65939194839023,134600
2006-08-30,53.74592971801758,53.76214690081189,53.686463964831304,53.686463964831304,146500
2006-08-31,53.81615447998047,53.908054504498985,53.767498857090025,53.78371602325136,169200
2006-09-01,53.82324981689453,53.88837977481784,53.76354839065394,53.81239689428553,125000
2006-09-05,53.75810241699219,53.88835813978747,53.75267388748891,53.83950965576751,137500
2006-09-06,53.768985748291016,53.79612427040284,53.69843138786021,53.73642283436251,142200
2006-09-07,53.752708435058594,53.86125425035935,53.70928845263531,53.758136968050856,273300
2006-09-08,53.82324981689453,53.910089760792275,53.82324981689453,53.87752271145241,120400
2006-09-11,53.785247802734375,53.89379771126622,53.763537821028,53.87208772955985,190800
2006-09-12,53.91547775268555,53.93176333673909,53.7797935375148,53.82321348015031,126600
2006-09-13,53.95895004272461,54.01865148657842,53.90467713215505,53.99694149419906,130600
2006-09-14,53.88291549682617,53.980608298522824,53.872062581417076,53.942616883460445,172400
2006-09-15,53.86667251586914,53.97521831048008,53.86667251586915,53.97521831048008,122500
2006-09-18,53.8558349609375,53.86668788719291,53.65502062877086,53.65502062877086,237400
2006-09-19,53.98063659667969,54.04033801461111,53.94807369262832,53.98606512760687,133100
2006-09-20,54.040367126464844,54.13806003200254,54.00780420487164,54.10549711040934,215500
2006-09-21,54.27371597290039,54.289997425171315,54.00234739303589,54.1054687784263,259600
2006-09-22,54.306243896484375,54.40393668793776,54.30081950972542,54.34423530756329,271000
2006-09-25,54.414817810058594,54.50165358489411,54.39310783116094,54.414817810058594,177400
2006-09-26,54.40938186645508,54.47993618269256,54.38767189051557,54.46365473592657,340200
2006-09-27,54.3876953125,54.56137105405471,54.3876953125,54.49081670743308,430400
2006-09-28,54.403934478759766,54.431072974465515,54.317098745856924,54.431072974465515,155400
2006-09-29,54.36056137084961,54.4636786258504,54.317141399924886,54.39312427866498,414400
2006-10-02,54.41175842285156,54.47170761011474,54.33546021323307,54.357260295687006,174200
2006-10-03,54.400917053222656,54.44451726348731,54.28646961973662,54.439066197718006,342400
2006-10-04,54.613433837890625,54.6188849007611,54.39543706044102,54.44448831038996,252200
2006-10-05,54.44445037841797,54.55889767130538,54.444450378417976,54.55889767130538,207800
2006-10-06,54.242801666259766,54.42264919053328,54.242801666259766,54.42264919053328,328500
2006-10-09,54.35725021362305,54.36270127271063,54.27005405792084,54.29185413633134,181900
2006-10-10,54.14468765258789,54.22643688148436,54.12833863839629,54.21008786729276,336400
2006-10-11,54.084808349609375,54.23195798326487,54.03576124368679,54.21560894795734,275600
2006-10-12,54.13926315307617,54.22646348212522,54.084765026390784,54.13926315307617,261200
2006-10-13,54.003028869628906,54.07388019366949,53.98667984344771,54.06297807092099,257400
2006-10-16,54.09022521972656,54.13927229464298,54.035727083839014,54.13927229464298,192400
2006-10-17,54.17196273803711,54.28095898614155,54.12836257561919,54.27006102450724,144600
2006-10-18,54.23737335205078,54.25372653579321,54.15017716179843,54.18287521340038,304700
2006-10-19,54.21009826660156,54.21554932502396,54.11200000469498,54.166498115101014,174200
2006-10-20,54.193748474121094,54.22644650830917,54.15014832324417,54.21554854955956,143300
2006-10-23,54.03571319580078,54.09021131768144,54.013913115460475,54.06296017777102,199000
2006-10-24,54.095664978027344,54.12836302113974,54.06296277697457,54.084762858362964,209000
2006-10-25,54.22650146484375,54.27554856583327,54.06300281232514,54.06300281232514,239900
2006-10-26,54.41175842285156,54.42266054304881,54.28096208606852,54.33001331107502,185900
2006-10-27,54.52077102661133,54.56437120126871,54.40087262527426,54.56437120126871,266300
2006-10-30,54.53163528442383,54.53708634237199,54.460788162853454,54.50983521057011,175300
2006-10-31,54.73329162597656,54.73329162597656,54.50984395159878,54.53164402894829,189800
2006-11-01,54.82748031616211,54.83295438209967,54.619511740912536,54.75633416092936,773100
2006-11-02,54.767250061035156,54.778194011815,54.71799601929573,54.72893997007557,249400
2006-11-03,54.48263931274414,54.56472934901488,54.3895969791622,54.542841456332724,172600
2006-11-06,54.48263931274414,54.52641927359352,54.41148904732942,54.455273183663856,240000
2006-11-07,54.6195182800293,54.728974558951435,54.603096080250516,54.64688026201513,225400
2006-11-08,54.767250061035156,54.778194011815,54.65231978815641,54.65231978815641,185400
2006-11-09,54.78366470336914,54.79461282896195,54.701570463369045,54.745354614767294,127200
2006-11-10,54.90407180786133,54.91501575852096,54.79461559931821,54.86576171732257,145400
2006-11-13,54.83842086791992,54.86578702041982,54.75633076139748,54.82200284661543,187800
2006-11-14,54.91499710083008,54.99162143136075,54.88763514573404,54.96972936199274,191800
2006-11-15,54.81106185913086,54.88220801379935,54.767277682955395,54.88220801379935,213000
2006-11-16,54.76175308227539,54.93141556451658,54.71797312198944,54.92594150367396,305100
2006-11-17,54.90407180786133,54.92048982159413,54.77272352251225,54.78914153624505,534400
2006-11-20,54.942378997802734,54.964271073452935,54.86028475798608,54.92048692215253,222200
2006-11-21,55.01354217529297,55.02449030425703,54.8931419851027,54.94239603897766,251200
2006-11-22,55.090171813964844,55.10111576848652,54.97523732630214,54.986185456312015,274000
2006-11-24,55.10659408569336,55.15584814807382,55.08470199947254,55.11206397563219,176200
2006-11-27,55.079261779785156,55.128520047922905,54.95338742602737,55.01358548076518,191000
2006-11-28,55.22699737548828,55.24341539595574,55.05733475451817,55.20510528970219,269600
2006-11-29,55.144866943359375,55.248849063309606,55.10655686222283,55.243379177065584,300900
2006-11-30,55.31452941894531,55.34736544081055,55.19959916693099,55.2433833130753,210500
2006-12-01,55.4178466796875,55.478286863330624,55.247517539599606,55.29696631240126,354500
2006-12-04,55.47275161743164,55.48923452994999,55.340884125292874,55.41780717837316,184600
2006-12-05,55.43983840942383,55.51126582879124,55.35741957661776,55.51126582879124,348500
2006-12-06,55.395835876464844,55.43429740808181,55.35737434484788,55.395835876464844,222800
2006-12-07,55.346412658691406,55.3683870937566,55.28597248227592,55.35190417146047,169600
2006-12-08,55.23103332519531,55.34642218511838,55.21455040006208,55.31894784856618,364200
2006-12-11,55.220054626464844,55.302473456843806,55.22005462646484,55.26950340949471,249200
2006-12-12,55.373863220214844,55.38485462585574,55.27496152941181,55.329905981637275,222000
2006-12-13,55.20351791381836,55.285936663896464,55.16505638938081,55.269449560287434,215700
2006-12-14,55.126583099365234,55.209001831852845,55.08812158313646,55.209001831852845,2320000
2006-12-15,55.11570358276367,55.40142187645604,55.06625475808578,55.40142187645604,314000
2006-12-18,55.1485481262207,55.159535331584195,55.08810801674693,55.1485481262207,236000
2006-12-19,55.18706130981445,55.192552821643496,55.10464252044739,55.121125439922054,252900
2006-12-20,55.16511917114258,55.22006366972807,55.13214911839405,55.170614878600084,333500
2006-12-21,55.27495574951172,55.30792577099384,55.071660878336,55.209024090532594,306000
2006-12-22,55.22553253173828,55.24201545410183,55.09915647362688,55.231024044529796,461300
2006-12-26,55.20906448364258,55.220051704180264,55.09917131828764,55.09917131828764,166000
2006-12-27,55.05956268310547,55.208464102472085,54.960300680118834,55.153317142776174,781500
2006-12-28,54.98788070678711,55.13678214957849,54.932733738415635,55.120234272367455,326900
2006-12-29,54.98240661621094,54.99895450602301,54.932775569116316,54.99895450602301,278800
2007-01-03,55.098201751708984,55.18643609628782,55.032022837690555,55.147832781638506,471200
2007-01-04,55.2140007019043,55.252604008867245,55.11473445436459,55.164365474411994,1745500
2007-01-05,55.1754150390625,55.19747047228435,55.0926924384187,55.14783943636582,318200
2007-01-08,55.208473205566406,55.23053283457076,55.153326236777545,55.23053283457076,281700
2007-01-09,55.208473205566406,55.24156054535092,55.1698699066698,55.24156054535092,361300
2007-01-10,55.14784622192383,55.20850918936368,55.09821517989854,55.20850918936368,697900
2007-01-11,55.04302978515625,55.1974429854932,55.00442648507202,55.169871603972545,445200
2007-01-12,54.96587371826172,55.06514003937442,54.927270382687226,55.03756863250579,232500
2007-01-16,55.03755187988281,55.103726602183315,54.96585698746161,55.048579597783984,448700
2007-01-17,55.00444412231445,55.125770020752256,54.96584080985202,55.08716670828982,258800
2007-01-18,55.0816650390625,55.098212926507586,54.95482735410963,55.00445839410512,290600
2007-01-19,55.05956268310547,55.10919789204212,54.998903972650304,55.10919789204212,309200
2007-01-22,55.0871696472168,55.10371332380539,55.03202265610627,55.098201569906344,263600
2007-01-23,54.98240661621094,55.087188881118074,54.94931925148119,55.087188881118074,334200
2007-01-24,54.96587371826172,55.05962407502148,54.95484599700387,55.05962407502148,358000
2007-01-25,54.8941535949707,54.98790390149187,54.83900660333742,54.98790390149187,296700
2007-01-26,54.88864517211914,54.91070481329134,54.789378890567434,54.85004185192939,289500
2007-01-29,54.816917419433594,54.97684655418198,54.78382587633302,54.971330595757976,388400
2007-01-30,54.899688720703125,54.90520047657846,54.8004224181331,54.899688720703125,293100
2007-01-31,54.943817138671875,55.048599429992954,54.84455081201197,54.877642392530774,386400
2007-02-01,54.97312545776367,55.23334739182324,54.93436926912337,55.23334739182324,821500
2007-02-02,55.05064010620117,55.0838584909468,54.96758992022918,55.028493108334786,445100
2007-02-05,55.13922882080078,55.15030443278168,55.072792045348635,55.12815743292819,248000
2007-02-06,55.244415283203125,55.25549089303265,55.017415970987614,55.20012129209998,236400
2007-02-07,55.31084060668945,55.33298759596935,55.211181266983104,55.28869361740957,289800
2007-02-08,55.344078063964844,55.36622506088212,55.26102788155197,55.29425048898177,353800
2007-02-09,55.21672821044922,55.272093580760526,55.1004554414564,55.25548439207783,419600
2007-02-12,55.16138458251953,55.21675420300234,55.06726298627313,55.189069392760935,304700
2007-02-13,55.15583801269531,55.205665590466594,55.02295602375591,55.10600621081604,227400
2007-02-14,55.36625671386719,55.37732810660149,55.18908486134722,55.249988081661286,269400
2007-02-15,55.44375228881836,55.48804629451722,55.399458283119515,55.45482790229752,438500
2007-02-16,55.48252487182617,55.49913407284074,55.41608384365779,55.44376866142215,309400
2007-02-20,55.51017379760742,55.526782987882754,55.393905241572725,55.454808421987195,252400
2007-02-21,55.504661560058594,55.515732950639524,55.37731733577653,55.4548339662804,223600
2007-02-22,55.39392852783203,55.46590312398396,55.3717815234524,55.46590312398396,188000
2007-02-23,55.52680206298828,55.571096068343735,55.42714266299295,55.42714266299295,360200
2007-02-26,55.648582458496094,55.66519164671493,55.559994489186465,55.59321708973101,222700
2007-02-27,55.87561798095703,56.290864852202155,55.67629914483061,55.87561798095704,379300
2007-02-28,55.8368034362793,55.897706585024984,55.70946356097848,55.87555960147154,533700
2007-03-01,55.827938079833984,55.98357083703283,55.74456217685615,55.97245178827601,662900
2007-03-02,55.94468307495117,55.96135741350017,55.80016507306636,55.88354100648745,187600
2007-03-05,55.91131591796875,55.96690268654368,55.82238472146396,55.96690268654368,264700
2007-03-06,55.8724365234375,55.916904264948016,55.81129867970709,55.81129867970709,221300
2007-03-07,55.91686248779297,55.96688971978477,55.83904611862711,55.900188157353725,296500
2007-03-08,55.86683654785156,55.950212436321316,55.83904317147036,55.9168595365291,351700
2007-03-09,55.71119689941406,55.80012805957735,55.70007785397283,55.76677940460028,309900
2007-03-12,55.88352584838867,55.889085373289056,55.76124174463011,55.84461765543595,224200
2007-03-13,56.028072357177734,56.028072357177734,55.889113848594135,55.95581121868089,344300
2007-03-14,55.96136474609375,56.066974558310214,55.92245653748927,55.98359861396441,468700
2007-03-15,55.900177001953125,56.03357585952017,55.87238362965143,56.03357585952017,201400
2007-03-16,55.90574645996094,55.93909512011102,55.83348537540378,55.889072129885896,264100
2007-03-19,55.86683654785156,55.877951353999734,55.7834606593818,55.85571750102954,181300
2007-03-20,55.92244338989258,55.96691111517936,55.861301327792184,55.96135158934959,446400
2007-03-21,55.99469757080078,56.039165293949594,55.850183831580395,55.889092029166726,664300
2007-03-22,55.88908004760742,55.97801123416439,55.80570414474649,55.96689642609773,210200
2007-03-23,55.81127166748047,55.95578539643026,55.75568489715728,55.95578539643026,226200
2007-03-26,55.77794647216797,55.94469838464308,55.739038258014084,55.805739871139586,444100
2007-03-27,55.78904342651367,55.85574077253891,55.73345665059182,55.83350691030529,275600
2007-03-28,55.816837310791016,55.94468096931509,55.772369582549956,55.88909842935174,217600
2007-03-29,55.727874755859375,55.81680592165421,55.7000813811696,55.78345726456535,223000
2007-03-30,55.727874755859375,55.822365444726884,55.62226502084653,55.81680592165421,435200
2007-04-02,55.79985046386719,55.90587154204957,55.6938293856848,55.90587154204957,1065300
2007-04-03,55.744056701660156,55.81101380390494,55.677095342224234,55.78869760795077,390600
2007-04-04,55.80546188354492,55.861260912809776,55.749662854280075,55.80546188354492,181400
2007-04-05,55.75522994995117,55.81102896938109,55.69943093052127,55.805452047472706,269600
2007-04-09,55.54319381713867,55.63805257903783,55.52087335718726,55.63247139975187,324200
2007-04-10,55.626922607421875,55.72178141728982,55.543221904575915,55.65482000357414,314700
2007-04-11,55.59341812133789,55.74966135915953,55.52646099089297,55.71059735680942,344200
2007-04-12,55.66039276123047,55.705033696950984,55.59343135764969,55.604593720176794,274100
2007-04-13,55.57113265991211,55.6827350429339,55.49859430384466,55.6827350429339,291600
2007-04-16,55.68272018432617,55.68830136628686,55.559959724357924,55.604600665654466,396400
2007-04-17,55.84450912475586,55.84450912475586,55.71058637587724,55.749650370527576,368200
2007-04-18,55.928199768066406,55.93377668871075,55.833336773625305,55.90587931391505,160100
2007-04-19,55.9058723449707,55.96725252193776,55.827752893774594,55.96725252193776,223500
2007-04-20,55.87800598144531,55.94496737781211,55.81104458507853,55.94496737781211,162100
2007-04-23,55.93379592895508,55.967278750295286,55.81661669724635,55.90031736480767,409600
2007-04-24,55.96168899536133,56.05096657180508,55.94494971585264,55.97284709596975,227500
2007-04-25,55.98401641845703,56.0509735448216,55.91147385530518,56.00633687964278,401800
2007-04-26,55.87800598144531,55.97286476673649,55.83336505053412,55.97286476673649,251900
2007-04-27,55.86683654785156,55.91705439204766,55.816614446462836,55.8891570087807,169100
2007-04-30,56.056522369384766,56.056522369384766,55.933762032315016,55.96724483336418,298600
2007-05-01,56.02404022216797,56.06885151942135,55.90081556488193,56.01283953457488,1029900
2007-05-02,56.040897369384766,56.44418658204242,55.90086514634626,56.057700552398295,255200
2007-05-03,55.97925567626953,56.046468375697685,55.90643622063273,56.018464508750036,267900
2007-05-04,56.05210494995117,56.085711320105005,55.979289723469606,56.04650246377726,233700
2007-05-07,56.10810089111328,56.10810089111328,55.99607684044931,56.040888170092344,301500
2007-05-08,56.04648208618164,56.12489977032572,56.02407642307714,56.119301559632056,291000
2007-05-09,55.97925567626953,56.119287831334496,55.97365319350311,56.119287831334496,302100
2007-05-10,56.07449722290039,56.08009970773567,55.979276347919836,56.040890860776386,218200
2007-05-11,55.96245193481445,56.14169292054516,55.923238829288735,56.13609043783546,185100
2007-05-14,55.973655700683594,56.02406522751266,55.87843485660041,56.01286453492034,247300
2007-05-15,55.951236724853516,56.012851203052186,55.87281907504455,56.007248721368285,266100
2007-05-16,55.96245193481445,55.97365262679166,55.84482116512169,55.872829305227995,238800
2007-05-17,55.867218017578125,55.91763180713559,55.8280091916741,55.89522615327022,212200
2007-05-18,55.70476150512695,55.86719923596094,55.68236013223406,55.83359290318152,431900
2007-05-21,55.816810607910156,55.816810607910156,55.68238095308624,55.74959364377736,316500
2007-05-22,55.70476150512695,55.81118725684855,55.62634387968159,55.81118725684855,353000
2007-05-23,55.659996032714844,55.74401192737616,55.54236950674572,55.6767992116471,1081300
2007-05-24,55.682373046875,55.682373046875,55.47512397530694,55.587147959513906,339300
2007-05-25,55.65437316894531,55.68238130587184,55.547947376754514,55.63196751409242,222200
2007-05-29,55.598350524902344,55.67116568415337,55.53673605421268,55.6543625145909,222700
2007-05-30,55.665592193603516,55.71600600198717,55.60397769082522,55.70480103414942,577600
2007-05-31,55.54235076904297,55.64877229085948,55.51994511354427,55.59276028883366,506000
2007-06-01,55.485015869140625,55.56377353488764,55.428761006745745,55.53564824967564,942500
2007-06-04,55.55248260498047,55.56373185223215,55.473724998315625,55.52997981850942,299000
2007-06-05,55.39496612548828,55.524351779779856,55.33871130658031,55.50747576330422,244800
2007-06-06,55.41749572753906,55.43437175218088,55.29935926307674,55.42311820777324,1001300
2007-06-07,55.03490447998047,55.25992794268682,54.96176938672071,55.25992794268682,319500
2007-06-08,54.967403411865234,55.05178775801852,54.88864583331314,54.90552184415057,389700
2007-06-11,55.00674819946289,55.068629728926325,54.8886119046591,54.89423866878218,261000
2007-06-12,54.68051528930664,54.88866283536405,54.62988724111205,54.8774135886433,380400
2007-06-13,54.76492691040039,54.84931132467844,54.62428765059353,54.629914422737286,407100
2007-06-14,54.87177658081055,54.9505341690629,54.78739222426399,54.832397786684375,230700
2007-06-15,55.06867218017578,55.07992571709705,54.87177820372149,54.93928654934873,470200
2007-06-18,55.108028411865234,55.119281944178816,54.93926405484672,55.0461468600356,242200
2007-06-19,55.2824592590332,55.321838066496895,55.1418200478103,55.198079165873956,300900
2007-06-20,55.11370086669922,55.21496128164015,55.04619249274906,55.153079678511325,298700
2007-06-21,55.04618835449219,55.158702302617215,55.00680954564049,55.09682070414052,340000
2007-06-22,55.175540924072266,55.175540924072266,54.922387931353285,55.04615104442052,357900
2007-06-25,55.226219177246094,55.29372756176501,55.15308831299421,55.265597995223146,305000
2007-06-26,55.15867233276367,55.28243117050582,55.136169555365306,55.22617637299285,639900
2007-06-27,55.265586853027344,55.38935005370861,55.20370525268671,55.33309522393578,214500
2007-06-28,55.226219177246094,55.31623035660465,55.15308831299421,55.24872197208573,293500
2007-06-29,55.33308410644531,55.389338924915464,55.231823716412045,55.30495455122648,506700
2007-07-02,55.48054122924805,55.57093929491366,55.34494844116665,55.34494844116665,2726200
2007-07-03,55.41839599609375,55.64438685946211,55.390149832183454,55.55963974689682,384200
2007-07-05,55.186790466308594,55.34498286921197,55.085094734382174,55.34498286921197,453000
2007-07-06,55.0907096862793,55.14155536379896,54.983363064293044,55.034213052229596,281300
2007-07-09,55.186790466308594,55.21504095700692,55.096392344409686,55.20373903655971,232100
2007-07-10,55.42406463623047,55.42971559498236,55.24327274993711,55.33931749662639,712600
2007-07-11,55.299766540527344,55.486209375910995,55.2319722806921,55.486209375910995,233300
2007-07-12,55.24319839477539,55.37879104938841,55.18105086340844,55.37879104938841,234100
2007-07-13,55.31102752685547,55.36752413838303,55.19802999338518,55.35622654024358,247600
2007-07-16,55.42406463623047,55.49186320999744,55.29412275786699,55.35061941413018,279500
2007-07-17,55.32235336303711,55.4409976009288,55.282805283739876,55.39015191772552,221300
2007-07-18,55.46360397338867,55.54835109961795,55.32801115767257,55.33930876297479,226700
2007-07-19,55.46360397338867,55.49185445227107,55.36755924185718,55.401456368181734,321200
2007-07-20,55.5934944152832,55.695190002736084,55.43530223711506,55.45225078328828,316300
2007-07-23,55.55965805053711,55.63875854262961,55.491863786484416,55.503161393686995,255600
2007-07-24,55.67266845703125,55.68396606682774,55.56532176707633,55.58792129708892,208800
2007-07-25,55.638702392578125,55.734747043337826,55.49745873778528,55.49745873778528,580900
2007-07-26,55.83649826049805,55.932543006918564,55.678305899236356,55.68960350628995,324600
2007-07-27,55.779998779296875,55.870392562403126,55.69525164422215,55.76869686239713,329000
2007-07-30,55.75172424316406,55.859070855304815,55.712176171914805,55.82516942965082,389300
2007-07-31,55.926883697509766,55.93818561329438,55.706543754306765,55.72349231756577,529100
2007-08-01,55.79692077636719,55.95012916671122,55.79692077636719,55.90473248465896,814500
2007-08-02,55.76857376098633,55.88206552104949,55.700483034216404,55.79127211299896,566300
2007-08-03,56.012550354003906,56.012550354003906,55.830967949122424,55.90473431292033,371600
2007-08-06,55.92180252075195,56.09770938748731,55.865054459884476,56.09770938748731,231000
2007-08-07,55.88201904296875,56.052250047577346,55.842298042300314,55.95010971310644,280300
2007-08-08,55.813968658447266,55.887735053149704,55.70615257219401,55.882063712281095,277200
2007-08-09,55.88201904296875,55.933087045572016,55.79122571043267,55.870667711769556,271600
2007-08-10,55.69479751586914,55.995543050639355,55.67777483718664,55.995543050639355,398700
2007-08-13,55.79692077636719,55.88770981120583,55.63236105087715,55.63236105087715,220200
2007-08-14,55.95011520385742,55.99551187458054,55.77420851638635,55.77420851638635,250900
2007-08-15,56.023929595947266,56.063650631511216,55.8763924655948,56.057974960925456,224900
2007-08-16,55.989871978759766,56.165783107880245,55.85368620885001,56.01824599840526,541400
2007-08-17,56.11469650268555,56.16009319089467,55.84799637103999,55.98985777474367,311800
2007-08-20,56.063636779785156,56.18847119695157,56.057961110601696,56.12038048381846,252400
2007-08-21,56.324649810791016,56.39274051005692,56.23953210744241,56.3530194923964,224600
2007-08-22,56.27922821044922,56.32462487604033,56.154389544705815,56.26220554316863,545300
2007-08-23,56.34739303588867,56.35874005171579,56.18283316614256,56.26795093728982,522300
2007-08-24,56.205448150634766,56.35298078388246,56.19409682237679,56.33028245662975,293700
2007-08-27,56.375694274902344,56.42676660727403,56.27355393942341,56.313274940483865,301600
2007-08-28,56.60270309448242,56.61405010250622,56.387075307896595,56.4097736532109,187700
2007-08-29,56.489253997802734,56.659485209179465,56.48357832530929,56.61408848777115,201400
2007-08-30,56.60837936401367,56.648100386418655,56.54028432734795,56.59702802660268,186400
2007-08-31,56.64242935180664,56.79563778525554,56.47219391084821,56.57433430956985,201000
2007-09-04,56.57914733886719,57.55936695697507,56.47656611492678,56.97807625328059,554500
2007-09-05,56.76152038574219,56.84130530874683,56.47087282453826,56.47087282453826,294600
2007-09-06,56.750152587890625,56.83563771869517,56.71026010657576,56.7843449010307,761000
2007-09-07,57.103485107421875,57.12058561205284,56.84703406136439,56.94961534937826,353400
2007-09-10,57.24018478393555,57.297173344246886,57.06351459463742,57.154699769494314,285900
2007-09-11,57.137630462646484,57.223115517223455,57.00655279923508,57.00655279923508,687000
2007-09-12,57.05790710449219,57.13769208202025,57.000914108010555,57.10919558377944,2039700
2007-09-13,56.89262390136719,56.95531270472155,56.77864228256191,56.875527745534946,790400
2007-09-14,56.93247985839844,57.06355320099737,56.818498312713075,57.04645705613241,320600
2007-09-17,56.95526123046875,56.96665720807289,56.858375855057474,56.909668624151706,278000
2007-09-18,57.07503128051758,57.189008633518235,56.76158703782982,56.89266490694215,628000
2007-09-19,57.0636100769043,57.09780674866979,56.89264410989974,57.046513914999416,441200
2007-09-20,56.65896224975586,56.96670608450936,56.61906977198896,56.95531009712767,282100
2007-09-21,56.8242301940918,56.84132634849917,56.60767165834202,56.76154139596221,465700
2007-09-24,56.829925537109375,56.84132152309558,56.70454795149382,56.8356257040792,274000
2007-09-25,56.875492095947266,56.99516945971334,56.852695786474946,56.96667298588508,260000
2007-09-26,56.81855773925781,56.89834273070902,56.67608391910124,56.801461576511976,702100
2007-09-27,56.9154167175293,56.98950150422137,56.790039118547384,56.790039118547384,380900
2007-09-28,57.00090408325195,57.13768203320649,56.88122663800754,56.97811210621394,336100
2007-10-01,56.808631896972656,57.12910262992945,56.808631896972656,57.12337876879804,3538500
2007-10-02,57.02610778808594,57.07760945177383,56.75714301275286,56.75714301275286,282100
2007-10-03,57.054710388183594,57.16916579041693,56.94598321359588,57.146274709970264,327100
2007-10-04,57.03179931640625,57.16914137440252,56.94595889289909,57.106192021565626,445000
2007-10-05,56.5797119140625,57.026076888270644,56.21918299949021,56.837228825020915,750200
2007-10-08,57.02610778808594,57.197784366406694,56.699917486645944,56.86015070615643,367700
2007-10-09,56.90590286254883,56.99173892342729,56.745669727541724,56.957404499075906,182700
2007-10-10,56.98027038574219,57.02605250865895,56.76281185092288,56.917321058237526,711600
2007-10-11,57.02036666870117,57.02036666870117,56.79146026752324,56.87730071371828,258000
2007-10-12,56.9116325378418,57.02608791619914,56.837239816429225,56.9688624100336,470400
2007-10-15,56.92881393432617,56.94025729112175,56.79719131802848,56.90019899329672,200800
2007-10-16,57.02036666870117,57.06614882214205,56.9116351457857,57.03181439007462,266400
2007-10-17,57.21489715576172,57.24350770639915,57.008881980669734,57.03177304079365,243600
2007-10-18,57.380836486816406,57.39800805247235,57.266385578577136,57.386560342035054,270000
2007-10-19,57.644081115722656,57.64408111572265,57.42089442365285,57.512458642555565,732700
2007-10-22,57.62693405151367,57.68988338726801,57.51248309524622,57.68988338726801,284500
2007-10-23,57.609779357910156,57.609779357910156,57.48388065905543,57.59261214734361,328900
2007-10-24,57.86160659790039,57.91310825616213,57.62697628974625,57.72426447650842,1018400
2007-10-25,57.71277618408203,57.87873313186824,57.701332834521445,57.87300927407582,236200
2007-10-26,57.66128158569336,57.798623627271226,57.5754411724479,57.66128158569336,348000
2007-10-29,57.66128158569336,57.73567428195954,57.569717313958265,57.67272493664785,261000
2007-10-30,57.7357063293457,57.7357063293457,57.6269747878128,57.712815248705766,252400
2007-10-31,57.57543182373047,57.71849770056789,57.46098086867017,57.54681690195336,767000
2007-11-01,57.71737289428711,57.84379555641247,57.61393656929322,57.6369229064247,251200
2007-11-02,57.78059387207031,57.98171887530503,57.71163484916288,57.72887350884067,401100
2007-11-05,57.72887420654297,57.90701287096149,57.72887420654296,57.90701287096149,509700
2007-11-06,57.654170989990234,57.757607331896516,57.56222562643077,57.69439599049844,418000
2007-11-07,57.66564178466797,57.70586677109695,57.53347585105621,57.69437579677212,716100
2007-11-08,57.72312927246094,57.79208829948385,57.62544060565921,57.75761097807065,469700
2007-11-09,57.924259185791016,57.94724114413936,57.7805978330328,57.84955247647095,184600
2007-11-12,57.84379196166992,57.94722389604044,57.751846618858025,57.751846618858025,224000
2007-11-13,57.84953689575195,57.9299868808931,57.78058227088548,57.89550956845986,276100
2007-11-14,57.82656478881836,57.838060151921695,57.6943988025052,57.77484880744272,336000
2007-11-15,58.07368850708008,58.10242254351723,57.82659069999524,57.93002709329118,493500
2007-11-16,58.03342056274414,58.096631888793496,57.95297058126226,58.039168242620036,1810900
2007-11-19,58.15983200073242,58.25752061881095,57.92997307616374,57.92997307616374,416800
2007-11-20,58.03916931152344,58.182830621700475,57.975957984309915,58.17133964593222,332100
2007-11-21,58.48165512084961,58.48165512084961,58.142616470036856,58.27478682908682,789200
2007-11-23,58.182884216308594,58.48744577295664,58.182884216308594,58.34953201572342,137700
2007-11-26,58.71149444580078,58.8551557345793,58.27476728453418,58.34372189726332,441900
2007-11-27,58.470130920410156,58.7344671041191,58.28624468895204,58.7344671041191,933000
2007-11-28,58.32646942138672,58.47587835388269,58.280496767665866,58.39542840196799,536500
2007-11-29,58.493202209472656,58.65985003381987,58.33230207126155,58.53342724402544,1496800
2007-11-30,58.61384582519531,58.67705718613476,58.20010032966349,58.33801403344157,1734300
2007-12-03,58.92365646362305,59.18328552318259,58.69864725306128,58.79096098137423,630100
2007-12-04,58.6986083984375,58.981315702941615,58.65245596659174,58.946695876859884,580800
2007-12-05,58.589027404785156,58.74480131167273,58.583256696600984,58.73326429706502,442400
2007-12-06,58.52550506591797,58.6755081165954,58.352419205282416,58.485118952003845,805900
2007-12-07,58.19093322753906,58.421713139719074,58.03515491606925,58.421713139719074,406200
2007-12-10,58.075523376464844,58.202448098200406,57.879358985129805,58.202448098200406,916400
2007-12-11,58.35818862915039,58.508196078297466,58.069715135582435,58.20818118000332,1153500
2007-12-12,58.30052185058594,58.40437253250663,57.99473610810519,58.13897292178625,500900
2007-12-13,58.075523376464844,58.23706793300014,58.01782511905163,58.23706793300014,425500
2007-12-14,57.913970947265625,58.05244147464766,57.83319867383883,58.0409000631531,515300
2007-12-17,58.00053024291992,58.13899640749593,57.90245022641857,58.08707324643993,550800
2007-12-18,58.306339263916016,58.329417702546024,58.087100699574094,58.23133763969007,402300
2007-12-19,58.427467346191406,58.59478263782768,58.208228895992036,58.352465761013676,634800
2007-12-20,58.37551498413086,58.652451563203755,58.37551498413086,58.588987022202836,489200
2007-12-21,58.12168884277344,58.421704002211484,58.12168884277344,58.421704002211484,411900
2007-12-24,58.138973236083984,58.17935936806268,58.052434668814115,58.127436227700755,190700
2007-12-26,57.96013259887695,58.23706927486063,57.89666803566734,58.12744786536055,259200
2007-12-27,58.278175354003906,58.27817535400391,58.04645209932576,58.237624115916745,427200
2007-12-28,58.59101867675781,58.63156992702046,58.33033269932008,58.40564090130648,442500
2007-12-31,58.60837936401367,58.7300330778777,58.423001644827515,58.69527613670325,708000
2008-01-02,58.88644790649414,59.44258106172768,58.54465511394493,58.71844865859754,888900
2008-01-03,59.042877197265625,59.04287719726562,58.72426149117206,58.86908801751136,370600
2008-01-04,59.16453170776367,59.30356835705592,58.97915392846221,58.97915392846221,497700
2008-01-07,59.23986053466797,59.29779027784088,58.990758661243966,59.21089345320347,693600
2008-01-08,59.3904914855957,59.3904914855957,59.05449712524355,59.18194524319931,1544400
2008-01-09,59.25141525268555,59.37886327614619,59.15293429628556,59.344106331476524,437700
2008-01-10,59.1297607421875,59.25720876395744,58.973350073495,59.228241697281064,291900
2008-01-11,59.38467025756836,59.390460136414035,59.19349818154466,59.205082358990865,315700
2008-01-14,59.431026458740234,59.46578783940398,59.309372675807055,59.38468531744852,290400
2008-01-15,59.64533615112305,59.64533615112305,59.44837426258419,59.55843938039864,361400
2008-01-16,59.46575164794922,59.70905906573625,59.43678458498508,59.64533506301775,620900
2008-01-17,59.82493209838867,59.82493209838867,59.42521394095022,59.535279081815226,807500
2008-01-18,59.813350677490234,59.81335067749024,59.55266471846835,59.645351389768884,809400
2008-01-22,59.906044006347656,61.11099729679279,59.599008070574385,60.230453997649654,793000
2008-01-23,59.72646713256836,60.47377264588092,59.69750447500529,60.47377264588092,911200
2008-01-24,59.57583999633789,59.92921708748996,59.500531790918025,59.92921708748996,469200
2008-01-25,59.680091857910156,59.819128456096635,59.21664978988169,59.425200267408144,585400
2008-01-28,59.795997619628906,59.87710014889809,59.65117104311159,59.674343825725124,484000
2008-01-29,59.610599517822266,59.80177159459043,59.570048266970375,59.75542604511544,450900
2008-01-30,59.70331573486328,59.77283409346953,59.53531634971595,59.68014294866119,557800
2008-01-31,59.9639778137207,60.02770184060204,59.70908170619534,59.946599337253964,649200
2008-02-01,59.90290832519531,60.09484996848929,59.902908325195305,60.0657662876702,610300
2008-02-04,59.86796951293945,59.91450159462954,59.71092928416484,59.821437431249365,336200
2008-02-05,60.054134368896484,60.15882940534655,59.86219272914695,60.11229729191395,622800
2008-02-06,60.00760269165039,60.048317181813225,59.86219316427649,60.048317181813225,698600
2008-02-07,59.47831726074219,59.99597484878776,59.356173784213695,59.98433960099638,622300
2008-02-08,59.7633171081543,59.85056371406971,59.60627676754394,59.699336559652785,543400
2008-02-11,59.89128494262695,60.007610805235764,59.77495464247093,59.83893519816994,746300
2008-02-12,59.86796951293945,59.8912355537845,59.59459907993962,59.72256008581559,653400
2008-02-13,59.51322555541992,59.809862305398,59.51322555541993,59.705167242908544,510400
2008-02-14,59.32707214355469,59.519013736088866,59.175845030872104,59.40850110325788,578800
2008-02-15,59.298004150390625,59.402699188771095,59.257289659773036,59.402699188771095,455300
2008-02-19,59.012996673583984,59.31545094795706,58.92575007760921,59.245652783668,597200
2008-02-20,58.91992950439453,59.09441823691959,58.797781622817645,58.87339740070292,405300
2008-02-21,59.4026985168457,59.43759982094218,59.04208572903939,59.18749525639267,486400
2008-02-22,59.088600158691406,59.47248335486697,59.065338544570714,59.24564489805254,987700
2008-02-25,58.8791618347168,59.17579374331145,58.79772850804624,59.14089691583953,557900
2008-02-26,59.1641731262207,59.1641731262207,58.919886416802946,58.98386690320413,638400
2008-02-27,59.286338806152344,59.30960484974511,59.1292985588313,59.28052118586813,633000
2008-02-28,59.64115524291992,59.693500527799046,59.43176522831273,59.530642613670196,434500
2008-02-29,59.86796951293945,60.08317706259845,59.61204750118752,59.85052109169156,922900
2008-03-03,59.85807418823242,60.009866125664146,59.752988147567294,59.7763410959506,388300
2008-03-04,59.601192474365234,59.88142338328066,59.42021270338769,59.78801604972165,385300
2008-03-05,59.221710205078125,59.618701333264916,59.180843667799415,59.60118328518675,432100
2008-03-06,59.134117126464844,59.37931626449255,59.122438431825266,59.291743871163526,1161200
2008-03-07,59.31513214111328,59.50779063038288,59.09328580609106,59.478598330510664,1087600
2008-03-10,59.63037872314453,59.6654059129114,59.396853731754994,59.484426160290916,444500
2008-03-11,59.26844787597656,59.3793733110353,59.12249523158188,59.28012658183602,564200
2008-03-12,59.87556838989258,59.91060002817912,59.32678987007449,59.48441665295081,429500
2008-03-13,59.618682861328125,59.852203313928854,59.385157954610285,59.75295667616183,417500
2008-03-14,59.869754791259766,60.03905587770752,59.63622975412824,59.817209542198356,490900
2008-03-17,60.12662887573242,60.28426017024507,59.63039095109414,59.79385714235196,722200
2008-03-18,59.98652267456055,60.319294446999145,59.8697623682776,60.149988885004745,398200
2008-03-19,60.16750717163086,60.34849145082146,59.97485309667131,59.99820159645024,403300
2008-03-20,60.37763977050781,60.406832057298686,60.056546886396255,60.30758540879789,315600
2008-03-24,59.933963775634766,60.06239829211655,59.75297956518898,60.06239829211655,423000
2008-03-25,60.04487609863281,60.1149349236879,59.87557061200501,59.98649597147934,490500
2008-03-26,59.869754791259766,60.22004011989725,59.85223673882622,60.0448952285187,341300
2008-03-27,59.893104553222656,59.99819059944882,59.72380346319357,59.840563757169434,371300
2008-03-28,60.03907012939453,60.050748833789115,59.8522509461673,59.91063555989886,466000
2008-03-31,59.94563674926758,60.220028279889355,59.94563674926757,60.09742866167683,555900
2008-04-01,59.53825378417969,59.960303754957884,59.52653216152244,59.87237593234662,1209100
2008-04-02,59.56758499145508,59.772746999825415,59.450346363674626,59.661371421483075,499400
2008-04-03,59.7551155090332,59.83718024808836,59.55581223404719,59.72580475700227,480900
2008-04-04,60.059913635253906,60.21818450613088,59.95440121206655,60.0540505916902,431000
2008-04-07,60.05405044555664,60.071639576204966,59.81371932633196,59.93681640771902,417000
2008-04-08,60.04822540283203,60.27683503479657,60.01891464091068,60.089257786205295,408800
2008-04-09,60.3120231628418,60.376503281403416,60.05996573724519,60.147893578210656,492700
2008-04-10,60.12446212768555,60.31203948548582,59.95446944839828,60.18894226369786,456500
2008-04-11,60.25339889526367,60.335463677776055,60.118575625596044,60.24753584731415,263600
2008-04-14,60.18302536010742,60.28267476397682,60.06579129346025,60.11268670899631,683200
2008-04-15,59.86064147949219,60.071666419651365,59.83133072083912,59.94856481106361,635600
2008-04-16,59.64376449584961,59.93685424767197,59.538252006305775,59.807894041318974,386500
2008-04-17,59.63208770751953,59.667257073077764,59.40933646645594,59.655530969759646,487200
2008-04-18,59.790287017822266,59.8020086357471,59.30962018342945,59.4385803415678,620000
2008-04-21,59.79617691040039,59.825483204467055,59.62618430491164,59.761003096447354,438600
2008-04-22,59.884056091308594,59.95439471768635,59.67303126779252,59.79026529321638,569100
2008-04-23,59.825469970703125,59.84305463769229,59.67892511620135,59.80788530371396,496300
2008-04-24,59.60273742675781,59.67308058346072,59.444470914420144,59.58515275563086,364000
2008-04-25,59.544151306152344,59.59690534694545,59.40346491964256,59.508977473426185,507900
2008-04-28,59.69066619873047,59.708250870135565,59.45619347820716,59.52067358815595,513500
2008-04-29,59.778602600097656,59.86652596973118,59.6320576877807,59.802045850536054,697500
2008-04-30,60.142024993896484,60.142024993896484,59.48550671579999,59.77273346246721,813300
2008-05-01,60.0396842956543,60.19845972679342,59.93383550371122,60.1925779921163,503200
2008-05-02,59.93974685668945,60.03383222576912,59.70452670431344,59.7456898944954,462100
2008-05-05,59.9632453918457,60.01616754962446,59.80446994561049,59.986767846341635,541600
2008-05-06,59.769168853759766,60.0631927086037,59.71624671338289,60.0631927086037,930100
2008-05-07,59.93974685668945,59.945628594272954,59.6339637991165,59.728049168196165,299200
2008-05-08,60.092613220214844,60.49836319938672,59.87503389337688,59.98088268934546,731300
2008-05-09,60.116127014160156,60.33370182320915,60.02791894915042,60.23961651059437,433600
2008-05-12,60.010284423828125,60.21021853778918,59.98088023697549,60.08084729395602,579400
2008-05-13,59.66926574707031,59.92212671259891,59.633984282353275,59.86920002907057,482700
2008-05-14,59.7574348449707,59.88092437723506,59.58101866376456,59.8750426414749,292000
2008-05-15,60.074947357177734,60.074947357177734,59.73387865887462,59.80444150235297,350600
2008-05-16,59.927982330322266,60.16319797451192,59.85153320815489,59.90445986861314,387200
2008-05-19,60.02791976928711,60.092605385414785,59.863267105125246,60.06908293532757,630400
2008-05-20,60.157352447509766,60.17499318148163,60.039740076941996,60.157352447509766,670700
2008-05-21,60.074947357177734,60.13962846821712,59.96321687307391,60.074947357177734,540800
2008-05-22,59.71625900268555,59.927956580655305,59.56924704500926,59.927956580655305,509300
2008-05-23,59.945621490478516,59.95149874091428,59.74568281439449,59.82800918500241,584000
2008-05-27,59.610416412353516,59.79859155828879,59.598652942104785,59.686861023172746,865300
2008-05-28,59.333988189697266,59.62213018198872,59.23989844485746,59.55156287335887,371500
2008-05-29,59.169376373291016,59.31638833601754,59.06352758066996,59.31638833601754,621300
2008-05-30,59.3811149597168,59.55164500615115,59.30466581498538,59.36935148216482,1132500
2008-06-02,59.601898193359375,59.761295650817004,59.365756647808496,59.48382967259662,601800
2008-06-03,59.714046478271484,59.731756300062905,59.33622193330839,59.43658059280899,476200
2008-06-04,59.50154495239258,59.80262556315839,59.407086523906926,59.79672078537159,390900
2008-06-05,59.283111572265625,59.44840931351064,59.23588235933116,59.3421458364209,378000
2008-06-06,59.61371994018555,59.66094465573394,59.44841767167418,59.57239549906427,434800
2008-06-09,59.31258010864258,59.471972935619476,59.24764112253523,59.33028992230425,555500
2008-06-10,58.99968719482422,59.25943860208735,58.94655325659732,59.18269458467207,557200
2008-06-11,59.07646942138672,59.28899630370882,58.982015531479185,59.1414084412087,508600
2008-06-12,58.71044921875,58.98201484613598,58.686839124565545,58.97020529501969,513700
2008-06-13,58.56288528442383,58.95842433598798,58.55698501047913,58.78131702907711,799000
2008-06-16,58.62779235839844,58.7989947939765,58.55695307748576,58.78128497374833,460400
2008-06-17,58.8285026550293,58.86982706215184,58.71633447682985,58.85801751496107,407200
2008-06-18,59.07646942138672,59.08827446861611,58.87575209031814,58.95249615736952,345900
2008-06-19,58.775390625,59.02924193602179,58.77539062499999,58.98201724171077,435900
2008-06-20,58.9525146484375,59.11190760816227,58.89348038572557,59.1001025572301,419000
2008-06-23,58.875762939453125,59.023350829149514,58.79901435423504,58.99383144960026,515600
2008-06-24,58.99382400512695,59.07647285260541,58.858041181969824,58.993824005126946,514300
2008-06-25,59.02335739135742,59.06468182490586,58.67504759085595,59.05877704753453,487100
2008-06-26,59.10003662109375,59.25352913611821,59.02919288246234,59.1826853974868,540200
2008-06-27,59.24175262451172,59.35392081387891,59.0292257941439,59.0292257941439,466000
2008-06-30,59.271263122558594,59.48378992112572,59.24764853338199,59.42475570019537,639600
2008-07-01,59.06619644165039,59.629185887160794,59.06619644165039,59.629185887160794,854500
2008-07-02,58.99513244628906,59.28551404332882,58.99513244628906,59.26773622410639,812400
2008-07-03,59.01292037963867,59.24404111177601,59.0010654839138,59.18478019710556,281300
2008-07-07,59.2203369140625,59.315153474988655,58.870689824934544,59.01884437495258,603100
2008-07-08,59.45147705078125,59.49888760737453,59.16109530395666,59.26183934572771,327300
2008-07-09,59.68255615234375,59.735894121564904,59.421802794632264,59.55810691924955,392000
2008-07-10,59.73589324951172,59.783299250962905,59.52847334273304,59.71811091248669,577200
2008-07-11,59.39814376831055,59.89001360035584,59.344805761631214,59.89001360035584,478200
2008-07-14,59.48698425292969,59.759587949314586,59.3921677382947,59.3921677382947,366000
2008-07-15,59.718135833740234,59.84258963827036,59.62331926995322,59.641097093080894,433400
2008-07-16,59.26182556152344,59.56998506506323,59.26182556152344,59.56406213785638,487400
2008-07-17,59.0010871887207,59.32110167124686,58.9003431445883,59.26184073477601,503300
2008-07-18,58.65732955932617,59.07216033615993,58.65732955932617,58.87066787218613,438400
2008-07-21,58.965518951416016,58.965518951416016,58.74032563234161,58.864774928776306,317500
2008-07-22,58.76397705078125,58.92990929395578,58.68100640787946,58.91805440726358,302900
2008-07-23,58.835052490234375,58.84690736971402,58.686898145921205,58.78764201493933,405700
2008-07-24,59.2440071105957,59.26771236712261,58.87658241640166,58.91214256184972,320200
2008-07-25,58.9417724609375,59.155115254587834,58.85287887669728,59.14326488663637,394300
2008-07-28,59.20844650268555,59.267707378356945,59.089920230027765,59.23214723590211,458500
2008-07-29,59.13734436035156,59.19660524967267,58.98918987639076,59.14327180567848,279200
2008-07-30,59.2025146484375,59.249925153968775,58.9536162763703,59.184736839191935,403800
2008-07-31,59.50476837158203,59.64699540845515,59.32698118450365,59.48106311188385,559600
2008-08-01,59.43456268310547,59.613064538083655,59.29176392281736,59.613064538083655,331500
2008-08-04,59.261985778808594,59.51188463319091,59.24413650913682,59.386935205999755,391600
2008-08-05,59.16089630126953,59.38104810710821,59.148998289369764,59.38104810710821,489500
2008-08-06,59.095455169677734,59.17280360790919,58.893157159152096,59.17280360790919,463000
2008-08-07,59.404823303222656,59.44052640539082,59.08947389426935,59.17277356684224,391300
2008-08-08,59.31554412841797,59.45239156940594,59.27389431514044,59.380994483495414,359600
2008-08-11,59.16679763793945,59.39289598914577,59.1132452808575,59.20844745367455,460700
2008-08-12,59.416664123535156,59.428562118902796,59.285763477056186,59.31551527470576,392600
2008-08-13,59.31554412841797,59.48809465185039,59.21439069089608,59.41669302645068,301000
2008-08-14,59.4583740234375,59.500023858558826,59.3155752372346,59.42862219571159,417900
2008-08-15,59.63087463378906,59.6427726312074,59.49997396474858,59.63682590224211,333200
2008-08-18,59.73207473754883,59.74992401873113,59.57737340148286,59.64877506570369,526500
2008-08-19,59.684486389160156,59.72613623398785,59.55953685467709,59.72613623398785,284400
2008-08-20,59.779640197753906,59.92839017155562,59.66063749501916,59.77368892774493,277400
2008-08-21,59.79154586791992,59.839146955119745,59.636849143754766,59.76774532432,361800
2008-08-22,59.72612380981445,59.74397763059178,59.56547573875198,59.61307684850815,497800
2008-08-25,59.91050338745117,59.95215317245666,59.81530128487513,59.95215317245666,267900
2008-08-26,59.83916473388672,59.93436693657183,59.761816348823224,59.8094129106749,634400
2008-08-27,59.91050338745117,60.02355020990259,59.732001714864154,59.845053076801676,334400
2008-08-28,59.964111328125,60.077162803488186,59.874860402285144,59.98196060539484,372600
2008-08-29,59.94626235961914,60.24971369324135,59.74991122965825,60.24971369324135,701500
2008-09-02,60.145751953125,60.16367130057497,59.757482714901315,59.91876139926224,1275500
2008-09-03,60.133811950683594,60.253281880947206,60.032265927943406,60.15173130089517,419800
2008-09-04,60.35485076904297,60.444452111358075,60.22343607462264,60.32498213583341,338800
2008-09-05,60.17563247680664,60.557927184703544,60.17563247680664,60.47430050218313,667100
2008-09-08,60.551910400390625,60.63553701840793,60.235318709543535,60.30700062097646,873300
2008-09-09,60.820777893066406,60.856616610374346,60.51613512400697,60.61171111324679,540400
2008-09-10,60.7789421081543,60.82075544868805,60.56987540548552,60.56987540548552,515400
2008-09-11,60.7012939453125,60.86854731814317,60.62961197525109,60.86854731814317,371800
2008-09-12,60.456398010253906,60.76104075714589,60.33095795148984,60.74909148070341,514800
2008-09-15,60.69533157348633,60.838690985265885,60.480290177160235,60.54002288562559,386900
2008-09-16,60.08003616333008,60.97603986788728,60.08003616333008,60.94019662073384,676000
2008-09-17,60.229400634765625,60.492225422315215,60.0920113252295,60.19355736944895,707900
2008-09-18,60.06216049194336,60.44445531928437,59.88295779780246,60.0322918571486,1016900
2008-09-19,60.33091354370117,60.62360679870789,59.59618853196233,59.73357776604077,1985000
2008-09-22,59.38715362548828,60.16369237393155,59.13627355869132,59.66192768302488,1719500
2008-09-23,59.29755783081055,59.49467985481543,59.13627907491494,59.32742646134941,435500
2008-09-24,59.3692626953125,59.40510141992367,58.98696777507694,59.13630187071005,2371500
2008-09-25,59.261688232421875,59.43491617317072,58.89731300486581,59.43491617317072,633200
2008-09-26,58.96307373046875,59.315504565713034,58.62856681483208,58.93320964575258,473200
2008-09-29,58.69422149658203,59.26766336179219,57.941577054670205,58.86744943877741,751500
2008-09-30,58.891326904296875,59.30946464592762,57.959484632204806,58.6882349454296,655400
2008-10-01,58.471534729003906,59.239160299021755,56.672410583496095,58.71141886348681,800000
2008-10-02,58.69947052001953,59.02331368216954,58.12375086800165,58.44159566360821,400400
2008-10-03,59.143211364746094,59.143211364746094,58.087723883033455,58.90332722225557,501200
2008-10-06,59.161231994628906,59.640995948455696,57.30213695080001,59.14324147547952,798300
2008-10-07,57.93782043457031,59.13123869528714,57.88384430723337,59.01729722719594,818000
2008-10-08,56.774383544921875,58.147716098117385,55.80285902920393,57.67394599305255,835000
2008-10-09,56.90632247924805,57.194184487852546,55.71290419600336,56.68442875229433,946600
2008-10-10,53.01422882080078,55.16717999769702,52.05469619912819,54.75338427125186,1559700
2008-10-13,55.06525802612305,56.10874998486646,53.9737882685969,54.207674318394304,911000
2008-10-14,56.222660064697266,57.12222262573242,55.53299451948795,55.55098503864277,773100
2008-10-15,57.1221923828125,57.452033644058105,55.646911112840954,56.6244335978089,678200
2008-10-16,56.222660064697266,57.44606569675449,56.06673460633587,57.12222262573242,482900
2008-10-17,56.42654037475586,57.54799631680932,55.4790049290992,56.000748116648374,588500
2008-10-20,57.43410110473633,57.66799171085961,56.618501469068256,56.90635908744185,537600
2008-10-21,57.93782043457031,58.30364287121503,56.73240544537357,57.81788060223916,571000
2008-10-22,58.60947799682617,58.77139717995792,58.021762011846214,58.333608228600305,666800
2008-10-23,57.5780029296875,58.75343080716867,57.27814873924603,58.75343080716867,855400
2008-10-24,57.09226989746094,57.781935859673794,56.90636165323683,57.66199594251267,400100
2008-10-27,56.52252197265625,57.48205458708305,56.19268049172246,56.79238894766577,675400
2008-10-28,56.72042465209961,57.11622983839212,56.22266555495415,56.79238673574612,602700
2008-10-29,57.79987335205078,57.871839981559,56.780371265441346,57.09821587213451,597800
2008-10-30,57.727874755859375,57.78184626226848,57.194135173912294,57.78184626226848,386400
2008-10-31,57.548011779785156,57.751914994678636,57.03826060566874,57.29613537498573,732700
2008-11-03,56.63261413574219,57.806938079389035,56.313439145651586,57.806938079389035,613700
2008-11-04,57.5419921875,57.68049990005383,56.927726609241766,57.30712728833171,531100
2008-11-05,58.41516876220703,58.41516876220703,57.92737346239023,58.31279276500902,612600
2008-11-06,58.17435073852539,58.71032524647895,57.9997066884129,58.71032524647895,516000
2008-11-07,58.46939468383789,58.499507448065934,57.34927244864627,58.33691046709767,878500
2008-11-10,58.096004486083984,58.6620912007294,57.7587636830925,58.589823345276365,424400
2008-11-11,58.5356559753418,58.64405552544504,57.78288259811485,57.78288259811485,402500
2008-11-12,58.029823303222656,58.782597054463544,57.83108993019914,58.76453121956438,823300
2008-11-13,58.22852325439453,58.51156675753116,57.90934810219831,58.22249978136336,523800
2008-11-14,58.40318298339844,58.41522533814823,58.00571635818068,58.41522533814823,546100
2008-11-17,58.55974578857422,58.559745788574226,58.18637313071463,58.36101710711132,407500
2008-11-18,58.47543716430664,58.656104619279255,58.39112691053655,58.45737133772223,415000
2008-11-19,58.64408874511719,58.95122174348302,58.59591471355458,58.692267371246466,546500
2008-11-20,58.656105041503906,58.98130370605695,58.51157383322398,58.95721440558292,826200
2008-11-21,58.18635177612305,58.93310141234666,58.06590532217574,58.65608146011149,1015200
2008-11-24,58.180320739746094,58.87287282756446,57.83705643111429,58.48142994361827,1524000
2008-11-25,59.63168716430664,59.69191270340519,58.818692926675375,58.86084804730622,1049800
2008-11-26,59.40285873413086,60.08336428593633,59.19208308486054,59.74009977296336,859500
2008-11-28,59.28837966918945,59.77617953316212,59.07760421910754,59.57744642541623,294800
2008-12-01,60.12478256225586,60.15501913678226,59.52008797935615,59.8526718453324,604100
2008-12-02,60.1851921081543,60.275897129376666,59.78004824193662,59.87075326315899,641600
2008-12-03,60.19120407104492,60.22748421229332,59.80420051957454,60.22748421229332,583300
2008-12-04,60.39077377319336,60.39077377319337,59.87678033280565,60.23960031741998,713900
2008-12-05,60.058162689208984,60.451214416045666,59.18740250833333,60.173055939031634,616400
2008-12-08,59.979618072509766,60.36057375066959,59.8647247003161,60.36057375066959,653600
2008-12-09,60.54191589355469,60.54191589355469,59.99164258489626,60.31817763397181,762100
2008-12-10,60.43314743041992,60.560132674788214,60.23964544660379,60.2577855367348,810100
2008-12-11,60.74753952026367,60.747539520263665,60.31215923947625,60.59031783810207,682100
2008-12-12,60.765689849853516,60.862443090108926,60.28798110635137,60.832206549167005,679800
2008-12-15,60.91086196899414,60.91086196899414,60.57827824168664,60.72945182438066,501000
2008-12-16,61.15269470214844,61.15269470214844,60.65080225285381,61.15269470214844,670800
2008-12-17,61.4792594909668,61.73322995304365,61.0801637096247,61.533684369097955,934200
2008-12-18,61.86626434326172,61.956969399203125,61.14668135661505,61.62439034535237,931100
2008-12-19,61.66667938232422,61.866224841845124,61.37642431132896,61.6364428451661,829700
2008-12-22,61.99928283691406,62.005331069436345,61.666703863383496,61.86020578304936,1490200
2008-12-23,62.60396194458008,62.610010175656285,61.763437749481355,61.8541427618302,774200
2008-12-24,62.90030288696289,63.00310443044697,62.38631362334915,62.4528303694764,491500
2008-12-26,62.68864059448242,63.021224217965525,62.573751844647504,62.9486592600828,467300
2008-12-29,63.17168045043945,63.232373637456924,62.528373414167085,62.528373414167085,614000
2008-12-30,63.195953369140625,63.32947096494804,62.843957906840885,62.910716704744594,570300
2008-12-31,63.23846435546875,63.31736367781574,62.83791601754202,63.2627407138646,611900
2009-01-02,62.8439826965332,63.353772303175354,62.81363609270093,62.96535985137895,484600
2009-01-05,63.84537124633789,63.91820033501058,62.57089229114393,62.8136512898101,3306400
2009-01-06,63.48732376098633,63.645117850510296,62.75905118359655,63.56621849062625,670200
2009-01-07,62.90472412109375,63.287066647286665,62.66803522912972,63.24458414437634,1222800
2009-01-08,62.42523193359375,63.15350421989669,62.267437907139275,63.06247365679053,1616300
2009-01-09,62.212833404541016,62.698346826633625,62.1096576930054,62.33421060250334,1137600
2009-01-12,62.540550231933594,62.68013353057807,62.12786132379047,62.206756030405046,774400
2009-01-13,62.643699645996094,62.69831797086906,62.38273462326254,62.69225235493285,585600
2009-01-14,62.558773040771484,62.78332135422867,62.27353148884522,62.78332135422867,951900
2009-01-15,62.55268096923828,62.825781926101264,62.29778612546717,62.419163299574635,1047400
2009-01-16,62.87428665161133,63.0320805616901,62.394839308469635,62.49194467782237,608700
2009-01-20,62.54657745361328,62.6254767420356,62.2916827454179,62.3341651967838,663100
2009-01-21,62.218929290771484,62.64982920271626,62.212863669092954,62.64982920271626,621200
2009-01-22,61.951820373535156,62.32202656047068,61.78189057564469,62.32202656047068,446800
2009-01-23,61.854759216308594,62.14000070826558,61.68482929690691,61.91544781177448,578000
2009-01-26,61.794090270996094,61.94581412302959,61.22360710567187,61.73947190678139,550800
2009-01-27,62.10966110229492,62.206766570189686,61.569524670300076,61.67876600655991,541200
2009-01-28,62.14607238769531,62.37062065911323,61.98220808289739,62.3524145430786,478400
2009-01-29,61.593788146972656,62.2310299135008,61.539169805395005,62.067165628282666,869600
2009-01-30,61.98217010498047,62.103551854576466,61.678722676350944,61.690863166430695,608300
2009-02-02,61.876243591308594,62.22342257854746,61.86406407361996,61.95542672042507,592000
2009-02-03,61.60209274291992,62.125899720154955,61.60209274291993,61.97972243370793,575200
2009-02-04,61.51681137084961,61.796986389763156,61.43763298949078,61.69953643169777,673400
2009-02-05,61.32192611694336,61.803097924923534,61.279290875572606,61.68127963036937,702200
2009-02-06,61.48640441894531,61.62649436297359,60.88951075422139,61.46813282774489,1936800
2009-02-09,61.49249267578125,61.663033712243966,61.352407387356045,61.608218942050115,588300
2009-02-10,61.870121002197266,62.0041188551228,61.42549218538931,61.608217375177695,524800
2009-02-11,61.85793685913086,62.217295159960926,61.76048683227677,61.80921416915112,518800
2009-02-12,62.186851501464844,62.24775836095043,61.91276831033197,62.06503778249368,366900
2009-02-13,61.99802017211914,62.14419752024194,61.754388160651736,61.754388160651736,851900
2009-02-17,62.046791076660156,62.28433117675948,61.90670106144645,62.21733221038302,436100
2009-02-18,61.918861389160156,62.186852504598775,61.876221475247355,62.05894670354715,495800
2009-02-19,61.82136917114258,61.94318281814142,61.67519186536542,61.882275994642,532400
2009-02-20,61.50469970703125,62.071142444165076,61.37678923522025,61.93105245674641,656300
2009-02-23,61.82136917114258,61.91273172983809,61.455923583253295,61.91273172983809,621500
2009-02-24,61.69959259033203,62.03458264427135,61.583866303335334,61.72395161685133,605600
2009-02-25,61.644775390625,61.772681195502535,61.541233260042574,61.66913906492011,485800
2009-02-26,61.32192611694336,61.57773756516792,61.279290875572606,61.37674086432314,509300
2009-02-27,61.32807540893555,61.486432369254636,61.212349082866325,61.28544012778854,463800
2009-03-02,61.533973693847656,61.607302850502585,61.289552495735606,61.533973693847656,627400
2009-03-03,61.45456314086914,61.521780397256705,61.16125105281091,61.44234394063389,970700
2009-03-04,61.167327880859375,61.338424558187704,60.965676227421795,61.338424558187704,548900
2009-03-05,61.3690299987793,61.5156837482223,61.13682784032467,61.28348158976767,685000
2009-03-06,61.533973693847656,61.54008562241111,61.19789221542583,61.44842534210134,701200
2009-03-09,61.112327575683594,61.54006922041113,61.11232757568359,61.54006922041113,645300
2009-03-10,61.25283432006836,61.25894624351637,60.99618947963149,61.04507554315231,507500
2009-03-11,61.39955520629883,61.454548587390306,61.01458289051303,61.307894909110004,607500
2009-03-12,61.45456314086914,61.55233539090104,61.25902330284281,61.369014753109965,603500
2009-03-13,61.515663146972656,61.55843733715364,61.320123325854304,61.35067831685661,561400
2009-03-16,61.32620620727539,61.39342342601114,61.210102890907294,61.252877060826876,644000
2009-03-17,61.142887115478516,61.47286128923371,61.124555993942394,61.423975190447386,644200
2009-03-18,62.114479064941406,62.25502077265219,61.1795545620448,61.22843599922876,493700
2009-03-19,62.26721954345703,62.87216962596744,61.96780046492627,62.16944738440764,738500
2009-03-20,61.91893768310547,62.346679384806386,61.876163512935385,62.261131044466204,513100
2009-03-23,61.91893768310547,62.01670521690787,61.82116548726818,61.98615490223489,518100
2009-03-24,61.497337341308594,61.82731169214525,61.4973373413086,61.6134407227245,934100
2009-03-25,61.22848129272461,61.71733332247045,61.16126402208359,61.50957424015347,1241000
2009-03-26,61.35063171386719,61.39340587155618,61.13676092542219,61.33840786193688,1187900
2009-03-27,61.39955520629883,61.6500883791095,61.19179155520173,61.4851035737987,1303900
2009-03-30,61.68671417236328,61.77226248929861,61.35674475677481,61.35674475677481,616300
2009-03-31,62.00448989868164,62.00448989868164,61.552305119760184,61.717289883003424,638100
2009-04-01,61.97447967529297,62.10324769777024,61.69241571964458,62.048063407374535,579100
2009-04-02,61.77821350097656,62.005092991540266,61.649445577645935,61.998959849033945,960500
2009-04-03,61.57587814331055,61.87020824442444,61.32447537284627,61.87020824442444,3081500
2009-04-06,61.56361389160156,61.735304493959866,61.37965700152164,61.72304288445629,495100
2009-04-07,61.465457916259766,61.60649205390424,61.32442845682996,61.57583103495967,807100
2009-04-08,61.66787338256836,61.75985185659802,61.50231587189061,61.58202805433256,528400
2009-04-09,61.57587814331055,61.75370189716003,61.44711018601642,61.49003283844779,564100
2009-04-13,62.02350997924805,62.02350997924805,61.520699712439516,61.821158307939825,475800
2009-04-14,62.01122283935547,62.01735598199863,61.70463120223734,61.74755384430519,594200
2009-04-15,62.18293380737305,62.182933807373054,61.931526355829355,62.060294314588944,534500
2009-04-16,62.07258987426758,62.127774163379705,61.94381717656493,62.090984637304956,457700
2009-04-17,61.72917938232422,61.998981608690066,61.72917938232422,61.96219209717424,486900
2009-04-20,62.08478546142578,62.08478546142578,61.79658867175703,61.99894020640303,705600
2009-04-21,61.888572692871094,62.18903111276171,61.84565006145815,62.18290264985697,702100
2009-04-22,62.054161071777344,62.09095525866326,61.839547807519104,61.9437878675562,448500
2009-04-23,62.13386535644531,62.15226010706219,61.90698584966337,62.054148532815724,318700
2009-04-24,62.201297760009766,62.20129776000977,61.931495687707475,62.15837512834495,533400
2009-04-27,62.2994270324707,62.44046126049933,62.084813796964234,62.287165423963614,614400
2009-04-28,62.28105163574219,62.489536470894976,62.182944702543736,62.489536470894976,397800
2009-04-29,62.02350997924805,62.3546296200564,61.99284893394,62.3546296200564,488000
2009-04-30,62.323970794677734,62.32397079467774,61.90700582601735,62.133885406009526,760700
2009-05-01,62.08342361450195,62.23106890752869,61.978845051998874,62.18185380985311,536100
2009-05-04,62.132633209228516,62.38485704241943,61.99729404931238,62.32333582906873,690600
2009-05-05,62.261844635009766,62.489461014128494,62.13881154508218,62.329514242493396,886600
2009-05-06,62.4033088684082,62.56325087475372,62.31103174572614,62.36639520328973,833700
2009-05-07,62.12649917602539,62.54481821051223,62.00961916036466,62.44023962524329,1418800
2009-05-08,62.24333190917969,62.390972417650175,62.03417021988994,62.181815421767574,706000
2009-05-11,62.28642272949219,62.48327839630828,62.21875315401702,62.21875315401702,431900
2009-05-12,62.63093566894531,62.64939015928364,62.298740762623865,62.317199946372746,786700
2009-05-13,62.686248779296875,62.833889265749036,62.50169465117684,62.71700467171258,430700
2009-05-14,62.723201751708984,62.797024393452915,62.55710667454733,62.77856990636936,453900
2009-05-15,62.864723205566406,62.864723205566406,62.64940824038295,62.64940824038295,616200
2009-05-18,62.68012237548828,62.88313106405978,62.624758929555206,62.86467658208209,420900
2009-05-19,62.73550033569336,62.77856236485189,62.6247687330844,62.6555246433924,586100
2009-05-20,62.92620849609375,63.05539459498164,62.698592211342955,62.717046697839855,543600
2009-05-21,62.7293815612793,63.018514497974486,62.594042340408215,62.93239039258593,393400
2009-05-22,62.56328201293945,62.72322879230103,62.501765465004006,62.68016673940504,433400
2009-05-26,62.42179870605469,62.6801710411628,62.347976027418625,62.66786960809616,469300
2009-05-27,62.07722473144531,62.47708416779254,61.978794616192545,62.409414636907826,636200
2009-05-28,62.10186004638672,62.17568267143583,61.77581833255164,62.034190480110524,634200
2009-05-29,62.76621627807617,62.840038863943526,62.009554719912046,62.009554719912046,1142100
2009-06-01,61.987552642822266,62.53671533962384,61.94436022984754,62.462673893164265,1111000
2009-06-02,62.41333770751953,62.46270183231945,62.04928317164764,62.3578018902141,618100
2009-06-03,62.58613586425781,62.616989633177525,62.320809457470546,62.320809457470546,797700
2009-06-04,62.067787170410156,62.499716156639806,62.036938126293336,62.499716156639806,591900
2009-06-05,61.74690246582031,62.05542101610574,61.74690246582032,62.01222860737056,479100
2009-06-08,61.58030700683594,61.88882556958036,61.58030700683593,61.73456628820815,648800
2009-06-09,61.85799026489258,61.93203643676122,61.691392262714466,61.79011578425159,442300
2009-06-10,61.68522262573242,62.03693371548432,61.68522262573243,61.70990468384394,772600
2009-06-11,61.90118408203125,62.11714620365113,61.432234398212955,61.64202953608739,481900
2009-06-12,62.20351791381836,62.26522539920848,61.907342697474576,61.907342697474576,358000
2009-06-15,62.438045501708984,62.43804550170899,62.18505778856533,62.38250966151629,491000
2009-06-16,62.52443313598633,62.586135966302166,62.28995579011227,62.40102276773046,430900
2009-06-17,62.647830963134766,62.795918678900726,62.53059230485726,62.629320587116965,454900
2009-06-18,62.24051284790039,62.5428596061533,62.22816947382271,62.53668791911446,550300
2009-06-19,62.468849182128906,62.475020872694536,62.11097115887201,62.11097115887201,584400
2009-06-22,62.56139373779297,62.71565301906924,62.47500891688784,62.66628891923211,516800
2009-06-23,62.765045166015625,62.814409287911545,62.4997188953523,62.5922754470017,524300
2009-06-24,62.59842300415039,62.93162366210659,62.59842300415038,62.72183327058989,525700
2009-06-25,62.88848114013672,63.01189150448738,62.592305680943234,62.67869058217667,575200
2009-06-26,63.073551177978516,63.07355117797852,62.88843811191877,62.993333319129576,471300
2009-06-29,63.01799392700195,63.16608621249503,62.95629116185612,62.95629116185612,398400
2009-06-30,63.030311584472656,63.12286804823246,62.88839104569199,62.92541645576629,805500
2009-07-01,63.00684356689453,63.06875836622427,62.876830990486916,62.91398081477196,450600
2009-07-02,63.15541458129883,63.24828202916005,62.994444653235014,62.994444653235014,533000
2009-07-06,63.105892181396484,63.21113976393723,63.056362240164894,63.081127210780686,436600
2009-07-07,63.310203552246094,63.33496852438974,63.130661046781306,63.143041171135394,518600
2009-07-08,63.656898498535156,63.656898498535156,63.29162581708132,63.29162581708132,790000
2009-07-09,63.47745132446289,63.57651135366612,63.34124614602955,63.43411374254703,600100
2009-07-10,63.69403839111328,63.76833329538906,63.539260883114764,63.59498324218027,504600
2009-07-13,63.66304397583008,63.842586334183636,63.625894186336225,63.70638146071324,397800
2009-07-14,63.47117614746094,63.625953698733305,63.403078370462225,63.52070609749274,529700
2009-07-15,63.05638885498047,63.39070901425067,63.05638885498047,63.2792689611606,849600
2009-07-16,63.254512786865234,63.37214528245943,63.15545757223683,63.15545757223683,410800
2009-07-17,63.254512786865234,63.31642288643772,63.13688501470887,63.15545757223683,437300
2009-07-20,63.32875061035156,63.45257069779609,63.13063563638019,63.15540059855581,675400
2009-07-21,63.76838684082031,63.77457926890167,63.20499397138387,63.20499397138387,812700
2009-07-22,63.55167770385742,63.74360039883922,63.477382762201366,63.700262863732455,450600
2009-07-23,63.39067840576172,63.60736598118679,63.29781095245529,63.60736598118679,564500
2009-07-24,63.39067840576172,63.48973828220454,63.21732834542166,63.27304598334459,579900
2009-07-27,63.1987419128418,63.378284356867546,63.05634455260281,63.149211985503555,883400
2009-07-28,63.316368103027344,63.47733800138959,63.15540292809883,63.15540292809883,674500
2009-07-29,63.427818298339844,63.57021567819494,63.24828055301553,63.495920776953,451400
2009-07-30,63.50831604003906,63.58260623003297,63.27924359954218,63.32258111818372,1108700
2009-07-31,63.83027648925781,63.972673948848595,63.61358881026065,63.7374089915627,1058900
2009-08-03,63.696075439453125,63.845143421715946,63.547002718404585,63.83893087364249,716600
2009-08-04,63.50355529785156,63.88865290666464,63.4414440032141,63.845174526539616,629900
2009-08-05,63.4476203918457,63.55942255398582,63.354451133598054,63.55942255398582,608200
2009-08-06,63.47871398925781,63.571883306709374,63.373124307580596,63.47871398925781,564300
2009-08-07,63.09982681274414,63.41038803475104,62.95697130434234,63.17436321198954,1076900
2009-08-10,63.59050750732422,63.62156552181433,63.14330337466533,63.37932817291205,920700
2009-08-11,63.81403350830078,63.82024605132042,63.62769986674853,63.7457097514304,741400
2009-08-12,63.78303909301758,63.8637832716096,63.55322217716707,63.838937815399845,672100
2009-08-13,63.94453430175781,64.0811819561599,63.73956755894142,63.826524295599704,523700
2009-08-14,64.05632019042969,64.24887126297239,63.98799638062187,64.08116564297666,453600
2009-08-17,64.32341003417969,64.3420429409654,64.00042859272656,64.18055458963187,631300
2009-08-18,64.11228942871094,64.31726106845491,64.11228942871094,64.23651208012464,442400
2009-08-19,64.24267578125,64.34826542853547,64.10602812533384,64.18056450277543,486900
2009-08-20,64.3482894897461,64.35450204155259,62.24889716406169,64.2985985528712,596600
2009-08-21,63.975650787353516,64.38559412527083,63.975650787353516,64.36695645999099,504900
2009-08-24,64.23638153076172,64.32333815778505,63.94445368056305,64.03762284916827,434400
2009-08-25,64.3420639038086,64.41038774347369,64.11225166019653,64.11225166019653,477400
2009-08-26,64.43521881103516,64.49733008627562,64.3544746271012,64.39795299364819,692400
2009-08-27,64.38554382324219,64.42902219734499,64.23647105021486,64.2861619745573,487300
2009-08-28,64.3420639038086,64.51598214763914,64.24268678897874,64.27995261469148,503600
2009-08-31,64.60916900634766,64.60916900634766,64.41040996931537,64.4414679939848,809600
2009-09-01,64.49820709228516,64.68513749977234,64.40473951156225,64.52935978322037,816200
2009-09-02,64.8409652709961,64.91574034408956,64.49825688239956,64.59172453527582,843200
2009-09-03,64.72252655029297,64.82222181554286,64.59167384055077,64.69760154549084,750900
2009-09-04,64.59789276123047,64.778595456058,64.5480427583902,64.7100528906421,542300
2009-09-08,64.50448608398438,64.67272881389505,64.50448608398438,64.52318341816743,473500
2009-09-09,64.62905883789062,64.672676407715,64.4358959935196,64.47951356334397,605800
2009-09-10,64.95931243896484,65.01539013902622,64.62906441693495,64.72253200432958,567200
2009-09-11,64.95307922363281,65.09639682312215,64.89076908409963,64.99669679670193,447500
2009-09-14,64.85962677001953,65.0403295445975,64.80354905754362,64.80354905754362,375400
2009-09-15,64.75995635986328,64.9032740478639,64.74126378185491,64.77864893787165,471600
2009-09-16,64.8097915649414,64.8907943024185,64.73501651606664,64.87210172869,594600
2009-09-17,65.1151351928711,65.1151351928711,64.79734707756678,64.84719712584241,468400
2009-09-18,64.95307922363281,65.04654680991204,64.87830895777657,64.9593116637738,470300
2009-09-21,64.90322875976562,65.04654159380374,64.85960643623568,64.92814901041339,433600
2009-09-22,64.85962677001953,65.0029444029469,64.82224162836893,64.82224162836893,567000
2009-09-23,65.02167510986328,65.04660013690255,64.80358706572312,64.8908222833792,616700
2009-09-24,65.10269927978516,65.17123717921142,65.0092315929835,65.04661676611855,459200
2009-09-25,65.29582214355469,65.29582214355469,65.09642675299565,65.15250447817111,512100
2009-09-28,65.28960418701172,65.32076165499649,65.17121151342418,65.25845147298911,610400
2009-09-29,65.25847625732422,65.33324660254503,65.13385109201624,65.22108633074984,937700
2009-09-30,65.37680053710938,65.37680053710938,65.20233022959708,65.20856267028232,818800
2009-10-01,65.5280532836914,65.54055415276378,65.26549210763885,65.41552638402551,784700
2009-10-02,65.40306854248047,67.48481040158549,65.34680267087937,65.64687619056942,683700
2009-10-05,65.44683074951172,65.60936600682264,65.42182422465459,65.52809837816717,666900
2009-10-06,65.35309600830078,65.52813701600444,65.35309600830078,65.50938330368044,509000
2009-10-07,65.61560821533203,65.67812213260808,65.50308125643268,65.55309429805598,531500
2009-10-08,65.57184600830078,65.71563230623197,65.44056535514936,65.7031266614522,512000
2009-10-09,65.11547088623047,65.45929970394664,65.10921806568884,65.44054601182636,567500
2009-10-12,65.26554107666016,65.30304848152288,65.1405084446057,65.28429477909151,417000
2009-10-13,65.42808532714844,65.44058620640533,65.30305268704188,65.36556662234139,380200
2009-10-14,65.27178955078125,65.35305717907036,65.19676997654805,65.19676997654805,491400
2009-10-15,65.1717300415039,65.2154902449962,65.0341966106697,65.15922917029373,727700
2009-10-16,65.16548156738281,65.22174741534242,65.0654602825171,65.12797418174627,458700
2009-10-19,65.2967758178711,65.2967758178711,65.0342145245938,65.20925538677866,455500
2009-10-20,65.45305633544922,65.45305633544922,65.33428134503356,65.36553591324598,473300
2009-10-21,65.40933990478516,65.40933990478516,65.19053870282684,65.34682595701257,460500
2009-10-22,65.30925750732422,65.35301770681968,65.20298341847868,65.26549730782875,518700
2009-10-23,65.22802734375,65.29679409736005,65.16551341397007,65.22177928942699,677300
2009-10-26,65.052978515625,65.30929179688863,65.03422481592406,65.19051200610728,470500
2009-10-27,65.30925750732422,65.34676488703346,65.07795087027448,65.14671757941078,420100
2009-10-28,65.40306854248047,65.4280750665802,65.22177481988749,65.3155480928848,651700
2009-10-29,65.27178955078125,65.37181088025194,65.19676997654805,65.34680435550754,590400
2009-10-30,65.5218276977539,65.54058139390904,65.30302662676812,65.32803314481015,515200
2009-11-02,65.417724609375,65.59330822793892,65.36755649427252,65.56195674422095,1036700
2009-11-03,65.32994079589844,65.53688070780271,65.32366858466926,65.46790073716795,684600
2009-11-04,65.22337341308594,65.47420937455465,65.22337341308594,65.36760086152927,490700
2009-11-05,65.39263916015625,65.42399542750168,65.0289275098458,65.21705554532905,899100
2009-11-06,65.44911193847656,65.50554750652918,65.32996380463608,65.36758751667116,435500
2009-11-09,65.53691101074219,65.5745347269229,65.43657472186348,65.49928251026388,509400
2009-11-10,65.55570983886719,65.64350168203761,65.47419020857942,65.59333354756977,464500
2009-11-11,65.5807876586914,65.72501505117617,65.50553546415836,65.5306195290027,509800
2009-11-12,65.71247100830078,65.71247100830078,65.43027888593032,65.54315477801933,507000
2009-11-13,65.78147888183594,65.78147888183594,65.58081107572461,65.69995444590772,408000
2009-11-16,65.93822479248047,66.02601662406857,65.73128485332451,65.73128485332451,479900
2009-11-17,65.99468231201172,65.99468231201172,65.8441826626718,65.88180637893238,681400
2009-11-18,65.8566665649414,66.06987860664769,65.78141919611033,65.96327497794131,528100
2009-11-19,65.92573547363281,65.99471551100972,65.8379435686622,65.9570917758223,393600
2009-11-20,65.95076751708984,65.96957936983921,65.86297568139534,65.94450008903753,422500
2009-11-23,65.93822479248047,65.95076443229476,65.793992620988,65.87551702481696,470600
2009-11-24,66.13259887695312,66.13259887695312,65.86295125751423,66.0071833822676,508000
2009-11-25,66.19534301757812,66.19534301757812,66.0260315282381,66.10128373699871,418200
2009-11-27,66.25176239013672,66.25176239013672,66.032282831126,66.03855025831518,182500
2009-11-30,66.3646469116211,66.3646469116211,66.05737070472372,66.23922658708251,632700
2009-12-01,66.20296478271484,66.32880008748124,66.17150355636866,66.28475725078209,788800
2009-12-02,66.07711029052734,66.25328639927395,66.02677905976502,66.1840755566291,480300
2009-12-03,66.08338928222656,66.08338928222656,65.91979961658414,66.03305326198165,744800
2009-12-04,65.95126342773438,66.00159944996248,65.73104933087052,65.85688458613349,1243100
2009-12-07,66.01421356201172,66.06454960902624,65.90725306233809,65.97646392690565,558200
2009-12-08,66.1023178100586,66.24073957807175,66.08344298720426,66.15894707893261,708300
2009-12-09,66.03301239013672,66.19030875581147,66.00155599718425,66.12739116960239,455200
2009-12-10,65.98271942138672,66.03305063932551,65.88204738489532,65.98271942138672,533100
2009-12-11,65.82544708251953,65.91353274656994,65.78769265484888,65.90094633724351,517200
2009-12-14,65.8631820678711,65.95756091560341,65.83801405512197,65.95126771233923,423300
2009-12-15,65.68072509765625,65.78768556385882,65.6618502860097,65.71847472094936,475200
2009-12-16,65.80030822753906,65.88839393062996,65.74997216854119,65.75626537599362,519000
2009-12-17,65.9072494506836,65.9701671058491,65.82545697899937,65.93871067842103,481700
2009-12-18,65.9072494506836,66.06454598875204,65.90095624507423,65.95129228933038,525900
2009-12-21,65.63040161132812,65.87578381025322,65.61782000126155,65.85690899499885,628500
2009-12-22,65.44168090820312,65.54234823927182,65.35988360137891,65.51718020642679,609400
2009-12-23,65.46685791015625,65.5612320458653,65.43539666471185,65.48573273729806,589100
2009-12-24,65.3536148071289,65.4291141280112,65.26552906589099,65.35990321699384,388700
2009-12-28,64.9571762084961,65.3724413679788,64.93200818668114,65.29064409700287,3458400
2009-12-29,65.03416442871094,65.12250853449397,64.9963040446304,65.06571795837317,833800
2009-12-30,65.19821166992188,65.19821166992188,65.04676537134858,65.18559315103703,532000
2009-12-31,65.11620330810547,65.18561722358372,64.85747783870603,65.02154753114488,651800
2010-01-04,65.19194793701172,65.25505502100982,65.09098526852497,65.1667060662914,987900
2010-01-05,65.48848724365234,65.51372909638948,65.32441760805655,65.38752464709495,500500
2010-01-06,65.45056915283203,65.51367132183137,65.254950984618,65.51367132183137,714300
2010-01-07,65.37493896484375,65.44435289625058,65.29290650699657,65.41280417295269,705700
2010-01-08,65.41275024414062,65.54526632728572,65.33702470474775,65.54526632728572,412300
2010-01-11,65.3622817993164,65.4506258753559,65.31810976129665,65.40645383733614,684400
2010-01-12,65.7787857055664,65.7787857055664,65.51375337519463,65.54530690640728,1818500
2010-01-13,65.50109100341797,65.73456964628114,65.49477933852202,65.68408595589301,530900
2010-01-14,65.67145538330078,65.74086924124276,65.54525099489108,65.60835318909594,498600
2010-01-15,65.79769897460938,65.87973620890418,65.74090841030528,65.81663397710241,575300
2010-01-19,65.6904067993164,65.79137419420026,65.62730458470918,65.75350901392363,754800
2010-01-20,65.86080169677734,65.87973188363587,65.7535226139268,65.79769465472712,614200
2010-01-21,65.8797378540039,66.03749584464357,65.79770061766052,65.86080766542983,540200
2010-01-22,65.91759490966797,66.03118084978078,65.84818101213283,65.86711119975303,426600
2010-01-25,65.91126251220703,65.93650435922554,65.79136975685667,65.93650435922554,514200
2010-01-26,65.99331665039062,66.07534906345515,65.92390275687785,66.03748869040865,1288200
2010-01-27,65.94290924072266,66.07542551410079,65.89873714959661,65.92397903229676,618300
2010-01-28,65.88602447509766,65.98067538198649,65.84184763269623,65.87971280984173,640300
2010-01-29,66.03746032714844,66.08163234819446,65.82921873605041,65.84183725018246,748600
2010-02-01,65.94697570800781,66.08623866745243,65.91532327923127,66.06091769032773,501300
2010-02-02,66.0229721069336,66.04196164203243,65.95334059191454,65.9596672172908,619000
2010-02-03,65.90264892578125,65.99126990908482,65.7633860007381,65.92163844656325,2040600
2010-02-04,66.0609359741211,66.16221508116855,65.9723149443981,66.0102940058554,595300
2010-02-05,66.08625030517578,66.3014714044122,66.01028736042464,66.10523983399271,777600
2010-02-08,66.21287536621094,66.21287536621094,66.04196471288932,66.15590675826547,658400
2010-02-09,66.09251403808594,66.23810349616382,66.05453018988776,66.09251403808594,707100
2010-02-10,65.94063568115234,66.13054057015034,65.85834613831024,66.09888814549004,458300
2010-02-11,65.83301544189453,65.89631545238473,65.71907349121969,65.85833641198685,547400
2010-02-12,65.84569549560547,65.99762136688175,65.84569549560547,65.98495846286731,506100
2010-02-16,66.0102767944336,66.04192922371762,65.81404525542408,65.85202430697878,592800
2010-02-17,65.80767822265625,65.997583036717,65.77603063996615,65.98492014005693,509200
2010-02-18,65.7823715209961,65.89631346824012,65.6747610234548,65.82668200995315,400100
2010-02-19,65.83301544189453,65.83301544189453,65.63678396053056,65.67476300092844,501500
2010-02-22,65.71913146972656,65.83940497640207,65.69381047729564,65.7571105436302,1120700
2010-02-23,65.95326232910156,65.99124135423178,65.78234705705701,65.78234705705701,539400
2010-02-24,66.0229721069336,66.09260362195266,65.94067768219196,66.02929873230985,542100
2010-02-25,66.15583038330078,66.15583038330078,65.97858847944407,66.12417797354937,658800
2010-02-26,66.16852569580078,66.24448862427595,66.14953617105259,66.14953617105259,658600
2010-03-01,66.26565551757812,66.3418538753748,66.19580823404374,66.25930444331584,618000
2010-03-02,66.29106903076172,66.32281471990603,66.22122173241246,66.22122173241246,661200
2010-03-03,66.29106903076172,66.32281471990603,66.22122173241246,66.22757280802182,492600
2010-03-04,66.4117431640625,66.43714263457923,66.25300010667317,66.25300010667317,782700
2010-03-05,66.28470611572266,66.35455340159616,66.19581045087465,66.35455340159616,1057500
2010-03-08,66.32915496826172,66.33550604283437,66.2275619973517,66.28470713515412,1827100
2010-03-09,66.40535736083984,66.44345412168741,66.3418611446103,66.4307568162218,1140200
2010-03-10,66.36087799072266,66.36087799072266,66.27832858884557,66.27832858884557,512000
2010-03-11,66.36087799072266,66.41802310483898,66.30372803215786,66.33547854741036,540000
2010-03-12,66.36721801757812,66.43706526904904,66.2910245392084,66.34816964798569,854200
2010-03-15,66.44981384277344,66.456164918558,66.35456708381071,66.43076545987118,832600
2010-03-16,66.57040405273438,66.60215456280363,66.41166119128343,66.44341170135269,507700
2010-03-17,66.62122344970703,66.65297396955512,66.5450299531903,66.5450299531903,662100
2010-03-18,66.56410217285156,66.62124731571046,66.53870271676398,66.61490108502674,618200
2010-03-19,66.51327514648438,66.57677133763897,66.48152462868264,66.51327514648438,388600
2010-03-22,66.56410217285156,66.61490108502674,66.51330326067638,66.58950162893915,526700
2010-03-23,66.57682037353516,66.63397037878124,66.53872359967271,66.53872359967271,725700
2010-03-24,66.24029541015625,66.46253469683865,66.17679916316887,66.46253469683865,602700
2010-03-25,66.06884002685547,66.18948141534722,65.94819379391171,66.18313518320956,1416700
2010-03-26,66.17674255371094,66.19579092706732,66.01164857720731,66.0179996498091,1251100
2010-03-29,66.10059356689453,66.19584034923719,66.0624967917385,66.19584034923719,480000
2010-03-30,66.1259765625,66.16407332816766,66.0497781867133,66.11327925542791,460500
2010-03-31,66.16407012939453,66.25296580795556,66.13232444102339,66.14502174748161,808300
2010-04-01,66.13922119140625,66.19654777567352,66.06279222494396,66.12648465013605,1386100
2010-04-05,65.7315673828125,65.97997118046754,65.68698221039799,65.97997118046754,849300
2010-04-06,65.81444549560547,65.90361594016328,65.78259682565277,65.78259682565277,934800
2010-04-07,66.09464263916016,66.09464263916016,65.85898015636315,65.85898015636315,746600
2010-04-08,66.03096008300781,66.20293501936361,66.01185283661756,66.18382777297336,406700
2010-04-09,66.10103607177734,66.1265140250562,65.98638771173393,66.05645086839506,414200
2010-04-12,66.25391387939453,66.26665528861986,66.11379239388255,66.18385556635045,476500
2010-04-13,66.36219024658203,66.38129749921872,66.27301982799527,66.31760503728866,680900
2010-04-14,66.28578186035156,66.4004302796719,66.22208937393476,66.3367377932551,513500
2010-04-15,66.40679931640625,66.4131651632902,66.17113177722197,66.2666729341575,837700
2010-04-16,66.50865936279297,66.55961525843863,66.38127448310051,66.43223037874617,479300
2010-04-19,66.38766479492188,66.55963491924649,66.374923387536,66.50231316427933,769500
2010-04-20,66.49592590332031,66.49592590332031,66.3685361582966,66.38764826461659,652200
2010-04-21,66.61055755615234,66.61055755615234,66.44495335882138,66.49590924406486,747600
2010-04-22,66.47684478759766,66.65518564131239,66.42588886955807,66.59149317347482,221600
2010-04-23,66.39399719238281,66.42584583538027,66.32393406532495,66.36851924986898,481000
2010-04-26,66.38766479492188,66.48320105320049,66.36855268384305,66.43225000192626,587100
2010-04-27,66.59779357910156,66.6997053150414,66.46403807024481,66.47677946694681,950900
2010-04-28,66.49592590332031,66.59783283991737,66.4322334605194,66.50229660542696,929600
2010-04-29,66.52143096923828,66.57875273329927,66.45136779577004,66.50868955983103,662300
2010-04-30,66.80805969238281,66.8462742075821,66.55328491906349,66.55328491906349,920200
2010-05-03,66.68150329589844,66.75177543859547,66.5984566154008,66.69428270761654,638600
2010-05-04,66.9498519897461,66.96262653416024,66.79652821325608,66.91151860866357,690200
2010-05-05,66.89874267578125,67.07761553738709,66.89874267578125,67.00734335976766,662400
2010-05-06,66.99455261230469,67.45450919922314,66.89872649564381,67.02010656834217,1366600
2010-05-07,66.70067596435547,67.39700284861897,66.69428625815625,67.14146821374587,1415400
2010-05-10,66.69432067871094,66.83486504412117,66.65598729564978,66.70709522378446,1173600
2010-05-11,66.9434585571289,66.94984826594059,66.72625232280926,66.94984826594059,417500
2010-05-12,66.8731689453125,66.9434411021589,66.80289678846609,66.86677923816687,426600
2010-05-13,66.9690170288086,67.02650979022665,66.86041634129442,67.0009558271786,352700
2010-05-14,67.21173095703125,67.30755704094199,67.0648018524296,67.18617700972725,585600
2010-05-17,67.16063690185547,67.39061760106529,67.10953387063402,67.16063690185547,312900
2010-05-18,67.39063262939453,67.42257629570982,67.17982100303894,67.25647800392491,572400
2010-05-19,67.4225845336914,67.4800772913806,67.29481472673801,67.40980511603617,577300
2010-05-20,67.36507415771484,67.60783430804014,67.26925291302733,67.56311610254635,876900
2010-05-21,67.65255737304688,67.69727558175279,67.43535116367585,67.56312095563504,1048200
2010-05-24,67.61421966552734,67.71643549254433,67.60144512410967,67.65255303761816,1322700
2010-05-25,67.69730377197266,67.88895122883766,67.67174980293974,67.7803505158887,1154700
2010-05-26,67.62062072753906,67.67811835837041,67.52479459209997,67.65895410606653,886400
2010-05-27,67.46088409423828,67.50560228900535,67.3139549716826,67.50560228900535,1072500
2010-05-28,67.53115844726562,67.59504088846175,67.44172205480747,67.44811176110244,658900
2010-06-01,67.64265441894531,67.67469628355477,67.46964106119984,67.49527357510698,1717500
2010-06-02,67.57218933105469,67.68753323862214,67.5657848670648,67.66190071595118,1241600
2010-06-03,67.5401611328125,67.61064935710372,67.43122656396403,67.48889608079989,1231300
2010-06-04,67.71319580078125,67.80931658121332,67.61067055351809,67.71319580078125,1365400
2010-06-07,67.91182708740234,67.91823155238221,67.6490973560907,67.6490973560907,417100
2010-06-08,67.83493041992188,67.95027434687033,67.83493041992188,67.89900929291444,636400
2010-06-09,67.87335205078125,67.89898456842548,67.71315248218204,67.79645938675145,539000
2010-06-10,67.66827392578125,67.81565963019152,67.63623695623203,67.77080396170165,649200
2010-06-11,67.70675659179688,67.85413747578244,67.64908219756951,67.69393788690036,442000
2010-06-14,67.8028564453125,67.8028564453125,67.5785780515457,67.69392192389753,600200
2010-06-15,67.8028564453125,67.89256780281923,67.70033127483438,67.83489831109446,882800
2010-06-16,67.90543365478516,67.91824747665382,67.74523399244543,67.74523399244543,654100
2010-06-17,68.06559753417969,68.14889955479735,67.89257925202348,67.89257925202348,776100
2010-06-18,67.95670318603516,68.14253050432436,67.94388447441835,68.14253050432436,634000
2010-06-21,68.10404968261719,68.10404968261719,67.8092830203787,67.90540375323775,696100
2010-06-22,68.1745376586914,68.21939334868358,68.00792871490464,68.10404944743175,560100
2010-06-23,68.34757995605469,68.39884012768667,68.14892906869916,68.14892906869916,334200
2010-06-24,68.28990936279297,68.4885553723611,68.23864429938651,68.43729519786017,812300
2010-06-25,68.38599395751953,68.43084964204465,68.22579438580078,68.22579438580078,513800
2010-06-28,68.51416015625,68.56542519889443,68.44367194483978,68.54620203012865,529600
2010-06-29,68.7192153930664,68.73203409817093,68.55261133793607,68.6743597030077,469000
2010-06-30,68.72562408447266,68.78970294266816,68.59105701559106,68.77047977409985,1050800
2010-07-01,68.68964385986328,68.84389060643421,68.63180500734403,68.77319540673749,744800
2010-07-02,68.59327697753906,68.69610328543877,68.56114099823552,68.56756917474863,586100
2010-07-06,68.8052978515625,68.83100563196561,68.60606868251057,68.67033568188947,553200
2010-07-07,68.71531677246094,68.86313527041348,68.70246533506639,68.85027892976161,1011200
2010-07-08,68.7024917602539,68.75390733612281,68.5546732054456,68.651076184385,622100
2010-07-09,68.59961700439453,68.70887625948205,68.55462962991946,68.55462962991946,490600
2010-07-12,68.67681121826172,68.76678606009816,68.63825197269215,68.70251901639516,323500
2010-07-13,68.50322723388672,68.68318166957998,68.49680396719758,68.67675349963383,402300
2010-07-14,68.73455810546875,68.753842605708,68.59317275982961,68.59959602332145,786900
2010-07-15,68.83097076416016,68.92094549836354,68.74742419761567,68.80526299677987,1254100
2010-07-16,69.0431137084961,69.08167294007436,68.89529514868047,68.95313889930723,386100
2010-07-19,68.9788589477539,69.06883377293403,68.93387153516385,69.01099001202668,425600
2010-07-20,68.92744445800781,69.08811449170946,68.92101628374687,69.02384745888087,616900
2010-07-21,69.22953033447266,69.24880996107677,68.93389795226462,68.93389795226462,518400
2010-07-22,69.16521453857422,69.17163780740782,69.08166301115081,69.17163780740782,920000
2010-07-23,69.0431137084961,69.17807592227938,68.95313889930723,69.17807592227938,708800
2010-07-26,69.0302505493164,69.06880977435006,68.92099123962348,69.06880977435006,836300
2010-07-27,69.00457763671875,69.08169612575833,68.97244166411159,69.01742908380501,516900
2010-07-28,69.13314056396484,69.15884837212403,68.99817824857635,69.00460642643192,495000
2010-07-29,69.19734954833984,69.19734954833984,69.02382811799832,69.04953590457835,444800
2010-07-30,69.31304931640625,69.38374452120927,69.22950266675731,69.37089307636333,937100
2010-08-02,69.21895599365234,69.315617576057,69.16095412754717,69.27050719871403,1532400
2010-08-03,69.26407623291016,69.36073782907762,69.2254066777801,69.31562744531178,1150000
2010-08-04,69.14163208007812,69.32851936158784,69.05141131199248,69.26407665819282,981700
2010-08-05,69.22538757324219,69.27049794455866,69.13516683060926,69.23183331676218,972200
2010-08-06,69.3607177734375,69.43160620123831,69.26405620521972,69.38649583051613,809200
2010-08-09,69.3607177734375,69.3929415739512,69.29627508907176,69.38005500374271,506900
2010-08-10,69.47669219970703,69.54758060264037,69.31558308697853,69.36069344187612,571900
2010-08-11,69.54115295410156,69.57337183275583,69.4638187953418,69.54115295410156,682300
2010-08-12,69.43157958984375,69.58624787303502,69.38646923641124,69.5540240848719,671600
2010-08-13,69.59271240234375,69.5991581455039,69.38649287117168,69.45093555278893,580300
2010-08-16,69.8247299194336,69.83762140943351,69.73450915608562,69.81184334609654,773200
2010-08-17,69.74093627929688,69.76671433575075,69.6700478532141,69.75382284919304,513500
2010-08-18,69.66363525390625,69.81829874955245,69.63141635550622,69.81829874955245,558300
2010-08-19,69.8891830444336,69.92140685757718,69.65074452716001,69.67007684838073,469500
2010-08-20,69.79251098632812,69.87628600462642,69.72162254135925,69.86339943129701,665300
2010-08-23,69.86339569091797,69.86339569091797,69.72805963655917,69.79894807773279,479900
2010-08-24,70.14051818847656,70.15340968134319,69.84407776917544,69.96652236808868,834000
2010-08-25,69.9793701171875,70.30158842677947,69.95359697908202,70.2178134362836,486000
2010-08-26,70.0696029663086,70.2049340802421,69.96004499312858,70.00515536443974,1177900
2010-08-27,69.68290710449219,70.13401554058933,69.67646628039995,69.98579300325437,475500
2010-08-30,70.15339660644531,70.15339660644531,69.8118458590957,69.90851237092332,429900
2010-08-31,70.20490264892578,70.23712151877383,70.076012419555,70.14690081654405,737700
2010-09-01,70.0550308227539,70.1454990565486,69.83531873343179,70.06148931791854,976100
2010-09-02,69.96452331542969,69.97098673757061,69.85466978976675,69.9516014012944,1217500
2010-09-03,69.80303192138672,69.84180755722048,69.64794416850403,69.72549051002076,856000
2010-09-07,70.00334930419922,70.06796878167972,69.84825664206585,69.88056884588116,512400
2010-09-08,69.9516372680664,70.00979330671379,69.8805543785091,69.91932507094069,819800
2010-09-09,69.61560821533203,69.84177878890614,69.59621794032675,69.79008124918956,769800
2010-09-10,69.46697235107422,69.6091381065699,69.45405043246018,69.54451865320321,770900
2010-09-13,69.62203979492188,69.68020073715572,69.44756682851406,69.47987408073566,1044100
2010-09-14,69.87406158447266,69.88052500721099,69.64142766736269,69.67373985090735,792300
2010-09-15,69.74483489990234,69.89992256169802,69.71252271071047,69.79006900668224,813500
2010-09-16,69.6285171508789,69.71898536343807,69.50573674948528,69.65436591591693,691600
2010-09-17,69.718994140625,69.79007702089149,69.62206249206629,69.62206249206629,719400
2010-09-20,69.74483489990234,69.79006900668224,69.64143983860666,69.6931373692545,717000
2010-09-21,70.0421142578125,70.08734838135247,69.78363143894843,69.79655829147399,497200
2010-09-22,70.06147766113281,70.19072149515672,70.02270697599972,70.09378985217583,652900
2010-09-23,70.13899993896484,70.21654621281962,70.04853175120752,70.21654621281962,837200
2010-09-24,69.88053894042969,70.04855345409712,69.87407551640263,70.0227046881369,1116600
2010-09-27,70.11962127685547,70.16485537503941,69.98391898230366,70.04207499562003,956800
2010-09-28,70.28762817382812,70.35225253749421,70.10669178791532,70.10669178791532,980300
2010-09-29,70.2359619140625,70.30704479662423,70.1778009509899,70.2553472583705,833500
2010-09-30,70.21013641357422,70.24244368807844,69.97750234448282,70.20367298661328,2628600
2010-10-01,70.12911987304688,70.20037653143625,70.05138398874904,70.12911987304688,1366700
2010-10-04,70.24574279785156,70.29108750873174,70.12914140670216,70.14857414819326,772100
2010-10-05,70.24574279785156,70.355864961103,70.20687237266655,70.355864961103,758500
2010-10-06,70.31698608398438,70.45949447517471,70.31050685732058,70.39471703514239,1041900
2010-10-07,70.34941864013672,70.43363381559473,70.32350665862695,70.40772183408497,962900
2010-10-08,70.49188995361328,70.56314662464322,70.45302447567047,70.55019311272969,604500
2010-10-11,70.4530258178711,70.51132403589595,70.42711385134818,70.49189129655434,434600
2010-10-12,70.38175201416016,70.54369805885808,70.34936082834014,70.4918741384265,573300
2010-10-13,70.37528228759766,70.42710621502428,70.25220169550984,70.41414776206676,984200
2010-10-14,70.11616516113281,70.39471258363913,70.0902531983181,70.3623263367719,1091800
2010-10-15,69.97371673583984,70.10975590234088,69.94133045893506,70.09679743781403,882600
2010-10-18,70.21981048583984,70.26515518358369,70.07081794056643,70.12264186433121,755700
2010-10-19,70.27813720703125,70.36235235286759,70.12267031486144,70.15506151590671,607200
2010-10-20,70.36234283447266,70.42712028559691,70.22630870445091,70.27812770002868,849500
2010-10-21,70.25223541259766,70.38827452293405,70.25223541259766,70.33645057063487,507100
2010-10-22,70.28458404541016,70.32992874065464,70.22628584103917,70.2521928592922,551400
2010-10-25,70.29106903076172,70.47892705279664,70.27811057837226,70.47892705279664,723500
2010-10-26,70.12911987304688,70.22628849286886,70.0902494597973,70.20685081514343,433200
2010-10-27,69.99309539794922,70.18742772208958,69.97365771755341,70.05787283932935,587900
2010-10-28,70.16798400878906,70.18741674394339,70.05786188144707,70.05786188144707,505300
2010-10-29,70.31698608398438,70.31698608398438,70.19390548838166,70.25220370175018,963600
2010-11-01,70.28840637207031,70.45725603467932,70.21696807065894,70.38581773326794,737100
2010-11-02,70.41179656982422,70.44427032713563,70.35334975242334,70.44427032713563,1052600
2010-11-03,70.39881134033203,70.6715730695079,70.32737303676694,70.53519220491997,462600
2010-11-04,70.73649597167969,70.7819562472415,70.57413713684487,70.62609315314363,626100
2010-11-05,70.54169464111328,70.62611948297402,70.4767471191278,70.54169464111328,1150200
2010-11-08,70.50923919677734,70.62613782999836,70.48975691704076,70.53521722135996,370500
2010-11-09,70.16504669189453,70.52872916609961,70.1390686644796,70.4962603479325,686800
2010-11-10,70.1065902709961,70.22998465438403,69.89228022985098,70.15854632240172,910100
2010-11-11,70.10014343261719,70.13910801820084,70.01571355744608,70.1066342270112,425100
2010-11-12,69.8208236694336,70.10008117932964,69.8208236694336,70.00916059050772,759500
2010-11-15,69.43761444091797,69.7493455351931,69.41813217655033,69.68440300236843,2020300
2010-11-16,69.60649871826172,69.62598099095001,69.28178096065736,69.49609586982818,1459500
2010-11-17,69.62603759765625,69.79489235623515,69.58707302060104,69.70397170657047,822500
2010-11-18,69.60649871826172,69.619485248454,69.44413983945954,69.5415561577008,916100
2010-11-19,69.68447875976562,69.72993907764479,69.61304040955507,69.63252269510285,658200
2010-11-22,69.85328674316406,69.8857605028494,69.7753576475994,69.7753576475994,512200
2010-11-23,69.92474365234375,70.06762030528778,69.92474365234375,70.03514653696362,412300
2010-11-24,69.58697509765625,69.82726292443489,69.58047935901993,69.81427640195908,740700
2010-11-26,69.72989654541016,69.76236534991754,69.63248022228798,69.63897596510947,134200
2010-11-29,69.7753677368164,69.8727791203575,69.71691595189097,69.8727791203575,658900
2010-11-30,69.72989654541016,69.97018452700485,69.70391852892425,69.97018452700485,767900
2010-12-01,69.36626434326172,69.56210060668228,69.35973497367945,69.56210060668228,950600
2010-12-02,69.22921752929688,69.42505390605253,69.22268815593591,69.40547076642221,1124900
2010-12-03,69.36626434326172,69.52293435008811,69.27487309090886,69.48376809349394,660000
2010-12-06,69.6208724975586,69.6208724975586,69.45767308006803,69.49030997529556,2606200
2010-12-07,69.07902526855469,69.4119533592491,68.98763402490512,69.36625773742432,1214600
2010-12-08,68.74618530273438,68.90286047593007,68.49812374919131,68.90286047593007,1856200
2010-12-09,68.87014770507812,68.9550096012312,68.72000206370674,68.85709394430476,805800
2010-12-10,68.73965454101562,68.86368281607514,68.68090011139361,68.86368281607514,1217500
2010-12-13,68.7853012084961,68.85710935995213,68.52418111051516,68.58945988989748,1813000
2010-12-14,68.40018463134766,68.72658368378238,68.28268077325299,68.64825109868879,941200
2010-12-15,68.28266143798828,68.5372522283598,68.12599133171032,68.45239029172025,1357500
2010-12-16,68.4131851196289,68.43929263878991,68.08678634516589,68.21734386277107,1647800
2010-12-17,68.7853012084961,68.81141371633935,68.43278982328958,68.43278982328958,1579300
2010-12-20,68.83097839355469,68.98111904782533,68.7134746299971,68.8113952630368,930100
2010-12-21,68.96157836914062,68.96810774348275,68.79184949941897,68.86365767582222,1520300
2010-12-22,68.88322448730469,69.00725766813197,68.80489193558404,69.00725766813197,669500
2010-12-23,68.7527084350586,68.83104601454082,68.70701275880776,68.81146286478406,1285800
2010-12-27,68.948486328125,68.98765259153012,68.64820002096772,68.77875755261852,686600
2010-12-28,68.5450210571289,68.95107472496687,68.5450210571289,68.87248627143572,709000
2010-12-29,69.02969360351562,69.07553855053747,68.55814272173419,68.57778984235433,487100
2010-12-30,68.97735595703125,69.02320094260631,68.83327028901576,68.95115810859856,780500
2010-12-31,69.25897979736328,69.25897979736328,69.0101077207909,69.01665343565648,551600
2011-01-03,69.1803207397461,69.21306926997916,68.96419742907008,69.02968949281204,739700
2011-01-04,69.20003509521484,69.27207293241571,69.09524370159782,69.21313152105263,625500
2011-01-05,68.86598205566406,69.00351693890836,68.72844717241976,68.95112127003644,864200
2011-01-06,68.87906646728516,68.97075637346433,68.83977222084413,68.97075637346433,2032600
2011-01-07,69.10174560546875,69.1672376818572,68.88561725633427,68.97075645596672,968500
2011-01-10,69.28516387939453,69.28516387939453,69.12798180946285,69.1541746571782,566000
2011-01-11,69.14762878417969,69.29826014347127,69.05593882720363,69.29826014347127,620800
2011-01-12,69.14104461669922,69.16069174129719,68.97076120897435,69.08864895328765,562400
2011-01-13,69.38992309570312,69.38992309570312,69.04281053699118,69.0493612447195,943500
2011-01-14,69.24584197998047,69.42267111350263,69.24584197998047,69.41612040582376,751900
2011-01-18,69.20003509521484,69.25242579529468,69.06904585319357,69.21968223233587,445200
2011-01-19,69.21314239501953,69.26553810005984,69.1149016972513,69.13454883745905,912100
2011-01-20,68.95108795166016,69.14756911662373,68.89869230810672,69.10172417769537,846300
2011-01-21,69.16726684570312,69.16726684570312,68.92494056449323,68.93149127391166,578200
2011-01-24,69.12799835205078,69.21968833118001,69.08869907761746,69.08869907761746,535300
2011-01-25,69.34410858154297,69.37685713783735,69.08214011810054,69.14108152335665,483400
2011-01-26,69.11485290527344,69.27858562038939,69.10175648662357,69.25238778636373,568400
2011-01-27,69.23270416259766,69.25890198281262,69.10826576575747,69.18685922640232,598500
2011-01-28,69.33100128173828,69.40304409690269,69.14762138740245,69.160717809829,783100
2011-01-31,69.20003509521484,69.38341503731596,69.15418511296089,69.32446862922421,1691500
2011-02-01,69.05292510986328,69.14489016994919,68.99380185025383,69.13831980516593,700500
2011-02-02,68.9740219116211,69.12511006953429,68.89519265379059,69.0725572309806,513000
2011-02-03,68.71784210205078,68.88863634389608,68.71784210205078,68.83608349844904,912300
2011-02-04,68.4879379272461,68.73098609624776,68.44852078254966,68.62588540439413,1116600
2011-02-07,68.51416778564453,68.5338738387411,68.38935610041639,68.42876820660953,604700
2011-02-08,68.31712341308594,68.52732974619609,68.25800523113979,68.52075938874175,741000
2011-02-09,68.4419937133789,68.52738838650211,68.27119935541393,68.34345831410224,518100
2011-02-10,68.2448959350586,68.42882593474404,68.2186195048583,68.3894137953019,520800
2011-02-11,68.51416778564453,68.55357989183767,68.3630796923835,68.52073312886846,797200
2011-02-14,68.54705047607422,68.61273902953222,68.45508549888996,68.45508549888996,1024900
2011-02-15,68.63243103027344,68.63899637559369,68.52732536458163,68.54703142397035,513500
2011-02-16,68.63243103027344,68.7441020412855,68.57987819742753,68.63243103027344,474800
2011-02-17,68.79671478271484,68.8558330123615,68.75073226686133,68.77700369444761,606300
2011-02-18,68.77040100097656,68.79010706682502,68.64558923498214,68.69157172586709,694400
2011-02-22,69.0199966430664,69.06597911870946,68.84263709750432,68.8492024428005,1033400
2011-02-23,69.07256317138672,69.16452814090759,69.00030426508961,69.10540493952134,707000
2011-02-24,69.08570861816406,69.19737966665558,69.07914327064033,69.13169110940855,1135300
2011-02-25,69.26964569091797,69.28278641074515,69.13826856294327,69.15140427105426,542000
2011-02-28,69.4010238647461,69.4010238647461,69.27621209210106,69.3221945854362,558200
2011-03-01,69.34501647949219,69.41088270210099,69.19352467001902,69.22645526868808,735700
2011-03-02,69.2330322265625,69.4174596302148,69.21985596900456,69.36476465052276,506200
2011-03-03,68.98937225341797,69.1079335319436,68.94985350233394,69.10135042361196,618700
2011-03-04,69.17381286621094,69.23309602931519,69.06183970012725,69.0881872142542,761700
2011-03-07,69.20665740966797,69.30545920126005,69.0354013059262,69.12103187043103,621200
2011-03-08,69.15402221679688,69.20671722122309,69.09474410577153,69.12767471458376,527200
2011-03-09,69.31867980957031,69.40431043507665,69.13425234735888,69.19353547465339,590600
2011-03-10,69.56242370605469,69.59535935090716,69.34506051068557,69.43069117719247,467900
2011-03-11,69.57553100585938,69.64798533772702,69.49649357129047,69.58211913382986,473800
2011-03-14,69.61507415771484,69.80608971996193,69.61507415771484,69.7006997441274,415900
2011-03-15,69.64140319824219,69.85876117158222,69.62822694211897,69.81924245375117,672500
2011-03-16,69.83901977539062,70.17494403916272,69.72704669589012,69.79291291763921,1012200
2011-03-17,69.79295349121094,69.87199601842293,69.64804470395904,69.73367536475709,584800
2011-03-18,69.76656341552734,69.79291090852263,69.64141910538777,69.6941090661079,382900
2011-03-21,69.60187530517578,69.74019583460645,69.52283787422625,69.73361273220667,460900
2011-03-22,69.60853576660156,69.64147141390164,69.51632198449043,69.52949322824593,604800
2011-03-23,69.57553100585938,69.72043966959468,69.54260041654541,69.70726843892294,472300
2011-03-24,69.38453674316406,69.50968608657922,69.34501801377854,69.46357922720587,1570000
2011-03-25,69.32525634765625,69.50968377902714,69.27914948981353,69.50968377902714,811200
2011-03-28,69.29237365722656,69.33189744076337,69.21333614070183,69.24626676416231,1443600
2011-03-29,69.20665740966797,69.36473726105459,69.18030993022555,69.23959301528795,538100
2011-03-30,69.32525634765625,69.35819197123132,69.22645450220168,69.27256136004439,791500
2011-03-31,69.24620819091797,69.42405250321448,69.24620819091797,69.40429314079714,1014400
2011-04-01,69.3406753540039,69.38691988674042,69.15569722305789,69.17551558847696,983700
2011-04-04,69.4530258178711,69.53230436894427,69.38035507279048,69.38696287878304,517500
2011-04-05,69.30763244628906,69.43975821595153,69.2679906831703,69.42654261482026,801900
2011-04-06,69.10285186767578,69.30765342500148,69.10285186767578,69.30104562243574,980400
2011-04-07,69.20860290527344,69.3143026157429,69.14253995619502,69.16235833689055,681700
2011-04-08,69.07642364501953,69.16230995499238,69.05660527818777,69.11606541895947,392900
2011-04-11,69.14249420166016,69.20194930440277,69.06982349367922,69.10285242622182,387000
2011-04-12,69.40677642822266,69.44641822114116,69.254832182918,69.254832182918,563000
2011-04-13,69.47946166992188,69.51910347111438,69.29448339862314,69.29448339862314,531500
2011-04-14,69.4133529663086,69.53887601349713,69.4133529663086,69.49263147615555,654100
2011-04-15,69.66444396972656,69.70408577321143,69.57195482872879,69.57195482872879,391100
2011-04-18,69.7833480834961,69.86923444367551,69.65122220052993,69.6908589573639,720400
2011-04-19,69.92205810546875,69.94848428117311,69.86260299034215,69.90223973375988,470800
2011-04-20,69.82299041748047,69.91547954432382,69.78995642634526,69.86262717461922,388800
2011-04-21,69.86920166015625,69.9154462015238,69.80974151252539,69.82955988164335,447800
2011-04-25,69.90887451171875,69.97493745633088,69.82959595401644,69.86262994646229,541700
2011-04-26,70.16650390625,70.16650390625,69.96831512782464,69.96831512782464,569700
2011-04-27,70.10704803466797,70.12686640827063,69.9418882009416,70.04098006895492,473300
2011-04-28,70.27217864990234,70.28538921338526,70.1400478136931,70.21271851353917,573100
2011-04-29,70.3316421508789,70.35146051860966,70.18630073381793,70.18630073381793,499000
2011-05-02,70.36872863769531,70.39523347433268,70.26271434642649,70.37535611067483,613500
2011-05-03,70.38859558105469,70.46147754668284,70.33558591943459,70.40847294034232,485900
2011-05-04,70.52114868164062,70.52777615635847,70.38200204425793,70.38200204425793,659200
2011-05-05,70.68019104003906,70.71332336694911,70.54767184296554,70.54767184296554,800700
2011-05-06,70.673583984375,70.78622583190584,70.52118232485105,70.60731931614798,1020900
2011-05-09,70.75306701660156,70.77957186291535,70.69343490385745,70.69343490385745,502200
2011-05-10,70.62715911865234,70.71992859375702,70.594031857448,70.66691890949198,536100
2011-05-11,70.75306701660156,70.77294438751628,70.5675381476876,70.5675381476876,538800
2011-05-12,70.64704895019531,70.77294064442438,70.5874117853228,70.71330853483413,767000
2011-05-13,70.75975036621094,70.89226964713889,70.70011315109278,70.72661801833569,312700
2011-05-16,70.91213989257812,70.9452722371168,70.75311576042172,70.7663707203516,678100
2011-05-17,70.99162292480469,71.03800515336658,70.9386132192243,70.97174554903297,683500
2011-05-18,70.87895965576172,70.99822892960472,70.83257744122734,70.96509660981636,618600
2011-05-19,70.82594299316406,70.86569772877033,70.6602915210956,70.68679636326037,632800
2011-05-20,70.89225769042969,70.92539003271683,70.8392530201702,70.85913040342822,938500
2011-05-23,70.95182037353516,71.05121224071786,70.94519290098155,71.02470740578379,804100
2011-05-24,70.97832489013672,71.01145214219547,70.88556049592366,70.91868774798242,579400
2011-05-25,70.96502685546875,71.05779119335575,70.93852203674714,70.96502685546875,543400
2011-05-26,71.1175308227539,71.15728558050839,70.97175663727477,71.00488897225986,861600
2011-05-27,71.1837387084961,71.23674838383651,71.11747914196103,71.15723387082589,509700
2011-05-31,71.20366668701172,71.30968611305491,71.08439736035537,71.11090221686617,1047300
2011-06-01,71.51133728027344,71.5246258842943,71.31197272960267,71.31197272960267,1139400
2011-06-02,71.22561645507812,71.41833425618057,71.21896961502537,71.31200509555022,666600
2011-06-03,71.31858825683594,71.45814135301937,71.21890602526237,71.45814135301937,522300
2011-06-06,71.3319320678711,71.39174348113045,71.22560798993077,71.25883711619183,1477400
2011-06-07,71.47809600830078,71.47809600830078,71.22557201444421,71.26544288977675,1737600
2011-06-08,71.53790283203125,71.63758508405985,71.46480285188028,71.46480285188028,1085200
2011-06-09,71.43157958984375,71.54455552208108,71.36512643973674,71.50467957597658,646500
2011-06-10,71.4249496459961,71.53792052688179,71.36513825196465,71.4581736915236,1160500
2011-06-13,71.3319320678711,71.51136123759633,71.31199662013557,71.34522574639665,956000
2011-06-14,71.13922119140625,71.22560982383538,71.11928067310448,71.20567437558658,1199000
2011-06-15,71.31858825683594,71.4182704884095,71.14580606011168,71.15909972834757,1395500
2011-06-16,71.36506652832031,71.48468412611338,71.35177793747492,71.37171335876607,1211900
2011-06-17,71.43157958984375,71.44487326189537,71.33189732965805,71.39835554981542,871300
2011-06-20,71.33856201171875,71.45153290216648,71.29869112569052,71.45153290216648,731900
2011-06-21,71.40498352050781,71.41827718999113,71.25878864653704,71.27207724597098,803600
2011-06-22,71.35846710205078,71.47808477930711,71.26543169419024,71.43821391023816,897800
2011-06-23,71.59107208251953,71.63758979385118,71.4581607143932,71.47145438623097,2735300
2011-06-24,71.52461242675781,71.69074783104095,71.51797066102262,71.52461242675781,1084100
2011-06-27,71.39835357666016,71.57113074815348,71.34518903002365,71.57113074815348,730600
2011-06-28,71.11260223388672,71.35847939557054,71.07272628789853,71.33189712159519,1038500
2011-06-29,70.89993286132812,71.16574540005459,70.8932860268452,71.12587453325546,2533800
2011-06-30,70.88663482666016,71.04612842413232,70.70721086706507,71.01954615788696,1295600
2011-07-01,70.9093017578125,71.0026030625505,70.82266120017023,70.97594482054825,1970000
2011-07-05,71.18256378173828,71.18922961561576,71.02261936046925,71.02261936046925,799200
2011-07-06,71.22254180908203,71.26252663658802,71.14923290229397,71.16922531604696,774600
2011-07-07,71.02265167236328,71.089294787833,70.94267688307333,71.06263652473635,1291600
2011-07-08,71.38910675048828,71.44241812516447,71.26248143099036,71.2958054891332,682800
2011-07-11,71.58246612548828,71.66910166847245,71.47583307146728,71.53581035094619,615000
2011-07-12,71.64237976074219,71.71568864912098,71.52908605489837,71.64904559183282,681500
2011-07-13,71.78235626220703,71.78902209557795,71.57576118857845,71.5957536041501,508400
2011-07-14,71.6024169921875,71.78235381072838,71.58908532590097,71.6890524848863,1724900
2011-07-15,71.70235443115234,71.76900257060423,71.52241767443408,71.56906832132691,638300
2011-07-18,71.59568786621094,71.74230555850268,71.56236381449501,71.68898910957179,641600
2011-07-19,71.74896240234375,71.74896240234375,71.52903589144228,71.55569411256995,780100
2011-07-20,71.63572692871094,71.8423270536952,71.6224003486508,71.67571683797192,627300
2011-07-21,71.52242279052734,71.62238992231678,71.4224556587379,71.54908103130717,839200
2011-07-22,71.67572784423828,71.68905442634481,71.56909484922187,71.58242651586946,458000
2011-07-25,71.4691162109375,71.68237708218359,71.44912379871758,71.50244028766417,1154600
2011-07-26,71.63572692871094,71.7023699980922,71.51576737000858,71.54242561466913,832200
2011-07-27,71.51576232910156,71.6490535430091,71.47577750719925,71.53575474005271,662700
2011-07-28,71.65570831298828,71.72901720338723,71.58240450712883,71.64904756625346,823600
2011-07-29,72.08222961425781,72.10888276825602,71.77566241334812,71.84231055196098,1400700
2011-08-01,72.25598907470703,72.32950186325553,72.05549872435994,72.06886236833175,1300600
2011-08-02,72.56344604492188,72.62359012577139,72.26939471983262,72.36963995326617,1010600
2011-08-03,72.636962890625,72.81071586624931,72.58349808334768,72.636962890625,1237500
2011-08-04,73.02454376220703,73.0913772966357,72.68371721029838,72.71044960433328,1585700
2011-08-05,72.54339599609375,73.0178846491913,72.45651441682013,72.82407856293723,2184400
2011-08-08,72.5767822265625,72.71044418677805,72.51663816847734,72.63024701064872,2068500
2011-08-09,73.00453186035156,73.49238937016113,72.47657828899351,72.57682354155003,1642600
2011-08-10,73.59931182861328,73.6260442351215,73.27184877158675,73.34536161481304,1102400
2011-08-11,72.68370056152344,73.47228815953096,72.66365254526012,73.47228815953096,2596300
2011-08-12,73.00453186035156,73.21838601975232,72.79736207743733,72.95107214451538,2472300
2011-08-15,73.11811828613281,73.2250427761592,73.01118869742301,73.19831037898174,1034200
2011-08-16,73.27179718017578,73.3519943432328,73.03789516127817,73.03789516127817,900100
2011-08-17,73.39210510253906,73.49235030180549,73.17825105682259,73.3319610421888,1119500
2011-08-18,73.49907684326172,73.84658795492206,73.44561202648765,73.6728298497491,954300
2011-08-19,73.53247833251953,73.55252636135823,73.3854526561226,73.49906665068332,1271800
2011-08-22,73.43885040283203,73.4989995331062,73.32524161070107,73.39207001203222,761800
2011-08-23,73.26512145996094,73.3252706140267,73.17824501373507,73.3252706140267,757100
2011-08-24,72.85076141357422,73.18490855597373,72.7972966471069,73.17822418549513,663300
2011-08-25,72.997802734375,73.06463115754896,72.86414078934521,72.93765358444114,647100
2011-08-26,73.09808349609375,73.23174551550134,72.97111095101239,73.19164436033671,674700
2011-08-29,73.01789855957031,73.02457783718363,72.89760527962301,72.95107009264075,1150700
2011-08-30,73.24503326416016,73.35864203891015,73.12474012069563,73.21162161794632,1108200
2011-08-31,73.17830657958984,73.43225685822019,73.17162220158507,73.36542837423184,2444400
2011-09-01,73.4139633178711,73.46084303780658,73.10589585693698,73.31350531529326,1541600
2011-09-02,73.6350326538086,73.77567705273849,73.53457966816006,73.64842979156904,923900
2011-09-06,73.8292236328125,73.94307882464604,73.79574101951604,73.94307882464604,1104100
2011-09-07,73.65507507324219,73.74883453168935,73.56800906932177,73.70864825699252,919500
2011-09-08,73.67520141601562,73.78235294503234,73.57474334477449,73.77565948725675,1169400
2011-09-09,73.77561950683594,73.8492832690159,73.65507090857614,73.70864408929728,809700
2011-09-12,73.6283187866211,73.79574719564324,73.5613433354046,73.79574719564324,1038000
2011-09-13,73.65507507324219,73.70864825699252,73.56800906932177,73.69525623843175,701400
2011-09-14,73.66845703125,73.74212589704177,73.57469758560711,73.60148672857744,1065300
2011-09-15,73.45416259765625,73.61489237573215,73.45416259765625,73.56131407987101,1046700
2011-09-16,73.561279296875,73.561279296875,73.36036844665644,73.44742930413396,885700
2011-09-19,73.72207641601562,73.83592650497913,73.70198582496435,73.78904675602301,786500
2011-09-20,73.86943817138672,73.86943817138672,73.72210030991147,73.83595043577468,701600
2011-09-21,73.98997497558594,74.02345759630602,73.72208846227403,73.84933059622674,1242900
2011-09-22,74.20423889160156,74.3582700959363,74.0970823064059,74.19754032765003,875000
2011-09-23,73.82250213623047,74.29129942039306,73.80910500839315,74.29129942039306,1113400
2011-09-26,73.65507507324219,73.85598600869729,73.60819534401861,73.76222655025012,1158800
2011-09-27,73.55462646484375,73.56801848511853,73.40728869428156,73.48095757956266,1287400
2011-09-28,73.4943618774414,73.53454816399491,73.34702408226569,73.52784959798453,850400
2011-09-29,73.46756744384766,73.58142261980788,73.3738079644746,73.42738626969017,825000
2011-09-30,73.74214935302734,73.81581824225181,73.57472098833688,73.66848046380288,1020700
2011-10-03,74.04351806640625,74.0770725524411,73.7751026569105,73.88917971791577,2372400
2011-10-04,73.81527709960938,74.17093170648441,73.80856518635993,74.10382793305908,1351400
2011-10-05,73.56700897216797,73.76832547087523,73.54687834623549,73.74819484494274,1499100
2011-10-06,73.4461898803711,73.63408759105074,73.40592864507002,73.56027191320602,1022500
2011-10-07,73.29856872558594,73.39251502759376,73.16435606579655,73.29856872558594,1513800
2011-10-10,73.15093231201172,73.29856366774825,72.94290398361518,73.25159051998564,711500
2011-10-11,73.32540893554688,73.33883276188274,73.11738570454817,73.19791330349429,2155000
2011-10-12,73.18447875976562,73.2515876422379,73.02342870514781,73.07040185106504,1120800
2011-10-13,73.22474670410156,73.35895423258411,73.09724596826082,73.25829602637768,939600
2011-10-14,73.10398864746094,73.21135369149529,72.99661848373538,72.99661848373538,587500
2011-10-17,73.39250946044922,73.39250946044922,73.14421989843983,73.15093181084255,826700
2011-10-18,73.31200408935547,73.50660865050016,73.22476968043846,73.35897725103241,958800
2011-10-19,73.41939544677734,73.52676051032385,73.25163337523607,73.32544397659747,780200
2011-10-20,73.37909698486328,73.56698960368696,73.28515067545143,73.39922760549584,860800
2011-10-21,73.41939544677734,73.4999179645142,73.30531334716326,73.45294478927033,555300
2011-10-24,73.3052978515625,73.45292926246259,73.25161789098242,73.45292926246259,867600
2011-10-25,73.68110656738281,73.68781336431178,73.31873986521889,73.36571304218316,1478200
2011-10-26,73.4797592163086,73.66093993157556,73.40594352350239,73.54015108150087,664200
2011-10-27,73.19795227050781,73.42610624277864,73.0838752843724,73.40597561224797,960200
2011-10-28,73.48646545410156,73.50659607427745,73.24488777261138,73.25830647949871,979100
2011-10-31,73.83543395996094,73.83543395996094,73.63412256814111,73.70122636541439,1747000
2011-11-01,74.19001770019531,74.20347664073343,73.90744154587689,73.94108376414034,1443700
2011-11-02,74.19001770019531,74.23711372591505,73.95453757159663,73.98817978986008,732400
2011-11-03,74.0285415649414,74.12946308013295,73.92762004974985,73.98817501209737,1116000
2011-11-04,74.0083236694336,74.14288220469184,73.98141093576612,74.02850693641442,2040100
2011-11-07,74.06889343261719,74.23709421356118,73.98816034293557,74.00161414685569,745300
2011-11-08,73.96797943115234,74.12945074874928,73.90742447887808,73.97470376678676,949300
2011-11-09,74.09580993652344,74.23709798372211,74.02180117850308,74.1227226788109,780000
2011-11-10,73.95447540283203,74.11595175505563,73.7862747190739,73.94102160668548,1307800
2011-11-11,73.8670425415039,73.9208680138478,73.79976326761381,73.87377200881679,1803400
2011-11-14,73.92755126953125,74.01501889675775,73.84008877538147,73.98137671196653,1189600
2011-11-15,73.83340454101562,73.9612387618395,73.73248305789572,73.91414275412752,787800
2011-11-16,73.80651092529297,74.00162447438734,73.73923163014209,73.99490013802908,1213100
2011-11-17,73.76615905761719,73.9074471454811,73.67196699904125,73.77961799917502,1670000
2011-11-18,73.75272369384766,73.82673249167782,73.63161885495134,73.82673249167782,805700
2011-11-21,73.73925018310547,73.86035499807977,73.71906690279017,73.84690118889706,838800
2011-11-22,73.79302978515625,73.84012578762473,73.62482904304322,73.71229158103345,1051000
2011-11-23,73.86030578613281,73.9679567201983,73.69883451811364,73.73920105184867,865500
2011-11-25,73.7594223022461,73.91416931638479,73.72578521783801,73.8670732917481,764800
2011-11-28,73.75272369384766,73.78636078999006,73.49705507113129,73.5845228138852,1726100
2011-11-29,73.77957153320312,73.81320859974883,73.51717366890436,73.66519113432659,1718500
2011-11-30,73.59119415283203,73.74594110950537,73.51718540830302,73.73248217427474,1280300
2011-12-01,73.61687469482422,73.70480701281154,73.45454564981674,73.58982415427906,1831000
2011-12-02,73.80628967285156,73.867161150277,73.56279344245175,73.59660920979397,917500
2011-12-05,73.88748168945312,73.88748168945312,73.6575158007527,73.71838730293182,1063700
2011-12-06,73.81981658935547,73.86716279296672,73.63043177491043,73.79952609642909,1105300
2011-12-07,73.95504760742188,74.01592421166887,73.76566290149113,73.87388568222082,691000
2011-12-08,74.02947998046875,74.11741231612777,73.9077318821587,73.92802753216732,1228900
2011-12-09,73.98888397216797,74.11739726104331,73.90095681471747,74.01593967300211,934900
2011-12-12,74.00920104980469,74.15123965995907,74.00244099242768,74.04302197808632,1220900
2011-12-13,74.15800476074219,74.25269716736246,73.9821452225835,74.01596615081179,1468000
2011-12-14,74.34060668945312,74.42853385135882,74.21885860970424,74.25943958283801,928500
2011-12-15,74.18504333496094,74.37442810445472,74.12416671028197,74.30679142397094,3769300
2011-12-16,74.43531036376953,74.48265655972702,74.29326661554876,74.32032232185993,1182000
2011-12-19,74.50972747802734,74.55707368365107,74.37444891885282,74.4353255605687,1123700
2011-12-20,74.40827178955078,74.53677997368176,74.38121607701018,74.4420875599644,2779500
2011-12-21,74.21885681152344,74.42176683262375,74.19180110997391,74.39471113107422,930000
2011-12-22,74.33385467529297,74.36091038230302,74.25268755426282,74.33385467529297,1465900
2011-12-23,74.24591827392578,74.2865044123938,74.03624300650905,74.20533729580595,679700
2011-12-27,74.37986755371094,74.37986755371094,74.1971962641111,74.21749192703018,1090600
2011-12-28,74.50841522216797,74.57607432024592,74.35957862672414,74.41369867885622,873800
2011-12-29,74.68435668945312,74.71818625529868,74.4746278338785,74.58287315358355,985400
2011-12-30,74.58966827392578,74.85352246985241,74.58290132586718,74.76557279176654,1098300
2012-01-03,74.44076538085938,74.55577759525572,74.3663444982112,74.55577759525572,1994600
2012-01-04,74.33927154541016,74.46781762694503,74.26485067311776,74.46781762694503,1299200
2012-01-05,74.44076538085938,74.45429926588528,74.31898622395008,74.35958271736303,856500
2012-01-06,74.50166320800781,74.58961282070806,74.43400410106052,74.4407710440883,897900
2012-01-09,74.44076538085938,74.63696542041683,74.42046971498529,74.50841932099459,976200
2012-01-10,74.42048645019531,74.53549869045489,74.37989510931921,74.44078212063336,1002100
2012-01-11,74.68435668945312,74.68435668945312,74.46109394287346,74.50845223805699,789900
2012-01-12,74.62348175048828,74.67760183827224,74.53552692971208,74.64377742861575,844200
2012-01-13,74.79256439208984,74.8602183234182,74.69784785589734,74.69784785589734,765000
2012-01-17,74.81289672851562,74.9279089843191,74.77906716543619,74.88055069300788,1272900
2012-01-18,74.71819305419922,74.88056362936506,74.69113043139366,74.79937576094838,1216900
2012-01-19,74.59640502929688,74.73847991100918,74.53551284475336,74.71141729139728,1032300
2012-01-20,74.4069595336914,74.63698401980574,74.35283430342943,74.63698401980574,1032600
2012-01-23,74.34607696533203,74.4137309310679,74.26488910944894,74.26488910944894,819600
2012-01-24,74.4069595336914,74.41372131622461,74.31223779989992,74.40019258949215,791600
2012-01-25,74.51522064208984,74.74525033867454,74.31902051201286,74.40697532026604,1559600
2012-01-26,74.66405487060547,74.75877145317843,74.64375919743507,74.68435054377588,1231700
2012-01-27,74.78585052490234,74.83997577304258,74.67083824385517,74.77908357846788,778100
2012-01-30,75.00231170654297,75.05643692967865,74.88729947862866,74.92789081514773,1490300
2012-01-31,75.13090515136719,75.14443388484112,74.90764233653239,74.98882506071331,3255900
2012-02-01,74.99858856201172,75.0935402390719,74.91041545154276,75.018934610742,1965000
2012-02-02,75.01891326904297,75.06638909406693,74.92396161899505,74.97822118315868,1182200
2012-02-03,74.98504638671875,75.01217618567465,74.75445085731371,74.80871045522551,1142400
2012-02-06,75.0392837524414,75.0392837524414,74.87651018141166,74.95789437968727,1854400
2012-02-07,74.96468353271484,74.99181332559138,74.83581831017102,74.91720768880063,966600
2012-02-08,74.90364837646484,74.97825401624054,74.82904273668916,74.92399442831656,1479600
2012-02-09,74.78157043457031,74.89008444108134,74.72731084407512,74.85617607788136,1068400
2012-02-10,74.8832778930664,74.96466207392072,74.83579688826482,74.84258062816183,714900
2012-02-13,74.91041564941406,74.9782427113319,74.86972355184602,74.93076687267641,914800
2012-02-14,74.97148895263672,75.09357046864169,74.95792146503595,74.9850512657571,876200
2012-02-15,74.9443359375,75.06641741568957,74.93755219580092,75.0460713650711,875500
2012-02-16,74.93077850341797,74.99860040138479,74.86295143097203,74.94434081321968,918800
2012-02-17,74.83586883544922,74.8562200747059,74.74091708351432,74.82230651709384,853700
2012-02-21,74.72052764892578,74.82226308822958,74.71374908092375,74.78834955030186,1043800
2012-02-22,74.93077850341797,74.93077850341797,74.79512953300521,74.83582163688948,975200
2012-02-23,74.9917984008789,75.01214444786736,74.85615463797068,74.89006299145879,788400
2012-02-24,75.01213836669922,75.14100355314957,74.99857606129903,75.03926815197705,1364300
2012-02-27,75.24950408935547,75.24950408935547,75.12064410038133,75.16811992252475,712000
2012-02-28,75.19532012939453,75.31740166845627,75.15462283338637,75.2970504332115,795300
2012-02-29,75.12065124511719,75.24273268145097,75.01213211305291,75.24273268145097,1993600
2012-03-01,74.96907043457031,75.00306381628573,74.8466828479975,74.94867336805041,1242600
2012-03-02,75.13224029541016,75.13904104566114,74.99625641510535,75.00985272815483,863900
2012-03-05,75.02348327636719,75.14587089947118,75.00988695711337,75.11867826096352,1098100
2012-03-06,75.17305755615234,75.21385688276159,75.09826484273185,75.16626199126256,1056500
2012-03-07,75.10504150390625,75.17303344317331,75.07784369070893,75.16623788046333,836100
2012-03-08,74.93505859375,75.11864253482159,74.91466153084258,75.09824028446175,971300
2012-03-09,74.92147064208984,74.94866845815244,74.88067132426944,74.94866845815244,710900
2012-03-12,74.98942565917969,75.09821168240425,74.96222785651094,75.05741757212634,1096600
2012-03-13,74.73787689208984,74.94865864210558,74.72428057956576,74.94185789211738,1444700
2012-03-14,74.32994842529297,74.68350974772574,74.28235353212982,74.62911928943521,1119800
2012-03-15,74.29594421386719,74.42513256584755,74.28234789718952,74.28914864925531,800500
2012-03-16,74.30271911621094,74.32991692755812,74.15313374752749,74.21433011992167,933900
2012-03-19,74.06476593017578,74.31634186648668,74.03756811105134,74.31634186648668,1146800
2012-03-20,74.17351531982422,74.17351531982422,74.00353292499013,74.05792853632528,960400
2012-03-21,74.3503189086914,74.37751672183816,74.20073353011044,74.26873065670357,590700
2012-03-22,74.41830444335938,74.43190594248841,74.35031251007011,74.35031251007011,666900
2012-03-23,74.58833312988281,74.58833312988281,74.41155503118361,74.43195210507542,758400
2012-03-26,74.53392028808594,74.57471442362382,74.41153269401866,74.55431735585488,867800
2012-03-27,74.615478515625,74.6562778221889,74.52708952839775,74.58148514551524,2551700
2012-03-28,74.60194396972656,74.7107301065765,74.57474613865011,74.60874472435964,812700
2012-03-29,74.80589294433594,74.83309076560403,74.68350534235653,74.75829805398028,1208100
2012-03-30,74.69025421142578,74.86703733314009,74.58146818937493,74.86703733314009,1121300
2012-04-02,74.69915771484375,74.87632766726593,74.59012525278031,74.87632766726593,2398400
2012-04-03,74.37891387939453,74.81503352043951,74.32439762452485,74.76051726556985,767100
2012-04-04,74.53557586669922,74.55602334345608,74.41973282650177,74.51513358889397,1137200
2012-04-05,74.70597839355469,74.70597839355469,74.55606653648303,74.68553610390649,749100
2012-04-09,75.03305053710938,75.08756676087935,74.98535014104894,75.0807509331698,575600
2012-04-10,75.03990173339844,75.18981362099404,75.00582777774379,75.08760215194152,1893900
2012-04-11,75.04666900634766,75.04666900634766,74.88312555139689,74.99215798733253,1203100
2012-04-12,74.97175598144531,75.05353035799833,74.9581295181644,75.02627223248065,505900
2012-04-13,75.20337677001953,75.21700322049381,75.10116019513406,75.16249221964573,1103900
2012-04-16,75.21704864501953,75.29200716527389,75.12164783723293,75.12164783723293,1121200
2012-04-17,75.23065948486328,75.23065948486328,75.12844287653324,75.16251681229414,737600
2012-04-18,75.32609558105469,75.32609558105469,75.19662080320538,75.25795287653851,884300
2012-04-19,75.27149963378906,75.35327391199176,75.27149963378906,75.2987577265233,618700
2012-04-20,75.28520202636719,75.31245494576183,75.21024350064569,75.28520202636719,1530200
2012-04-23,75.36013793945312,75.46235455990426,75.31925337085399,75.46235455990426,787100
2012-04-24,75.25112915039062,75.35334579591698,75.23750269049924,75.31927184775667,627500
2012-04-25,75.28520202636719,75.29882848606451,75.1216533162724,75.23750161899483,982300
2012-04-26,75.40104675292969,75.42830487186546,75.32608822559492,75.39423092345709,1021600
2012-04-27,75.39423370361328,75.41467599383029,75.33290683296228,75.37379141339628,656600
2012-04-30,75.366943359375,75.45553351104363,75.36012753256529,75.45553351104363,881900
2012-05-01,75.33961486816406,75.45569930906025,75.29181508604296,75.42838440359311,772800
2012-05-02,75.41474914550781,75.46254894004541,75.36011932038288,75.42840399689561,1298500
2012-05-03,75.4966812133789,75.4966812133789,75.3942568136241,75.40791166366262,575400
2012-05-04,75.57183837890625,75.59232327036823,75.5035536707699,75.56501355494511,611500
2012-05-07,75.59912872314453,75.6400984927472,75.57181380681355,75.61961360794587,646100
2012-05-08,75.65376281738281,75.76301727907345,75.64693278546844,75.68790255737893,580200
2012-05-09,75.67425537109375,75.74254006779289,75.60597067439461,75.74254006779289,930000
2012-05-10,75.59912872314453,75.63327367100516,75.54449889048257,75.60595875467418,527000
2012-05-11,75.65376281738281,75.74936242503257,75.62644789951318,75.7425323931182,446300
2012-05-14,75.824462890625,75.83811774209858,75.74934818305316,75.79714797789097,763300
2012-05-15,75.78349304199219,75.86543257031609,75.71520315533974,75.86543257031609,1187200
2012-05-16,75.76982116699219,75.85859071209808,75.68105162188628,75.70836653033103,986400
2012-05-17,75.81765747070312,75.88594216981024,75.68108807248893,75.71522781714819,1420700
2012-05-18,75.797119140625,75.85174894530896,75.7288344896625,75.79028911259327,1184700
2012-05-21,75.78349304199219,75.83129283677675,75.77666301136956,75.81080274490888,1208500
2012-05-22,75.59912872314453,75.74252812654149,75.59912872314453,75.67424344060782,1007400
2012-05-23,75.68792724609375,75.80401698735407,75.67427238759879,75.76304199229001,696000
2012-05-24,75.62645721435547,75.71522680102453,75.59914229312149,75.71522680102453,938900
2012-05-25,75.74249267578125,75.76297755099479,75.66737799347487,75.6878628686884,454300
2012-05-29,75.70157623291016,75.79034582460696,75.68109134327156,75.76303090182591,1192100
2012-05-30,75.95425415039062,76.00205397463469,75.87230936177646,75.9337640458945,547100
2012-05-31,76.1795654296875,76.22054041395167,76.03616600923344,76.10445070328944,2984100
2012-06-01,76.36981964111328,76.41772164955192,76.23980288730978,76.30138894633343,1851600
2012-06-04,76.19190216064453,76.55459479369419,76.17821810889161,76.17821810889161,1046100
2012-06-05,76.03449249267578,76.18504312783053,76.02764785809791,76.07554985829019,951100
2012-06-06,75.80867004394531,76.11661596306642,75.80867004394531,76.11661596306642,1864400
2012-06-07,75.92495727539062,75.92495727539062,75.80862465647141,75.83599795873303,751800
2012-06-08,75.89073944091797,76.08234732289294,75.84967687983533,76.07550269255863,710200
2012-06-11,75.95914459228516,76.02073058185822,75.82912276418007,75.87018531148358,516100
2012-06-12,75.8976058959961,75.98656523222998,75.84285927942537,75.94550788026429,482000
2012-06-13,76.09603118896484,76.10972044960222,75.85652133704276,75.9523252778116,2650900
2012-06-14,76.04134368896484,76.08240105812213,75.979752414302,76.0276544186278,559200
2012-06-15,76.21925354003906,76.2260981744087,76.11661012912579,76.1987248578564,1030800
2012-06-18,76.19871520996094,76.25346183613381,76.11660049162728,76.18503116388054,696000
2012-06-19,76.10975646972656,76.16450309633936,76.03448116336538,76.16450309633936,605500
2012-06-20,75.99343872070312,76.10292677449458,75.87710081108342,76.00712276957955,1256100
2012-06-21,76.09603118896484,76.1781510900195,76.00022724819601,76.08234714925067,939900
2012-06-22,75.98658752441406,76.09607556875129,75.98658752441406,76.07554688674595,600200
2012-06-25,76.22610473632812,76.23294937128699,76.10977204666108,76.13030073061094,2321900
2012-06-26,76.14395904541016,76.21239493001625,76.12343036839832,76.14395904541016,789100
2012-06-27,76.17820739746094,76.22610940325232,76.12346075629162,76.19873608266766,1552600
2012-06-28,76.26717376708984,76.34244910036837,76.24664508000072,76.32192041327923,1180400
2012-06-29,76.16450500488281,76.1850336851456,76.0960691094391,76.13028705716096,2052800
2012-07-02,76.310546875,76.3311167665886,76.16655240247302,76.22826207723881,1994500
2012-07-03,76.25570678710938,76.31056333077956,76.23513689108505,76.25570678710938,1002900
2012-07-05,76.45450592041016,76.45450592041016,76.27622489024198,76.27622489024198,740700
2012-07-06,76.5093994140625,76.57796746453549,76.45454288112134,76.46140125559072,1520200
2012-07-09,76.66024780273438,76.67395931946827,76.55739311730703,76.57110463404092,472600
2012-07-10,76.69454956054688,76.73569458447929,76.61226997549808,76.63283987176027,521600
2012-07-11,76.68765258789062,76.79736562128132,76.66708270198122,76.70136933276714,566400
2012-07-12,76.82484436035156,76.82484436035156,76.74941790818495,76.79741608398109,382700
2012-07-13,76.85226440429688,76.85911754909878,76.75626806298774,76.84540602808673,435300
2012-07-16,76.91395568847656,77.01681038138007,76.90710254531479,76.94138395534463,480800
2012-07-17,76.88652801513672,76.96195444175441,76.87967487192205,76.94138454929633,600200
2012-07-18,77.03739166259766,77.04425003818035,76.96196522541146,76.96196522541146,470300
2012-07-19,76.97566223144531,77.09222842941152,76.95509234138144,77.00309049533261,901600
2012-07-20,77.08538055419922,77.17452373182536,77.06481066133384,77.06481066133384,602200
2012-07-23,77.15396118164062,77.22253447757707,77.13339128542289,77.22253447757707,498200
2012-07-24,77.24996948242188,77.26368100395939,77.09225821199387,77.11968648647736,521200
2012-07-25,77.27737426757812,77.28423264243072,77.21566458812642,77.2293761064244,874700
2012-07-26,77.2293701171875,77.27051513170501,77.22251697427359,77.24994524014966,857900
2012-07-27,76.9962387084961,77.11280491643448,76.90024239238133,77.10594654202431,1010200
2012-07-30,77.12651824951172,77.15394128312413,76.98251855031009,77.00994681532913,618400
2012-07-31,77.20193481445312,77.2430798252203,77.09222699235538,77.19508167216387,983600
2012-08-01,77.11264038085938,77.21569645660627,76.94088200183113,77.11951218368243,2480600
2012-08-02,77.1263656616211,77.29125219864997,77.1263656616211,77.17445778665653,846300
2012-08-03,76.94088745117188,77.05768714083723,76.92027728289273,77.01646156262882,1832400
2012-08-06,77.0577163696289,77.1058085277388,76.97527042358959,77.0302343876158,1832500
2012-08-07,76.85159301757812,76.88594680054219,76.81723923461405,76.83784940773195,1733100
2012-08-08,76.75537872314453,76.9065269224832,76.74163511866867,76.9065269224832,550400
2012-08-09,76.73478698730469,76.79661749734785,76.6386026994705,76.69356140562535,835900
2012-08-10,76.85846710205078,76.93404123349211,76.80350314433865,76.93404123349211,627400
2012-08-13,76.85159301757812,76.9409055149728,76.85159301757812,76.89281336381391,570500
2012-08-14,76.67294311523438,76.72790705721859,76.6317227795712,76.66607131207384,567100
2012-08-15,76.42561340332031,76.5698898250496,76.39126486956583,76.5698898250496,550000
2012-08-16,76.3294448852539,76.48059314160838,76.24013238906775,76.46685477359947,668300
2012-08-17,76.41873931884766,76.45995965195536,76.36377538027094,76.3912573495593,505700
2012-08-20,76.39128112792969,76.44623984196376,76.35692734521349,76.36379915008699,419000
2012-08-21,76.49432373046875,76.50119553460001,76.28821678138755,76.38440107262225,738600
2012-08-22,76.82408142089844,76.82408142089844,76.6111027252565,76.67293322077217,405500
2012-08-23,76.87905883789062,76.9065408101557,76.83096669683931,76.83783325866789,421500
2012-08-24,76.82408142089844,76.93400929068095,76.80347125572655,76.93400929068095,649600
2012-08-27,76.92713928222656,76.94774944787905,76.87217534605364,76.87904714848762,493100
2012-08-28,76.98899841308594,77.0233521963833,76.9340396981221,76.97526004475783,699200
2012-08-29,76.91339111328125,76.9752268482188,76.87904258644852,76.95461668378933,717100
2012-08-30,76.96146392822266,77.04390980689723,76.96146392822266,76.96146392822266,436200
2012-08-31,77.20195007324219,77.24317040259928,76.99583794315834,77.01644810783688,1203400
2012-09-04,77.1874771118164,77.20124755113272,77.07045463704668,77.19436233147457,1596700
2012-09-05,77.1874771118164,77.21501273856524,77.1186406708862,77.13241111020253,503000
2012-09-06,77.00853729248047,77.02230248596841,76.93281559858148,77.02230248596841,1805200
2012-09-07,77.02228546142578,77.2356800505812,76.9947498286501,77.2012644485253,1554400
2012-09-10,77.03604888916016,77.04981407835213,76.9396715572785,77.02916366862193,1303000
2012-09-11,76.9466323852539,77.01546890262115,76.92598195523269,76.9397471579503,3037100
2012-09-12,76.802001953125,76.88460884747458,76.7675811008415,76.86395843685835,1679500
2012-09-13,76.98096466064453,77.0222654731475,76.66431284372679,76.92589340938486,2165200
2012-09-14,76.66436767578125,76.82957629583755,76.63683203045731,76.82957629583755,1011200
2012-09-17,76.78826141357422,76.83644747110878,76.70565449270651,76.76072577328499,1063800
2012-09-18,76.83642578125,76.96721347084633,76.82954056014971,76.90526223659832,1133600
2012-09-19,76.98783874511719,77.03603002519957,76.93277274994897,77.00849440167386,732200
2012-09-20,76.93968963623047,77.07048259776744,76.92592444380402,77.06359737561135,2518600
2012-09-21,77.06358337402344,77.06358337402344,76.92591046722973,76.9396756571552,829200
2012-09-24,77.14616394042969,77.15992912565731,77.05667710674273,77.05667710674273,1220800
2012-09-25,77.27005004882812,77.27005004882812,77.10484161279174,77.18056324011707,836400
2012-09-26,77.34580993652344,77.37334556479736,77.27697349178067,77.34580993652344,793500
2012-09-27,77.29765319824219,77.35960444642691,77.28388275294375,77.3045384208914,1127100
2012-09-28,77.4078140258789,77.41469925062059,77.2701410423714,77.3665131812042,2745500
2012-10-01,77.37812042236328,77.41260475628164,77.28846852037444,77.35743192664052,1674400
2012-10-02,77.44023895263672,77.44023895263672,77.31610264013597,77.35058699533157,903300
2012-10-03,77.41256713867188,77.45394411001081,77.3642922515871,77.3642922515871,1187500
2012-10-04,77.30225372314453,77.41259937475581,77.28846314747825,77.35053389190216,459200
2012-10-05,77.14360809326172,77.23325995376733,77.12981226144966,77.19878089737357,580200
2012-10-08,77.26089477539062,77.27469061584857,77.17124285869997,77.17124285869997,524800
2012-10-09,77.17816162109375,77.28850206669755,77.1436772722078,77.19885012579616,2316400
2012-10-10,77.30225372314453,77.35053389190216,77.15742900158241,77.17122483881896,555400
2012-10-11,77.39881896972656,77.412609547205,77.21950989308114,77.21950989308114,523400
2012-10-12,77.46087646484375,77.52294721101687,77.41949947510862,77.46087646484375,1646900
2012-10-15,77.50222778320312,77.50222778320312,77.41257591461594,77.44706023568645,1646300
2012-10-16,77.37812042236328,77.48846608164551,77.35743192664052,77.45398174772716,978500
2012-10-17,77.1367416381836,77.27467370471989,77.11605314359574,77.26777578600048,1199200
2012-10-18,77.10911560058594,77.19187479798,77.04015223354136,77.19187479798,1249500
2012-10-19,77.20571899414062,77.26089183072659,77.09537858253998,77.09537858253998,683700
2012-10-22,77.10227966308594,77.21262007920966,77.10227966308594,77.17124308085971,438100
2012-10-23,77.274658203125,77.28844877622701,77.1505219989297,77.1505219989297,628100
2012-10-24,77.21952819824219,77.28159370396443,77.17125327326748,77.20573235592244,604900
2012-10-25,77.05400848388672,77.20572590572318,77.04021264271957,77.0884875636611,970700
2012-10-26,77.26089477539062,77.29537911496399,77.15744701824202,77.164344938471,908900
2012-10-31,77.37124633789062,77.40572541851509,77.24021215143073,77.26779857287343,2200200
2012-11-01,77.26962280273438,77.44240817995606,77.25579701968154,77.44240817995606,1350800
2012-11-02,77.31802368164062,77.35257760275758,77.17979217819477,77.29037738095145,961700
2012-11-05,77.44934844970703,77.47008186003586,77.37332242983902,77.40788162904937,2684000
2012-11-06,77.22814178466797,77.41475292333563,77.2143212762066,77.40784003260961,589600
2012-11-07,77.4078598022461,77.55299890661627,77.4078598022461,77.5184449901426,1563100
2012-11-08,77.50463104248047,77.55301075132625,77.37331243004502,77.39405111068703,1411400
2012-11-09,77.46318817138672,77.48392158544472,77.35260293241811,77.41480844758655,1295200
2012-11-12,77.44237518310547,77.51148824994802,77.4216365173626,77.4976624727861,612700
2012-11-13,77.58061218261719,77.63590475303103,77.48385282088785,77.60134557827494,3355800
2012-11-14,77.60137176513672,77.60137176513672,77.43549927091068,77.44241216279264,1242700
2012-11-15,77.52532958984375,77.56680165948652,77.48386279319139,77.53915537072147,1532600
2012-11-16,77.55296325683594,77.61516871468092,77.51149646693231,77.54605036752214,981700
2012-11-19,77.6082992553711,77.6082992553711,77.44933435013371,77.47006775668804,917000
2012-11-20,77.46318817138672,77.5737681373609,77.44936238001843,77.53921420492902,666800
2012-11-21,77.331787109375,77.44927984582664,77.32487422105761,77.38707966993653,1160800
2012-11-23,77.38020324707031,77.3940290302205,77.33182355202723,77.38020324707031,220300
2012-11-26,77.4078598022461,77.47006001569389,77.37330061278044,77.42168031423716,629500
2012-11-27,77.51150512695312,77.52532563413524,77.4147457577078,77.4147457577078,571900
2012-11-28,77.52532958984375,77.58753505781269,77.5184219723953,77.54606298816992,458700
2012-11-29,77.62213897705078,77.62213897705078,77.5046461288399,77.5046461288399,661800
2012-11-30,77.58061218261719,77.62899186348186,77.53914539130167,77.58752507216634,908600
2012-12-03,77.59178924560547,77.59874340023819,77.42492666568062,77.48749814397777,809900
2012-12-04,77.6404037475586,77.65431204715571,77.52916387309209,77.59173530789286,871900
2012-12-05,77.70996856689453,77.72387687351377,77.64739710050226,77.65435125381188,538200
2012-12-06,77.70301818847656,77.75863550046441,77.68216103342304,77.70996703718464,519400
2012-12-07,77.63348388671875,77.66824403976509,77.55700412376711,77.59871842920835,966200
2012-12-10,77.64735412597656,77.6682112698971,77.59868568867468,77.61954283259523,843500
2012-12-11,77.61955261230469,77.62650676264167,77.55698117265933,77.59174131541926,814100
2012-12-12,77.404052734375,77.63349204734799,77.404052734375,77.58481827993133,1448600
2012-12-13,77.27887725830078,77.4109742943386,77.27192310762634,77.38316830056635,1209700
2012-12-14,77.41791534423828,77.4665837817981,77.36924690667846,77.41096119474062,1678800
2012-12-17,77.23017883300781,77.42485254062092,77.20236754556869,77.41789839264597,1464100
2012-12-18,77.04948425292969,77.22330099283474,76.99386162308825,77.17463251783995,1411500
2012-12-19,77.18158721923828,77.24415869990355,77.11901043410705,77.11901043410705,1114000
2012-12-20,77.18850708007812,77.28584929866423,77.16070107986951,77.24412968942333,1122600
2012-12-21,77.25801086425781,77.33449059913504,77.23714841473137,77.30667930422858,973700
2012-12-24,77.26498413085938,77.28584658697983,77.23022397958621,77.23717282716257,329200
2012-12-26,77.3694839477539,77.38341577947132,77.30677741636501,77.30677741636501,575800
2012-12-27,77.41129302978516,77.50883180862175,77.3276860841546,77.36949221470228,722100
2012-12-28,77.52974700927734,77.54368416060744,77.43917678749484,77.53671558494239,1295800
2012-12-31,77.39038848876953,77.51579624278486,77.34858236045476,77.50882766882165,905400
2013-01-02,77.29978942871094,77.33462697245125,77.20921925663417,77.20921925663417,1137300
2013-01-03,77.10475158691406,77.39040470916684,77.08385117610837,77.34163531213169,1762900
2013-01-04,77.18836975097656,77.19533832741196,77.02116112479187,77.04902479960066,1286800
2013-01-07,77.14656066894531,77.20926190375592,77.1117231059622,77.18836149215238,1854400
2013-01-08,77.21623229980469,77.2580331239972,77.16049432390403,77.18836331185436,1784500
2013-01-09,77.16045379638672,77.23012357193643,77.13258482307421,77.23012357193643,1346900
2013-01-10,77.15351867675781,77.20228807233458,77.09081744621575,77.12564969136174,1128700
2013-01-11,77.2301254272461,77.27193154595075,77.06988547117862,77.08381730043799,1120000
2013-01-14,77.29978942871094,77.34159554429189,77.24405680037448,77.29282617233318,870200
2013-01-15,77.32073211669922,77.38343334685818,77.29982639118082,77.3416325267522,2561100
2013-01-16,77.36258697509766,77.40438782440181,77.27897996102023,77.34864981501686,1232000
2013-01-17,77.19532012939453,77.27195850571796,77.1326135871912,77.18138297980929,1281000
2013-01-18,77.285888671875,77.29285724651723,77.21621887184779,77.25105111412888,654700
2013-01-22,77.24410247802734,77.29983513932085,77.16049551288805,77.16049551288805,1459000
2013-01-23,77.3276596069336,77.3415967508323,76.98627399789699,77.30675920654852,1393800
2013-01-24,77.22317504882812,77.29981341646901,77.2092432162864,77.25801260337927,659800
2013-01-25,77.03509521484375,77.11870218811411,76.9793572326635,77.0559956292947,877800
2013-01-28,76.92362213134766,76.9305853922999,76.8260780078862,76.83304658430481,1067500
2013-01-29,76.8748779296875,76.97938535558858,76.81914524261295,76.92365266851402,837700
2013-01-30,76.84000396728516,76.84697254268865,76.74246517349874,76.78426599498846,1362200
2013-01-31,76.9096450805664,76.9096450805664,76.81907489597447,76.84694387172513,1970000
2013-02-01,76.74280548095703,77.05692252206207,76.72884164653675,77.04994060485193,1340000
2013-02-04,76.95923614501953,76.98017658166326,76.84754671539284,76.84754671539284,805400
2013-02-05,76.79869842529297,76.86152507273451,76.79869842529297,76.81266226945604,1905900
2013-02-06,76.93125915527344,76.96616340865599,76.86145597414968,76.86843788995446,1229600
2013-02-07,76.95923614501953,77.0220574549507,76.89641483508836,76.91037335096914,1147900
2013-02-08,76.98017883300781,76.98017883300781,76.81963193028052,76.9033936793051,681400
2013-02-11,76.90338134765625,76.95922605514798,76.88244091375796,76.95922605514798,1384100
2013-02-12,76.88947296142578,76.91041340897613,76.84061014192568,76.85456866507661,666800
2013-02-13,76.81267547607422,76.84757444118989,76.7428722201958,76.7428722201958,902200
2013-02-14,76.95222473144531,76.95222473144531,76.79167789494474,76.79167789494474,731900
2013-02-15,76.95923614501953,76.95923614501953,76.82660627874911,76.91735527173208,1864700
2013-02-19,76.86849975585938,76.9871657918396,76.83359547438488,76.96622535321316,1391300
2013-02-20,76.91731262207031,76.95919347213537,76.80562325437394,76.847504104439,2028900
2013-02-21,76.95923614501953,77.04300321723956,76.95225422425658,76.96621806578248,829600
2013-02-22,77.00111389160156,77.02903624787442,76.98715537628759,77.00111389160156,955700
2013-02-25,77.2942886352539,77.32918758304976,76.92432144397807,76.98714807104167,1181500
2013-02-26,77.27337646484375,77.36412548497728,77.23149557902626,77.23149557902626,801300
2013-02-27,77.2942886352539,77.37106845066256,77.21750349420084,77.36409185649003,520300
2013-02-28,77.36410522460938,77.36410522460938,77.26637963286345,77.26637963286345,1211900
2013-03-01,77.39140319824219,77.43336321174641,77.32845784227713,77.37741296993497,1076800
2013-03-04,77.33544158935547,77.39139182294313,77.32844647623003,77.38439670981768,782100
2013-03-05,77.27247619628906,77.32842641536188,77.26548642068488,77.3074464171362,804400
2013-03-06,77.18856811523438,77.24451300723412,77.1605930013808,77.2095481166977,974300
2013-03-07,77.02769470214844,77.11162002426904,76.90880449759052,77.11162002426904,1047000
2013-03-08,76.80391693115234,76.9018271617374,76.7759418173127,76.83189204499199,2006800
2013-03-11,76.84588623046875,76.87386134769267,76.80392622248688,76.81791111324482,1163500
2013-03-12,76.98576354980469,76.98576354980469,76.8808581917802,76.88785330517068,1656200
2013-03-13,76.9227523803711,76.98569767560878,76.87379729994338,76.87379729994338,1137000
2013-03-14,77.00672149658203,77.03469660642263,76.85985617169888,76.85985617169888,1090700
2013-03-15,77.0766372680664,77.10461237088923,76.97872707603916,76.97872707603916,661500
2013-03-18,77.14662170410156,77.19557683142934,77.1256416974909,77.18159193892512,1231900
2013-03-19,77.25847625732422,77.3563864537728,77.20252604915203,77.22350604329021,1104800
2013-03-20,77.174560546875,77.26548098039322,77.15358055012655,77.20253565444168,1275100
2013-03-21,77.18856811523438,77.25150811962436,77.1745778904539,77.23052811816103,906400
2013-03-22,77.21649169921875,77.29341654134657,77.17452638858995,77.29341654134657,776000
2013-03-25,77.18856811523438,77.29346812255102,77.18157300284413,77.2095481166977,981100
2013-03-26,77.27945709228516,77.29344197662759,77.14657668035679,77.14657668035679,964700
2013-03-27,77.44032287597656,77.45430776217319,77.32842244357842,77.36339266262941,1028800
2013-03-28,77.44032287597656,77.47528775932126,77.38437265977748,77.40535265692557,2343300
2013-04-01,77.51044464111328,77.51745621775002,77.38426300298161,77.41931553789938,1580800
2013-04-02,77.42628479003906,77.47535510653003,77.39824919341284,77.46834888150516,875300
2013-04-03,77.51044464111328,77.59456751595637,77.45436272455122,77.48941525946898,1260300
2013-04-04,77.72771453857422,77.72771453857422,77.60854453970002,77.61555611265236,1263800
2013-04-05,77.95206451416016,77.99412861859916,77.8889763798992,77.93103513607318,1013800
2013-04-08,77.81891632080078,77.97313896970552,77.81891632080078,77.9170570340551,1027000
2013-04-09,77.84689331054688,77.90296985184331,77.77678827446547,77.88194048032423,1286600
2013-04-10,77.6856460571289,77.74873950926306,77.65059354502522,77.74172793718984,1281600
2013-04-11,77.6997299194336,77.74880561741176,77.68571211163054,77.6997299194336,1037400
2013-04-12,77.95206451416016,77.95907608961083,77.79083571664994,77.82588289737323,873700
2013-04-15,77.98706817626953,78.01510911223667,77.90294536836811,77.92398008153972,1521700
2013-04-16,77.98706817626953,78.00809754117947,77.92398008153972,77.9660388113596,593000
2013-04-17,77.98706817626953,78.12026128504802,77.95201566924518,77.95201566924518,1078500
2013-04-18,77.97308349609375,78.05720099145658,77.95906034802398,78.01514224377516,1153800
2013-04-19,77.9800796508789,78.00812059513305,77.95203870662475,77.98709122400825,373600
2013-04-22,78.07828521728516,78.08529679624586,77.98715608386689,78.00117389352059,1113800
2013-04-23,78.04316711425781,78.16934867957178,78.01512617215883,78.1272845922919,747900
2013-04-24,78.02918243408203,78.07825276987907,77.99413525037869,78.00815305420693,743900
2013-04-25,77.99410247802734,78.02214342216676,77.95904996078724,78.00812027596544,848700
2013-04-26,78.15532684326172,78.18336778583031,78.05718621840316,78.07120936381891,678500
2013-04-29,78.20443725585938,78.21144883216252,78.14134911392814,78.15536691826875,869400
2013-04-30,78.1904296875,78.28857037552893,78.14837092070655,78.2254768770724,1853100
2013-05-01,78.22686767578125,78.30411880458435,78.205800160283,78.29007558024027,1741300
2013-05-02,78.23392486572266,78.29010850265374,78.20583304725712,78.21285734136512,875500
2013-05-03,77.94599151611328,78.09346955171779,77.91088075980751,78.09346955171779,580000
2013-05-06,77.8196029663086,77.953037808639,77.8196029663086,77.91090274599499,686300
2013-05-07,77.77745056152344,77.84767743626097,77.77745056152344,77.80554238301187,931600
2013-05-08,77.84769439697266,77.88281052097574,77.78449180332903,77.83365116215239,1032600
2013-05-09,77.74237060546875,77.91794055295894,77.74237060546875,77.84771364555678,537900
2013-05-10,77.58785247802734,77.77044131608442,77.49655270103067,77.73533055090489,423100
2013-05-13,77.51765441894531,77.52467871826636,77.45445179896736,77.49658687895266,563400
2013-05-14,77.33500671386719,77.56675483559266,77.33500671386719,77.51759549365497,994500
2013-05-15,77.44741821289062,77.47551004883583,77.32100763012217,77.44039391441187,926800
2013-05-16,77.6580810546875,77.6580810546875,77.50357868222783,77.50357868222783,1965700
2013-05-17,77.46844482421875,77.608903929741,77.42630977154559,77.60187963497313,621800
2013-05-20,77.39122772216797,77.51763829379858,77.32802511533735,77.47550322257817,1710100
2013-05-21,77.4544448852539,77.47551242336604,77.29994246180493,77.34207753802919,992300
2013-05-22,77.19458770751953,77.58786800519917,77.13138510276715,77.50359250756013,1134400
2013-05-23,77.16651916503906,77.28591082888761,77.11034084096008,77.27186222938975,1107200
2013-05-24,77.16651916503906,77.28591082888761,77.13140838223606,77.20865960556183,640100
2013-05-28,76.6889419555664,77.09626547204012,76.66787442160552,77.08924117473016,1082800
2013-05-29,76.79421997070312,76.81528748682862,76.67483380734902,76.73101742232663,1369400
2013-05-30,76.773193359375,76.88556064919959,76.75212583202472,76.80128518183115,1301000
2013-05-31,76.62567901611328,76.87849994050238,76.46415245298952,76.82934061398032,1616800
2013-06-03,76.6644058227539,76.74179530002539,76.4955584939615,76.53776898426965,2110400
2013-06-04,76.49552917480469,76.6080922283366,76.46035020132473,76.56588175420686,980500
2013-06-05,76.45335388183594,76.61516973108549,76.45335388183594,76.57999073894757,1160600
2013-06-06,76.65036010742188,76.7488548658611,76.4111600848014,76.4463390846276,1142500
2013-06-07,76.41112518310547,76.62218835053348,76.36187782638017,76.45333566956734,1337400
2013-06-10,76.25636291503906,76.34078927398076,76.21415241934845,76.22822079539183,1173300
2013-06-11,76.26343536376953,76.29860900406672,75.98201940357701,76.11569319237013,1118700
2013-06-12,76.13681030273438,76.3337998952668,76.12273655037416,76.21419983802409,1469500
2013-06-13,76.5096664428711,76.5096664428711,76.1508609869801,76.1508609869801,999000
2013-06-14,76.53073120117188,76.68551015386997,76.53073120117188,76.55887331689514,1219800
2013-06-17,76.47449493408203,76.64334773432513,76.46042655117665,76.58002659234319,1694700
2013-06-18,76.44632720947266,76.49557458104219,76.34782709877264,76.42521659231919,1067500
2013-06-19,75.9327621459961,76.55890975808884,75.84130425203233,76.55890975808884,975800
2013-06-20,75.42622375488281,75.65135544772322,75.36290798231659,75.51065015253408,3057100
2013-06-21,75.00405883789062,75.49653245192044,74.94777460555584,75.3558272386433,1979500
2013-06-24,74.70157623291016,74.99706055335635,74.44830242465268,74.58197620333374,2270900
2013-06-25,74.7859878540039,74.9970457408244,74.72266673066468,74.90558785995835,1687400
2013-06-26,75.10254669189453,75.19400453540405,74.96184149148614,75.0814414485892,995800
2013-06-27,75.41912841796875,75.41912841796875,75.20807063878856,75.26435486026013,1333700
2013-06-28,75.42622375488281,75.52471853502782,75.17294992949199,75.22923419459283,2674000
2013-07-01,75.53052520751953,75.56576391953915,75.36136003085035,75.36136003085035,950300
2013-07-02,75.53052520751953,75.63624672107144,75.50937552731608,75.58690822224953,636900
2013-07-03,75.42478942871094,75.61509350817275,75.42478942871094,75.57280490773512,442600
2013-07-05,74.60010528564453,74.90318605991595,74.58601088154657,74.832703284444,1476400
2013-07-08,74.98778533935547,75.02302942369647,74.79043137302733,74.79043137302733,641800
2013-07-09,75.06529998779297,75.11463846752099,75.01596150806495,75.11463846752099,1726000
2013-07-10,74.86797332763672,75.1287602250817,74.86797332763672,75.1287602250817,717100
2013-07-11,75.3683853149414,75.37543520604062,75.14988708828749,75.25560856731919,1044200
2013-07-12,75.2837905883789,75.51638855964347,75.19216352886124,75.51638855964347,616300
2013-07-15,75.4459228515625,75.4459228515625,75.29790739387836,75.36134028538943,757500
2013-07-16,75.56575775146484,75.57280764429055,75.46708076187555,75.5164192566702,585900
2013-07-17,75.72789001464844,75.8054227206514,75.62921300291627,75.72789001464844,693500
2013-07-18,75.58692169189453,75.72789269757332,75.5446330789379,75.67855418995924,576900
2013-07-19,75.78424835205078,75.80539802838469,75.62213847593543,75.6926212645722,563200
2013-07-22,75.8829574584961,75.90410176479145,75.78427506662777,75.79132496122422,684100
2013-07-23,75.84062194824219,75.85472172971593,75.72080069317056,75.77718906408346,502200
2013-07-24,75.59394836425781,75.65033674920694,75.4388829943939,75.58689847176609,956800
2013-07-25,75.62218475341797,75.6292346498435,75.38253667240829,75.43187519239626,917100
2013-07-26,75.60104370117188,75.67857643270942,75.57284949174954,75.66447663925044,771600
2013-07-29,75.60104370117188,75.60808822040576,75.50941117617536,75.60104370117188,459600
2013-07-30,75.57278442382812,75.65736160177887,75.48820186838641,75.60097860897537,662400
2013-07-31,75.62920379638672,75.6432982059925,75.25563472316891,75.28382891987364,1361900
2013-08-01,75.20194244384766,75.45617050021443,75.13838812364881,75.44910711315265,1162600
2013-08-02,75.4561767578125,75.533857858577,75.35731088189152,75.4208705951471,841800
2013-08-05,75.49146270751953,75.52676885821188,75.37847009462166,75.5126474754918,1166600
2013-08-06,75.41381072998047,75.49149183437335,75.38556256585703,75.45618028227244,595700
2013-08-07,75.51266479492188,75.58328250028761,75.47029524925954,75.50560140804963,460600
2013-08-08,75.61860656738281,75.71040906077988,75.57623162691871,75.63272795567988,848700
2013-08-09,75.66801452636719,75.69626268142167,75.54090052251436,75.60445483054843,389800
2013-08-12,75.61860656738281,75.75277861345754,75.56211023862164,75.75277861345754,713400
2013-08-13,75.31495666503906,75.38557439253316,75.2231487702882,75.33614144450857,525100
2013-08-14,75.21607971191406,75.31494559342957,75.20901632386683,75.24432787631656,756200
2013-08-15,74.94768524169922,75.09598398561155,74.89825232706178,75.01830830928152,765600
2013-08-16,74.73582458496094,75.00417389595829,74.66520691235985,75.00417389595829,777300
2013-08-19,74.5028305053711,74.7076256622994,74.48164572841068,74.7076256622994,734000
2013-08-20,74.72176361083984,74.74294839249522,74.64408248624493,74.67939404752909,984600
2013-08-21,74.44633483886719,74.74999588284321,74.44633483886719,74.65112999762187,656300
2013-08-22,74.53812408447266,74.57343024163062,74.38276190717869,74.5169339248355,821600
2013-08-23,74.7852783203125,74.80646308921392,74.46749062343741,74.53105031792626,653100
2013-08-26,74.91947937011719,74.93360614671899,74.85592503876903,74.93360614671899,922400
2013-08-27,75.1171875,75.17367842121709,74.96888872970906,75.07481257435647,676400
2013-08-28,74.97593688964844,75.08186610818107,74.94768873885415,75.08186610818107,648500
2013-08-29,75.12427520751953,75.15958676155653,74.85592571531313,74.91242204665765,476200
2013-08-30,75.00418853759766,75.22310498173083,75.00418853759766,75.13836591318076,1670400
2013-09-03,74.81888580322266,74.96746166629538,74.66323335680794,74.7339829966733,1345200
2013-09-04,74.71269226074219,74.88956890217284,74.67024359410978,74.88956890217284,546100
2013-09-05,74.21036529541016,74.52874109963548,74.20328871816051,74.52874109963548,1058500
2013-09-06,74.486328125,74.62783274856655,74.45095601749546,74.521705630354,639500
2013-09-09,74.63487243652344,74.71977517483563,74.57827600882915,74.71269859718116,897200
2013-09-10,74.50044250488281,74.62779390087486,74.46506501794465,74.52873801701736,628400
2013-09-11,74.75517272949219,74.75517272949219,74.56414286647926,74.59952036639977,2315600
2013-09-12,74.67029571533203,74.87547341035096,74.67029571533203,74.85424906221978,846400
2013-09-13,74.77638244628906,74.82590769778294,74.71978061662531,74.74100495328733,655300
2013-09-16,74.93204498291016,75.19381903451912,74.89666748509086,75.19381903451912,866200
2013-09-17,75.00282287597656,75.03819498929191,74.92499666969232,74.99574629417336,865400
2013-09-18,75.63249969482422,75.6961727341216,74.85424307115026,74.94621703830762,1113400
2013-09-19,75.54046630859375,75.6607465154452,75.49094106971829,75.6041447002029,661800
2013-09-20,75.54046630859375,75.61122127656974,75.48386989119764,75.58999154746922,482800
2013-09-23,75.59712982177734,75.64665510107244,75.50515584532948,75.56175770676691,855800
2013-09-24,75.77396392822266,75.81641799932359,75.66076566693116,75.69613776202644,718200
2013-09-25,75.8801040649414,75.92962932487406,75.74567604604631,75.75982920479764,647700
2013-09-26,75.86595916748047,75.86595916748047,75.77397982567074,75.8447294285522,588100
2013-09-27,75.90840911865234,75.95793438128219,75.82350635506599,75.84473069650038,427900
2013-09-30,75.84476470947266,75.9367440940687,75.80939259050213,75.90844316018155,1439500
2013-10-01,75.78871154785156,75.90920104708553,75.73909790655043,75.8950280384915,2278900
2013-10-02,75.8879623413086,75.9730166416675,75.83125947440266,75.90213535429356,576900
2013-10-03,75.94470977783203,75.99432346362072,75.81004174176866,75.81004174176866,905000
2013-10-04,75.88086700439453,75.90921843555839,75.80999113022621,75.88086700439453,558700
2013-10-07,75.8666763305664,76.01551725391408,75.85249791454397,76.00134424537296,559600
2013-10-08,75.83126831054688,75.94467405757321,75.8170952959104,75.88797118406004,407000
2013-10-09,75.77460479736328,75.9092674229417,75.75333715465358,75.9092674229417,771500
2013-10-10,75.85960388183594,75.89504452224043,75.6611492735288,75.72493593727788,2191900
2013-10-11,75.8879623413086,76.0297141010904,75.86670011808962,75.99427886488647,1032200
2013-10-14,75.74618530273438,75.9233776470687,75.73200688699815,75.90919923133248,412900
2013-10-15,75.71074676513672,75.90211212301949,75.68948454842545,75.88084990630823,946900
2013-10-16,76.03678894042969,76.03678894042969,75.65405277237602,75.68240420047059,774700
2013-10-17,76.24945068359375,76.32032657680024,76.15022335160788,76.19274780603496,1027300
2013-10-18,76.37703704833984,76.41956150699504,76.32033416514322,76.36994783606913,632400
2013-10-21,76.30608367919922,76.35569729975546,76.24938085356949,76.34151888960848,734700
2013-10-22,76.57550048828125,76.59676272004013,76.49044615376054,76.53297602476349,1572300
2013-10-23,76.55421447753906,76.66053101079501,76.54712526665973,76.59673892784804,694300
2013-10-24,76.52581787109375,76.64630734750429,76.50455565848956,76.64630734750429,532800
2013-10-25,76.55421447753906,76.61800115300252,76.5187738306259,76.55421447753906,484300
2013-10-28,76.51875305175781,76.61089113823476,76.50458004133138,76.54710448009273,936200
2013-10-29,76.61093139648438,76.61093139648438,76.45500656992851,76.49044181835649,521400
2013-10-30,76.4691390991211,76.695945117414,76.41952545160333,76.62506925060035,492100
2013-10-31,76.4762191772461,76.63214931010822,76.4053433188946,76.62506010202867,1793600
2013-11-01,76.29163360595703,76.43364083154984,76.26323757786024,76.42653911601475,1262300
2013-11-04,76.3697509765625,76.39815242716679,76.31295349237674,76.36265467667855,421700
2013-11-05,76.14254760742188,76.27745314853051,76.12834959010554,76.25615341404452,873100
2013-11-06,76.26322937011719,76.29872710992866,76.22062449851377,76.24902594057565,557300
2013-11-07,76.32003021240234,76.39103111218641,76.27743075593618,76.32713192748717,804300
2013-11-08,75.84430694580078,75.92951126308321,75.80170749566987,75.89400810996038,796600
2013-11-11,75.80170440673828,75.85140556887254,75.74490153086472,75.84430385513325,1281400
2013-11-12,75.77334594726562,75.8230471375903,75.73784277545224,75.76624422949826,1130600
2013-11-13,75.97213745117188,76.00053890026174,75.87983680439669,75.92953798604833,673300
2013-11-14,76.20641326904297,76.20641326904297,76.04310635976574,76.05730978684389,1437800
2013-11-15,76.22776794433594,76.24906768328765,76.1709650291153,76.23486966299456,1853400
2013-11-18,76.37687683105469,76.37687683105469,76.27037271188553,76.27747443103668,856100
2013-11-19,76.1709213256836,76.3271265444048,76.15672331353669,76.3129285322579,1703100
2013-11-20,75.95793914794922,76.29874570169406,75.92953769896673,76.2135413547466,984800
2013-11-21,76.03601837158203,76.05022180122405,75.83011739496366,75.91531630473092,1362900
2013-11-22,76.14254760742188,76.16384734190787,76.0573486694779,76.06444496962455,919400
2013-11-25,76.19930267333984,76.24900382827946,76.1354035099973,76.14960151840022,692300
2013-11-26,76.2206039428711,76.34130597631656,76.20640593417976,76.21350223001556,1625600
2013-11-27,76.256103515625,76.31290638176719,76.12119806279216,76.2845049486961,932800
2013-11-29,76.28450775146484,76.32000548134334,76.12120085956086,76.18510544057361,956500
2013-12-02,75.99500274658203,76.20129891801582,75.99500274658203,76.18706860148905,1518700
2013-12-03,76.08747863769531,76.13015873302899,76.04479854236163,76.09459379600946,1478600
2013-12-04,75.88829040527344,75.95231054218492,75.82426484108686,75.8384951563617,1205300
2013-12-05,75.72466278076172,75.90250370361674,75.72466278076172,75.84559873303158,1882800
2013-12-06,75.85269927978516,75.90960967075517,75.74599908080839,75.78156400470944,2883600
2013-12-09,75.9452133178711,75.98077825736455,75.87407801160819,75.90252779229257,1379500
2013-12-10,76.06615447998047,76.16574500808024,76.03769926805529,76.15152011575601,2986900
2013-12-11,75.9452133178711,76.0803687715878,75.9452133178711,76.06614388124561,4010300
2013-12-12,75.83138275146484,75.91674836438742,75.81004270505302,75.91674836438742,2260000
2013-12-13,75.8669662475586,76.00923686645046,75.84562619745245,76.00923686645046,3461600
2013-12-16,75.92390441894531,76.05905992811392,75.88121887585368,76.05905992811392,804900
2013-12-17,76.05191040039062,76.08747533586681,75.92386469267055,75.95231447014135,1381500
2013-12-18,76.0163345336914,76.18706032253169,75.76024313679349,75.97365444330008,1446100
2013-12-19,75.88829040527344,75.93808565418517,75.73890465853822,75.81715511072453,2011400
2013-12-20,76.0163345336914,76.06612978157295,75.89540399273267,76.0163345336914,1378300
2013-12-23,75.9808349609375,76.09465587772209,75.95237973174136,76.0164053542527,1926700
2013-12-24,75.87407684326172,75.94521214842925,75.85273136716316,75.91675694090705,688500
2013-12-26,75.8313217163086,75.85270386779847,75.09004298275234,75.80281036832756,750800
2013-12-27,75.85982513427734,75.88120728353204,75.76003814576674,75.82418459353083,1320400
2013-12-30,75.93109130859375,75.97385560177011,75.86694486882922,75.91683835686241,1226500
2013-12-31,75.85982513427734,75.96674131853385,75.81706083576795,75.89546567502386,3280300
2014-01-02,75.9096908569336,75.95958433293535,75.85979738093185,75.8740503292262,1346600
2014-01-03,75.93824768066406,76.0023941433857,75.83133147147704,75.87409577995813,2293500
2014-01-06,76.03797912597656,76.03797912597656,75.93106299492091,75.93106299492091,4413900
2014-01-07,76.07366943359375,76.10930454194597,76.03089969039365,76.08079319247388,1255700
2014-01-08,75.84556579589844,75.99524626606386,75.83843660075269,75.95960572831765,1090800
2014-01-09,75.95248413085938,75.96674252257718,75.85269714076719,75.95248413085938,829400
2014-01-10,76.3373794555664,76.3373794555664,76.15205842834455,76.20908111948714,1484400
2014-01-13,76.4086685180664,76.4870733726598,76.3659042111915,76.37303340833202,1139500
2014-01-14,76.29463195800781,76.4443124767328,76.25186764922476,76.39441897049115,987500
2014-01-15,76.23046875,76.25185633920354,76.13781094871871,76.18057525115876,1664800
2014-01-16,76.4086685180664,76.41579771520692,76.31601070717609,76.35877501405099,3113700
2014-01-17,76.44427490234375,76.47991543413424,76.33735874495393,76.39438142062605,588700
2014-01-21,76.47996520996094,76.50847112836799,76.38730194218984,76.41581329858208,1777100
2014-01-22,76.31600189208984,76.43717103956216,76.28036134848813,76.34451323937452,892900
2014-01-23,76.5156021118164,76.63677130082104,76.45145563692643,76.45857939770177,1901200
2014-01-24,76.67951965332031,76.72941315474849,76.59398560602182,76.60824399956347,783200
2014-01-27,76.5156021118164,76.722305371993,76.50847291305575,76.64390049958169,1335000
2014-01-28,76.64386749267578,76.66524964176415,76.54408050494138,76.59397399880858,1306400
2014-01-29,76.87196350097656,76.92185700178081,76.75079434730678,76.75079434730678,1116200
2014-01-30,76.88623046875,76.89335422824239,76.77218506105973,76.80782561045902,3074400
2014-01-31,77.02875518798828,77.02875518798828,76.9147152576668,76.97886169885092,3195200
2014-02-03,77.29012298583984,77.29012298583984,76.91877314822484,76.96876192078446,1976100
2014-02-04,77.10444641113281,77.1830009732348,77.04017202015505,77.09730360138695,2289000
2014-02-05,76.91162872314453,77.06873784742324,76.90449136176275,77.04017205679371,1162000
2014-02-06,76.87592315673828,76.89020332742082,76.80451140659096,76.85450017653082,1127700
2014-02-07,76.99736022949219,77.05449183607884,76.87595965177299,76.8973826421505,611700
2014-02-10,77.07591247558594,77.10447827800799,76.9902150683198,77.02592368343979,1097200
2014-02-11,76.9259262084961,76.96877217686567,76.86165180757342,76.91164058679404,1493200
2014-02-12,76.79735565185547,76.84734441336906,76.73308127370008,76.82592143677272,714100
2014-02-13,76.96161651611328,76.99732511603804,76.90449038394802,76.94733634516382,777400
2014-02-14,76.96161651611328,76.96875932577171,76.88306740334012,76.94733634516382,708800
2014-02-18,77.01165771484375,77.08307496331258,76.94024591474603,76.95453154378824,940900
2014-02-19,76.95447540283203,77.16871064683316,76.93305242326863,77.10444170814296,902600
2014-02-20,76.91162872314453,76.95448013327257,76.81879398987415,76.91877153289379,894000
2014-02-21,76.98301696777344,76.98301696777344,76.84733087541153,76.85447368247411,395300
2014-02-24,76.91162872314453,76.9830459239021,76.8973485520135,76.9830459239021,838500
2014-02-25,77.11870574951172,77.14012872459465,77.01872823354742,77.01872823354742,542100
2014-02-26,77.28294372558594,77.28294372558594,77.12583467210806,77.15440044986448,617000
2014-02-27,77.36153411865234,77.39009990965245,77.29012236533588,77.30440253665216,628900
2014-02-28,77.31867218017578,77.35438077615566,77.21155728896973,77.29724920193458,1589500
2014-03-03,77.51896667480469,77.54042929045166,77.37587893152657,77.4188041628205,2533900
2014-03-04,77.23283386230469,77.44747106943407,77.21137123328194,77.44747106943407,953700
2014-03-05,77.27583312988281,77.28298370693302,77.13273971204198,77.14705178305395,2852300
2014-03-06,77.10404968261719,77.1469803974727,77.04681782689435,77.09689911218354,689200
2014-03-07,76.88944244384766,76.9538303489728,76.85366774647649,76.88228641268293,701700
2014-03-10,76.88944244384766,76.9538303489728,76.88228641268293,76.91090507888937,877800
2014-03-11,76.88223266601562,76.95377655229075,76.86792607214007,76.93231393225308,2060700
2014-03-12,77.05399322509766,77.06830528747793,76.98244928855372,77.03253058997973,943300
2014-03-13,77.25432586669922,77.31155774232782,76.94668201907845,76.96098862337246,660900
2014-03-14,77.21853637695312,77.3902428878535,77.21853637695312,77.36162422629484,741800
2014-03-17,77.17559051513672,77.25429044880458,77.14697186121658,77.20420916905687,590800
2014-03-18,77.26860046386719,77.26860046386719,77.16128187153286,77.18274449830966,568500
2014-03-19,76.92522430419922,77.25433629034578,76.84652978228534,77.25433629034578,702000
2014-03-20,76.86796569824219,76.93235359154772,76.83219100743814,76.87511626964184,1100600
2014-03-21,76.97527313232422,77.01820384978839,76.88226658497874,76.92519184399187,756600
2014-03-24,77.0897445678711,77.10405116746463,76.91088205147233,76.96811936674813,712800
2014-03-25,77.01103973388672,77.14697698442222,77.00388370531894,77.04681441827516,1377600
2014-03-26,77.25432586669922,77.25432586669922,77.06830726016157,77.08976989582888,593900
2014-03-27,77.3115463256836,77.32585838631674,77.16130243974648,77.17561450037961,1299200
2014-03-28,77.19706726074219,77.34015509806434,77.15413654278466,77.34015509806434,865600
2014-03-31,77.20420837402344,77.25428965325543,77.08257773150284,77.14697106677258,1452200
2014-04-01,77.0859603881836,77.17914397607869,77.0859603881836,77.17197979390001,760000
2014-04-02,76.95694732666016,77.0501309306749,76.93544383872155,76.94977767439985,1550700
2014-04-03,77.0142822265625,77.08596233204636,76.9784394393998,77.02861606012267,1126700
2014-04-04,77.25799560546875,77.30817222614388,77.16481201531253,77.17198166650654,1043600
2014-04-07,77.37267303466797,77.45868695682759,77.33683025454117,77.37267303466797,679500
2014-04-08,77.46582794189453,77.52317418134137,77.36547475728177,77.40131752414564,1435700
2014-04-09,77.4730453491211,77.56622894403863,77.36552245108284,77.4156990743218,1167100
2014-04-10,77.65216064453125,77.76684759574387,77.5231344063948,77.53746822448304,1033300
2014-04-11,77.72391510009766,77.83143797964652,77.70958126828353,77.83143797964652,1168700
2014-04-14,77.75255584716797,77.77405932035298,77.70237925345677,77.72388272664178,1002800
2014-04-15,77.759765625,77.860118864213,77.69524970331086,77.73109248967609,1442100
2014-04-16,77.80271911621094,77.80271911621094,77.65935353813308,77.70953559208854,2245600
2014-04-17,77.55188751220703,77.79560095296544,77.48737159216782,77.79560095296544,1262900
2014-04-21,77.54470825195312,77.62355799509591,77.5088654709462,77.60921869515691,1018200
2014-04-22,77.53040313720703,77.53040313720703,77.45155336485922,77.4873906902993,1034800
2014-04-23,77.60923767089844,77.67375359871717,77.56623069824722,77.58773418457284,746000
2014-04-24,77.68089294433594,77.68089294433594,77.54469695895283,77.57337008581452,494000
2014-04-25,77.69527435302734,77.80996693071052,77.68810469971136,77.72394749744814,489700
2014-04-28,77.64508819580078,77.74544145454557,77.60208121886512,77.69526482517317,523300
2014-04-29,77.68089294433594,77.70239642227226,77.58770391482548,77.60204321267621,858600
2014-04-30,77.8386001586914,77.85293945897747,77.68807031873179,77.7454165821947,1313000
2014-05-01,77.95208740234375,78.05980123928389,77.8300025890916,77.8300025890916,1727500
2014-05-02,78.0453872680664,78.11719826932773,77.80840603295863,77.88021703421997,1075300
2014-05-05,78.01669311523438,78.08850414534601,77.95924209961292,78.07414413085584,1261100
2014-05-06,78.07413482666016,78.08131757246447,78.00232380510634,78.05259206807699,786800
2014-05-07,78.07413482666016,78.1315858354351,78.00232380510634,78.05976933505154,664900
2014-05-08,78.12442016601562,78.20341395064015,78.0454263813911,78.11723741864132,2023400
2014-05-09,78.0526351928711,78.14598902458692,78.03109242238536,78.0957207338426,812800
2014-05-12,77.98796081542969,78.02386906677344,77.94487529688112,78.0166863207387,472900
2014-05-13,78.1171646118164,78.1315300931761,78.07407912538903,78.10280460928257,577500
2014-05-14,78.3398208618164,78.38291184940084,78.21056433554917,78.21056433554917,1321600
2014-05-15,78.50502014160156,78.5983739380379,78.44039185456812,78.49066012631548,2408900
2014-05-16,78.4188461303711,78.52656542438164,78.39730336733516,78.43321162494897,558700
2014-05-19,78.39013671875,78.55530157695506,78.38295397048799,78.51939331447659,945900
2014-05-20,78.42603302001953,78.49784406020925,78.39013023934027,78.39013023934027,1102200
2014-05-21,78.39728546142578,78.40446820707417,78.33265718707905,78.3829254489586,804400
2014-05-22,78.3614730834961,78.40455864942793,78.3183820387283,78.37583311252806,633900
2014-05-23,78.44037628173828,78.45473629417347,78.37574252870591,78.4044680324059,435500
2014-05-27,78.51215362548828,78.51215362548828,78.34698341976696,78.45470264273067,762600
2014-05-28,78.72763061523438,78.77072161581171,78.58400855685753,78.62709407860451,692300
2014-05-29,78.68453979492188,78.87125284130292,78.66299703549905,78.8066190842045,981400
2014-05-30,78.7563705444336,78.7563705444336,78.59838296399037,78.64865124151036,5554700
2014-06-02,78.51675415039062,78.68223676273031,78.48797432697546,78.6318734440513,2822900
2014-06-03,78.30811309814453,78.45201223093301,78.26494610290331,78.43761957305884,864600
2014-06-04,78.27931213378906,78.33686627813655,78.22894882674203,78.33686627813655,1445700
2014-06-05,78.38005828857422,78.40883811251737,78.25774266451832,78.29371881674479,643500
2014-06-06,78.3368911743164,78.50957012980417,78.3368911743164,78.4951774722516,839500
2014-06-09,78.26492309570312,78.32967905871956,78.25053593124893,78.30809007825474,1133400
2014-06-10,78.14983367919922,78.2361676712209,78.14983367919922,78.17861350627003,823300
2014-06-11,78.20738983154297,78.26494948714729,78.16422283443518,78.22897881928775,1171200
2014-06-12,78.3585205078125,78.42327103256787,78.1930377958932,78.23620481239678,1224200
2014-06-13,78.3368911743164,78.35848016064527,78.21458103107213,78.24336085698677,1040900
2014-06-16,78.29373168945312,78.3944583452201,78.27934451971116,78.32970784759463,1308900
2014-06-17,78.14983367919922,78.2721438273571,78.14263735013382,78.25056032935169,842300
2014-06-18,78.3585205078125,78.3585205078125,78.1642579551597,78.22901396910841,504400
2014-06-19,78.24336242675781,78.44481572301137,78.19299910269443,78.42323222544002,690000
2014-06-20,78.38005828857422,78.38005828857422,78.22896832976532,78.22896832976532,690600
2014-06-23,78.30811309814453,78.43761957305884,78.30811309814453,78.41603607543823,559700
2014-06-24,78.44483184814453,78.45922450894442,78.33690884891242,78.39446851372844,740800
2014-06-25,78.55276489257812,78.62471173820273,78.50240155172166,78.56715206602607,713700
2014-06-26,78.70384979248047,78.71824245418408,78.60312311732362,78.60312311732362,673700
2014-06-27,78.70384979248047,78.78299296427402,78.67506995826535,78.74701679920709,668200
2014-06-30,78.71106719970703,78.7830140599139,78.68228735778557,78.7614305507712,1046900
2014-07-01,78.61447143554688,78.69375666397423,78.60005843903501,78.64330292761544,1038500
2014-07-02,78.34056854248047,78.52076121609991,78.34056854248047,78.52076121609991,1381400
2014-07-03,78.29007720947266,78.31890868328868,78.18196055742287,78.23962350505494,634500
2014-07-07,78.31172943115234,78.38380539377471,78.29010719226999,78.3333516700347,1253300
2014-07-08,78.47030639648438,78.54959161169815,78.44867865675377,78.44867865675377,2024000
2014-07-09,78.53516387939453,78.59282684713796,78.40542495149346,78.4775009116511,785500
2014-07-10,78.57118225097656,78.70092114195945,78.57118225097656,78.69371189828216,791500
2014-07-11,78.6793212890625,78.75860099589586,78.66490279760679,78.6793212890625,606800
2014-07-14,78.61447143554688,78.6577159241273,78.56401769918808,78.64330292761544,710400
2014-07-15,78.51356506347656,78.67934477043362,78.49194281888323,78.55680955266322,660200
2014-07-16,78.57844543457031,78.60007318196206,78.53520093787856,78.5712416844856,725600
2014-07-17,78.80907440185547,78.8379058929248,78.6505094495411,78.72258542769211,1158400
2014-07-18,78.72256469726562,78.80184990206654,78.69373321378863,78.76580917295951,543600
2014-07-21,78.7514419555664,78.88838470787702,78.7514419555664,78.81630870681148,585700
2014-07-22,78.8811264038086,78.88833014960063,78.7658004826247,78.83787643384333,724700
2014-07-23,78.89558410644531,78.96045634863654,78.85954885993526,78.92441560308079,711800
2014-07-24,78.65052032470703,78.79467230094124,78.65052032470703,78.79467230094124,853400
2014-07-25,78.8018569946289,78.845101474215,78.7514032687639,78.82347923442195,506200
2014-07-28,78.81624603271484,78.87390898733268,78.758583078097,78.83066452089031,673000
2014-07-29,78.89558410644531,78.93882860187567,78.80908961653891,78.88837485752502,2977100
2014-07-30,78.61447143554688,78.77304189240158,78.57843069569995,78.74421040033302,1245000
2014-07-31,78.51356506347656,78.62888553432262,78.4775243231244,78.49194281888323,1066400
2014-08-01,78.8095703125,78.84567732226164,78.53517576944266,78.62904628200423,1064400
2014-08-04,78.79521179199219,78.91074442548124,78.79521179199219,78.85297535415577,1496900
2014-08-05,78.79521179199219,78.85297535415577,78.67245113813513,78.79521179199219,1875100
2014-08-06,78.80237579345703,78.90346884570289,78.78793628991826,78.90346884570289,708800
2014-08-07,78.95404052734375,78.99737007008159,78.78073888387215,78.84573044339893,1246500
2014-08-08,78.98287963867188,79.16340368699417,78.96121763433828,79.04787116082942,1339200
2014-08-11,78.99010467529297,79.06231319510526,78.96122016553666,78.99732718002127,1632900
2014-08-12,78.95404052734375,79.02625459552017,78.93237851055478,79.02625459552017,876000
2014-08-13,79.11286163330078,79.12008413820467,78.99010659571972,79.02621361108218,3471700
2014-08-14,79.1562271118164,79.19955114260648,79.0984580646566,79.17788912721144,1072900
2014-08-15,79.3511962890625,79.51728093393056,79.14178761038536,79.21399616978715,2593200
2014-08-18,79.18508911132812,79.30062166362514,79.15620459596437,79.27895965439183,1424400
2014-08-19,79.07677459716797,79.28618320444386,79.0623295847169,79.2572986886998,1820700
2014-08-20,78.99010467529297,79.09842020958988,78.96844267026498,79.09842020958988,929500
2014-08-21,79.12733459472656,79.14177410047805,79.03345852528543,79.05512604765116,775600
2014-08-22,79.11286163330078,79.14896864866323,78.96122208526117,79.09119962774612,801900
2014-08-25,79.1778564453125,79.20674095696987,79.08398040513673,79.20674095696987,3473800
2014-08-26,79.18508911132812,79.23563563592519,79.14898208983394,79.23563563592519,543400
2014-08-27,79.28618621826172,79.32228773244553,79.21397217157754,79.23563969107776,866100
2014-08-28,79.445068359375,79.46673588584696,79.35119778130338,79.40174432475119,1123700
2014-08-29,79.41614532470703,79.49557084110779,79.38726081458086,79.43058482519163,1473300
2014-09-02,79.17383575439453,79.30404420569734,79.17383575439453,79.24617807540827,1029300
2014-09-03,79.26065826416016,79.26789360142293,79.11598463257623,79.13044978815651,1311700
2014-09-04,79.15937042236328,79.23894256014287,79.07256294870983,79.16660575823713,1308900
2014-09-05,79.11595916748047,79.23893226663992,79.05808752589597,79.16659547413104,798500
2014-09-08,79.03643798828125,79.23898334544772,79.03643798828125,79.20281216640497,895300
2014-09-09,78.92787170410156,79.01467915835308,78.91340103558815,78.97127267175583,689500
2014-09-10,78.8193588256836,78.85552997575697,78.78319319455287,78.83382949329,974400
2014-09-11,78.73979187011719,78.89170077628243,78.72532672050559,78.85553514278195,753500
2014-09-12,78.58067321777344,78.66024536390566,78.55897272681825,78.62407971862861,1327600
2014-09-15,78.56620025634766,78.67470821928599,78.55172958451894,78.65300773048718,1210800
2014-09-16,78.56620025634766,78.68193803625608,78.56620025634766,78.6313017227441,851000
2014-09-17,78.4793701171875,78.73255161162804,78.47214030230538,78.66021483020826,707200
2014-09-18,78.48663330078125,78.52280446379724,78.45046213776526,78.48663330078125,707600
2014-09-19,78.6168441772461,78.65301534137375,78.49387104952378,78.53003669470662,929900
2014-09-22,78.72537994384766,78.78325161930495,78.67474360755921,78.74708044240745,592400
2014-09-23,78.7977066040039,78.81217176152705,78.72536977849609,78.78324144648074,705200
2014-09-24,78.74701690673828,78.90616112636971,78.73254624007599,78.90616112636971,836700
2014-09-25,78.89894104003906,78.92064152528377,78.83383958430495,78.83383958430495,1161900
2014-09-26,78.8917007446289,78.91340122850909,78.7614923224048,78.8917007446289,1729500
2014-09-29,78.97850799560547,79.02190896325402,78.8917005413654,78.96404284603695,7243700
2014-09-30,78.92787170410156,79.05084479175063,78.91340103558815,78.98574334026924,2335400
2014-10-01,79.36914825439453,79.37639614120349,79.13001774635921,79.13001774635921,6605200
2014-10-02,79.23875427246094,79.44165097825784,79.23875427246094,79.3909268018086,4826800
2014-10-03,79.2025146484375,79.24599092822444,79.13004681076617,79.20975700938878,2928900
2014-10-06,79.27497863769531,79.38367486798613,79.20975868811286,79.27497863769531,2145800
2014-10-07,79.57931518554688,79.60105332358623,79.39090877500692,79.42714269075208,2328400
2014-10-08,79.803955078125,79.81120296744061,79.47787192967837,79.63729232350371,2477900
2014-10-09,79.64454650878906,79.76048510440546,79.61556047775493,79.76048510440546,1502800
2014-10-10,79.70248413085938,79.73147015137904,79.61553159781847,79.68074599759915,1734400
2014-10-13,79.93437194824219,79.9561100829116,79.73872320769914,79.81843338716591,1098500
2014-10-14,80.11556243896484,80.13005822021286,79.91266572965817,80.07208615226217,3518500
2014-10-15,80.26048278808594,81.21699967814894,80.16627680706306,80.57931806576026,2275400
2014-10-16,80.19528198242188,80.54310890208112,80.10108150743064,80.43441264415502,1792900
2014-10-17,80.08660125732422,80.18080727910808,79.99964865693592,80.07935889297346,2065800
2014-10-20,80.18074035644531,80.23871239399956,80.12276831889106,80.20972637522243,1518300
2014-10-21,80.1082992553711,80.20249969491616,80.0648174514494,80.1082992553711,2625000
2014-10-22,80.06483459472656,80.10106851766642,79.99962016765934,80.07208248501863,3179200
2014-10-23,79.87638854980469,79.97058895630198,79.80392074486505,79.97058895630198,1863100
2014-10-24,79.90543365478516,79.9634057342103,79.81848106416923,79.90543365478516,1188900
2014-10-27,79.93437194824219,79.94886772370077,79.84741940956461,79.9126338135728,1073100
2014-10-28,79.81121826171875,79.89092847390636,79.78223222742137,79.86194243960897,1128600
2014-10-29,79.63731384277344,79.82572031625199,79.60107991492409,79.73151431525211,1591000
2014-10-30,79.7677230834961,79.84743327680627,79.7314891670753,79.74598494505139,2479500
2014-10-31,79.7677230834961,79.7677230834961,79.63728872430846,79.65902686275317,3145100
2014-11-03,79.61676025390625,79.74016199919129,79.52965020760932,79.72564642723222,2282400
2014-11-04,79.62399291992188,79.7473946219843,79.60947181486813,79.63124793426987,2346300
2014-11-05,79.6530532836914,79.6603083001973,79.55142213262286,79.59497992256097,2699600
2014-11-06,79.51516723632812,79.60953233820322,79.48613054232429,79.50064612023466,1391400
2014-11-07,79.7837142944336,79.79096931082286,79.5586814082162,79.56594196278591,1661400
2014-11-10,79.59496307373047,79.78369868836218,79.59496307373047,79.77643813521267,846900
2014-11-11,79.63127136230469,79.63853191696766,79.5514218755535,79.60224022001381,1138500
2014-11-12,79.63851928710938,79.76192100590713,79.60222759591102,79.66029540946431,1123700
2014-11-13,79.67478942871094,79.70382609470553,79.6022005328133,79.66752887766785,860800
2014-11-14,79.74739837646484,79.80547172305614,79.58769944242836,79.61673611572401,1073000
2014-11-17,79.6530532836914,79.82000727421575,79.64579272900497,79.82000727421575,1403000
2014-11-18,79.72564697265625,79.76193867189264,79.68208918011938,79.71838641753664,1318400
2014-11-19,79.536865234375,79.73285580362861,79.52960468346112,79.61671467989476,1361800
2014-11-20,79.68203735351562,79.79818400716229,79.62396956486955,79.75463178113343,1155800
2014-11-21,79.7764663696289,79.82001862758122,79.73290857349527,79.79098194288589,1295000
2014-11-24,79.8054428100586,79.87803169790965,79.73284838403039,79.74010893426863,1355100
2014-11-25,79.979736328125,80.00877301961074,79.82003729404471,79.82003729404471,3187700
2014-11-26,80.0450668334961,80.09587966038559,80.02329069885528,80.08862464096049,1205700
2014-11-28,80.29180908203125,80.29906963359258,80.13937072831243,80.16114684481825,2072800
2014-12-01,80.111328125,80.48975854836178,80.111328125,80.48975854836178,2811700
2014-12-02,79.95124816894531,80.04585441882297,79.91485816004233,80.04585441882297,1469400
2014-12-03,79.87847900390625,79.95853258693623,79.8566472180501,79.92942168834931,1998000
2014-12-04,80.11858367919922,80.1331418954806,79.89298129783197,79.94392395015143,3001700
2014-12-05,79.77658081054688,80.00946240946921,79.76930169898625,79.95851973321543,3477700
2014-12-08,79.97306823730469,80.05312180329479,79.7329075393344,79.91484645252372,984100
2014-12-09,80.09679412841797,80.22051682269674,80.0167405536699,80.1550159195685,1203000
2014-12-10,80.23511505126953,80.27877864325652,80.03862333498935,80.0531760148721,1208000
2014-12-11,80.20596313476562,80.22052135954439,80.0676877610469,80.16229956510115,1447700
2014-12-12,80.4606704711914,80.53345048491937,80.27873154154248,80.41700690482303,1714100
2014-12-15,80.24235534667969,80.44612608048773,80.23507623409053,80.32968248840538,2540700
2014-12-16,80.4388427734375,80.48978545423311,80.28601473105064,80.48978545423311,1411700
2014-12-17,80.33696746826172,80.54801733007258,80.25691388094255,80.41702105558089,2167500
2014-12-18,80.12592315673828,80.21325586322773,80.09681225457513,80.17686584743957,1865800
2014-12-19,80.25691223144531,80.32968670414799,80.11136328603996,80.11136328603996,1865000
2014-12-22,80.380615234375,80.38789434606424,80.2496189856455,80.3078407744887,3827800
2014-12-23,80.00942993164062,80.33691763857445,79.98031904955026,80.2714223181209,2790800
2014-12-24,80.0963363647461,80.11093804050108,79.92838645288595,80.05252019541648,922100
2014-12-26,80.13286590576172,80.22779632351552,80.04524468449226,80.11826422589478,1124900
2014-12-29,80.30084228515625,80.35926016591223,80.19861377935115,80.2789369726317,2199200
2014-12-30,80.3884506225586,80.51258999198363,80.33003832222104,80.46877380293692,2069600
2014-12-31,80.41034698486328,80.51257545579065,80.39573973414004,80.42494866455269,2493900
2015-01-02,80.63671875,80.68783299149713,80.4541670916482,80.4541670916482,2090200
2015-01-05,80.81195831298828,80.87767980004521,80.67322285548391,80.73163514604863,3446200
2015-01-06,81.01642608642578,81.30850986242574,80.97261546988791,81.02372971286032,3688100
2015-01-07,81.00179290771484,81.08211605415771,80.86305191458035,81.05290713081189,3984400
2015-01-08,80.87770080566406,80.93611311139968,80.78277036315241,80.93611311139968,2212200
2015-01-09,81.07483673095703,81.155159901475,80.85577809675418,80.9726082541222,1322600
2015-01-12,81.14053344726562,81.24276189288825,81.11132452408309,81.16974237044816,2185700
2015-01-13,81.1624526977539,81.29389008915159,81.07482591314431,81.1624526977539,5537000
2015-01-14,81.35961151123047,81.52756146701867,81.34500983165636,81.52025784171471,3043600
2015-01-15,81.73201751708984,81.73932114231425,81.41072485962064,81.41072485962064,2084000
2015-01-16,81.41806030273438,81.65902989000634,81.35964242017707,81.54949775297037,2744500
2015-01-20,81.55680084228516,81.66632740756168,81.45457233400315,81.60061146839577,2059400
2015-01-21,81.41073608398438,81.64440198407814,81.33771653477405,81.54947712720816,2020200
2015-01-22,81.36690521240234,81.57866575211874,81.26467675475071,81.57866575211874,2030400
2015-01-23,81.5713882446289,81.64440779903991,81.44725444502672,81.52757762618928,1535000
2015-01-26,81.53489685058594,81.62982173237592,81.38154851464189,81.62982173237592,2705200
2015-01-27,81.4910659790039,81.76124446149842,81.4545589869057,81.76124446149842,1635900
2015-01-28,81.83426666259766,81.94379878450358,81.54218286119355,81.56408817136771,1327800
2015-01-29,81.7685546875,81.8269669937783,81.65171893287256,81.73204212142006,1752600
2015-01-30,82.06061553955078,82.16284401766514,81.95838706143643,82.03871023295973,6252800
2015-02-02,82.05768585205078,82.07963109737092,81.91141769521833,81.95529702631356,2792100
2015-02-03,81.74323272705078,81.98458029157118,81.73592322250735,81.98458029157118,1815400
2015-02-04,81.86756896972656,81.87487847446003,81.54577220866673,81.64816107268129,1953000
2015-02-05,81.6993179321289,81.80170674905605,81.59692911520176,81.75782742173644,2409600
2015-02-06,81.22396087646484,81.47993857035483,81.2020212066511,81.47993857035483,2531300
2015-02-09,81.20933532714844,81.40679793290494,81.20933532714844,81.40679793290494,1724900
2015-02-10,81.12157440185547,81.22396325049466,81.04844030708087,81.15082915572006,1272500
2015-02-11,81.08501434326172,81.17277302962623,80.98993499333476,81.09232384727606,1803400
2015-02-12,81.09962463378906,81.26783805262299,81.08500004856454,81.11425479878666,2123700
2015-02-13,81.00450897216797,81.15809214654702,80.96793915836669,81.14346198911844,1706200
2015-02-17,80.6754379272461,80.98261001013053,80.62424351006085,80.93872509556248,2043000
2015-02-18,80.90213775634766,80.99721148119704,80.67541490513543,80.73392438801416,1442400
2015-02-19,80.83631896972656,81.0045323500806,80.79975472514302,80.9021435376118,1443000
2015-02-20,80.85094451904297,81.09228637479616,80.7193009705542,80.94601824526262,2280700
2015-02-23,80.99724578857422,81.04112512943321,80.93142677728575,80.95336644771524,1688200
2015-02-24,81.35559844970703,81.37753811789587,80.85096934204422,80.98992243383125,1736700
2015-02-25,81.41415405273438,81.41415405273438,81.23131594126312,81.32638975050868,2319300
2015-02-26,81.12157440185547,81.38486160686305,81.07769506094546,81.33366718254345,1837300
2015-02-27,81.32634735107422,81.34097751703925,81.09962999657722,81.28246801272601,3816400
2015-03-02,80.91315460205078,81.30874698566839,80.91315460205078,81.30874698566839,7881900
2015-03-03,80.81060028076172,81.00107194396617,80.81060028076172,80.90583890692457,4228400
2015-03-04,80.85452270507812,80.95708303440074,80.78858787101716,80.90580286973943,1477100
2015-03-05,80.89122009277344,80.97913141994673,80.80331435472388,80.89854743398547,1053000
2015-03-06,80.36372375488281,80.64942844117435,80.29046714618876,80.64210669268964,1872900
2015-03-09,80.56887817382812,80.70806410213686,80.51759797095167,80.70806410213686,2724700
2015-03-10,80.75932312011719,80.84723441161137,80.69339384333766,80.75200137100045,1708100
2015-03-11,80.92047882080078,80.97175900249039,80.73733451632066,80.73733451632066,1171600
2015-03-12,80.98643493652344,81.11097175487316,80.89119629615547,81.08899532682581,1416600
2015-03-13,80.83258056640625,81.04502866452755,80.76665128894871,80.9058427712989,3235500
2015-03-16,81.00839233398438,81.07432160263825,80.89117729310534,81.03769609420414,1305800
2015-03-17,80.9937515258789,81.08166282158906,80.97910243782141,81.05235905635234,1423700
2015-03-18,81.58714294433594,81.60179203238506,81.00840615676535,81.16224673232891,1997800
2015-03-19,81.30142974853516,81.53585425674704,81.27212598636852,81.49189581893653,1929700
2015-03-20,81.55055236816406,81.56520146349324,81.44799193348624,81.48462305549596,3833600
2015-03-23,81.56512451171875,81.6090829344832,81.48454617974227,81.58710651766059,1120900
2015-03-24,81.78495788574219,81.80693431815737,81.58716440488226,81.66774838315344,2647300
2015-03-25,81.63111114501953,81.8655357217316,81.63111114501953,81.8655357217316,1612300
2015-03-26,81.3380126953125,81.57976441483794,81.31603628246805,81.54313333401836,1377600
2015-03-27,81.45524597167969,81.56512806057364,81.43326955390089,81.44791863604692,5610200
2015-03-30,81.49190521240234,81.56516183170254,81.43330327043526,81.56516183170254,1310700
2015-03-31,81.63111114501953,81.64576023582282,81.44796676980313,81.51389606210209,2958100
2015-04-01,81.89603424072266,81.93272922866451,81.69786002688744,81.77859683997238,1927300
2015-04-02,81.7859878540039,81.88874284233736,81.74928724400188,81.88874284233736,1761700
2015-04-06,81.83734130859375,82.04285122489247,81.74192759023369,82.04285122489247,1431000
2015-04-07,81.85204315185547,81.88874376226981,81.67589254126595,81.80066565711158,1415200
2015-04-08,81.859375,81.9034112476622,81.73460189847289,81.8813931238311,903000
2015-04-09,81.6538314819336,81.8813594676345,81.5951127760353,81.8813594676345,1728500
2015-04-10,81.6538314819336,81.80796388512363,81.61713089081616,81.78594577034276,2055600
2015-04-13,81.74193572998047,81.74193572998047,81.65385764291379,81.65385764291379,951000
2015-04-14,81.83000946044922,82.05020188159808,81.83000946044922,81.98414191536307,1157400
2015-04-15,81.94010162353516,81.99147910596862,81.87404726028883,81.95478410407364,1296800
2015-04-16,81.89603424072266,81.98410669156189,81.76391996474034,81.98410669156189,1000800
2015-04-17,81.96214294433594,82.05756229566805,81.80801045340773,81.85938795038379,1274300
2015-04-20,81.90339660644531,82.00615716549795,81.81532412686492,81.96211532598245,1289400
2015-04-21,81.81532287597656,81.91073659397162,81.7933047564181,81.88871847441315,1522700
2015-04-22,81.57311248779297,81.79330488316921,81.54375312842778,81.79330488316921,916400
2015-04-23,81.6978759765625,81.77861280540951,81.5731029136988,81.58044415260977,1483900
2015-04-24,81.83734130859375,81.88871878766842,81.7712869496657,81.82266442874037,837700
2015-04-27,81.86670684814453,81.88138372910586,81.71991003990286,81.84468872683969,1595600
2015-04-28,81.55109405517578,81.79330456921491,81.55109405517578,81.7199033712211,1602000
2015-04-29,81.36759185791016,81.4483286856021,81.25015443591298,81.38960997460352,1313200
2015-04-30,81.36759185791016,81.41162809129686,81.11070449694692,81.24281879683151,3328600
2015-05-01,81.13668060302734,81.27639573728352,81.07050329321022,81.26904083280995,1357200
2015-05-04,80.9822769165039,81.23229322557579,80.97492762075872,81.19552430625217,1651900
2015-05-05,80.90874481201172,81.0484599734763,80.76902965054713,81.02640086590809,1481200
2015-05-06,80.63671112060547,80.86466281443762,80.59994218475748,80.84995299603764,1566000
2015-05-07,80.83517456054688,80.916061657016,80.71016926969344,80.77634656126992,1986200
2015-05-08,81.0999526977539,81.20289896472238,81.04112465658599,81.15142583123814,1933600
2015-05-11,80.58519744873047,80.93080509940259,80.57049324685377,80.9013910854997,2984900
2015-05-12,80.57784271240234,80.71020296095391,80.43077265281777,80.51901468856852,1394900
2015-05-13,80.57047271728516,80.82783826067117,80.48223069806076,80.82048896668022,2441600
2015-05-14,80.69548034667969,80.73224925827931,80.57782992782771,80.62930303797825,1796900
2015-05-15,81.0337905883789,81.04850040752922,80.79848397334416,80.85731202964091,1047500
2015-05-18,80.72490692138672,80.89403608686793,80.71020272054663,80.83520806320932,863900
2015-05-19,80.44550323486328,80.67345487339003,80.43814832744773,80.4896214590554,1664400
2015-05-20,80.57047271728516,80.65871473650954,80.48958560219982,80.5778276214242,1584100
2015-05-21,80.82046508789062,80.83516928167623,80.62927690779928,80.62927690779928,2652600
2015-05-22,80.73225402832031,80.78372714151213,80.60724869773287,80.776372236728,1087000
2015-05-26,80.9308090209961,80.96022303632428,80.70285741488989,80.73962633658758,2775000
2015-05-27,81.01165771484375,81.0263675206019,80.81312021828583,80.93077061361535,888700
2015-05-28,80.9822769165039,81.04845984925655,80.92345449979531,80.98963182239852,1298900
2015-05-29,81.01165771484375,81.1072546218303,80.9454804193735,81.01901261772282,2780300
2015-06-01,80.78777313232422,81.03088361753674,80.71409749733553,81.00141448767363,4327300
2015-06-02,80.470947265625,80.63301896882838,80.42674078233405,80.61828722150409,1830400
2015-06-03,80.1541748046875,80.30888347062051,80.0583987586385,80.28678303558152,3413100
2015-06-04,80.32360076904297,80.42673986110876,80.22046167697718,80.22046167697718,1907900
2015-06-05,79.96996307373047,80.14677209965258,79.94049396596718,80.02889566859945,1619000
2015-06-08,80.0878677368164,80.15417466247575,80.05103555203674,80.12470554225604,1289700
2015-06-09,79.85948181152344,80.04365958063643,79.80054357644902,80.04365958063643,1206700
2015-06-10,79.66055297851562,79.78579811168221,79.59425169094965,79.74159163264639,1491200
2015-06-11,80.0878677368164,80.0878677368164,79.77108172027943,79.80791952571907,1539600
2015-06-12,79.99211883544922,80.22786623998063,79.94791233289482,80.06578884549126,1365900
2015-06-15,80.0878677368164,80.27204552269465,80.02892949637697,80.27204552269465,1666600
2015-06-16,80.22045135498047,80.22045135498047,80.06574273678821,80.17625049854217,1309900
2015-06-17,80.22781372070312,80.22781372070312,79.88892739982464,80.18360724708747,1895700
2015-06-18,80.20574951171875,80.20574951171875,80.02157171368376,80.16154301814132,2917400
2015-06-19,80.45621490478516,80.49305270637703,80.33097537242783,80.37517623781056,2048500
2015-06-22,80.05840301513672,80.30151905481159,80.0363025789227,80.26468124734802,1173800
2015-06-23,79.87419891357422,80.03627621997934,79.82262937250518,79.86683585103466,1339000
2015-06-24,79.99945068359375,80.0657576012195,79.89631158565085,79.96998718760375,1527800
2015-06-25,79.91104888916016,80.00681930269783,79.8521106559096,79.99208755471484,1222000
2015-06-26,79.71951293945312,79.79318293038806,79.6458429485182,79.77845118046508,1054900
2015-06-29,80.19099426269531,80.25730117794896,79.84473918027724,80.00681650572051,3278900
2015-06-30,80.13943481445312,80.30151216032081,80.01419527288621,80.09523394582004,2159500
2015-07-01,79.93717193603516,80.00360514939517,79.83382762735798,79.96669968592042,6010300
2015-07-02,80.04790496826172,80.16601034389538,80.04052162233374,80.07743272013083,994600
2015-07-06,80.33578491210938,80.45389027510407,80.18814616856324,80.37269037411426,1108000
2015-07-07,80.44648742675781,80.74175355791144,80.43172074109586,80.54983169902967,2502500
2015-07-08,80.63841247558594,80.72699569754053,80.48339606104592,80.57936262612355,2892900
2015-07-09,80.34313201904297,80.5276761542927,80.32837096623263,80.5276761542927,1932800
2015-07-10,80.00359344482422,80.15123217265088,79.9297768968317,80.07003228030662,2163700
2015-07-13,79.88555145263672,79.99627917836585,79.82649591466837,79.90031252120576,1938300
2015-07-14,80.01834869384766,80.09216523128714,79.95929321115976,80.04049309189541,1441400
2015-07-15,80.23243713378906,80.25458153640166,79.98883744136654,79.98883744136654,1781400
2015-07-16,80.29886627197266,80.30624961641665,80.09217768227437,80.12170542820864,1294800
2015-07-17,80.30626678466797,80.35793894313926,80.25459462619668,80.26197797221911,897600
2015-07-20,80.16600799560547,80.25459124861797,80.12910253073225,80.2176801519021,1245100
2015-07-21,80.29886627197266,80.35053841939724,80.09956102671835,80.12170542820864,1191500
2015-07-22,80.33578491210938,80.45389027510407,80.32840156697152,80.33578491210938,1100000
2015-07-23,80.56462097167969,80.57200431709678,80.32102125949751,80.34316566390636,1021400
2015-07-24,80.54984283447266,80.63842043332778,80.50554840320386,80.63104272131734,1192500
2015-07-27,80.65320587158203,80.71963908616802,80.61629477558368,80.64582252601386,2666000
2015-07-28,80.572021484375,80.62369364961945,80.52772703427718,80.55725479039452,1873200
2015-07-29,80.50556182861328,80.54985626726878,80.41698421498661,80.52770623201995,2273500
2015-07-30,80.512939453125,80.57199494590824,80.43912290306685,80.52032279768335,1959000
2015-07-31,80.830322265625,80.8377056071305,80.71959467040008,80.7860334802708,2084300
2015-08-03,80.91397094726562,81.0175167095019,80.75865230391118,80.83261275653413,2563900
2015-08-04,80.67727661132812,80.9361409607617,80.66987887482442,80.87697035437128,1659900
2015-08-05,80.52934265136719,80.67726915366919,80.41100709234468,80.57372342346733,2346600
2015-08-06,80.6254653930664,80.69202806148132,80.54410725868134,80.56629481481964,1038100
2015-08-07,80.76597595214844,80.82514652122963,80.64764045680212,80.72160084674557,2154700
2015-08-10,80.66243743896484,80.74379556797052,80.50711891344943,80.72900574579519,1280200
2015-08-11,80.92876434326172,81.04710558692466,80.8252185764672,80.92876434326172,1537300
2015-08-12,80.8769760131836,81.14323811775074,80.8769760131836,81.02490253950978,1563900
2015-08-13,80.70684051513672,80.8917443789649,80.69944278059452,80.88434664442269,1571700
2015-08-14,80.66986846923828,80.79560175948491,80.6328854343098,80.70685150416676,1890500
2015-08-17,80.81038665771484,80.91393237058448,80.76600589304347,80.86215951414967,1387100
2015-08-18,80.66243743896484,80.795568409809,80.64764761678953,80.7585910329624,785400
2015-08-19,80.91397094726562,80.9731415664923,80.58853818433965,80.64770880356635,2184900
2015-08-20,81.03965759277344,81.09143044406443,80.95090171506708,81.04705532662003,1075600
2015-08-21,81.18019104003906,81.26154918862744,81.03966230287405,81.12102045146243,2443400
2015-08-24,81.15062713623047,81.6091852115258,81.0396836641102,81.35771860801796,5440200
2015-08-25,80.95834350585938,81.13584971505212,80.71426894145644,81.13584971505212,4070000
2015-08-26,80.58110046386719,80.92132853419741,80.52932760843746,80.6772540831067,3994200
2015-08-27,80.6920394897461,80.76599990162096,80.56630622527705,80.58109605052492,4040500
2015-08-28,80.61811065673828,80.8917704949699,80.56633778386418,80.8695772841782,4774600
2015-08-31,80.55894470214844,80.89177516941781,80.54415487025258,80.82520681883584,4145600
2015-09-01,80.79759216308594,80.86429647482403,80.61231057564557,80.70124777318125,3386000
2015-09-02,80.69383239746094,80.81982817027402,80.64195378077736,80.72347812904371,3442000
2015-09-03,80.81239318847656,80.8716846354016,80.68640310451855,80.82721322303603,1935100
2015-09-04,80.98284912109375,81.0273205335091,80.79756759000333,80.92356332844595,1748100
2015-09-08,80.79015350341797,80.81238638055598,80.71604202817687,80.75309493862586,2130400
2015-09-09,80.81983184814453,80.84206473425708,80.56043309857704,80.61972456444077,2891400
2015-09-10,80.7308349609375,80.79012638296406,80.64189782789764,80.78271354162544,2564400
2015-09-11,80.82719421386719,80.9087185206301,80.79014130901093,80.8197870255013,2001600
2015-09-14,80.8494644165039,80.93098876090727,80.81241149454002,80.91616872299069,1543600
2015-09-15,80.48631286621094,80.78276450903968,80.41220136908996,80.78276450903968,1541200
2015-09-16,80.41963195800781,80.53080205538903,80.34552044453568,80.4789177761779,1810100
2015-09-17,80.923583984375,80.923583984375,80.33809351816024,80.39738498028592,1955400
2015-09-18,80.99021911621094,81.07174339910631,80.89387480658031,80.97539908947569,4510600
2015-09-21,80.77533721923828,80.90874015193961,80.69381289067947,80.90874015193961,2325800
2015-09-22,80.9679946899414,81.07175185092676,80.87165037026678,80.92352895075946,2044800
2015-09-23,80.90135955810547,80.99770395337397,80.85688812968908,80.99770395337397,1562100
2015-09-24,81.00505828857422,81.16069403974798,80.96058689228062,81.14586835620293,2700000
2015-09-25,80.86429595947266,80.95323315644156,80.80500449482673,80.90135453846268,1225500
2015-09-28,81.05695343017578,81.0865991489802,80.86425908511838,80.92355052272723,1884400
2015-09-29,81.18296813964844,81.22743390418252,81.05697803723892,81.10885664731015,1506800
2015-09-30,81.21260070800781,81.2496536210008,81.10884350467785,81.13107638334235,3121600
2015-10-01,81.27567291259766,81.41675254359977,81.26824617808738,81.29052638161819,4274900
2015-10-02,81.520751953125,81.78805790279908,81.45392263323552,81.56530105642338,3553300
2015-10-05,81.21626281738281,81.43901951247696,81.20884174850093,81.40189150831525,4604500
2015-10-06,81.41678619384766,81.44648747922592,81.20888286114071,81.28313324211591,5013800
2015-10-07,81.35736083984375,81.43903793552597,81.29053721516158,81.34251303378305,1983200
2015-10-08,81.24598693847656,81.4538902244044,81.15688876733014,81.4538902244044,2038700
2015-10-09,81.17919158935547,81.28314326853156,81.11236227277561,81.17176485085957,3235500
2015-10-12,81.38707733154297,81.41677861415613,81.17917401819129,81.29055241175553,1268800
2015-10-13,81.39451599121094,81.49104092513748,81.29798539234314,81.49104092513748,1500200
2015-10-14,81.6989517211914,81.71380519849883,81.47620054605599,81.5504509377678,3912000
2015-10-15,81.58757019042969,81.7138020829628,81.5207465399194,81.62469821734088,2044800
2015-10-16,81.50589752197266,81.6321294214113,81.50589752197266,81.60242813124584,1630000
2015-10-19,81.58757019042969,81.60242366717078,81.41679486249794,81.51331980154886,1534900
2015-10-20,81.42417907714844,81.51327723129737,81.34250199255287,81.51327723129737,1805400
2015-10-21,81.61726379394531,81.63953834201804,81.47618976783764,81.47618976783764,1278200
2015-10-22,81.6321029663086,81.71378007155845,81.55042586105874,81.60240168576865,2276300
2015-10-23,81.49105072021484,81.52075201074872,81.44650161688499,81.52075201074872,2237400
2015-10-26,81.52813720703125,81.60238756306079,81.48358246146229,81.5652595525765,1541300
2015-10-27,81.64695739746094,81.69893322638721,81.5875548315622,81.69893322638721,2021900
2015-10-28,81.40193939208984,81.71380008165781,81.35739029284073,81.66182424422006,1661300
2015-10-29,81.052978515625,81.24602842831999,81.03069829652091,81.18662584059419,2333200
2015-10-30,81.2682876586914,81.2757143969924,81.04553649413505,81.07523778239754,10577000
2015-11-02,81.10830688476562,81.2347871901089,81.07855282289741,81.15294932974722,8049400
2015-11-03,80.95952606201172,81.0934420649424,80.93720767420503,81.0562409678709,3033400
2015-11-04,80.95952606201172,81.08600071031,80.87768818932683,81.0264869015223,3542500
2015-11-05,80.92233276367188,81.01161199959327,80.79585810318484,80.99673496498522,2185900
2015-11-06,80.53547668457031,80.63963296707271,80.49083989952405,80.61731457454958,1829500
2015-11-09,80.48341369628906,80.61732975273252,80.37925739417669,80.39413443329585,12843200
2015-11-10,80.63216400146484,80.70656618585468,80.49824801608878,80.56520884682169,5233200
2015-11-11,80.52802276611328,80.62474335341417,80.52802276611328,80.58754225428447,1603400
2015-11-12,80.6024169921875,80.6842548670689,80.5057020837325,80.60985834701962,3448700
2015-11-13,80.7586669921875,80.78842106299285,80.6842647869001,80.70658885414112,3784100
2015-11-16,80.82561492919922,80.87025170750219,80.76609544073472,80.81817357411845,3326000
2015-11-17,80.88516235351562,80.9297991472351,80.66196703273265,80.71404518410296,2461300
2015-11-18,80.82561492919922,80.87769306258296,80.751218406664,80.83305628427999,1952100
2015-11-19,80.86283874511719,81.01907318915899,80.85539738794593,81.01907318915899,4232700
2015-11-20,80.81073760986328,80.95953065440848,80.79585489975427,80.92232955522678,2034400
2015-11-23,80.83305358886719,80.91489146375427,80.77353410238737,80.83305358886719,1976000
2015-11-24,80.9074478149414,80.94464891195918,80.84049265161799,80.9074478149414,1335300
2015-11-25,80.9446792602539,80.97443333771514,80.862841357004,80.92235518801907,1169300
2015-11-27,80.92233276367188,80.99673496498522,80.92233276367188,80.98185225428614,946100
2015-11-30,80.95207977294922,80.99672222193193,80.92232003232414,80.96696248130684,2397000
2015-12-01,81.23578643798828,81.25071423646443,80.94464595630039,81.02676308656716,4260000
2015-12-02,81.1387710571289,81.20595471792626,81.0790484505571,81.1686323604148,2462800
2015-12-03,80.5415267944336,80.92971789908246,80.4818042098016,80.92971789908246,4634100
2015-12-04,80.80278015136719,80.8475749232505,80.6236181502059,80.66094617753244,2181300
2015-12-07,80.92221069335938,81.0565835938692,80.79530453606016,80.84756034762196,2143800
2015-12-08,80.95208740234375,81.07152683920063,80.8998315808206,81.06406009456664,2311800
2015-12-09,80.95208740234375,81.05659904539003,80.78038644850633,80.87743134691864,2791000
2015-12-10,80.93718719482422,81.00437653324391,80.89239809951758,81.00437653324391,2001500
2015-12-11,81.1387710571289,81.26567732449807,81.04918714727118,81.14623211135445,2321400
2015-12-14,80.75804901123047,81.05665635769347,80.750582261317,81.01932830358757,3351900
2015-12-15,80.7654800415039,80.7654800415039,80.55645670006166,80.68336291515747,2955900
2015-12-16,80.6236343383789,80.82519091822311,80.57137850690384,80.71321820467548,2946800
2015-12-17,80.73561096191406,80.84758936844376,80.63856035170777,80.80279458855688,5407800
2015-12-18,80.90729522705078,80.96701779512496,80.81025032552343,80.88490068788735,4006400
2015-12-21,80.8326187133789,81.02671414909662,80.80275743900266,80.98938613226238,3233500
2015-12-22,80.77290344238281,80.83262599651638,80.71318658370548,80.82515925338564,4507600
2015-12-23,80.75804901123047,80.76551576114393,80.6236759900952,80.63114274000866,3599600
2015-12-24,80.79690551757812,80.82682821111166,80.72957803033509,80.75201862369269,1248800
2015-12-28,80.79690551757812,80.8866678910085,80.78194131722623,80.81186401075978,3736400
2015-12-29,80.59491729736328,80.77445343302321,80.50515493670274,80.72956654552351,3094500
2015-12-30,80.57996368408203,80.62484486712911,80.4901956108181,80.52011830190608,3731400
2015-12-31,80.79690551757812,80.81186401075978,80.65477415008637,80.69217894379585,3406100
2016-01-04,80.7669677734375,81.00634356992884,80.73704508547993,80.85673013014102,3691000
2016-01-05,80.80437469482422,80.87918427556275,80.69217173805586,80.69217173805586,2732900
2016-01-06,81.111083984375,81.1335245773855,80.9539941261313,81.04375649817334,2915800
2016-01-07,81.10360717773438,81.14101197330663,80.94651730923785,81.08864868380779,2469000
2016-01-08,81.28314208984375,81.32054117766666,81.05124263379186,81.21581460028983,4016900
2016-01-11,81.05123138427734,81.23076181955246,81.04374928488306,81.0811540746848,2820200
2016-01-12,81.23072052001953,81.40277447559389,81.05867227161191,81.1185176220001,3318400
2016-01-13,81.41776275634766,81.48509022696612,81.20083326934183,81.23823234664646,3011500
2016-01-14,81.38787078857422,81.45519257271242,81.22329881778671,81.38038868794645,5322700
2016-01-15,81.48509979248047,81.6272311415618,81.41029592192116,81.59730845190417,3348900
2016-01-19,81.40283203125,81.50755861489262,81.32802814395824,81.42527262672044,4209800
2016-01-20,81.47013092041016,81.67210191590232,81.44020823456525,81.61225654421251,4349900
2016-01-21,81.35790252685547,81.59727824834104,81.34293833398097,81.59727824834104,7256000
2016-01-22,81.41776275634766,81.42524485467611,81.230750248318,81.32800040508147,3258700
2016-01-25,81.37290954589844,81.52252302804067,81.36542744499863,81.50007672534124,3285000
2016-01-26,81.47761535644531,81.53746073404415,81.36540670023983,81.46265686563027,2604100
2016-01-27,81.4925765991211,81.5449398758288,81.32800467027711,81.47013601012766,1645300
2016-01-28,81.5599365234375,81.61229982464307,81.40284661982079,81.53001382172407,2390600
2016-01-29,81.79926300048828,81.89651314908379,81.72445914499289,81.84414987952019,8633000
2016-02-01,81.7003402709961,81.89524130244456,81.58789714827218,81.78279817972064,4512300
2016-02-02,81.94770812988281,81.99268308811435,81.80527980335711,81.88024569253551,4835100
2016-02-03,81.94020080566406,82.18757448517003,81.85774291249541,81.90272358455613,3700300
2016-02-04,82.02263641357422,82.05262161376993,81.88770587223964,81.96266601318281,1880300
2016-02-05,81.94770812988281,82.03766376544026,81.82027526883054,81.88773770617784,2155500
2016-02-08,82.26256561279297,82.36001900636441,82.08266001410888,82.15012246895446,2818600
2016-02-09,82.25508117675781,82.4050015696266,82.20260846734409,82.39750383425424,3023800
2016-02-10,82.45742797851562,82.45742797851562,82.15758164204783,82.32249741305978,2319000
2016-02-11,82.5098876953125,82.8322214555321,82.46491275359097,82.7647590429498,2928000
2016-02-12,82.28502655029297,82.42745486781011,82.12011647417641,82.39746965785419,2968800
2016-02-16,82.08263397216797,82.16509187021548,82.0301612842372,82.1126191822847,2356200
2016-02-17,82.03768157958984,82.05267132922386,81.87276573813757,82.03018384522503,2446600
2016-02-18,82.28502655029297,82.3150117602489,82.04515058973959,82.08263353195801,2844400
2016-02-19,82.30001831054688,82.34499326390946,82.18757520804665,82.30751604247189,2278800
2016-02-22,82.32254791259766,82.36752288897443,82.24758771227079,82.28506495288588,2421800
2016-02-23,82.3375473022461,82.45748821208495,82.09767120166575,82.18012914740562,2337800
2016-02-24,82.36750030517578,82.69733195909566,82.33751508944714,82.5474115995476,2473200
2016-02-25,82.57740020751953,82.6898376222519,82.45745933967787,82.52492178851729,2335700
2016-02-26,82.42745208740234,82.43494981941193,82.30751697071827,82.38247713353255,2068100
2016-02-29,82.5248794555664,82.53237718573422,82.38995462710022,82.41244209851125,3694200
2016-03-01,82.27780151367188,82.6608748584373,82.17264502383021,82.57073826831635,3984500
2016-03-02,82.18762969970703,82.23270084075044,82.1125187720966,82.21016240493051,2624500
2016-03-03,82.28530883789062,82.33037426464442,82.15010682703074,82.2252177818199,3632800
2016-03-04,82.1576156616211,82.30784330499881,82.08250470523156,82.24775224764772,4461100
2016-03-07,82.13505554199219,82.16510106064253,82.02989909201436,82.16510106064253,2823200
2016-03-08,82.33789825439453,82.49563300003943,82.29282709092506,82.42052203505604,1984400
2016-03-09,82.30035400390625,82.36795789539075,82.21021739212703,82.29284118694125,1468700
2016-03-10,82.33789825439453,82.42802912013488,82.15762506171524,82.36043097082961,2828700
2016-03-11,82.18762969970703,82.40545540119477,82.16509699448355,82.3603899907478,2065000
2016-03-14,82.2326889038086,82.32281971161908,82.21015047126035,82.24019598406238,2186900
2016-03-15,82.1576156616211,82.39797416042681,82.1576156616211,82.38295426138835,1746100
2016-03-16,82.5106201171875,82.5181329298806,82.08999429592664,82.1651052310665,1888200
2016-03-17,82.68343353271484,82.72098615910613,82.54823147038465,82.58578409677594,4116500
2016-03-18,82.7509765625,82.84111312086334,82.71342396112959,82.76600218752566,1909600
2016-03-21,82.57074737548828,82.72096931165976,82.55572747411095,82.66839106093978,2152300
2016-03-22,82.51810455322266,82.82606100057392,82.49557185348904,82.82606100057392,2023000
2016-03-23,82.69840240478516,82.72844792571782,82.51813500978636,82.59324594681942,2885000
2016-03-24,82.7059097290039,82.8411116989298,82.64581869112644,82.8411116989298,2846400
2016-03-28,82.76605224609375,82.84867604191679,82.68342845027071,82.73600670846716,2918100
2016-03-29,83.01387023925781,83.05142857237645,82.78102461959409,82.88618107560977,1885900
2016-03-30,82.98383331298828,83.04391862521555,82.85613841433683,82.9913403953934,2764500
2016-03-31,83.24677276611328,83.2617926702361,83.01392127270525,83.01392127270525,7003600
2016-04-01,83.17298126220703,83.2858766912185,83.05255794003477,83.18803130642853,5374200
2016-04-04,83.25579833984375,83.29342633386693,83.17300871405003,83.24074254855292,3176200
2016-04-05,83.3686294555664,83.52668644249573,83.32347359764255,83.5041027714359,2954100
2016-04-06,83.35360717773438,83.3912408999367,83.25576753894805,83.3912408999367,2027400
2016-04-07,83.53427124023438,83.57943287412671,83.36869198086765,83.5267490863375,1876100
2016-04-08,83.4514389038086,83.54175638327057,83.39875514298059,83.54175638327057,2318300
2016-04-11,83.51168060302734,83.51168060302734,83.36115715853391,83.44394677563571,1718400
2016-04-12,83.37622833251953,83.43644002241425,83.27838864301773,83.4289121256517,1984500
2016-04-13,83.41385650634766,83.48159034638087,83.30096103085657,83.34611692421204,1769000
2016-04-14,83.27081298828125,83.39875844935037,83.27081298828125,83.36113047132389,3596400
2016-04-15,83.5041275024414,83.52671118018974,83.35360410338349,83.39123782419777,1579500
2016-04-18,83.49662017822266,83.50414233004152,83.38372473783289,83.47404223856483,2146600
2016-04-19,83.48909759521484,83.5417813718013,83.36867425324522,83.4966254896132,2019200
2016-04-20,83.28588104248047,83.56434994087729,83.2407194232564,83.55682204732322,2376000
2016-04-21,83.17298126220703,83.25577086067544,83.12781964534241,83.18050341326776,2692800
2016-04-22,83.18051147460938,83.33104064191305,83.18051147460938,83.27835686888191,3795600
2016-04-25,83.0901870727539,83.23318258230746,83.08265918000906,83.18049881729304,3118800
2016-04-26,83.05256652832031,83.15041192322826,82.96225476945223,83.15041192322826,2326100
2016-04-27,83.30091094970703,83.30843884144124,83.0374921599988,83.18801554208952,2337100
2016-04-28,83.46647644042969,83.50410440873806,83.2331577716865,83.3008973019984,9405200
2016-04-29,83.45894622802734,83.48905204709529,83.35357873233849,83.40626248018292,5112900
2016-05-02,83.40245819091797,83.50047907902301,83.3345931508936,83.50047907902301,3553900
2016-05-03,83.5531997680664,83.65876241790329,83.50796027606002,83.6135229258969,3044900
2016-05-04,83.59095764160156,83.64373900090845,83.51555652155412,83.62866107799364,2920200
2016-05-05,83.80205535888672,83.81713902954887,83.54569048497811,83.63616949801182,3008100
2016-05-06,83.6739273071289,83.78703189966997,83.6739273071289,83.78703189966997,2718500
2016-05-09,83.72663879394531,83.80203987512012,83.70401904486624,83.77942012604105,2173500
2016-05-10,83.76436614990234,83.77190798651328,83.68896504200029,83.74174639280531,2103800
2016-05-11,83.76436614990234,83.89255436134518,83.71158479909732,83.74174639280531,2507000
2016-05-12,83.6889419555664,83.77188487719874,83.63616061932166,83.63616061932166,1938800
2016-05-13,83.84728240966797,83.86990791230012,83.71909999175551,83.75680341007515,1511400
2016-05-16,83.70401763916016,83.839741884089,83.68139789046096,83.839741884089,3134400
2016-05-17,83.59095764160156,83.73422379660741,83.59095764160156,83.7191401209559,1769700
2016-05-18,83.24407196044922,83.54568206320586,83.18374878935104,83.5305983940642,1900800
2016-05-19,83.29688262939453,83.36474190622549,83.24410127428061,83.29688262939453,3461900
2016-05-20,83.34962463378906,83.40994779765008,83.27422355532956,83.34962463378906,2655700
2016-05-23,83.33457946777344,83.39490265950431,83.26672019162837,83.34966314207425,2244300
2016-05-24,83.28935241699219,83.36475354157362,83.19886761585224,83.36475354157362,1759800
2016-05-25,83.30439758300781,83.35717892108839,83.2365325753417,83.34963708629562,2735700
2016-05-26,83.43260192871094,83.4929251174313,83.36473690321655,83.42506009193691,1614800
2016-05-27,83.41751861572266,83.47029996789713,83.30441982730301,83.45522204701982,2164800
2016-05-31,83.47029113769531,83.51553640101267,83.21392624075001,83.2516296680586,3368800
2016-06-01,83.4234619140625,83.59723185252871,83.41591095975889,83.55189730627082,2941300
2016-06-02,83.635009765625,83.6652308772148,83.52923875710452,83.52923875710452,2013900
2016-06-03,84.08829498291016,84.08829498291016,83.95230290435113,83.97496729009664,2210500
2016-06-06,83.9749755859375,84.03541779662055,83.91453337525446,83.99008325656503,3278900
2016-06-07,84.05052185058594,84.09585062460451,84.01274402951299,84.0429651335541,2157100
2016-06-08,84.08070373535156,84.1184757747196,84.02781826896948,84.08826044885858,2148000
2016-06-09,84.14118194580078,84.2393962071148,84.13362522905786,84.2393962071148,1543600
2016-06-10,84.25447845458984,84.360255164817,84.2015929815184,84.26959188351555,1368300
2016-06-13,84.32247924804688,84.36780800767225,84.26203705915678,84.29225815360182,1661400
2016-06-14,84.28472137451172,84.41316249730396,84.27717042217775,84.3753846792911,1871500
2016-06-15,84.46605682373047,84.56427109112228,84.34517240470699,84.3678367922523,1732100
2016-06-16,84.51895141601562,84.67005119197724,84.45095248197202,84.55672347796254,2533000
2016-06-17,84.4585189819336,84.5189612049534,84.36030469259212,84.51140448605402,2730900
2016-06-20,84.22428131103516,84.29983117972401,84.20161116275155,84.29227446362948,2043800
2016-06-21,84.1638412475586,84.29227660399945,84.12606343021216,84.27716893551226,1882500
2016-06-22,84.21670532226562,84.24692641564228,84.12604204213565,84.19404094325418,1734300
2016-06-23,84.07318878173828,84.18651648430034,84.05052439404315,84.11096660395444,1721100
2016-06-24,84.5265121459961,84.73050320763284,84.45851896817561,84.70028209612785,4081200
2016-06-27,84.86647033691406,84.98734898325148,84.85135690356816,84.86647033691406,3018800
2016-06-28,84.97223663330078,85.02512211892632,84.89668676299081,85.02512211892632,2951700
2016-06-29,84.91180419921875,85.07046067434638,84.8740263776752,85.01757518263717,2745800
2016-06-30,85.08556365966797,85.13844914488259,84.91935048782618,85.00245707374708,4154300
2016-07-01,85.26874542236328,85.35957394398595,85.17034015732956,85.3217306516288,5235200
2016-07-05,85.49584197998047,85.62452537319211,85.43529154342238,85.55639819149675,4740000
2016-07-06,85.65478515625,85.6623503498526,85.4882584976816,85.60179415129011,3150500
2016-07-07,85.59419250488281,85.66231386803642,85.47308015933706,85.53363633210994,3122200
2016-07-08,85.72293853759766,85.73807470540817,85.53370467769126,85.5942608988515,2910500
2016-07-11,85.49584197998047,85.71535391550835,85.4807058145805,85.67751061452931,4424000
2016-07-12,85.2385025024414,85.38988728426206,85.14766816837346,85.38988728426206,1970600
2016-07-13,85.35955047607422,85.44281378130799,85.33684335191141,85.39739953298239,2363300
2016-07-14,85.28388977050781,85.30659690309308,85.15521216921965,85.16278313840056,3345200
2016-07-15,84.97351837158203,85.21573732249608,84.94324028084837,85.21573732249608,3612200
2016-07-18,84.98871612548828,85.14767188582759,84.9281599001325,85.14767188582759,1547300
2016-07-19,85.16283416748047,85.17039936623696,85.05686363528065,85.1401270212892,1786900
2016-07-20,85.08704376220703,85.10975088224697,85.00378047209108,85.09460895225087,1808800
2016-07-21,85.16283416748047,85.18554131367173,84.9281801819287,84.9811654480286,3043500
2016-07-22,85.17791748046875,85.23847368270624,85.04166891291307,85.0643760450128,2315900
2016-07-25,85.07951354980469,85.21576211026085,85.07951354980469,85.21576211026085,1680800
2016-07-26,85.07951354980469,85.21576211026085,85.01138638209811,85.21576211026085,3540000
2016-07-27,85.32929992675781,85.33686512010499,85.10978804559768,85.17033846715891,3047200
2016-07-28,85.32174682617188,85.35202493077158,85.20063440777307,85.26119061697247,2640600
2016-07-29,85.5488052368164,85.55637620504989,85.35200626239957,85.4428347813745,3671000
2016-08-01,85.34940338134766,85.44798345882073,85.28873604803098,85.3114848516359,3149300
2016-08-02,85.0991439819336,85.28114017282752,85.07639518126618,85.20530890875126,3643900
2016-08-03,85.1900863647461,85.20525607948852,85.00809028669401,85.16733757818346,3777800
2016-08-04,85.34940338134766,85.43281951826924,85.3114848516359,85.34181851829423,2002800
2016-08-05,85.06121063232422,85.34179262461551,85.03846183562155,85.34179262461551,2474600
2016-08-08,85.11430358886719,85.17497091126253,84.95505620674514,85.05364205202615,2604000
2016-08-09,85.33422088623047,85.34180574814893,85.15980956098731,85.23564082350845,2981100
2016-08-10,85.43278503417969,85.48586748301673,85.34178407093631,85.39486651977336,3185800
2016-08-11,85.2052993774414,85.48588138724689,85.16738085686765,85.48588138724689,1807200
2016-08-12,85.41006469726562,85.5617330301456,85.41006469726562,85.47831689345044,1889600
2016-08-15,85.2583999633789,85.40248342953085,85.2508151005406,85.36456490089449,1950500
2016-08-16,85.2052993774414,85.32662822928029,85.2052993774414,85.30387943115763,6250200
2016-08-17,85.36457824707031,85.4328304521755,85.20533081589969,85.27357723544878,5210700
2016-08-18,85.48587799072266,85.52379072423611,85.34179456093186,85.41762581351249,1962900
2016-08-19,85.29630279541016,85.40246771338879,85.22805061353583,85.33421553151446,3287600
2016-08-22,85.42520141601562,85.4934478002755,85.35694924620266,85.43278627611775,1808500
2016-08-23,85.4479751586914,85.56172495122205,85.41005663266293,85.52380642519357,2583000
2016-08-24,85.41761779785156,85.53895241903739,85.41003293763914,85.53136755882498,2312800
2016-08-25,85.32661437988281,85.44036413758734,85.32661437988281,85.34936895986613,1613500
2016-08-26,85.1900863647461,85.58441795033511,85.14458879162082,85.4555043027795,2513700
2016-08-29,85.42520141601562,85.44795021076892,85.28111800184067,85.34937017165363,2156400
2016-08-30,85.37969970703125,85.47070067337327,85.34937183713711,85.47070067337327,1712300
2016-08-31,85.36457824707031,85.47074320118406,85.31908063403759,85.41766072412719,3025000
2016-09-01,85.43903350830078,85.46942333214861,85.12754795732651,85.1655308899366,3777100
2016-09-02,85.32503509521484,85.42380342777346,85.22627255891986,85.42380342777346,1730900
2016-09-06,85.50738525390625,85.6061478032493,85.30985435895573,85.36303508495035,3745800
2016-09-07,85.55299377441406,85.66695416461133,85.5377959643791,85.66695416461133,1839600
2016-09-08,85.25668334960938,85.51498810637514,85.19590371404152,85.4694062778318,2605500
2016-09-09,84.88441467285156,85.08193978578315,84.88441467285156,85.05914887246527,2763900
2016-09-12,84.9527587890625,85.00593950097395,84.8236064596008,84.90717697778493,2358200
2016-09-13,84.71729278564453,85.03637723696134,84.58813458712152,85.03637723696134,3005400
2016-09-14,84.82361602783203,84.899587653952,84.68686478231069,84.68686478231069,2089700
2016-09-15,84.87679290771484,84.90718271604133,84.7020529589033,84.78562348273535,2253800
2016-09-16,84.93762969970703,84.99081045101094,84.8616522296153,84.89964096466117,1701000
2016-09-19,84.86917877197266,84.97554018389117,84.85398676866811,84.88437657153943,2026900
2016-09-20,84.89955139160156,85.04390147695905,84.89195249335616,85.01351168023848,2078500
2016-09-21,85.1123046875,85.1123046875,84.82361020954112,84.85400001715729,1899500
2016-09-22,85.28704071044922,85.35541342724424,85.16548148557425,85.16548148557425,2017200
2016-09-23,85.2642822265625,85.35544588362082,85.24908441954274,85.32505606584635,3415700
2016-09-26,85.37065124511719,85.43142508977893,85.30227270000755,85.30227270000755,2326900
2016-09-27,85.47699737548828,85.55296901487775,85.40102573609882,85.52257919986906,2881300
2016-09-28,85.49974822998047,85.55292893226373,85.44656752769721,85.53013803075116,2853900
2016-09-29,85.49974822998047,85.57571983377629,85.37059592390139,85.40098572467208,1668000
2016-09-30,85.40859985351562,85.58333980189904,85.29463952163627,85.52256018539497,3679800
2016-10-03,85.31195831298828,85.43373747435655,85.29673882119225,85.40329268401447,9372900
2016-10-04,85.0227279663086,85.3119447183459,85.01511531824868,85.3119447183459,5022400
2016-10-05,84.9085693359375,85.04556797995845,84.87051770561202,85.00751634963297,3368700
2016-10-06,84.9085693359375,84.99229105210306,84.82484761977194,84.91618198470245,2059400
2016-10-07,84.92376708984375,84.99226348626374,84.79438113655196,84.96943135412374,1867600
2016-10-10,84.88572692871094,84.92378436118268,84.7791730858888,84.92378436118268,1295400
2016-10-11,84.7563705444336,84.89336921972071,84.74875789393127,84.85531177396003,2753300
2016-10-12,84.78677368164062,84.8096058151786,84.68021985396467,84.7791610348786,1668500
2016-10-13,84.9085693359375,84.999903700868,84.88573719639228,84.93901412424766,1964600
2016-10-14,84.7639389038086,84.94660177316216,84.73349412445835,84.84004794881025,2471500
2016-10-17,84.9085693359375,84.94662677301262,84.7791833406815,84.82484761977194,1556800
2016-10-18,85.04560089111328,85.04560089111328,84.84010574893367,84.8933826974063,1582900
2016-10-19,85.09122467041016,85.11405680636105,84.96944553634042,84.99989031985784,1550000
2016-10-20,85.06080627441406,85.16736014640581,85.03797413138018,85.12169005358754,1420800
2016-10-21,85.11406707763672,85.16734400353432,85.00751322584149,85.09123493893051,1776900
2016-10-24,84.98466491699219,85.11405088287516,84.93899484152007,85.09882558880169,1385600
2016-10-25,84.98466491699219,85.09121874851327,84.9237753541949,84.9237753541949,2344400
2016-10-26,84.81724548339844,84.9161866958335,84.80963283421114,84.9161866958335,2684000
2016-10-27,84.60415649414062,84.69548507761137,84.51282210391864,84.69548507761137,2330700
2016-10-28,84.60415649414062,84.68026558261666,84.54326690065929,84.56609904652699,1713800
2016-10-31,84.71065521240234,84.73348734340084,84.6421530126594,84.71065521240234,3260300
2016-11-01,84.66493225097656,84.74118519279179,84.5047993278466,84.55054992939043,4725000
2016-11-02,84.7640380859375,84.88604158867095,84.6877793517889,84.73353575582298,2572600
2016-11-03,84.6496810913086,84.76406340897827,84.6496810913086,84.66492935205892,3254500
2016-11-04,84.82505798339844,84.88606265876982,84.74117800919431,84.75643208690018,2013300
2016-11-07,84.72596740722656,84.77934506746968,84.69546505598355,84.74884271622666,2031000
2016-11-08,84.58866119384766,84.76404815841612,84.54291060210166,84.74116704481783,2107400
2016-11-09,83.80322265625,84.31412352023389,83.71171567943883,84.28362119463017,3657200
2016-11-10,83.46012878417969,83.78802172020396,83.43725347990106,83.62026754958491,4179200
2016-11-11,83.30760192871094,83.49823717339906,83.28472663018451,83.46773483612183,2804600
2016-11-14,82.97209930419922,83.16273458856158,82.84246870708735,82.84246870708735,3054900
2016-11-15,83.03307342529297,83.17033101221566,83.01782516795713,83.11695338495267,2252200
2016-11-16,83.21609497070312,83.21609497070312,83.05596206318864,83.12459377653826,2164800
2016-11-17,82.9034423828125,83.13220114783968,82.86531301311214,83.12457992807963,1903700
2016-11-18,82.63658142089844,82.97972259013444,82.62895438090541,82.97209555014142,2767000
2016-11-21,82.7052001953125,82.78908017482132,82.63657429447424,82.78145313548605,1705600
2016-11-22,82.78142547607422,82.85768420849416,82.70517256137875,82.80430076871042,3465300
2016-11-23,82.49166870117188,82.60605099126771,82.29340645285411,82.49166870117188,2497600
2016-11-25,82.48402404785156,82.63653567464942,82.42301939713242,82.58315805970109,1071500
2016-11-28,82.77381896972656,82.78906722828619,82.60605903694318,82.64418259220498,2476800
2016-11-29,82.86530303955078,82.90343240466194,82.68229488601065,82.7356725065317,2178600
2016-11-30,82.53742980957031,82.68231445000566,82.45354984065781,82.52980858892423,4627500
2016-12-01,82.26544189453125,82.34948023771098,82.1050066472,82.31892031030833,4691900
2016-12-02,82.52518463134766,82.66270137713515,82.39530932385658,82.45642917280871,4269200
2016-12-05,82.593994140625,82.70859246714042,82.34187898803368,82.46411875730693,3398000
2016-12-06,82.57865142822266,82.64741270580068,82.54045589953155,82.61685278562253,3306900
2016-12-07,82.7926254272461,82.80026104079067,82.66274422372408,82.6780271082385,3796800
2016-12-08,82.6397933959961,82.67799476362468,82.54811943962406,82.64743483526388,2822600
2016-12-09,82.38768768310547,82.64744418921603,82.29601371635788,82.5710472740227,4530900
2016-12-12,82.31127166748047,82.37239151693662,82.21195628364649,82.2807117427524,3074200
2016-12-13,82.41822814941406,82.46407095067174,82.2883528413882,82.41059253979581,3665900
2016-12-14,81.96751403808594,82.60161960391753,81.96751403808594,82.56341822623152,3544100
2016-12-15,81.86817169189453,82.06680247014376,81.86053025312803,82.0286069337312,4619100
2016-12-16,81.92166137695312,82.0438952704847,81.79178021489295,81.8681829556498,2981600
2016-12-19,82.1355972290039,82.16615716781205,82.01335747377138,82.05155885445963,3202500
2016-12-20,82.0591812133789,82.0820997049772,81.95221853806858,81.97514285837785,2871900
2016-12-21,82.23487854003906,82.25016141745857,82.07444329939386,82.12792171294225,4066900
2016-12-22,82.23412322998047,82.28772564699278,82.119259238604,82.19583328544655,4110200
2016-12-23,82.25712585449219,82.34901825066369,82.23415421600619,82.34901825066369,3821100
2016-12-27,82.19583892822266,82.19583892822266,82.08098077118643,82.08098077118643,2661500
2016-12-28,82.3260269165039,82.39494181547472,82.16521964334592,82.18819127633618,5609600
2016-12-29,82.57866668701172,82.60929745836447,82.43317782586396,82.49443936856947,3649600
2016-12-30,82.74717712402344,82.79312622666093,82.58636987035568,82.60934150056174,3690100
2017-01-03,82.83141326904297,82.86970321556211,82.49448627702199,82.49448627702199,5079200
2017-01-04,82.85440826416016,82.86206742406891,82.72423175684757,82.82378330897963,3297100
2017-01-05,83.19898986816406,83.22196150276808,82.86971614031137,82.98458015555794,5165900
2017-01-06,82.92327880859375,83.08408601594488,82.90030718500412,83.0304836134945,2910100
2017-01-09,83.06116485595703,83.11476729097343,83.03053405848664,83.11476729097343,3030500
2017-01-10,83.0382080078125,83.12244125530155,83.02288968523543,83.04586132687275,2396300
2017-01-11,83.13773345947266,83.41340477634458,83.02286943707155,83.10710266401725,4465500
2017-01-12,83.1683578491211,83.39042671739853,83.1683578491211,83.29853433811002,3036600
2017-01-13,83.0228500366211,83.12240155914512,82.90033272565564,83.08411161321658,3293600
2017-01-17,83.30618286132812,83.36744443969926,83.19897802029146,83.32149533480806,3685700
2017-01-18,82.9462890625,83.2143011995723,82.88502747624734,83.16069877215784,3115600
2017-01-19,82.73181915283203,82.82371146534534,82.6475859935837,82.74713161713983,2388000
2017-01-20,82.76251983642578,82.79315063313858,82.57108173864106,82.6553149690445,3525000
2017-01-23,82.99222564697266,83.13772044204809,82.77781595458313,82.8697083265612,3063400
2017-01-24,82.8620376586914,83.00753243355743,82.77780445663477,82.95393001790549,2049500
2017-01-25,82.63998413085938,82.73187650707749,82.57106923036545,82.68593324008154,2912900
2017-01-26,82.69358825683594,82.72421904953849,82.47917855014438,82.59404256222238,2046300
2017-01-27,82.76251983642578,82.8237814298514,82.71657072024301,82.724229879978,3096800
2017-01-30,82.72423553466797,82.86207120818393,82.72423553466797,82.82378709134632,2946200
2017-01-31,82.92327880859375,82.98454036631524,82.76247160124264,82.76247160124264,7552700
2017-02-01,82.80667877197266,82.87573853599821,82.63020376592755,82.6915830679372,2994200
2017-02-02,82.85269165039062,83.00614863287427,82.8296678344103,82.9140709309789,3490700
2017-02-03,82.8757553100586,83.08292293604462,82.76065958272775,82.9601584531671,2728400
2017-02-06,83.11360168457031,83.15963762623441,82.94479542645404,83.03687316379316,1827000
2017-02-07,83.19800567626953,83.31310138563408,83.05989199583426,83.0982591836261,2659100
2017-02-08,83.43585968017578,83.50491944229267,83.33611319490751,83.33611319490751,3873200
2017-02-09,83.23635864257812,83.38214105245511,83.19799146134159,83.33610511817922,2736000
2017-02-10,83.22103118896484,83.2287057980209,83.06757413191289,83.06757413191289,2365300
2017-02-13,83.09827423095703,83.13663557168434,83.04456367072919,83.12896096193407,2189800
2017-02-14,82.91409301757812,83.09824847042407,82.79900317706215,83.09824847042407,2809500
2017-02-15,82.78370666503906,82.86810983782462,82.7606886822819,82.80672464779623,2138900
2017-02-16,82.96014404296875,83.08290850452207,82.8757409145211,82.8757409145211,5257400
2017-02-17,83.14427185058594,83.21332574446733,83.11357927974666,83.15194645679809,2228100
2017-02-21,83.1365966796875,83.21332517925988,83.03685021564432,83.0521935739551,1980300
2017-02-22,83.19032287597656,83.29007521280812,83.02151663273274,83.28240060520329,2655500
2017-02-23,83.32843780517578,83.36680498977076,83.2747272591491,83.2977452283019,2169000
2017-02-24,83.63533782958984,83.68137375694708,83.49722419350906,83.5432601208663,2670900
2017-02-27,83.48189544677734,83.62000910703087,83.45887162506001,83.59698528531354,1998200
2017-02-28,83.45887756347656,83.58932247978272,83.44353420191669,83.48190138683212,3840100
2017-03-01,83.06674194335938,83.14362594349042,83.0206127164554,83.1282514898135,3280200
2017-03-02,82.9129638671875,83.02829279446466,82.84377003034496,82.98216356990297,2299700
2017-03-03,82.97451782226562,83.01296277389314,82.83612420863305,82.97451782226562,4293900
2017-03-06,82.93607330322266,83.02833179568299,82.89762835411375,82.98989271244974,3678300
2017-03-07,82.82844543457031,82.91301377521354,82.79769064439257,82.88226485091225,2237900
2017-03-08,82.62857055664062,82.65163519071143,82.52861598782918,82.56706095519951,2834700
2017-03-09,82.37480926513672,82.52857733083498,82.35943480491717,82.51320287061543,3527300
2017-03-10,82.49779510498047,82.51316955899314,82.39015632927169,82.44397571712608,1906000
2017-03-13,82.35939025878906,82.48240347163777,82.34400994101263,82.42858409116536,1658500
2017-03-14,82.39016723632812,82.45167092639423,82.3286576803879,82.3286576803879,2639200
2017-03-15,82.86692810058594,82.87461826864356,82.42099220731657,82.45943718172514,2162900
2017-03-16,82.77460479736328,82.84379865811668,82.74385001507012,82.78997925557239,2369700
2017-03-17,82.95144653320312,82.96682685896887,82.79767847079913,82.82074309357216,2368800
2017-03-20,83.07443237304688,83.07443237304688,82.91296834661192,82.92834866621203,1635200
2017-03-21,83.24356079101562,83.24356079101562,82.98215406062451,82.98215406062451,2049700
2017-03-22,83.35894775390625,83.45121212257992,83.31281850250758,83.37432808162336,2643600
2017-03-23,83.3819808959961,83.42811599585126,83.23590303309804,83.37429660091533,2071400
2017-03-24,83.31282043457031,83.42814943161784,83.27437548026232,83.30513027053343,3374900
2017-03-27,83.5126724243164,83.58186626058598,83.44347272217396,83.53573703640626,1977300
2017-03-28,83.32048797607422,83.55883020361686,83.30510765217639,83.52038525974714,2016100
2017-03-29,83.50505828857422,83.51274845489631,83.38972925725572,83.4051095898999,1965600
2017-03-30,83.35121154785156,83.48191492266808,83.32814107064335,83.43577983412433,1733900
2017-03-31,83.41275024414062,83.44350502745814,83.35893083980373,83.37431116440005,3717700
2017-04-03,83.72244262695312,83.73014855582781,83.43738791550622,83.4450879664794,5197800
2017-04-04,83.64543151855469,83.70706721625804,83.60690773801417,83.67624936740636,1627500
2017-04-05,83.73788452148438,83.77640242387118,83.55297742957472,83.57609522449114,2304100
2017-04-06,83.73017883300781,83.75329075008774,83.5760954672059,83.6993609842667,1725300
2017-04-07,83.54525756835938,83.89194799716293,83.5298457087357,83.8226122625631,1783600
2017-04-10,83.65316009521484,83.7070898758282,83.58381844705181,83.6146363042459,1903800
2017-04-11,83.8919448852539,83.96128649518377,83.78408538349811,83.7917913130241,2200800
2017-04-12,84.07685852050781,84.13078827938564,83.89195732976997,83.92277517454342,2433000
2017-04-13,84.18473815917969,84.27719171559728,84.07687861564463,84.16933217206223,2339900
2017-04-17,84.13849639892578,84.28487969593215,84.11538448422014,84.2078380209457,1646100
2017-04-18,84.47747039794922,84.51598828900214,84.27715737960759,84.29256923835027,2369500
2017-04-19,84.34651184082031,84.4081416514765,84.27717022171579,84.33880591027476,2148500
2017-04-20,84.21550750732422,84.28484910417613,84.13075993222793,84.21550750732422,1867800
2017-04-21,84.2386245727539,84.35418998931753,84.20781261437811,84.2848542661201,1539300
2017-04-24,84.11539459228516,84.14621244156369,83.97671720948361,84.01524099055771,2745400
2017-04-25,83.83802795410156,84.01522909288316,83.79950417848293,83.96899938656023,1888500
2017-04-26,83.94591522216797,83.95362115541961,83.79953187991107,83.86116759011449,2893700
2017-04-27,84.02291870117188,84.05373654225536,83.9073591444865,83.93047105582359,1660900
2017-04-28,84.16929626464844,84.16929626464844,83.90735345006892,83.96128319882952,5774800
2017-05-01,83.95236206054688,84.12994583682391,83.86742864031328,84.05273524319082,2510000
2017-05-02,84.06816101074219,84.11449207184185,83.91373984918256,83.91373984918256,2841400
2017-05-03,83.9832534790039,84.15312034352752,83.9832534790039,84.13768057893061,1923400
2017-05-04,83.91374969482422,83.92918945647585,83.8133765171126,83.8133765171126,1897900
2017-05-05,83.9291763305664,83.96006173982983,83.82880316855243,83.94462198059286,1421800
2017-05-08,83.76701354980469,83.90599491490308,83.76701354980469,83.87510951257141,3568400
2017-05-09,83.7748031616211,83.78252599105798,83.6975925396307,83.72075513714853,3084900
2017-05-10,83.79791259765625,83.89829164427675,83.72842484918586,83.85196058784071,1653400
2017-05-11,83.79019927978516,83.80564493061264,83.6512178762867,83.65894070170044,2331000
2017-05-12,84.09902954101562,84.11447518854519,83.99093357146276,84.01409615196859,1329700
2017-05-15,84.06816101074219,84.11449207184185,84.02183584043225,84.04499842558722,1771000
2017-05-16,84.17627716064453,84.23804799637723,84.06818114350786,84.06818114350786,2051800
2017-05-17,84.608642578125,84.6240823371841,84.3770049567125,84.4310529496035,2464500
2017-05-18,84.56232452392578,84.64725793878604,84.50055958740133,84.57777017614964,2107000
2017-05-19,84.56232452392578,84.57777017614964,84.43106593397461,84.55460758860417,1504000
2017-05-22,84.50827026367188,84.53143874029169,84.46966791755193,84.49283050338187,1642700
2017-05-23,84.34611511230469,84.57002989701795,84.32295252953936,84.54686731425264,1334500
2017-05-24,84.49282836914062,84.54687636497522,84.32296155629194,84.35384696688168,2719200
2017-05-25,84.53141021728516,84.53912714943132,84.44647683737409,84.50824174848294,1558100
2017-05-26,84.50057983398438,84.57779044123258,84.50057983398438,84.51601959911733,955300
2017-05-30,84.66267395019531,84.67039677360344,84.57774056507066,84.60862596791492,2093200
2017-05-31,84.7476806640625,84.78628303292771,84.65502437535798,84.65502437535798,2416500
2017-06-01,84.70894622802734,84.72441841025528,84.60061733979201,84.61609542517989,2454500
2017-06-02,84.98748016357422,85.02616947084907,84.87142404806863,84.91010745218401,1507400
2017-06-05,84.85594940185547,84.91011089233893,84.801787911372,84.84821626261478,2450600
2017-06-06,85.0261459350586,85.0725683684108,84.9642454218171,85.01067375832714,1607700
2017-06-07,84.92558288574219,85.01069463656285,84.87915453782955,84.96426628865021,1903500
2017-06-08,84.84046173095703,84.87914512957727,84.73213876976654,84.87914512957727,1532700
2017-06-09,84.77084350585938,84.82500500008749,84.69347078598496,84.73216009750223,1616800
2017-06-12,84.77084350585938,84.8791664943156,84.70120982892044,84.73216009750223,1394800
2017-06-13,84.79405212402344,84.80179116672095,84.67025695666318,84.67025695666318,1474300
2017-06-14,85.06491088867188,85.25060669039708,84.995271273548,85.1113333633124,2627500
2017-06-15,85.01070404052734,85.03391526547166,84.94106446253443,85.03391526547166,2233900
2017-06-16,85.06491088867188,85.08812212599214,84.995271273548,85.00301032037578,2216600
2017-06-19,84.94877624511719,85.03388797804057,84.91008694718543,85.01067676054475,1610400
2017-06-20,85.0803451538086,85.13450665113392,84.95654997556235,84.9952333861316,2195100
2017-06-21,85.0958251953125,85.13450860677035,85.0184465660756,85.0184465660756,1217400
2017-06-22,85.13451385498047,85.18093631285589,85.07261330903926,85.15772508391818,1427400
2017-06-23,85.14999389648438,85.19641635542479,85.09583239333354,85.11904362280373,1259100
2017-06-26,85.22734832763672,85.2969820010944,85.21187024253958,85.25829859467119,1914400
2017-06-27,84.97199249267578,85.09579353085952,84.94878127380593,85.0571042306375,3072300
2017-06-28,85.0029525756836,85.01842475566542,84.8636793432108,84.99521353411313,12184400
2017-06-29,84.84046173095703,84.8636729507609,84.70118850897515,84.74761094858289,3377200
2017-06-30,84.7321548461914,84.82499974302256,84.69346553707192,84.81726660372648,2626900
2017-07-03,84.58094024658203,84.7437651243276,84.5189182004016,84.7437651243276,1817300
2017-07-05,84.6274642944336,84.65072330119797,84.51116334529968,84.57319130687937,4288600
2017-07-06,84.46466827392578,84.5111863000897,84.37162630628436,84.47241733474404,2284900
2017-07-07,84.43366241455078,84.47242546831522,84.37938940702925,84.42590743767224,2727400
2017-07-10,84.47242736816406,84.52670037690625,84.42590933647486,84.48793732227,2386400
2017-07-11,84.54994201660156,84.58870506055953,84.45690006353965,84.48791404789363,1969100
2017-07-12,84.80579376220703,84.84456271998117,84.712757728049,84.80579376220703,2129900
2017-07-13,84.7127914428711,84.7515545007601,84.61199447866713,84.73605046066746,1568300
2017-07-14,84.79808044433594,84.94538953227944,84.73605245187818,84.92988549182246,1916600
2017-07-17,84.8368148803711,84.88333881667535,84.7592828736146,84.82131084514496,4078500
2017-07-18,85.03064727783203,85.06166126338674,84.96087024681863,85.00738826749424,2878400
2017-07-19,85.05388641357422,85.09265536528666,84.99961343036371,85.0693963603838,1577700
2017-07-20,85.07720184326172,85.19349693681922,85.05393690923519,85.17023791810772,1802600
2017-07-21,85.22450256347656,85.25551655715095,85.15472551419501,85.19348856980216,1531700
2017-07-24,85.14698028564453,85.22451232105014,85.1004622474642,85.16248432659961,1946000
2017-07-25,84.84455871582031,84.9996227089739,84.81354473412715,84.97636370153208,2601700
2017-07-26,85.00739288330078,85.06166588214025,84.78254591230493,84.7980558635809,2249800
2017-07-27,84.88336944580078,84.96865054328651,84.84460047077675,84.90662846468916,1868600
2017-07-28,85.05388641357422,85.05388641357422,84.89106746394272,84.92983641565515,1894200
2017-07-31,85.01514434814453,85.07717232006047,84.96087135154633,85.0461583341025,2363000
2017-08-01,85.24824523925781,85.24824523925781,84.96853853149173,84.98407515847971,2338900
2017-08-02,85.18609619140625,85.28709909724289,85.18609619140625,85.24048328343343,2253300
2017-08-03,85.35699462890625,85.41915297430675,85.2637571108055,85.28706500839417,1485200
2017-08-04,85.2171859741211,85.24826516310856,85.1084117765396,85.23272260474023,2300900
2017-08-07,85.20939636230469,85.24824682211771,85.1627805527274,85.22493891732906,2359800
2017-08-08,85.1317138671875,85.22495142777663,85.07732677211436,85.20940887047072,2570800
2017-08-09,85.20939636230469,85.36479227380885,85.20163101254042,85.36479227380885,2308900
2017-08-10,85.29483032226562,85.34921738875344,85.20936408524967,85.23267198120935,2004200
2017-08-11,85.36473846435547,85.4191255171622,85.21711392341825,85.27150097622498,1913300
2017-08-14,85.3259506225586,85.38810899357713,85.26379225154005,85.34148725143896,2293900
2017-08-15,85.2016372680664,85.24825308106624,85.12393634273555,85.12393634273555,2177400
2017-08-16,85.35699462890625,85.41138169919516,85.10836717505032,85.10836717505032,1956500
2017-08-17,85.4813003540039,85.4813003540039,85.29483125653829,85.33368170206042,5403500
2017-08-18,85.42692565917969,85.57455026024917,85.38030985999842,85.50462656147727,1564800
2017-08-21,85.48909759521484,85.53571340180396,85.44248178862573,85.47356096893432,1717600
2017-08-22,85.4113998413086,85.481323548927,85.36478403622966,85.45801564638754,1992300
2017-08-23,85.6056137084961,85.61338498284746,85.47353168325034,85.52791874821892,1894900
2017-08-24,85.49689483642578,85.59013240566647,85.45804436730482,85.52020274679862,2102100
2017-08-25,85.55903625488281,85.61342334422096,85.47356998195883,85.50464916554466,2326800
2017-08-28,85.59009552001953,85.65224794497897,85.54347379161648,85.59786086829772,4476000
2017-08-29,85.71441650390625,85.8464985733242,85.66780069769932,85.83873322412137,2092200
2017-08-30,85.69888305664062,85.72219096060867,85.65226132095684,85.67556922492489,1505700
2017-08-31,85.8154067993164,85.82317807512624,85.70663264896521,85.70663264896521,5308300
2017-09-01,85.62078857421875,85.81543435857766,85.57407548681034,85.79207781487347,2824200
2017-09-05,85.97112274169922,86.03341079958018,85.8076210448488,85.85433411820145,2257000
2017-09-06,85.87771606445312,86.04899935228345,85.82321548648041,85.9711422323392,2720200
2017-09-07,86.08792114257812,86.15799670068203,85.97113250581616,85.97891999896478,1648800
2017-09-08,85.98670196533203,86.09570310193935,85.97891447268395,86.06455907146349,2363200
2017-09-11,85.7531509399414,85.86993960492413,85.72200689993812,85.85436461486337,2492700
2017-09-12,85.62853240966797,85.69081451441761,85.58181340596211,85.67524547325893,2403600
2017-09-13,85.54291534423828,85.67527302705646,85.53512785109697,85.64412899460804,1304100
2017-09-14,85.58963012695312,85.62077416002163,85.49619802774762,85.49619802774762,1704200
2017-09-15,85.57405853271484,85.67527218208637,85.53512700750908,85.64412814994512,2818000
2017-09-18,85.53511047363281,85.56625449975397,85.46503492983133,85.53511047363281,1946300
2017-09-19,85.48841857910156,85.61298877432527,85.4806310856135,85.57406318711908,1407200
2017-09-20,85.4183578491211,85.58185960005687,85.3249257313929,85.5195715215714,1356800
2017-09-21,85.4027328491211,85.5273029843635,85.39494535938276,85.50394645526269,2210900
2017-09-22,85.46505737304688,85.56627696954988,85.44948832595566,85.53513293525027,1461800
2017-09-25,85.66751098632812,85.67529848178314,85.50400922248402,85.52736576873052,3937600
2017-09-26,85.63633728027344,85.65969381842926,85.55069268029109,85.60519324936017,2749900
2017-09-27,85.38723754882812,85.44952564463063,85.33273695003088,85.38723754882812,3042800
2017-09-28,85.39497375488281,85.42611778407796,85.26261608589056,85.31711665195303,1702500
2017-09-29,85.324951171875,85.46509642019394,85.28602556630412,85.44173986882744,5770800
2017-10-02,85.37718200683594,85.43959935922366,85.29916329257446,85.37718200683594,5692200
2017-10-03,85.4474105834961,85.4630179002856,85.35379049254821,85.40060053802216,2462200
2017-10-04,85.42398071289062,85.4863980569983,85.3615693212285,85.47859440087345,2673200
2017-10-05,85.385009765625,85.46302850190882,85.33039605498152,85.46302850190882,1909900
2017-10-06,85.26016235351562,85.36938975856826,85.15873860666592,85.21335230919225,1824000
2017-10-09,85.37718200683594,85.37718200683594,85.27575827354066,85.31476465444823,1131500
2017-10-10,85.385009765625,85.5176422125523,85.35380108062186,85.40841479126534,1635800
2017-10-11,85.40058898925781,85.45520268574106,85.36938031234645,85.40839264659726,1866400
2017-10-12,85.50202178955078,85.51762910588434,85.41620535950466,85.47861676749756,1933400
2017-10-13,85.71265411376953,85.72045776968031,85.58002172551329,85.68144544257181,1743800
2017-10-16,85.62682342529297,85.67363345131261,85.5566083862635,85.62682342529297,3788100
2017-10-17,85.59561920166016,85.61902421588528,85.4707904749778,85.5254041589848,1764400
2017-10-18,85.4630355834961,85.4786369510664,85.40061820831784,85.43963055591638,1663800
2017-10-19,85.52543640136719,85.62686015206033,85.46301903827262,85.59565147051305,1877000
2017-10-20,85.27576446533203,85.36158684298503,85.24455578687214,85.29136582833858,2014200
2017-10-23,85.36940002441406,85.40841236767295,85.32258997446168,85.35379865857922,2000800
2017-10-24,85.18993377685547,85.26795248917058,85.17432646292472,85.22114245227075,1722300
2017-10-25,85.13534545898438,85.14314316582778,85.0027070608228,85.01051072011418,2945400
2017-10-26,85.04167938232422,85.22112774688573,85.02607802353178,85.19771678002931,2163500
2017-10-27,85.22894287109375,85.24455018552153,85.07290544149417,85.09631046068947,1902500
2017-10-30,85.4630355834961,85.4786369510664,85.32259946556927,85.37721318073811,2384800
2017-10-31,85.40840911865234,85.47082648451301,85.3850040945665,85.44741550797953,3719900
2017-11-01,85.4459457397461,85.5397672063686,85.35212427312361,85.35212427312361,2959400
2017-11-02,85.49284362792969,85.61011895646068,85.47720970106535,85.49284362792969,2160500
2017-11-03,85.57102966308594,85.59448950191471,85.44594034702234,85.59448950191471,1781200
2017-11-06,85.64920806884766,85.680475920878,85.57884048960271,85.65702204941991,1293000
2017-11-07,85.67263793945312,85.69609180434071,85.60227037992138,85.67263793945312,2015500
2017-11-08,85.61793518066406,85.68829679580156,85.57884141789607,85.64138905237657,2742600
2017-11-09,85.55536651611328,85.57882038206067,85.45373110871819,85.52409270656034,2479800
2017-11-10,85.21141815185547,85.33651347459207,85.19578421895004,85.2661458643344,1751100
2017-11-13,85.21141815185547,85.30523964390792,85.18796427006068,85.30523964390792,1891600
2017-11-14,85.29739379882812,85.31303369185859,85.21921222829022,85.22703217480546,2799900
2017-11-15,85.4615707397461,85.51629843167358,85.32866148290378,85.4224829397242,2495700
2017-11-16,85.36775970458984,85.46939514779808,85.35993975822879,85.39121357880164,1912600
2017-11-17,85.4615707397461,85.52411837762638,85.4224829397242,85.47721063165169,3544600
2017-11-20,85.41466522216797,85.45375898808082,85.35993752881268,85.39903129472555,2639100
2017-11-21,85.50068664550781,85.55541435160734,85.39123123330877,85.52414052456867,2297400
2017-11-22,85.64920806884766,85.65702204941991,85.5162928558007,85.53193274668654,6104100
2017-11-24,85.6335678100586,85.65702168141593,85.59448001275327,85.61011393870126,1693500
2017-11-27,85.6335678100586,85.67266157223456,85.56320619598661,85.6335678100586,2653300
2017-11-28,85.6335678100586,85.7117493695399,85.58666006734394,85.68047555277325,5126900
2017-11-29,85.42247009277344,85.46937783169352,85.3599224642999,85.43028407268001,2423700
2017-11-30,85.28174591064453,85.45374891659512,85.23483220410405,85.4146551552898,4011300
2017-12-01,85.5254135131836,85.77612902532894,85.2825285644436,85.41571987268627,3410200
2017-12-04,85.51763153076172,85.53329864509702,85.40010725188094,85.42361091215047,2652800
2017-12-05,85.60379791259766,85.60379791259766,85.46277000259211,85.60379791259766,2995500
2017-12-06,85.68993377685547,85.80745198782652,85.68993377685547,85.74477760115147,2965800
2017-12-07,85.58024597167969,85.76044454652464,85.51756560759078,85.69776418243573,2584100
2017-12-08,85.54888916015625,85.62723661127349,85.51754898420387,85.56455625936876,1685000
2017-12-11,85.51763153076172,85.6508229239778,85.50195843889328,85.5097949848275,2612400
2017-12-12,85.4783935546875,85.48623009500879,85.36086935998347,85.4783935546875,3142400
2017-12-13,85.72128295898438,85.83097061909268,85.50973820196894,85.5802551134838,3109500
2017-12-14,85.74480438232422,85.79964822374993,85.58027285804711,85.64294726429763,4126100
2017-12-15,85.76829528808594,85.83097566255357,85.6507710803415,85.72911855966129,2403700
2017-12-18,85.65862274169922,85.76831042761451,85.59594235616746,85.76831042761451,4474300
2017-12-19,85.40789031982422,85.52541452511743,85.31386976008378,85.50974144306267,2820900
2017-12-20,85.21200561523438,85.30602018307867,85.1728288936136,85.20416907540452,4002500
2017-12-21,85.28722381591797,85.32641350052289,85.21668955903672,85.24020097799715,2374500
2017-12-22,85.3264389038086,85.34211119461268,85.27941007238006,85.28724920753616,3292800
2017-12-26,85.39696502685547,85.43615471938554,85.32643075571039,85.35778131383294,1873400
2017-12-27,85.6634521484375,85.68696357499796,85.44399821502056,85.44399821502056,2046900
2017-12-28,85.60078430175781,85.632134875862,85.53808315354944,85.60078430175781,2895400
2017-12-29,85.68694305419922,85.73396589605885,85.61640281190294,85.64775336631165,2813400
2018-01-02,85.56155395507812,85.6712779225783,85.40480713850867,85.63209420818981,8850900
2018-01-03,85.56942749023438,85.62428949603998,85.4988872087642,85.62428949603998,2441700
2018-01-04,85.51451110839844,85.54586166028254,85.40478716655727,85.44397087178262,2945400
2018-01-05,85.45970916748047,85.545921750844,85.38916888131459,85.545921750844,4322900
2018-01-08,85.4361572265625,85.51453063441501,85.38912839824481,85.51453063441501,3394500
2018-01-09,85.20100402832031,85.35775677386737,85.18533174351853,85.35775677386737,2301300
2018-01-10,85.20100402832031,85.20884316047413,84.98155616406028,85.0207458453235,4194300
2018-01-11,85.24024963378906,85.3186230682287,85.1226864923747,85.16187619934941,3470400
2018-01-12,85.22455596923828,85.29509623315255,85.1383434130701,85.1461825489514,3605900
2018-01-16,85.24808502197266,85.41267701196493,85.20890129348253,85.32646443797276,6794400
2018-01-17,85.1540298461914,85.30293756515553,85.13051841580281,85.2167309802338,3146300
2018-01-18,84.96592712402344,85.0599728397119,84.91889828667033,84.98159941680188,2896500
2018-01-19,84.78565216064453,84.95807725697317,84.75430159953858,84.95807725697317,2933800
2018-01-22,84.75431823730469,84.87972050634568,84.73080680673684,84.81701937182518,3983200
2018-01-23,84.95804595947266,84.98939650902945,84.87183344306797,84.90318399262476,4775600
2018-01-24,84.8718490600586,84.89536048167597,84.76212510617285,84.84049850473309,2362300
2018-01-25,85.09129333496094,85.09129333496094,84.79347204134432,84.84833401594493,9851600
2018-01-26,84.93455505371094,85.04427901390487,84.85617567113754,85.04427901390487,3808000
2018-01-29,84.78565216064453,84.8405141477029,84.66024991622075,84.75430159953858,3974900
2018-01-30,84.65237426757812,84.73858677246632,84.58183404562183,84.73858677246632,3659500
2018-01-31,84.72298431396484,84.80919689598974,84.55055914991503,84.80135775775734,8066500
2018-02-01,84.45745086669922,84.70096136474973,84.42603595687763,84.6381195592577,9678700
2018-02-02,84.20608520507812,84.32391208594221,84.1275359488101,84.24536282967419,4779300
2018-02-05,84.54385375976562,84.68524482049068,84.04898804369007,84.15110147918764,5991700
2018-02-06,84.30035400390625,84.4888734311657,84.26893310054226,84.41032416921797,6031400
2018-02-07,84.11183166503906,84.39461379260175,84.0489898604864,84.38675706880159,4115600
2018-02-08,83.97040557861328,84.15892492071872,83.86828619057638,83.92327124839555,4761600
2018-02-09,83.86045837402344,84.10396284047452,83.81332403092838,83.8290374762679,5926100
2018-02-12,83.88399505615234,84.00967261306025,83.78188166660709,83.84471744860028,5421400
2018-02-13,83.9075927734375,83.97829129671528,83.8133300733751,83.88402859665288,4256200
2018-02-14,83.62480926513672,83.78191376260861,83.57768091235705,83.71121524051532,4317000
2018-02-15,83.7269515991211,83.83692778178076,83.67982323007115,83.70338741459612,2878900
2018-02-16,83.89189147949219,83.95472729122349,83.8211929510235,83.9311631127087,3648900
2018-02-20,83.80547332763672,83.82118078005772,83.69550318191935,83.80547332763672,2907400
2018-02-21,83.53841400146484,83.89189467140879,83.4677214632308,83.86832449907287,3223800
2018-02-22,83.5462646484375,83.70336316170223,83.5462646484375,83.64837808276717,2485400
2018-02-23,83.75836181640625,83.86048126021183,83.71123345337297,83.74265435970352,2398100
2018-02-26,83.8211898803711,84.00970929450757,83.80548242624477,83.95472421567926,4617300
2018-02-27,83.64057159423828,83.9076404066405,83.56201630312958,83.87621948878248,5704700
2018-02-28,83.8683090209961,83.8683090209961,83.68764635023439,83.72691797769745,9614100
2018-03-01,83.94312286376953,84.01397735386287,83.74631351127498,83.872274379821,7335500
2018-03-02,83.80928039550781,83.8801348741456,83.73055786846656,83.81715445005507,3717300
2018-03-05,83.76203918457031,83.9588484843432,83.66756855846778,83.91948422193136,3307200
2018-03-06,83.77780151367188,83.88801426766368,83.74631129736784,83.80141767436375,1932100
2018-03-07,83.76203918457031,83.88012596566269,83.73842302958047,83.84863575696184,3448700
2018-03-08,83.8958740234375,83.94310633677061,83.77778723396113,83.77778723396113,2396200
2018-03-09,83.73846435546875,83.8093128554028,83.68335796458243,83.78569668875812,3669400
2018-03-12,83.78569793701172,83.83293027100477,83.73846560301868,83.78569793701172,4149500
2018-03-13,83.8958740234375,83.91949018010406,83.80140339062768,83.911616125834,2727500
2018-03-14,84.03759002685547,84.11631256335664,83.8565227873727,83.87227089835966,3126400
2018-03-15,84.04544830322266,84.08480656101165,83.95097767347094,84.02183214732058,3045500
2018-03-16,83.99825286865234,84.01400098472251,83.91953030674097,83.93527842281112,2552700
2018-03-19,83.9116439819336,84.02973081061118,83.8644116529208,83.88802781742719,2263200
2018-03-20,83.77780151367188,83.84865600189211,83.76205940859218,83.79354962489622,3000700
2018-03-21,83.76994323730469,83.82504962072963,83.51015342709626,83.69908874081815,2994400
2018-03-22,83.9273910522461,84.07696810045442,83.83292038924944,83.97462338067166,3334400
2018-03-23,83.9273910522461,83.99823954488444,83.80930422503666,83.80930422503666,3618700
2018-03-26,83.8958740234375,84.00608675864383,83.81715149916779,83.95098039104066,4546500
2018-03-27,84.13994598388672,84.19505237135634,83.927394491117,83.94313659918869,4537700
2018-03-28,84.1871566772461,84.3131115188993,84.1399183562503,84.2737532585706,5617200
2018-03-29,84.43121337890625,84.43908743483465,84.19503975021361,84.19503975021361,8300000
2018-04-02,84.34676361083984,84.45722661603895,84.28364017364541,84.34676361083984,7280300
2018-04-03,84.25209045410156,84.32310583600477,84.22052873100937,84.28365217719374,9916100
2018-04-04,84.28365325927734,84.37044649394937,84.2599834716001,84.34677670627214,6200900
2018-04-05,84.16532897949219,84.23634438819236,84.1337672444905,84.19689071449389,2592500
2018-04-06,84.35465240478516,84.40988390532836,84.25996725251876,84.33886853618304,2814800
2018-04-09,84.42567443847656,84.42567443847656,84.25208797646582,84.29154163411661,3746500
2018-04-10,84.36260223388672,84.4178337762743,84.29159283072552,84.38627203494046,2941900
2018-04-11,84.43355560302734,84.47300323586295,84.37043216675173,84.46511732116515,8598800
2018-04-12,84.24418640136719,84.3704332755776,84.23630048656575,84.35465542619244,3899000
2018-04-13,84.26786041259766,84.29941611069673,84.16528332453811,84.18106719336981,2764800
2018-04-16,84.28365325927734,84.29943111113442,84.11795872575343,84.14162851343066,3860800
2018-04-17,84.30730438232422,84.33886609883423,84.22840310094014,84.2757426658142,2363000
2018-04-18,84.07061004638672,84.22841262700203,84.06271811142118,84.22052069203649,2231700
2018-04-19,83.86544036865234,83.94434163872594,83.82598672372502,83.90488799379862,10985100
2018-04-20,83.63664245605469,83.82600675343497,83.63664245605469,83.75499739933579,2766000
2018-04-23,83.59722900390625,83.64457461585685,83.55778135036368,83.62090481977424,2620800
2018-04-24,83.48675537109375,83.57354862559701,83.46308557800825,83.51831710180262,3442300
2018-04-25,83.37625885009766,83.43149035171803,83.3210273484773,83.41571250259028,3785000
2018-04-26,83.51825714111328,83.55771078112038,83.44724781283686,83.50247929697862,4870300
2018-04-27,83.62090301513672,83.6682426062803,83.58934128111258,83.60511913823203,3806400
2018-04-30,83.63664245605469,83.73132761463607,83.62875052122729,83.64453439088209,4692600
2018-05-01,83.5654525756836,83.66035258516801,83.51009574517818,83.6129055971468,3027000
2018-05-02,83.5654525756836,83.65244274268382,83.52591543014658,83.58917606969419,2560800
2018-05-03,83.66039276123047,83.78692013452968,83.65248291494774,83.68411626663377,4499200
2018-05-04,83.71570587158203,83.77106269974392,83.59708237310892,83.76315285759458,2317100
2018-05-07,83.67620849609375,83.7315653545563,83.64457514362299,83.7315653545563,1533400
2018-05-08,83.58131408691406,83.62876109867899,83.51013753582164,83.5575905810316,2591700
2018-05-09,83.48638916015625,83.5417460018734,83.44684597316832,83.47847931607001,2507500
2018-05-10,83.67620849609375,83.6841183425727,83.58131447212655,83.62876148411014,2096700
2018-05-11,83.71570587158203,83.74733920673765,83.63662555041387,83.74733920673765,2034100
2018-05-14,83.63667297363281,83.70784349300635,83.62085328036412,83.66039648009065,2183500
2018-05-15,83.26500701904297,83.42316778601392,83.18592663555748,83.42316778601392,2166400
2018-05-16,83.17007446289062,83.367778361129,83.15426080574699,83.32033135625392,2477500
2018-05-17,83.0593490600586,83.20169608807227,83.03562556096354,83.18588243315666,2789000
2018-05-18,83.27289581298828,83.2887094723085,83.16218209741179,83.16218209741179,2151100
2018-05-21,83.2807846069336,83.32823764322647,83.2254277591285,83.25706110550911,1952200
2018-05-22,83.2807846069336,83.32823764322647,83.25706110550911,83.28869445188973,2246400
2018-05-23,83.51013946533203,83.54968266501314,83.41524543960965,83.43105909941498,6061900
2018-05-24,83.73944854736328,83.79480538820614,83.68409170652042,83.68409170652042,2903300
2018-05-25,83.92134094238281,83.96878794049947,83.85016441176454,83.9055212540484,2508100
2018-05-29,84.47490692138672,84.61725394506193,84.07949919267148,84.11904237892024,3494200
2018-05-30,84.26140594482422,84.3562999569419,84.1427823962328,84.25349609933296,3158200
2018-05-31,84.19019317626953,84.35626365946167,84.13483634853883,84.23764016191251,5157400
2018-06-01,84.08638763427734,84.12601748337438,83.95163526168766,83.98333672192979,6206800
2018-06-04,83.88819122314453,84.03087193522575,83.85648372628353,84.02294354911382,4288100
2018-06-05,83.95166778564453,84.05471269032425,83.90410348167681,84.015076778283,1848300
2018-06-06,83.76136779785156,83.82478279654173,83.69003046001548,83.79307529719664,2705800
2018-06-07,83.94368743896484,84.11807566786756,83.72174098312041,83.73759170957186,2724800
2018-06-08,83.8248062133789,83.94370785724189,83.81687782443102,83.8248062133789,3416800
2018-06-11,83.73757934570312,83.8168450614315,83.68209273993463,83.7455077315519,4330800
2018-06-12,83.76136779785156,83.77722457131767,83.67417368654937,83.67417368654937,3546500
2018-06-13,83.68212127685547,83.82480203285749,83.53151213230097,83.76931540816717,3627200
2018-06-14,83.89615631103516,83.91201309133882,83.77726069670632,83.82481894243786,4689600
2018-06-15,83.92787170410156,84.09433162738071,83.9120209698994,84.03092264298174,2361800
2018-06-18,83.94368743896484,83.9674665524357,83.86442171153288,83.9674665524357,2359300
2018-06-19,84.0309066772461,84.11017242837718,84.00712755666568,84.06261418721637,2184200
2018-06-20,83.87237548828125,84.07054290493258,83.85652475588859,84.07054290493258,2403700
2018-06-21,83.89615631103516,83.99127885008797,83.8723771881694,83.92786382405275,2895500
2018-06-22,83.97540283203125,83.97540283203125,83.86442959367902,83.88028032162023,1846000
2018-06-25,83.92787170410156,84.05470176808014,83.9120209698994,83.98335834519462,5522900
2018-06-26,84.06261444091797,84.06261444091797,83.97542030013386,84.01505015202443,2665200
2018-06-27,84.21320343017578,84.26869005158781,84.14979446826786,84.20528108967989,3001300
2018-06-28,84.20527648925781,84.25283471998752,84.1497898708772,84.24490633233663,1798900
2018-06-29,84.27660369873047,84.355869422942,84.22111708702369,84.260752972923,7117300
2018-07-02,84.19641876220703,84.30763158865169,84.19641876220703,84.28380113450562,7159900
2018-07-03,84.37120056152344,84.37120056152344,84.22821174709888,84.22821174709888,2425100
2018-07-05,84.4505615234375,84.47439196097694,84.37112471142592,84.37907021081917,2739900
2018-07-06,84.5379638671875,84.56179431037387,84.45852703635235,84.53002442655317,2598700
2018-07-09,84.45854187011719,84.47442681481746,84.40293547270205,84.43471142274538,1926000
2018-07-10,84.3949966430664,84.44266360222177,84.35528124785407,84.42677259562224,2489700
2018-07-11,84.4267349243164,84.48234130131665,84.37907404707063,84.46645636244824,5385000
2018-07-12,84.53003692626953,84.53797636807788,84.41087863207566,84.41087863207566,2145800
2018-07-13,84.60948181152344,84.61742125408648,84.55387541036623,84.55387541036623,2126900
2018-07-16,84.51412963867188,84.52207513959202,84.39497136743532,84.4823536956327,2116500
2018-07-17,84.48236083984375,84.56179767383851,84.43469995157528,84.5220822871621,2964100
2018-07-18,84.45854187011719,84.51414826753232,84.41882041740233,84.49031782016051,1760900
2018-07-19,84.58564758300781,84.64125398168035,84.45059827710914,84.47442872501982,2163200
2018-07-20,84.41883850097656,84.55388783275065,84.36323209164983,84.50622086715342,2920200
2018-07-23,84.12490844726562,84.35527955318481,84.11696294412548,84.33938854690453,1848500
2018-07-24,84.24403381347656,84.25991875290292,84.12487555553622,84.14076049496258,3590200
2018-07-25,84.25201416015625,84.33939652103031,84.1646317992822,84.29968112286082,3318300
2018-07-26,84.20433807373047,84.3234963680388,84.16461662208016,84.2837749163885,2245000
2018-07-27,84.26786804199219,84.33141992383672,84.23609210106993,84.30758342266425,2637400
2018-07-30,84.18050384521484,84.24405574074325,84.1328429538897,84.15667339955228,5518200
2018-07-31,84.25201416015625,84.34734202492167,84.24407471690857,84.29173561896944,5928100
2018-08-01,84.16517639160156,84.21295640463144,84.01389022955668,84.04574154657074,4534100
2018-08-02,84.19705200195312,84.21298070256483,84.12539107425835,84.21298070256483,3671900
2018-08-03,84.38020324707031,84.38816759809711,84.25279793072096,84.25279793072096,2542900
2018-08-06,84.43592834472656,84.49166664315452,84.40407702062217,84.42796399494573,4120000
2018-08-07,84.28462982177734,84.38018378700234,84.26870719841573,84.38018378700234,2532800
2018-08-08,84.28462982177734,84.33240984189906,84.24482022586409,84.26870719841573,1937500
2018-08-09,84.4040756225586,84.4359269461354,84.34833732505388,84.38018864863069,2386400
2018-08-10,84.58719635009766,84.6907085674784,84.49164240519588,84.49164240519588,4136300
2018-08-13,84.63497161865234,84.64293596627394,84.52349505201894,84.53145939964054,2786300
2018-08-14,84.55538940429688,84.66686602766939,84.53150242429138,84.6429790476639,6087400
2018-08-15,84.67477416992188,84.7544054894857,84.60311327233453,84.63496458515671,4652700
2018-08-16,84.72256469726562,84.73848731814557,84.59515943015607,84.70663600136818,2658200
2018-08-17,84.77035522460938,84.84202222013822,84.70665257858789,84.746468251106,2071100
2018-08-20,84.93756866455078,84.94553301392222,84.82609207342507,84.87386601961649,2355500
2018-08-21,84.8659439086914,84.89779524473117,84.81020558937712,84.8659439086914,2835000
2018-08-22,84.93756866455078,84.96941998701791,84.8579433958922,84.92961039019794,2190000
2018-08-23,84.88983154296875,84.9694568461682,84.88983154296875,84.93760550988418,1568600
2018-08-24,84.98534393310547,84.98534393310547,84.79423600898998,84.80220035791602,3649700
2018-08-27,84.87389373779297,84.92963812657946,84.85000675689624,84.87389373779297,3233500
2018-08-28,84.71461486816406,84.79424013624538,84.69072789524151,84.76238881400914,2558100
2018-08-29,84.69873046875,84.73058180536063,84.63502779552877,84.70668874663669,2792400
2018-08-30,84.73851013183594,84.80221278254103,84.70665880648339,84.7783258072814,2803200
2018-08-31,84.73059844970703,84.8818847345493,84.73059844970703,84.86596210062682,3308700
2018-09-04,84.63639068603516,84.68427511608107,84.57255492646344,84.60446976210244,3164000
2018-09-05,84.59652709960938,84.65238721620999,84.55662440705346,84.62844803599488,2788300
2018-09-06,84.74012756347656,84.80396331728738,84.6603222167,84.6603222167,2248500
2018-09-07,84.4369125366211,84.54065708980751,84.4369125366211,84.52469357933482,2571600
2018-09-10,84.51669311523438,84.54860795022523,84.46880868616093,84.46880868616093,3305700
2018-09-11,84.37305450439453,84.46082943566033,84.34910924500156,84.41295109346194,4919000
2018-09-12,84.42890930175781,84.50072681054881,84.42890930175781,84.43688496609455,4168900
2018-09-13,84.4847640991211,84.58850252363818,84.46880059486124,84.55658160341146,2280200
2018-09-14,84.32518005371094,84.42094283773494,84.3172043879298,84.36508273579456,2693000
2018-09-17,84.32518005371094,84.41296108365931,84.26931995177056,84.30922263385418,5721700
2018-09-18,84.1416244506836,84.26930204729379,84.10172177707798,84.26132029491403,2206000
2018-09-19,83.98201751708984,84.13364036663727,83.96606010106576,84.12565861447872,2700600
2018-09-20,84.0937271118164,84.14958719331082,83.97403128596568,83.97403128596568,2897700
2018-09-21,84.1575927734375,84.16557452685164,84.0458725788154,84.06182999734972,2792600
2018-09-24,84.07777404785156,84.15757329864482,84.03787137830865,84.05383488144285,1895000
2018-09-25,84.03787994384766,84.03787994384766,83.93414151607216,83.99000160615023,2059400
2018-09-26,84.23736572265625,84.26928663804513,84.06180373216347,84.0857489849242,2912100
2018-09-27,84.29325866699219,84.30124042102437,84.18952021775158,84.18952021775158,2528100
2018-09-28,84.2054443359375,84.35706716111295,84.19746867335398,84.34110974765387,4883900
2018-10-01,84.18305969238281,84.27105083772103,84.15106235745368,84.27105083772103,3518400
2018-10-02,84.27906036376953,84.35905065788413,84.19106920938299,84.24706302555003,6912600
2018-10-03,83.87910461425781,84.18307017965024,83.79111345795793,84.1670745616268,2540500
2018-10-04,83.63912963867188,83.76711899741616,83.56714020152961,83.71112517868266,5268200
2018-10-05,83.45516204833984,83.5751505600816,83.343174398146,83.55914883698577,3460500
2018-10-08,83.42318725585938,83.51117844806437,83.42318725585938,83.49517672064299,2268000
2018-10-09,83.54314422607422,83.59913804514524,83.44715220643737,83.50314602550839,21903200
2018-10-10,83.5191421508789,83.55913424589659,83.37515718250529,83.46314223269147,3834800
2018-10-11,83.76710510253906,83.87909272143008,83.59912367420252,83.66311224009202,7053900
2018-10-12,83.79109191894531,83.88708391101578,83.73509811595424,83.75909458825517,5017400
2018-10-15,83.735107421875,83.81509770605672,83.68711447193947,83.7751056153996,3047700
2018-10-16,83.78314208984375,83.78314208984375,83.65515879199994,83.74314997927341,5750100
2018-10-17,83.61514282226562,83.80712077969866,83.60714196070239,83.75912781605771,2844200
2018-10-18,83.55914306640625,83.68713243085699,83.49514838418088,83.50314924517626,3158200
2018-10-19,83.48715209960938,83.6311370805495,83.4631495170621,83.56714239949417,2985800
2018-10-22,83.47114562988281,83.60712974223875,83.46314476948884,83.56713764600555,2807300
2018-10-23,83.57514190673828,83.78311546249664,83.57514190673828,83.7271216431973,3524300
2018-10-24,83.79109191894531,83.83908486354714,83.727097257565,83.74309897434348,4465100
2018-10-25,83.71913146972656,83.80711653098471,83.67913326680738,83.75912356977683,8290200
2018-10-26,83.91108703613281,84.03107551001736,83.88709056192936,83.89508531808565,5811400
2018-10-29,83.82311248779297,83.90310278526054,83.76711866927882,83.87910630630712,5075100
2018-10-30,83.70311737060547,83.81510499877737,83.70311737060547,83.73511470763573,2552000
2018-10-31,83.66311645507812,83.75110760333519,83.59112702625025,83.59112702625025,14880500
2018-11-01,83.8745346069336,83.93081055042616,83.77003528248181,83.77807557911638,7919000
2018-11-02,83.6253433227539,83.83434811139233,83.55299904954228,83.80219305675952,4491500
2018-11-05,83.681640625,83.73791045585496,83.65752585934096,83.71379569019592,3412600
2018-11-06,83.68965911865234,83.73788863740391,83.64946376439272,83.6735785237685,2619900
2018-11-07,83.76202392578125,83.89064418457527,83.71379439520925,83.80221928989225,4677200
2018-11-08,83.60926818847656,83.7780776242269,83.60122789164572,83.75396286668393,3489200
2018-11-09,83.71375274658203,83.80217759727259,83.65748294459245,83.65748294459245,2901900
2018-11-12,83.85038757324219,83.88254261445353,83.80215807789867,83.85038757324219,2779700
2018-11-13,83.882568359375,83.89864895138957,83.77002874706855,83.84237914523635,2977100
2018-11-14,83.89060974121094,84.00314935497403,83.76198953522514,83.77807012744785,3395900
2018-11-15,83.99510955810547,84.01119015042376,83.8504148919859,83.98707539489534,3861300
2018-11-16,84.13175964355469,84.17194885347604,84.01117974789413,84.04333479560016,3332600
2018-11-19,84.12374114990234,84.18805126198102,84.091586093863,84.091586093863,4673200
2018-11-20,84.09159088134766,84.18001575725256,84.09159088134766,84.13982040167754,3162700
2018-11-21,84.14785766601562,84.15589796343083,84.06747309071348,84.08354755259391,5701700
2018-11-23,84.12374114990234,84.27646999990188,84.12374114990234,84.27646999990188,1665900
2018-11-26,84.1076431274414,84.13979817681789,84.07548807806492,84.13979817681789,4326100
2018-11-27,84.13175964355469,84.1960636060185,84.06744954814262,84.06744954814262,4107700
2018-11-28,84.29252624511719,84.33272158679273,84.05940675588477,84.10763625953696,8513900
2018-11-29,84.33273315429688,84.3970371236707,84.27645721505279,84.34076731737552,5922600
2018-11-30,84.30860137939453,84.37291147341287,84.26037187535483,84.34879672139303,6126200
2018-12-03,84.4463882446289,84.49473344481211,84.30939993134275,84.3577512791862,14037900
2018-12-04,84.67205047607422,84.83320532382393,84.55924085311675,84.59147305219936,5365200
2018-12-06,84.88150787353516,85.04266878792288,84.83316267304897,84.84122225568343,7396800
2018-12-07,84.99434661865234,85.05075141705719,84.83318566059427,84.92182265061072,5440200
2018-12-10,85.0507583618164,85.11521660264098,84.95406177908588,85.0507583618164,6096000
2018-12-11,85.07494354248047,85.18775316517191,85.01853873113475,85.11522918049121,8086200
2018-12-12,85.0104751586914,85.06687996739255,84.97824296119603,84.99436213377525,8089000
2018-12-13,85.03462219238281,85.13131875578364,85.03462219238281,85.08296740025261,5762500
2018-12-14,85.05879211425781,85.15548867460961,85.05879211425781,85.15548867460961,6265000
2018-12-17,85.20384979248047,85.23608198528366,85.09909977661675,85.13939155453627,7630500
2018-12-18,85.45413970947266,85.45413970947266,85.28458857829065,85.28458857829065,6626100
2018-12-19,85.53490447998047,85.72060074326627,85.41379473963475,85.48645688790381,7264800
2018-12-20,85.45413970947266,85.68021404427776,85.4299189992889,85.66406279755807,7695000
2018-12-21,85.41377258300781,85.55102737850987,85.38955187320106,85.53488229193727,10381200
2018-12-24,85.47022247314453,85.58325647003066,85.42985054858912,85.54288454547526,7196100
2018-12-26,85.30879974365234,85.58330928839399,85.28457287803282,85.51871663319785,8606900
2018-12-27,85.44609069824219,85.63178696069603,85.39764310638259,85.54297356216689,10562200
2018-12-28,85.76095581054688,85.76095581054688,85.53488762506086,85.55910833637779,7019600
2018-12-31,85.97894287109375,85.99509411753566,85.67213694754972,85.68021257077066,9671800
2019-01-02,86.04356384277344,86.07586018638611,85.9628260636906,86.02741875091594,11200700
2019-01-03,86.3988037109375,86.4553207632897,86.04355014763978,86.04355014763978,6497000
2019-01-04,86.14038848876953,86.16460918840107,86.02735445056028,86.11616778913799,8149000
2019-01-07,85.99508666992188,86.22115482136468,85.95471471720917,86.16463778350398,7433700
2019-01-08,85.93054962158203,86.01128741936373,85.89017764274162,85.90632889823743,4395600
2019-01-09,86.00318908691406,86.04356105509633,85.9063062191126,85.922451310447,5458100
2019-01-10,85.90629577636719,86.03547497103199,85.8497787237207,86.00317863239161,3532500
2019-01-11,86.02738189697266,86.11619526388563,85.98700994477765,86.05160260433163,5759000
2019-01-14,85.90629577636719,86.07584693430667,85.90629577636719,86.04355059566628,7544300
2019-01-15,85.92243194580078,86.02739657545945,85.84976981132581,86.01932095166353,3690200
2019-01-16,85.99508666992188,86.00315613254831,85.8336050189662,85.84975626400933,4007800
2019-01-17,85.93054962158203,86.01128741936373,85.85788129164912,86.01128741936373,5547000
2019-01-18,85.86592102050781,85.97088565764953,85.8094039696994,85.8820722692511,5643400
2019-01-22,85.93861389160156,86.08394437236124,85.93861389160156,85.93861389160156,6824000
2019-01-23,86.02738189697266,86.0596720668546,85.88205149292371,85.89012095544666,3222800
2019-01-24,86.17269134521484,86.26149853063629,86.12424378238349,86.1646157247607,7308900
2019-01-25,86.13237762451172,86.14852271643983,86.03548859324987,86.10008128075776,3469500
2019-01-28,86.08386993408203,86.18882835057747,86.05157361518505,86.08386993408203,7365700
2019-01-29,86.30994415283203,86.33416485375633,86.14039308646845,86.17268940766535,6158600
2019-01-30,86.50373840332031,86.51181402569183,86.22115321926759,86.22115321926759,6350400
2019-01-31,86.76211547851562,86.81863252353277,86.62486067774482,86.63293630128896,14766500
2019-02-01,86.58246612548828,86.72815996626242,86.50961611745146,86.67959123580472,7227900
2019-02-04,86.50957489013672,86.52576651767278,86.42053946457804,86.46910817188967,14227700
2019-02-05,86.69572448730469,86.72000574853199,86.5662161936986,86.5662161936986,8913500
2019-02-06,86.64720153808594,86.78479953141424,86.59863281815383,86.76860789967083,6449600
2019-02-07,86.68766784667969,86.76860747911002,86.63100948644865,86.72814075054391,3938900
2019-02-08,86.8819351196289,86.91431221173009,86.74433710967305,86.74433710967305,4288600
2019-02-11,86.7928695678711,86.83333628461382,86.72811541072716,86.7928695678711,3521000
2019-02-12,86.80908203125,86.81717784723618,86.70386112462252,86.78480075858968,3136700
2019-02-13,86.6552963256836,86.72005050590714,86.61482959451776,86.67148795838874,2526100
2019-02-14,86.78479766845703,86.89001857133792,86.74432476526545,86.8738331152401,2908500
2019-02-15,86.84952545166016,86.85761508960178,86.76049003193312,86.80905256076746,2413900
2019-02-19,86.8980941772461,86.97093797569214,86.83334001731856,86.95475252335854,6235500
2019-02-20,86.90619659423828,86.92238204780166,86.83334661496049,86.90619659423828,3231100
2019-02-21,86.7119369506836,86.7524098488683,86.68765568189167,86.73622439477276,3677000
2019-02-22,86.93053436279297,87.02765949789385,86.78484048484059,86.80912176861581,2731500
2019-02-25,86.90619659423828,86.93047786223187,86.84953824382092,86.89000496537787,3645400
2019-02-26,87.0033187866211,87.06807294932548,86.95475625224122,87.03569586797329,4759400
2019-02-27,86.8171615600586,86.93047826141368,86.77668866301873,86.93047826141368,2988300
2019-02-28,86.66338348388672,86.84145437406194,86.6310063970096,86.81717310272857,11872100
2019-03-01,86.5229721069336,86.69337204500286,86.50674619457466,86.63657206564643,5527000
2019-03-04,86.62847900390625,86.69338885666279,86.57167901353512,86.61224689766613,3837200
2019-03-05,86.68529510498047,86.69340496887312,86.55546299386843,86.60415313090334,5835800
2019-03-06,86.81510162353516,86.88001766458345,86.70150164706784,86.72584361477735,4834000
2019-03-07,87.05852508544922,87.1072090160609,86.92058315489356,86.95304117221262,6089100
2019-03-08,87.172119140625,87.20457715574348,87.01794511649557,87.07474509526956,4943100
2019-03-11,87.18023681640625,87.2045787805153,87.10720473334561,87.18023681640625,5638300
2019-03-12,87.3425064086914,87.36684836881633,87.17210649708443,87.22890646762008,5243400
2019-03-13,87.30194091796875,87.31817302013377,87.23703108150791,87.2775989554543,2608800
2019-03-14,87.172119140625,87.29383514963595,87.13966112550652,87.28571909817299,2955400
2019-03-15,87.3912353515625,87.4236933786951,87.28575140643328,87.35066746069849,2756900
2019-03-18,87.37499237060547,87.39121828563532,87.33441829692917,87.36687631772332,2295500
2019-03-19,87.3262939453125,87.39931983693178,87.25326186295979,87.2938359299039,2928300
2019-03-20,87.68331146240234,87.70765342397932,87.3668535804359,87.39931159278282,4236200
2019-03-21,87.69956970214844,87.78071166183308,87.67522773331652,87.74013758662342,4192700
2019-03-22,88.13776397705078,88.25136398487395,87.9349059358328,88.00793185911793,2464100
2019-03-25,88.30003356933594,88.43797552914748,88.1215175315868,88.1458595020553,4971300
2019-03-26,88.3162841796875,88.3893163022482,88.2108002145852,88.25137430386746,3120500
2019-03-27,88.50289916992188,88.59215719645358,88.43798311594688,88.44609917037766,3719600
2019-03-28,88.51097106933594,88.55965499016267,88.41359703694994,88.494738968572,6071000
2019-03-29,88.50289916992188,88.50289916992188,88.30815719873253,88.32438311685846,5988300
2019-04-01,88.0978012084961,88.3499549896853,88.07340063094495,88.3499549896853,11261700
2019-04-02,88.19544982910156,88.21985041774829,88.10597686696813,88.16291364235822,8080100
2019-04-03,88.03273010253906,88.10593183106174,88.00019393242678,88.04085949083718,3731100
2019-04-04,88.0978012084961,88.10593680289324,88.00832828704836,88.04900005339378,3676900
2019-04-05,88.16287994384766,88.17915113382153,88.03274145226024,88.06527142092655,2236600
2019-04-08,88.12222290039062,88.1710302728276,88.08969292628832,88.16289467648113,9485300
2019-04-09,88.17100524902344,88.26860755491336,88.16286965498595,88.2279419960059,3753800
2019-04-10,88.3418197631836,88.36622034083636,88.25234684136325,88.29301860787805,4682000
2019-04-11,88.23609924316406,88.27676481205086,88.18729187260179,88.27676481205086,2827700
2019-04-12,88.06527709960938,88.13034945241948,88.0246115333339,88.05714770973894,2390600
2019-04-15,88.04902648925781,88.08969826781455,88.01649030754085,88.01649030754085,2546200
2019-04-16,87.89449310302734,88.01650224960963,87.86195691689588,87.94330048504604,4093900
2019-04-17,87.88631439208984,88.00018787682681,87.88631439208984,87.9188443543237,3390200
2019-04-18,88.00021362304688,88.08155096370736,87.97581304141286,88.03274980043933,2217200
2019-04-22,87.89449310302734,87.97583667117752,87.88636371072671,87.95142987734668,5725600
2019-04-23,88.04902648925781,88.07342707413501,87.96768913778646,87.99208972266365,3422700
2019-04-24,88.25238037109375,88.27678095801703,88.18730800220322,88.18730800220322,3000000
2019-04-25,88.24421691894531,88.2930242830283,88.18728016554907,88.22795193467812,2648100
2019-04-26,88.42314147949219,88.45567764583173,88.38247592579717,88.44754205283704,2299900
2019-04-29,88.26863861083984,88.34998216855422,88.24423802578241,88.30117479279716,2782600
2019-04-30,88.3255386352539,88.39874656561459,88.26047250404837,88.30113806034687,7491500
2019-05-01,88.38262939453125,88.676151535478,88.31740086975763,88.43970279857453,6387900
2019-05-02,88.18697357177734,88.3255795585048,88.13804905487531,88.3255795585048,3379400
2019-05-03,88.33373260498047,88.39896115021924,88.28481430631963,88.317428578939,2326300
2019-05-06,88.44788360595703,88.52126105223643,88.41526933409853,88.51310592913772,4609100
2019-05-07,88.5538558959961,88.627233326177,88.53754565337705,88.57015991808021,3051400
2019-05-08,88.53755187988281,88.7169272380975,88.50494383342141,88.65985382598696,5946400
2019-05-09,88.58646392822266,88.71691475732251,88.50493138246843,88.6924556156497,4847600
2019-05-10,88.60282135009766,88.7251233527077,88.57020706803243,88.65989478857725,5257500
2019-05-13,88.74956512451172,88.85556307559497,88.72510597288851,88.73326109694193,6733800
2019-05-14,88.82294464111328,88.84740379159128,88.76587121648572,88.79033036696372,6217000
2019-05-15,88.97781372070312,89.0185830997625,88.87182204389617,89.00227908045908,2666500
2019-05-16,88.87181854248047,88.90443280033624,88.83104916502734,88.90443280033624,2757000
2019-05-17,88.89630889892578,88.99415170685307,88.82293145838217,88.9696925600052,2090800
2019-05-20,88.77396392822266,88.9207249587318,88.75765991173623,88.85550267225325,2035000
2019-05-21,88.76586151123047,88.79847578181415,88.71693699508693,88.75770638845053,2029800
2019-05-22,88.91260528564453,88.94521332933542,88.80660737177719,88.83106651481278,3509900
2019-05-23,89.17351531982422,89.27950701570141,88.98598485115767,89.01859911616641,4922500
2019-05-24,89.20618438720703,89.23879245171301,89.14095581711742,89.17357010216222,2010300
2019-05-28,89.33660125732422,89.40182980255278,89.27952783538333,89.33660125732422,6270100
2019-05-29,89.36102294921875,89.56485740221449,89.36102294921875,89.4670208459182,5634400
2019-05-30,89.59748077392578,89.63825015688504,89.40180142089724,89.49963798714427,3305200
2019-05-31,90.01332092285156,90.209000310838,89.68718446251711,89.69533958467275,9204100
2019-06-03,90.22582244873047,90.32389000297354,90.03784924439643,90.11140614529963,7137500
2019-06-04,90.14407348632812,90.20944976006722,90.00513409598689,90.12772474147893,5131700
2019-06-05,90.09503173828125,90.2830048890831,90.08686360123443,90.19310549981515,3253500
2019-06-06,90.07868957519531,90.24213960982759,90.02965581184945,90.17675710188702,2660400
2019-06-07,90.33204650878906,90.44646278958697,90.26666399541321,90.42194590587594,3697100
2019-06-10,90.09503173828125,90.19310549981515,90.07868922896849,90.19310549981515,3992900
2019-06-11,90.07868957519531,90.10320645686824,90.03782394892767,90.07051520289795,4374600
2019-06-12,90.193115234375,90.23398086489621,90.11139020855238,90.12773271962898,2797600
2019-06-13,90.38921356201172,90.40556230053406,90.22576358808931,90.25028046065599,2293200
2019-06-14,90.3647232055664,90.41375696508796,90.29117256628409,90.31568944604486,1901200
2019-06-17,90.34024810791016,90.3892818901097,90.27486557482976,90.32389935702929,3312600
2019-06-18,90.58541107177734,90.69165923254963,90.47916914622574,90.667142344747,3640300
2019-06-19,90.89595794677734,90.89595794677734,90.4301184599785,90.47915222641431,2895900
2019-06-20,91.05127716064453,91.18203600312249,90.99406276273419,91.03492840832098,4224300
2019-06-21,90.81423950195312,90.92865578873685,90.74885698515672,90.89596453033863,4640200
2019-06-24,90.97770690917969,91.02674068851827,90.8959818652083,90.90415624017179,3079800
2019-06-25,90.9940414428711,91.07577271489507,90.89597389279533,91.01039019136414,3111100
2019-06-26,90.78971862792969,90.96951743595814,90.76520174232947,90.95317492396471,3703200
2019-06-27,91.04308319091797,91.05125756532051,90.84694185180194,90.92049251576267,2963600
2019-06-28,91.00218200683594,91.10025575569473,90.97766512842581,91.01035637804542,9887800
2019-07-01,91.06936645507812,91.1430839353127,90.93011815950449,91.1267043561592,4186800
2019-07-02,91.23319244384766,91.25777118802255,91.03660623598863,91.08575122561267,5765400
2019-07-03,91.38062286376953,91.41338826943468,91.27413998237942,91.28233289613624,1324800
2019-07-05,90.99565124511719,91.09394747732897,90.84821627084418,91.09394747732897,2461200
2019-07-08,90.94651794433594,91.13491751795206,90.94651794433594,91.11034501908125,3041400
2019-07-09,90.92195892333984,90.97110392836652,90.88100058624106,90.9547243431459,2525800
2019-07-10,90.98744201660156,91.0529728218259,90.89733872175849,91.03658699583904,4589800
2019-07-11,90.65164184570312,90.97109685225769,90.65164184570312,90.97109685225769,3303700
2019-07-12,90.74993896484375,90.79908396651744,90.65164271213195,90.65164271213195,3836300
2019-07-15,90.8809814453125,90.88917436087966,90.79907103773134,90.81545686886568,3619000
2019-07-16,90.78266906738281,90.78266906738281,90.62703495680623,90.71713825773352,2149100
2019-07-17,91.02021789550781,91.03659747401838,90.84820419901655,90.86458377752713,2985600
2019-07-18,91.16765594482422,91.19222843642092,90.9710635133265,91.00382891857612,5982200
2019-07-19,91.06121826171875,91.15951453300144,91.03664575623947,91.10217660376127,3150800
2019-07-22,91.17584991455078,91.2577665589194,91.16766324960396,91.2577665589194,2855100
2019-07-23,91.08570861816406,91.1840048007947,91.0529494733138,91.14304649569195,2659300
2019-07-24,91.21680450439453,91.25776282490294,91.16765951927428,91.1922320118344,2783300
2019-07-25,91.07755279541016,91.19222858929504,90.96287700152527,91.19222858929504,2976800
2019-07-26,91.09394073486328,91.18404404538083,91.0366028326578,91.18404404538083,4669000
2019-07-29,91.13494110107422,91.20865861676266,91.1021756776464,91.16770652450204,4167100
2019-07-30,91.126708984375,91.19223980304231,91.0529915003964,91.14308856436041,2409300
2019-07-31,91.16765594482422,91.40519419650037,90.97925642697942,91.16765594482422,10034500
2019-08-01,91.88196563720703,91.91480150193695,91.34829200741018,91.41397000086558,5709100
2019-08-02,91.91481018066406,91.98870654327268,91.80807795022511,91.8983922467489,3293700
2019-08-05,92.31713104248047,92.43207538363501,92.16113246634355,92.18576250173426,7626600
2019-08-06,92.56343078613281,92.57985498450473,92.28428205377337,92.34175422008245,5151800
2019-08-07,92.51415252685547,93.01498399077717,92.45668037184781,92.91645761190901,9156600
2019-08-08,92.60448455810547,92.62911459154469,92.22680942937936,92.374595894011,3707200
2019-08-09,92.4813461303711,92.73586487745227,92.43208605390312,92.66197476275032,2432300
2019-08-12,92.81795501708984,92.93289934880171,92.67016855288941,92.71942861962413,2474900
2019-08-13,92.68657684326172,92.90004755022807,92.60447465258102,92.90004755022807,3048200
2019-08-14,92.97393798828125,93.08888230846068,92.94930795738505,93.00678011747476,2829900
2019-08-15,93.4009017944336,93.52405824243412,93.0806987880305,93.09711672456524,2815600
2019-08-16,93.32698059082031,93.34340478698262,93.07246192626398,93.24487840199525,5209000
2019-08-19,93.08067321777344,93.15456330787707,92.9985647656644,93.05603692374346,2900800
2019-08-20,93.33522033691406,93.35163827394425,93.23669392274094,93.3270082364003,2253600
2019-08-21,93.28595733642578,93.45837385782384,93.19564302559863,93.19564302559863,3815400
2019-08-22,93.03963470458984,93.33520764291265,93.02321676979258,93.19563327314813,6294900
2019-08-23,93.41729736328125,93.52403584918976,93.03141017514113,93.05604020604443,3772100
2019-08-26,93.37622833251953,93.55685060639085,93.3269620178326,93.46653633745808,5127200
2019-08-27,93.67182922363281,93.69646552200057,93.49120688357837,93.5240490174055,3473400
2019-08-28,93.68001556396484,93.84422618794764,93.63075550876741,93.84422618794764,5102500
2019-08-29,93.62258911132812,93.66364335336223,93.46659050839595,93.66364335336223,2671000
2019-08-30,93.70466613769531,93.72109033569225,93.5076196097054,93.51583170870387,4661600
2019-09-03,93.68243408203125,93.9128599672089,93.55899949162247,93.69889621306135,6197400
2019-09-04,93.84701538085938,93.8799333614329,93.66596962693636,93.66596962693636,3814300
2019-09-05,93.44380950927734,93.54255720255041,93.23807677700545,93.49318335591389,5336500
2019-09-06,93.54254913330078,93.58369818759141,93.45202623663273,93.534324345214,3675200
2019-09-09,93.14753723144531,93.31212087647357,93.13930616565482,93.31212087647357,2747400
2019-09-10,92.64555358886719,93.09816177457903,92.64555358886719,93.07347485443562,3119300
2019-09-11,92.6619873046875,92.7525101758956,92.62906932620615,92.64553145467804,2646900
2019-09-12,92.51385498046875,92.91709548814148,92.44801902675131,92.91709548814148,4069600
2019-09-13,91.9625244140625,92.390445702503,91.9625244140625,92.29169801665132,2506400
2019-09-16,92.2093734741211,92.29166527595902,92.07770156841079,92.2093734741211,2923500
2019-09-17,92.34928131103516,92.47272216792155,92.18469140903237,92.25875843454932,2614200
2019-09-18,92.4562759399414,92.74430046990481,92.40690210008022,92.57971681805826,2291300
2019-09-19,92.58795166015625,92.71139254330733,92.53857153981735,92.69493041037299,2280000
2019-09-20,92.92533874511719,92.94180087604994,92.65377009089718,92.69491913976569,2048300
2019-09-23,92.96649932861328,93.188687896066,92.94181240761455,93.00764210412312,3412000
2019-09-24,93.22159576416016,93.28743173198623,93.01586307355123,93.01586307355123,2602500
2019-09-25,92.83483123779297,93.18046698153564,92.77722632691327,93.16400484787607,3813800
2019-09-26,92.99118041992188,93.07347224424676,92.9418065810197,92.99118041992188,4869400
2019-09-27,93.10638427734375,93.13107119521659,92.99117447496157,92.99117447496157,4652500
2019-09-30,93.13105010986328,93.21334191029592,92.92531746955072,92.93354853313255,6359800
2019-10-01,93.3001708984375,93.40739124555326,92.89601959766534,92.96200425403343,5980200
2019-10-02,93.36613464355469,93.45686195869457,93.2754073284148,93.35789128228174,8637000
2019-10-03,93.72904205322266,93.8115197128187,93.46510976693007,93.48160278179246,4219100
2019-10-04,93.87751770019531,93.88576735512005,93.72080571984019,93.7620477018209,3331200
2019-10-07,93.62186431884766,93.7868197130872,93.62186431884766,93.72908469583886,2493000
2019-10-08,93.65483856201172,93.87752893047559,93.60534691918575,93.87752893047559,3055700
2019-10-09,93.60531616210938,93.66305114923253,93.49809584106397,93.65480778867325,3332800
2019-10-10,93.28368377685547,93.47338811554047,93.22594876815029,93.42389647047604,4312400
2019-10-11,92.97847747802734,93.07744814216869,92.8630012154601,93.06919848927645,3568600
2019-10-14,93.13517761230469,93.14342726470845,93.05269996619019,93.14342726470845,1716600
2019-10-15,92.83002471923828,93.13519268852495,92.83002471923828,93.11869967368867,4168600
2019-10-16,92.99494934082031,93.02794165224427,92.88772904817242,92.93721436898838,2430600
2019-10-17,92.9702377319336,93.08570771416379,92.88776007214662,92.92899575571907,2316400
2019-10-18,93.03622436523438,93.12695168073175,92.97848937288535,93.00323204208604,1454200
2019-10-21,92.78056335449219,92.96201804009216,92.78056335449219,92.88779001015259,4241600
2019-10-22,92.9207763671875,92.98675473645358,92.7970566992676,92.91252671128785,2147400
2019-10-23,92.99494934082031,93.10216963346821,92.97845633142832,93.05268431265225,1887800
2019-10-24,93.01973724365234,93.15994991592007,92.99499457121017,93.0692225885367,1725800
2019-10-25,92.88775634765625,93.07745432829583,92.80527239853453,93.06920467485529,2486600
2019-10-28,92.68980407714844,92.73929570603417,92.6320690873167,92.72279639885828,2948300
2019-10-29,92.69808959960938,92.78881694625727,92.66509726513338,92.77232392534145,2384700
2019-10-30,92.96200561523438,92.99499794390151,92.7310656072077,92.74755862521964,2381400
2019-10-31,93.32490539550781,93.44862504219849,93.11045842742016,93.18469273249161,5399100
2019-11-01,93.3504867553711,93.49927906971509,93.25128977693187,93.39182040637819,3988300
2019-11-04,93.11907958984375,93.17694294594946,93.06947792272969,93.16867495032498,2662700
2019-11-05,92.77192687988281,92.89591531774128,92.70579550860184,92.87111763016959,3205500
2019-11-06,92.91242980957031,93.00335884737773,92.79670308993056,92.91242980957031,3840500
2019-11-07,92.47431945800781,92.68097521287422,92.28419338861214,92.68097521287422,4022400
2019-11-08,92.42472076416016,92.66444220431956,92.42472076416016,92.47432243543567,3866100
2019-11-11,92.44123077392578,92.54868946932437,92.39989711058625,92.54868946932437,1559900
2019-11-12,92.54043579101562,92.60656713993654,92.41644739507959,92.51563811182841,2032800
2019-11-13,92.70573425292969,92.77186558051413,92.64787091795093,92.74706160269707,2570200
2019-11-14,92.97027587890625,93.05293690518529,92.93721020706822,92.99507355612675,2901000
2019-11-15,92.92071533203125,92.96204270733574,92.89591133888726,92.96204270733574,4400400
2019-11-18,93.09427642822266,93.1190741070032,93.01160909011095,93.04467476402915,5757900
2019-11-19,93.1604232788086,93.21002495461414,93.07776222797791,93.10255991256373,2210700
2019-11-20,93.38359069824219,93.39185869315908,93.25132800610102,93.2678639959348,3474400
2019-11-21,93.25135803222656,93.31748939959087,93.17696497391744,93.24309634128176,6522800
2019-11-22,93.30094909667969,93.32574677996162,93.21002005355689,93.31747878332311,2507000
2019-11-25,93.3918685913086,93.41666627205518,93.31746924243589,93.33400523402224,4251200
2019-11-26,93.52410888671875,93.54064487545773,93.4745135337655,93.48277522150313,2382200
2019-11-27,93.40839385986328,93.46625721441383,93.37532818488688,93.43319153943742,3437300
2019-11-29,93.29267883300781,93.42493524284211,93.28441083657022,93.41667355303795,4059000
2019-12-02,93.18994140625,93.20651351945038,93.024258196702,93.04082398949306,9325100
2019-12-03,93.61243438720703,93.7201278328363,93.41361328742654,93.44675119079143,5283800
2019-12-04,93.45506286621094,93.57104240742163,93.34736938377556,93.50477289845192,5806500
2019-12-05,93.34735107421875,93.39705477629967,93.22308549860672,93.2645094639473,4374700
2019-12-06,93.21478271484375,93.34733432382058,93.12366138418292,93.17336507734494,4648200
2019-12-09,93.26449584960938,93.38047535114117,93.25620979366887,93.35562350372847,7398300
2019-12-10,93.23133087158203,93.33902428589882,93.18990692431798,93.33902428589882,3761100
2019-12-11,93.47989654541016,93.52960656798527,93.28936147350305,93.33906517566842,3764500
2019-12-12,93.08222198486328,93.43844647438365,92.9662425064527,93.43844647438365,5080100
2019-12-13,93.45506286621094,93.49648683967659,93.11541030135416,93.2645277572552,5911000
2019-12-16,93.26449584960938,93.35562350372847,93.19822004290297,93.34733744778796,5012100
2019-12-17,93.27281188964844,93.3639395792371,93.21482211631123,93.35565984048269,3016300
2019-12-18,93.09052276611328,93.2479199000522,93.0822367105138,93.23964016486126,6516300
2019-12-19,93.19093322753906,93.24072154743918,93.04985576920559,93.09965042027558,5613800
2019-12-20,93.20751190185547,93.21581206419769,93.06644079788185,93.11622910959753,8809200
2019-12-23,93.14115142822266,93.26562857631838,93.09136310145267,93.25732841146646,3148600
2019-12-24,93.25730895996094,93.27390928620228,93.04984920013004,93.08304352144332,1887800
2019-12-26,93.34029388427734,93.3485877158692,93.20751660477765,93.29049923888039,6072100
2019-12-27,93.46478271484375,93.47308287920727,93.42329455536697,93.4398885529236,4733800
2019-12-30,93.46478271484375,93.48138304357077,93.22412859766499,93.29051725023231,3979100
2019-12-31,93.2490234375,93.3900945672753,93.2490234375,93.3900945672753,6807600
2020-01-02,93.50628662109375,93.60586960997223,93.40670363221525,93.50628662109375,6791400
2020-01-03,93.78012084960938,93.81331517419427,93.58925506603876,93.6805378758547,3664300
2020-01-06,93.70543670654297,93.87970217092106,93.63904805406455,93.87970217092106,8131600
2020-01-07,93.60585021972656,93.70542685680695,93.5892498927667,93.70542685680695,2883000
2020-01-08,93.49797058105469,93.72203068519579,93.39839394025415,93.64734187342545,7323100
2020-01-09,93.59754943847656,93.59754943847656,93.32370102597356,93.34859518507936,9110900
2020-01-10,93.75521087646484,93.76350470783471,93.62243360051913,93.68882223849198,4198100
2020-01-13,93.69715118408203,93.72204534817689,93.63076252571508,93.68055085390482,4465300
2020-01-14,93.78012084960938,93.78841468237806,93.7137322004396,93.74692652502448,3625400
2020-01-15,93.92121124267578,93.92951140831677,93.82992841413899,93.92121124267578,3896300
2020-01-16,93.92121124267578,93.9461054084274,93.81333441402836,93.90461724256517,2801400
2020-01-17,93.81333923339844,93.854827401392,93.74695056720273,93.7884387351963,3003300
2020-01-21,94.07888793945312,94.11208227268239,93.95441077263631,93.97930493976534,4672100
2020-01-22,94.12862396240234,94.17841226899088,94.09542964762058,94.13692412388983,3627200
2020-01-23,94.25311279296875,94.35268941854147,94.25311279296875,94.30290110575511,3429500
2020-01-24,94.42740631103516,94.51038896742274,94.32782332466753,94.33612348965755,4199800
2020-01-27,94.71784210205078,94.73444243086148,94.64315961591385,94.71784210205078,4790000
2020-01-28,94.63483428955078,94.73441724242618,94.56014549210205,94.68462260040411,4463800
2020-01-29,94.85064697265625,94.89213514439918,94.69297545898529,94.70956946144801,2890200
2020-01-30,94.8589096069336,95.04977539392192,94.80082112066239,94.83401544584167,6885600
2020-01-31,95.14108276367188,95.15767676495976,94.91702259366872,95.00001159362355,5281900
2020-02-03,95.11029052734375,95.14355535733239,94.8691252683893,94.96891341373762,7214200
2020-02-04,94.79432678222656,94.88580352579464,94.71116783660672,94.88580352579464,5290800
2020-02-05,94.65290069580078,94.69448331665133,94.60300662647386,94.65290069580078,6066900
2020-02-06,94.71112060546875,94.74438543605214,94.61132611371856,94.65290873810224,6838700
2020-02-07,94.98555755615234,95.03545163332035,94.88576305719819,94.96892196735091,5224200
2020-02-10,95.0936508178711,95.1684982682554,95.04375674735977,95.1684982682554,8187800
2020-02-11,94.97726440429688,95.09368817764133,94.96063515579901,95.09368817764133,5633400
2020-02-12,94.87744903564453,94.91903166468353,94.82755495649246,94.90240241983896,6373700
2020-02-13,94.94397735595703,95.00218922901391,94.88576548290015,94.89408327751352,5214400
2020-02-14,95.04374694824219,95.11858804629298,95.02711136337535,95.09364101360939,4004900
2020-02-18,95.16853332519531,95.26832150297665,95.08536805088468,95.20179816599564,4874800
2020-02-19,95.1435775756836,95.19347166000925,95.07704790017002,95.13525978008963,3692200
2020-02-20,95.35977172851562,95.3680895225591,95.21008315882247,95.2433479903785,4056000
2020-02-21,95.551025390625,95.71734317326866,95.50112498013853,95.51776056517292,4492700
2020-02-24,95.85873413085938,95.99179346071777,95.82547564301284,95.99179346071777,7490100
2020-02-25,96.02503204345703,96.1165087215738,95.85870792660094,95.86702571859783,7474600
2020-02-26,95.92524719238281,96.14146539366915,95.85040609075503,95.90030015850688,4763000
2020-02-27,95.94190216064453,96.25790856127557,95.9252665716218,96.25790856127557,11606400
2020-02-28,96.6487808227539,96.74856899741441,96.26624468244327,96.36603285710378,17243000
2020-03-02,96.61461639404297,97.03127420998044,96.57294806937173,96.90627559366045,13198200
2020-03-03,97.27289581298828,97.71455189588853,96.67290779180642,96.70624116605997,12541000
2020-03-04,97.19792175292969,97.59791599995054,97.10625653710602,97.35625373620566,6285300
2020-03-05,97.4979019165039,97.68956725611739,97.43957009274187,97.4895669823402,6802800
2020-03-06,98.21456909179688,98.55622515385275,97.91457499171746,98.48122980767937,17456400
2020-03-09,98.08954620361328,99.38951607695763,97.4978930854196,99.38951607695763,13666700
2020-03-10,96.98123168945312,98.06454411542775,96.80623624052329,97.83955178328686,18694100
2020-03-11,95.59794616699219,97.32290883510436,95.45628407119028,97.24790714117316,13053300
2020-03-12,91.77301788330078,95.62293711745214,90.88137070653504,94.98128709060606,18684800
2020-03-13,93.21461486816406,93.71460258836356,91.87297723172065,92.93961939686326,24960500
2020-03-16,94.77295684814453,94.9562808833204,92.04801211360018,92.8063321281532,12310300
2020-03-17,92.322998046875,94.93127251141227,92.15633118093102,94.07295881429611,15737200
2020-03-18,88.8064193725586,92.1396808768043,88.13976452863274,91.13137003469299,17061700
2020-03-19,90.78971862792969,91.0147173669082,87.96477967101308,88.72309980637338,11720200
2020-03-20,91.68971252441406,91.86470803381428,90.38140731420864,90.38140731420864,16503700
2020-03-23,93.8646469116211,94.11464407673333,90.8313793395399,91.5813644771846,12572200
2020-03-24,94.63960266113281,94.63960266113281,92.56464968862737,92.93130403655061,10253600
2020-03-25,95.60626983642578,95.62293334550704,94.74794971299447,94.99794685305274,10999700
2020-03-26,95.8979263305664,96.15625203932267,95.16460479702678,95.16460479702678,16611400
2020-03-27,96.30626678466797,96.31460171936358,95.43961794940314,95.64794681294683,10841600
2020-03-30,96.39790344238281,96.8812277885007,96.34790656440182,96.4728987593543,13340200
2020-03-31,96.13959503173828,96.6479179081547,96.02293139036648,96.42291920144363,14018600
2020-04-01,95.81307983398438,96.37260729996088,95.74626887258432,96.35590137388888,14192100
2020-04-02,95.95503997802734,96.22227742887192,95.78801258909735,96.05525003994192,11565400
2020-04-03,96.02184295654297,96.14710552352996,95.43725670101786,95.99678407170269,9786700
2020-04-06,96.48950958251953,96.54796757257488,96.05524476658574,96.05524476658574,8457700
2020-04-07,96.6231460571289,96.65655154032132,96.33920900716001,96.54798849852929,7743900
2020-04-08,96.71501922607422,96.84864117222202,96.49789312075167,96.62315573095889,4674200
2020-04-09,97.9175796508789,97.9175796508789,97.01565073560904,97.29124118829333,5584100
2020-04-13,97.45822143554688,97.85072772723579,97.31625297259947,97.78391679004584,5738300
2020-04-14,97.50835418701172,97.70878067105085,97.36637932151774,97.70042770921165,5506700
2020-04-15,97.90921020507812,97.96766819688737,97.46659878545913,97.73383622965041,4367400
2020-04-16,98.03450012207031,98.15141613069915,97.86747907301329,97.86747907301329,4744700
2020-04-17,97.9175796508789,98.22657558614108,97.74220564592827,98.14305869397421,4949800
2020-04-20,97.77555084228516,97.94257178074886,97.65863491107247,97.8340088078915,3847900
2020-04-21,97.82569885253906,98.07623674180847,97.7672408612353,98.06788377978131,4660500
2020-04-22,97.82569885253906,97.90920935848114,97.65867784065492,97.8424047765934,4647200
2020-04-23,98.05953979492188,98.08459231185368,97.86746625081545,97.98438224412644,4331100
2020-04-24,98.0094223022461,98.03447481599328,97.87580040033721,97.8925063237973,3161600
2020-04-27,97.55844116210938,98.0094054463294,97.55844116210938,97.88413652769464,5576300
2020-04-28,97.94263458251953,98.08460310838933,97.80901902036103,97.93428161880823,5889800
2020-04-29,98.0094223022461,98.10963872867777,97.87580040033721,97.9509643130217,4653100
2020-04-30,97.79231262207031,98.11800811935373,97.76726010250151,98.02614463330514,10487500
2020-05-01,97.79729461669922,97.98975597888035,97.63829979935169,97.88097374740008,6099500
2020-05-04,97.8810043334961,97.98141676799088,97.79732517664696,97.81405845429262,3684100
2020-05-05,97.80567169189453,97.88098738903793,97.74709565380935,97.87261755950881,4611500
2020-05-06,97.41238403320312,97.66342147304617,97.32033505663445,97.43748713875647,6394900
2020-05-07,97.71363830566406,97.71363830566406,97.42075806852282,97.57975293338964,3786700
2020-05-08,97.45421600341797,97.70525981620801,97.36216703101557,97.63831394822274,3241500
2020-05-11,97.16134643554688,97.42912355245883,97.12787349789413,97.40402044529678,5249500
2020-05-12,97.41238403320312,97.5713724964775,97.26175901557345,97.45422041435548,6161500
2020-05-13,97.57137298583984,97.70526472854205,97.44585107313395,97.5964760915191,4425900
2020-05-14,97.87262725830078,97.88099708865933,97.67179601986568,97.83079087512803,5698900
2020-05-15,97.93121337890625,97.98141959760355,97.8224311102919,97.939583210126,5897900
2020-05-18,97.7889404296875,97.98140182265284,97.62158214151681,97.88098940347422,5037100
2020-05-19,97.897705078125,97.93117800660313,97.74708009212756,97.83076560547704,4929500
2020-05-20,98.14874267578125,98.19057904551607,97.90606874781075,97.93117184651322,4579200
2020-05-21,98.22411346435547,98.30779902483167,98.17390723551928,98.19901034993738,5143700
2020-05-22,98.2742691040039,98.40815443138575,98.23242634802372,98.40815443138575,2794000
2020-05-26,98.11529541015625,98.27429025593216,98.1069255802971,98.22407766108685,6164700
2020-05-27,98.257568359375,98.35798718290991,98.15715592015083,98.3245142417316,4772900
2020-05-28,98.19061279296875,98.19898262351553,98.02325448789368,98.02325448789368,11140200
2020-05-29,98.45006561279297,98.50027184741731,98.17391855373381,98.2659675734202,9228700
2020-06-01,98.39466857910156,98.4198174235901,98.28568172506169,98.37789841881444,5580000
2020-06-02,98.47855377197266,98.47855377197266,98.34441800046496,98.40310080151318,4286800
2020-06-03,98.23541259765625,98.42823112136657,98.13481079451036,98.30248046642018,6077600
2020-06-04,97.94202423095703,98.33604006785869,97.93363914618692,98.31088481354834,5002700
2020-06-05,98.00067138671875,98.00905646843897,97.64857470578995,97.87492074468895,5166300
2020-06-08,98.1096420288086,98.17670988395936,97.87491093172359,97.92520862511532,8551800
2020-06-09,98.23541259765625,98.36116325260262,98.23541259765625,98.34439308743964,5512300
2020-06-10,98.63780212402344,98.65456589132361,98.24378643506512,98.29408413290889,4680800
2020-06-11,98.47016143798828,98.75519673348533,98.45339766575675,98.69651393675728,7438800
2020-06-12,98.57075500488281,98.67135042173837,98.45338942125494,98.58751877571054,4571800
2020-06-15,98.89769744873047,98.9060825316543,98.59589842291457,98.68811514724412,5870000
2020-06-16,98.70486450195312,98.92283185453063,98.57911386023751,98.90606808707543,5327400
2020-06-17,98.62104034423828,98.72164214442095,98.47852592427071,98.70487197975193,3696000
2020-06-18,98.72164916992188,98.82224458131958,98.62104736257992,98.82224458131958,3356800
2020-06-19,98.75516510009766,98.8976795042232,98.70486100762628,98.75516510009766,2917400
2020-06-22,98.73003387451172,98.92285241801672,98.69650633263183,98.92285241801672,3445700
2020-06-23,98.71327209472656,98.7803399717285,98.6629743849475,98.74680603322753,3991400
2020-06-24,98.69648742675781,98.7886977431811,98.59588563255501,98.67133218124954,5040100
2020-06-25,98.81387329101562,98.88093477165253,98.75519049799286,98.8725560840384,4723300
2020-06-26,98.93121337890625,98.98989615680433,98.79707766031457,98.91444321611074,5683400
2020-06-29,99.01505279541016,99.01505279541016,98.88091706626489,98.93122116266616,3517200
2020-06-30,99.0988998413086,99.19111657045282,98.90608769560309,99.15758263295088,7451100
2020-07-01,99.15180206298828,99.16859751528807,98.90822635243244,99.02581374262738,6746500
2020-07-02,99.26940155029297,99.28619700463946,99.10141496666328,99.15181414576865,3614300
2020-07-06,99.26100158691406,99.28619797269596,99.10981686418975,99.26100158691406,5945100
2020-07-07,99.41215515136719,99.42895060061333,99.16017855645812,99.30296871118979,5454700
2020-07-08,99.37858581542969,99.48777228633814,99.29459572949757,99.40378220040604,5026800
2020-07-09,99.63895416259766,99.69774786187666,99.41218029624513,99.44577761126635,3804000
2020-07-10,99.52135467529297,99.80692861426878,99.48775736435276,99.80692861426878,3133900
2020-07-13,99.51299285888672,99.55498470533887,99.42060182544446,99.4961909938787,4803200
2020-07-14,99.67251586914062,99.73130954741531,99.59692674337188,99.59692674337188,3986700
2020-07-15,99.6809310913086,99.69772654121114,99.52974641006067,99.52974641006067,3403600
2020-07-16,99.74812316894531,99.85730961061181,99.73132131143903,99.80691685415513,3526900
2020-07-17,99.84893035888672,99.94132137113594,99.7565393466375,99.89932953431605,2549100
2020-07-20,99.9581069946289,100.00009882462744,99.87411692660038,99.97490244502202,3989200
2020-07-21,100.01692199707031,100.03371745104262,99.95812829611803,100.03371745104262,6098200
2020-07-22,100.10092163085938,100.17651079299385,100.04212792429921,100.1345189500414,6296600
2020-07-23,100.21846771240234,100.27726139471513,100.15967403008956,100.24366408938914,12117200
2020-07-24,100.18489837646484,100.29409125126621,100.10930922440166,100.16810292312833,11071700
2020-07-27,100.11769104003906,100.30247304345095,100.07569920801112,100.28567759224612,5606100
2020-07-28,100.18489837646484,100.24369207519152,100.13450560842271,100.20170023783393,6080700
2020-07-29,100.30248260498047,100.3108835353996,100.15129789759803,100.2016970720804,9727900
2020-07-30,100.37808227539062,100.403278659648,100.32768309884328,100.37808227539062,3052800
2020-07-31,100.42007446289062,100.47886816237344,100.28569161037242,100.32768344827008,5277900
2020-08-03,100.45960998535156,100.45960998535156,100.28292300165138,100.43436990470092,13013600
2020-08-04,100.65312194824219,100.65312194824219,100.47643496384252,100.47643496384252,10935200
2020-08-05,100.45960998535156,100.5353302273035,100.38388332425397,100.45119448541946,17345700
2020-08-06,100.60266876220703,100.73729112116843,100.56901317246668,100.64473985416932,4608600
2020-08-07,100.48487854003906,100.73729225636238,100.45963845223622,100.67839657843994,5559100
2020-08-10,100.39228820800781,100.66152640505301,100.35863263098405,100.6447018261136,5152700
2020-08-11,100.1146469116211,100.29974939860521,99.98844008693686,100.21561365519764,7809900
2020-08-12,99.91275024414062,100.03054160458085,99.828614475133,99.89592565799819,5524500
2020-08-13,99.54251861572266,99.93796368568036,99.48362295120637,99.93796368568036,8023700
2020-08-14,99.44996643066406,99.69396458682886,99.44996643066406,99.64348442318992,4556500
2020-08-17,99.58456420898438,99.67711543227006,99.54249313689293,99.60138878633434,4523900
2020-08-18,99.72760772705078,99.78650338366377,99.63505649249537,99.64347199176726,4765800
2020-08-19,99.57618713378906,99.87066549462523,99.56777163229465,99.82860082544683,4541000
2020-08-20,99.75287628173828,99.87908313026387,99.75287628173828,99.76970728508674,4487500
2020-08-21,99.85380554199219,99.92111669181185,99.74442973789367,99.90428569478465,6373300
2020-08-24,99.811767578125,99.97163000719009,99.78652749335612,99.88749425157829,4620900
2020-08-25,99.6014175415039,99.66872870862537,99.43314604284646,99.57617745861991,4002300
2020-08-26,99.58456420898438,99.63504436017863,99.45835741185441,99.57614871073721,5139800
2020-08-27,99.23963165283203,99.75286808730057,99.23963165283203,99.7444590054641,5609400
2020-08-28,99.3742446899414,99.41631577177145,99.2732779450368,99.34900460850172,6467400
2020-08-31,99.5929946899414,99.71078600654467,99.39947671601014,99.39947671601014,10894500
2020-09-01,99.79946899414062,99.8163277663082,99.44551193547345,99.54664527926593,9843200
2020-09-02,100.00171661376953,100.04385067667917,99.73202774841285,99.79944996475201,4838500
2020-09-03,100.02703094482422,100.1787277661701,99.96803809373074,100.06074206398314,6856700
2020-09-04,99.52980041503906,99.88375752316695,99.51294807025425,99.7910599822427,5366800
2020-09-08,99.63932800292969,99.8331588333861,99.61403985006746,99.73202551114603,8894000
2020-09-09,99.63092803955078,99.77419546606203,99.47923122626294,99.77419546606203,7824800
2020-09-10,99.63932800292969,99.68989144918157,99.46234308157553,99.57190578810298,4932600
2020-09-11,99.75732421875,99.85845112195341,99.64776150063034,99.79945828517243,8200400
2020-09-14,99.76576232910156,99.85846629094486,99.70676948335928,99.84161394776332,6394200
2020-09-15,99.77418518066406,99.80789629455711,99.68991061080024,99.68991061080024,4163000
2020-09-16,99.72362518310547,99.89217432867841,99.61406245171908,99.89217432867841,6452500
2020-09-17,99.7488784790039,99.88371647107975,99.72359675734819,99.86686413322124,4882200
2020-09-18,99.63092803955078,99.81633597020684,99.59721692218258,99.81633597020684,5149400
2020-09-21,99.64776611328125,99.79946290484531,99.64776611328125,99.79103994901313,6191900
2020-09-22,99.72362518310547,99.76575925462983,99.64777356678121,99.65620295298119,4390200
2020-09-23,99.51294708251953,99.74048909841794,99.50451769534152,99.74048909841794,5392900
2020-09-24,99.52135467529297,99.58035394669193,99.45393887749238,99.45393887749238,4145000
2020-09-25,99.55508422851562,99.58879534852859,99.48766841822837,99.5466612708164,5138200
2020-09-28,99.63932800292969,99.63932800292969,99.53819468068964,99.59718751122892,5830400
2020-09-29,99.65619659423828,99.72361882006057,99.62248548132715,99.6814783214873,5301700
2020-09-30,99.49607849121094,99.66463406944791,99.40337453061507,99.66463406944791,6090800
2020-10-01,99.63284301757812,99.64973068572313,99.40491102368675,99.45556114660522,9741800
2020-10-02,99.53153991699219,99.64972782758427,99.45555829403551,99.64128399375396,5599500
2020-10-05,99.21073150634766,99.39645719271351,99.21073150634766,99.39645719271351,4890800
2020-10-06,99.2951889038086,99.48090820916926,99.18543835886857,99.27830123192874,4338600
2020-10-07,99.2276382446289,99.32894494050652,99.15165661253099,99.21919440978273,4801700
2020-10-08,99.35425567626953,99.37113690276858,99.26983022150054,99.33736800901256,4236000
2020-10-09,99.37957000732422,99.39645123200076,99.19384433209616,99.32047605982049,2909300
2020-10-12,99.57374572753906,99.57374572753906,99.42178892311186,99.48932671191463,2999300
2020-10-13,99.59909057617188,99.67506576818788,99.55687784232371,99.6244156401772,3421700
2020-10-14,99.65816497802734,99.70881509609632,99.60750841920073,99.70037126283228,4919700
2020-10-15,99.57374572753906,99.74259019954597,99.57374572753906,99.74259019954597,5459200
2020-10-16,99.52310943603516,99.68351009654147,99.51466560107194,99.60752846339045,3931500
2020-10-19,99.40492248535156,99.50622918362771,99.37959742097227,99.45557261411014,4685000
2020-10-20,99.32050323486328,99.37115336350848,99.26140927119087,99.36270952848129,4013600
2020-10-21,99.20228576660156,99.31202982623908,99.17696070982038,99.26981710443238,3688300
2020-10-22,99.02503204345703,99.22763899598758,99.02503204345703,99.20231393201611,4801000
2020-10-23,99.16854095458984,99.21074724588681,99.02502797081466,99.02502797081466,3878700
2020-10-26,99.30360412597656,99.379585750951,99.26983523051662,99.32049179408565,4962500
2020-10-27,99.53153991699219,99.5399837508225,99.38802694566722,99.44712090096327,5694100
2020-10-28,99.38803100585938,99.58219410658201,99.37958717168412,99.45556235698645,7329200
2020-10-29,99.21073150634766,99.42178225162564,99.10943127069908,99.41334485916,11775800
2020-10-30,98.94059753417969,99.21074225978617,98.94059753417969,99.15164830233346,10610000
2020-11-02,99.11988067626953,99.22980485399387,99.08605636358635,99.16215622862751,6667900
2020-11-03,99.07756805419922,99.11985004481859,98.9761015988343,99.11985004481859,7519700
2020-11-04,99.73712921142578,99.81323550686383,99.63566275261,99.69485367069461,5308700
2020-11-05,99.83016204833984,99.88090173802719,99.70332895243989,99.85552866751983,5293900
2020-11-06,99.61035919189453,99.6610924534169,99.500428523489,99.61881043459472,5929700
2020-11-09,99.14523315429688,99.33126362185202,98.98456930480341,99.2720726959324,6625300
2020-11-10,98.98457336425781,99.12832829138137,98.95920674515581,98.97612212544203,5146300
2020-11-11,99.04375457763672,99.0860365728776,98.95073934916815,98.9845636550955,3044300
2020-11-12,99.45809173583984,99.466542973338,99.21287037054078,99.24669467451236,7740800
2020-11-13,99.47502899169922,99.51731099653676,99.37355605088602,99.37355605088602,5125300
2020-11-16,99.46656036376953,99.50038467365484,99.4242848149085,99.4496514344906,7951400
2020-11-17,99.66950988769531,99.69487650821009,99.5680369543085,99.5680369543085,4650100
2020-11-18,99.73712921142578,99.77095351480644,99.68639598201788,99.73712921142578,6191100
2020-11-19,99.92314910888672,99.99925539629284,99.80476728521101,99.84704927280615,6680800
2020-11-20,100.02460479736328,100.06688032635863,99.88930762139952,99.94004728804815,7217400
2020-11-23,99.99929809570312,100.033122409957,99.92319177579982,100.0162070271659,4739000
2020-11-24,99.86399841308594,100.01620459786729,99.83863179084373,99.98238028443497,4696800
2020-11-25,99.83016204833984,99.95700159556716,99.79633773899074,99.90626835720718,4125000
2020-11-27,99.99929809570312,100.02466471856145,99.96547378144925,99.99084040430758,3436200
2020-11-30,100.13455200195312,100.1599186154639,99.99080355784147,100.04999447314191,8688500
2020-12-01,99.81773376464844,100.03797158558383,99.7245629361492,99.9786775333205,5190800
2020-12-02,99.7076416015625,99.79234648726397,99.56364264961317,99.79234648726397,6121000
2020-12-03,99.87706756591797,99.93636163794248,99.75847295929977,99.88553353151492,5198400
2020-12-04,99.60600280761719,99.86859638348915,99.53824276915049,99.86859638348915,5896100
2020-12-07,99.75846862792969,99.80929673215036,99.69070859325025,99.7500026627003,6127800
2020-12-08,99.76695251464844,99.91942391968509,99.74154169090393,99.85165741465333,6807000
2020-12-09,99.62295532226562,99.7669543011094,99.54671638709733,99.72460508163344,6975700
2020-12-10,99.86859893798828,99.89400976088442,99.69071671514588,99.73306593244966,6192200
2020-12-11,99.97870635986328,100.02952800143738,99.91093986271856,99.96176796686154,5636100
2020-12-14,99.91938018798828,99.97867423829744,99.78385369981022,99.83467532505615,4705600
2020-12-15,99.97870635986328,99.97870635986328,99.86859064892977,99.91093986271856,4217800
2020-12-16,99.93635559082031,99.97870480395005,99.75000095785691,99.80929502629355,4467900
2020-12-17,99.93212127685547,100.11019216569098,99.83037018004875,100.06779803182943,6610400
2020-12-18,99.8812255859375,100.03385866979063,99.85578781686573,100.03385866979063,3874700
2020-12-21,99.8812255859375,100.02537725695922,99.84730640403431,99.99145807505603,4818300
2020-12-22,100.02537536621094,100.04233819155311,99.9151428791761,99.9575370036869,4516500
2020-12-23,99.95755767822266,99.95755767822266,99.74556760355517,99.8982007160927,4157700
2020-12-24,100.05079650878906,100.10167850693792,99.99992098006146,100.00840239132314,2214500
2020-12-28,100.06780242919922,100.10172161943325,99.9151693078581,100.03388323896519,4567200
2020-12-29,100.08474731445312,100.11018508685608,99.99147116936005,100.11018508685608,4300100
2020-12-30,100.14409637451172,100.16105920105797,100.04234529292529,100.13561496123859,2762200
2020-12-31,100.22044372558594,100.26283786476856,100.1610867551906,100.21196230997958,4834700
2021-01-04,100.09321594238281,100.17801066270202,100.05081534751197,100.127135124395,6414100
2021-01-05,99.9914779663086,100.11019189187422,99.84732626661085,100.11019189187422,7477900
2021-01-06,99.4996566772461,99.97451883577097,99.33854862240018,99.97451883577097,10687200
2021-01-07,99.39791870117188,99.43183789335883,99.27072334782693,99.32159890139513,6639400
2021-01-08,99.27921295166016,99.4996780149224,99.19441819891122,99.36400770440909,7335700
2021-01-11,99.11808776855469,99.25376453395,99.11808776855469,99.22832028837018,8610100
2021-01-12,99.20284271240234,99.20284271240234,98.93997717168993,99.05869105907112,7269600
2021-01-13,99.51665496826172,99.74560148011321,99.27922703910436,99.74560148011321,6788500
2021-01-14,99.3215560913086,99.5929030424224,99.27916197141614,99.52507115671017,6610500
2021-01-15,99.42334747314453,99.51662362585448,99.36399050954945,99.49966079658513,6447700
2021-01-19,99.55899047851562,99.56746542085342,99.39787600219469,99.44027012214856,7601100
2021-01-20,99.56748962402344,99.57597103784455,99.4742134802608,99.50813266612205,6229100
2021-01-21,99.42334747314453,99.46574807689407,99.33007132043458,99.39790969866432,8301000
2021-01-22,99.42334747314453,99.4827044367396,99.37247192418413,99.4572666622594,3513700
2021-01-25,99.6777114868164,99.68618642975969,99.51659699898484,99.54203476665886,4049000
2021-01-26,99.64380645751953,99.71163835780925,99.57596808780681,99.60140585909333,3639500
2021-01-27,99.65228271484375,99.77947804237549,99.24526543004993,99.72860249913202,3619100
2021-01-28,99.58444213867188,99.62683626454069,99.45724682222036,99.61836132102044,6176500
2021-01-29,99.47418975830078,99.55050952564416,98.83821973126655,99.34700092843127,12164800
2021-02-01,99.56936645507812,99.594845934422,99.45045141808944,99.54388049570389,6621900
2021-02-02,99.4164810180664,99.45044933646034,99.3485314212181,99.36551558041506,7323400
2021-02-03,99.29756164550781,99.36550475492375,99.26358685078509,99.34852059757715,5492400
2021-02-04,99.25508117675781,99.28056065013419,99.11069317427246,99.16165212102521,5287400
2021-02-05,99.12765502929688,99.33999256636933,99.11915971340632,99.29752894697127,3446600
2021-02-08,99.22962188720703,99.31455564241386,99.13619281247045,99.16167229102949,4704200
2021-02-09,99.27207946777344,99.34852437881646,99.22112051376459,99.32304490181204,4533400
2021-02-10,99.365478515625,99.38246914851442,99.3060242605676,99.34849436276336,4378300
2021-02-11,99.24658966064453,99.3994729867879,99.20412603006692,99.3994729867879,3470800
2021-02-12,99.01728057861328,99.15317328588695,98.9833057817874,99.09371901144911,3284900
2021-02-16,98.55013275146484,98.72000673133527,98.54163743246389,98.71151141233432,5682700
2021-02-17,98.74549102783203,98.77097050604876,98.6520619543507,98.71151623019972,6304100
2021-02-18,98.69449615478516,98.76244572978317,98.55010816793549,98.64353721355072,5333500
2021-02-19,98.38875579833984,98.57561393942575,98.31231736609372,98.54163914286197,4673100
2021-02-22,98.08296203613281,98.41420808927649,98.08296203613281,98.32077905069467,4894200
2021-02-23,98.10847473144531,98.31231703010153,97.90462595275926,98.31231703010153,6035200
2021-02-24,98.074462890625,98.09994235832929,97.68376259909556,97.72622621859355,6232300
2021-02-25,97.17416381835938,97.92158969482287,96.9957945659944,97.68377266504031,14926900
2021-02-26,97.96405792236328,98.00652802826086,97.32704521406968,97.64130714963807,11333400
2021-03-01,97.91301727294922,98.33839315438328,97.74286951666392,97.81093121546638,13018100
2021-03-02,97.9300308227539,97.93854015733952,97.79390743226618,97.87047846209565,10111300
2021-03-03,97.57274627685547,97.69185103432602,97.49617522378298,97.66632951354269,10317500
2021-03-04,97.2919921875,97.66632511739947,97.20691829181072,97.65781578061389,5953600
2021-03-05,97.22396087646484,97.2579917435264,97.02829150426615,97.13037761472661,8675700
2021-03-08,96.84109497070312,97.18139704513827,96.84109497070312,97.15586903470982,5639400
2021-03-09,97.20687866210938,97.24941234725262,96.98568143091809,97.15582915293012,5676800
2021-03-10,97.3685302734375,97.41107045507722,97.22390404101509,97.24092270995915,6936900
2021-03-11,97.36002349853516,97.44509736765913,97.24091878361757,97.38554501020033,8827800
2021-03-12,96.80706787109375,96.90916044460299,96.73900615542092,96.88363243318383,5066800
2021-03-15,96.90913391113281,96.99420778706961,96.64539645779188,96.64539645779188,5000500
2021-03-16,96.87511444091797,97.0112313602601,96.79854340007687,96.96018832684697,3990900
2021-03-17,96.86658477783203,96.96867731395577,96.54330148285365,96.60285383957914,6229800
2021-03-18,96.49225616455078,96.60285803950674,96.30508975221335,96.40718229277569,6222200
2021-03-19,96.5688247680664,96.59434627988612,96.41568920642791,96.47524156424731,4701400
2021-03-22,96.75599670410156,96.81554906532364,96.645394825603,96.73046870010303,5468600
2021-03-23,97.002685546875,97.01970421209384,96.78999766667242,96.8920901858285,5524900
2021-03-24,97.1218490600586,97.15587342739046,96.86662087001211,96.90065172806648,6352600
2021-03-25,97.07077026367188,97.23241516801835,96.97718705491555,97.18987498559437,5178000
2021-03-26,96.90913391113281,97.05376014929743,96.86659372780407,96.90913391113281,4333900
2021-03-29,96.74750518798828,96.98571467674903,96.57735091692935,96.57735091692935,7630800
2021-03-30,96.82408142089844,96.85811227921505,96.58587190340474,96.67945514109476,4996900
2021-03-31,96.84109497070312,96.96870905995658,96.73900240115591,96.8495978167904,6309200
2021-04-01,97.16654205322266,97.17506426457707,96.98761461803555,97.0728172299519,10767200
2021-04-05,96.9705810546875,97.03874575207112,96.8683405091554,96.94502091830448,9230100
2021-04-06,97.31140899658203,97.31993120985027,97.0898769554164,97.1154435952211,4864100
2021-04-07,97.15806579589844,97.38812010748101,97.15806579589844,97.23475273327453,4505600
2021-04-08,97.39661407470703,97.39661407470703,97.24324673474582,97.28585130161336,4932100
2021-04-09,97.28583526611328,97.41364244510538,97.16655029919883,97.22619278265606,7467100
2021-04-12,97.26030731201172,97.27734524126139,97.13250009073064,97.27734524126139,3844900
2021-04-13,97.54149627685547,97.54149627685547,97.22623928463096,97.23476150078467,4040500
2021-04-14,97.46479797363281,97.50740254888979,97.37107310850391,97.4818424039538,3620500
2021-04-15,97.84820556640625,97.96749706777263,96.94504584574585,96.94504584574585,6753200
2021-04-16,97.59258270263672,97.703345472009,97.55850035039663,97.60962062848476,3663600
2021-04-19,97.51591491699219,97.55851949078706,97.13249975501942,97.13249975501942,5072800
2021-04-20,97.66926574707031,97.70334810022722,97.46477812867305,97.49033826840468,4322200
2021-04-21,97.76297760009766,97.76297760009766,97.58405014521207,97.64369263017393,5511300
2021-04-22,97.78857421875,97.81414086516617,97.63520684298173,97.76301407287959,4570700
2021-04-23,97.77147674560547,98.06116688977683,97.67775193412842,97.82259700621411,3620700
2021-04-26,97.68633270263672,97.81413993131436,97.68633270263672,97.76301313951589,3480300
2021-04-27,97.4477310180664,98.09527616538493,97.4477310180664,98.09527616538493,3823300
2021-04-28,97.49884033203125,97.53292267814446,97.30286846701601,97.51587825481643,7078600
2021-04-29,97.4477310180664,97.4477310180664,97.20915456845353,97.2517591310203,6254100
2021-04-30,97.54998016357422,97.57554030314924,97.41365725232606,97.48182195822221,6469500
2021-05-03,97.61225128173828,97.78291438578201,97.56105365260117,97.62078639005449,5939500
2021-05-04,97.73171997070312,97.87678426494897,97.6293247090615,97.74879018789694,6291300
2021-05-05,97.80852508544922,97.80852508544922,97.66345427762208,97.66345427762208,3329000
2021-05-06,97.82560729980469,97.88534005184096,97.7317406165503,97.7488108373502,4739400
2021-05-07,97.79999542236328,98.10719425193253,97.76586149570215,98.00479247194917,7005200
2021-05-10,97.6463851928711,97.8938512509708,97.62078637830564,97.799984590644,5576500
2021-05-11,97.43304443359375,97.6037075225111,97.39037540617466,97.47571346101286,6161400
2021-05-12,97.09172821044922,97.28799665532945,97.09172821044922,97.26239783868868,7000800
2021-05-13,97.31362915039062,97.33069286392968,97.09176181208551,97.19416362446853,6772300
2021-05-14,97.53548431396484,97.53548431396484,97.38188486975459,97.46721644756427,3985500
2021-05-17,97.45011138916016,97.49278041800265,97.40744887069742,97.45864649700461,4926600
2021-05-18,97.33068084716797,97.3733498913219,97.30508202482844,97.3733498913219,3674600
2021-05-19,97.19414520263672,97.80854293971836,97.10027852000582,97.80854293971836,6892400
2021-05-20,97.52693939208984,97.53547450212683,97.34774114360181,97.34774114360181,6243300
2021-05-21,97.56961059570312,97.62081475009576,97.47575041847763,97.58668081729468,3873200
2021-05-24,97.6634521484375,97.71465628965213,97.60371940900404,97.70612118105298,3867700
2021-05-25,97.90238952636719,97.91945323316946,97.30505562220246,97.774388939019,6351700
2021-05-26,97.86827087402344,97.96213755203397,97.39040237404764,97.39040237404764,3969400
2021-05-27,97.7488021850586,97.80853493180759,97.6634641093762,97.79999982216312,5072300
2021-05-28,97.7488021850586,97.85973256891211,97.7061331472174,97.7488021850586,6768200
2021-06-01,97.7034912109375,97.76331115722013,97.558215129949,97.72912739936075,6209800
2021-06-02,97.83169555664062,97.85733174948814,97.67787187966924,97.80605284390683,6103900
2021-06-03,97.60098266601562,97.8146263562538,97.60098266601562,97.68643883813328,3464300
2021-06-04,98.0025863647461,98.0025863647461,97.60948294755242,97.75475902175522,4535800
2021-06-07,97.93426513671875,97.96844890913695,97.39588539087981,97.39588539087981,3728400
2021-06-08,98.11369323730469,98.16497213924808,98.08805704627589,98.13932942833347,4395100
2021-06-09,98.3102798461914,98.64356347650306,98.25045987459414,98.64356347650306,3643100
2021-06-10,98.51534271240234,98.54097890302239,98.1564230039502,98.53243785273952,4021900
2021-06-11,98.47262573242188,98.54953431039823,98.41280577625596,98.5409867395499,3781900
2021-06-14,98.22477722167969,98.429873238747,98.22477722167969,98.429873238747,3270800
2021-06-15,98.2675552368164,98.29319143784569,98.16501043269926,98.19064663372855,8230400
2021-06-16,97.95133209228516,98.38716039543722,97.85732837516153,98.33588801151018,8654200
2021-06-17,98.25898742675781,98.48971969308045,98.09661617126886,98.09661617126886,7641700
2021-06-18,98.52388763427734,98.60934377400905,98.19915169534265,98.31879159494414,5690400
2021-06-21,98.2675552368164,98.37865413446112,98.20773526111861,98.32737521251418,6875500
2021-06-22,98.37007141113281,98.39570760300174,98.13079159384135,98.13079159384135,6485100
2021-06-23,98.31884765625,98.3957562698961,98.26756872726335,98.3273887111734,5070500
2021-06-24,98.35298919677734,98.42135673067094,98.31881194971744,98.36153676848578,8357900
2021-06-25,98.15641784667969,98.38715007002288,98.06241413942143,98.37006145046928,6496600
2021-06-28,98.4384994506836,98.47268323415186,98.31031189265013,98.31031189265013,5739000
2021-06-29,98.48970794677734,98.48970794677734,98.31879566024702,98.32733671065347,5097100
2021-06-30,98.55809020996094,98.66063498926168,98.53245401513574,98.58372640478612,6653100
2021-07-01,98.50330352783203,98.57176364950155,98.41773164010341,98.53753358866679,4744900
2021-07-02,98.71726989746094,98.72582904774345,98.55467868568702,98.60602705866333,4312800
2021-07-06,99.03386688232422,99.11943877627812,98.84560479839543,98.84560479839543,7372900
2021-07-07,99.20500183105469,99.28201457013624,99.05096982417513,99.11942994472525,7786400
2021-07-08,99.31629180908203,99.41898203868863,99.23071988210297,99.29918003517403,6538400
2021-07-09,98.9910888671875,99.05954900158048,98.9910888671875,99.04243070362335,4750800
2021-07-12,98.93118286132812,99.10232665990782,98.92262371278392,99.09377404008103,4266600
2021-07-13,98.71726989746094,99.05956409285506,98.66592805320339,98.9654330259037,5145200
2021-07-14,99.05096435546875,99.05952350224406,98.89693235709346,98.91404412192801,4977400
2021-07-15,99.26492309570312,99.28203486498035,99.02531915351523,99.21358125915366,4480900
2021-07-16,99.1793441772461,99.23068601016432,99.05954221462535,99.06809483430018,3869500
2021-07-19,99.70134735107422,99.78691925408789,99.56442708327816,99.59865715022718,6688100
2021-07-20,99.607177734375,99.96658350511244,99.53871762698257,99.93235345141623,8474800
2021-07-21,99.28203582763672,99.39328517952963,99.1964639229853,99.33338419340186,9686100
2021-07-22,99.51310729980469,99.56444914724695,99.2906150796896,99.2906150796896,8176300
2021-07-23,99.44464111328125,99.45320026357504,99.29060905158684,99.29060905158684,4441000
2021-07-26,99.35904693603516,99.5473090280076,99.34192863928277,99.52163811159632,7127400
2021-07-27,99.590087890625,99.60720618672046,99.49595684825111,99.56441697519885,5423800
2021-07-28,99.68419647216797,99.68419647216797,99.38469164515229,99.4702635201974,5463600
2021-07-29,99.52164459228516,99.57298642845102,99.46174360718575,99.51308544335161,6629500
2021-07-30,99.65853881835938,99.6842097314159,99.56440778467447,99.57296693193213,5552100
2021-08-02,99.8702163696289,99.99019036333034,99.67311250106665,99.71596315799958,5753800
2021-08-03,99.90448760986328,99.99875381711442,99.86163695635211,99.8873447332221,3715300
2021-08-04,99.89594268798828,100.11875437682443,99.66456609664985,100.06733227134316,4654300
2021-08-05,99.673095703125,99.81878398928869,99.64738792853471,99.8016411141677,3283100
2021-08-06,99.2275161743164,99.4246135453671,99.21894473354658,99.34749019271952,3812000
2021-08-09,99.04756164550781,99.3732044970978,99.04756164550781,99.31321748396033,5298600
2021-08-10,98.91902160644531,99.10755409753638,98.91902160644531,99.10755409753638,7332100
2021-08-11,99.01327514648438,99.15038550725998,98.84187902289788,98.94471669704978,6674600
2021-08-12,99.02185821533203,99.04756600236547,98.89331274207045,98.97043610317078,5017300
2021-08-13,99.38175201416016,99.38175201416016,99.09895336112159,99.10752480039041,4599800
2021-08-16,99.43317413330078,99.63884292267315,99.43317413330078,99.52744035719914,3693600
2021-08-17,99.35603332519531,99.4845722096516,99.34746188686763,99.39031254041424,5469200
2021-08-18,99.36463165283203,99.43319010633375,99.23609272513377,99.3560667497148,3981900
2021-08-19,99.53600311279297,99.54457455187942,99.42459401894615,99.51029533362596,4581300
2021-08-20,99.54459381103516,99.58743793857187,99.47603536126407,99.56173015443112,2897800
2021-08-23,99.54459381103516,99.56173015443112,99.44175613637853,99.48460026391524,6585300
2021-08-24,99.39891815185547,99.52746362705241,99.37321036443497,99.47604805221142,5875400
2021-08-25,99.21036529541016,99.4160406287448,99.13324194897952,99.39889774858702,5452000
2021-08-26,99.21895599365234,99.22752743539492,99.0989819616337,99.20181964826156,4879200
2021-08-27,99.49317932128906,99.49317932128906,99.15896502568651,99.24465982541386,5545600
2021-08-30,99.60453796386719,99.60453796386719,99.4074341401053,99.42457047612812,3706000
2021-08-31,99.45890808105469,99.6560120205412,99.42462885079206,99.56174577184261,6763900
2021-09-01,99.49063110351562,99.56786557630242,99.38764525895276,99.56786557630242,4154000
2021-09-02,99.59362030029297,99.60219754365988,99.48205066138277,99.56786892765014,5427300
2021-09-03,99.42196655273438,99.45629516506082,99.35330932808147,99.41338276277443,5274300
2021-09-07,99.15594482421875,99.25034688726377,99.09587137932776,99.24176309584665,3579900
2021-09-08,99.31901550292969,99.39624999198954,99.22461342906867,99.2932641257279,3417500
2021-09-09,99.63652801513672,99.67944042282654,99.34474459489117,99.41339528067509,3332600
2021-09-10,99.43915557861328,99.55930247391119,99.36191454734193,99.54213489028878,3957300
2021-09-13,99.56787109375,99.61936729264194,99.51638144237222,99.5507100591288,3954100
2021-09-14,99.79100799560547,99.87682626732308,99.61078766074412,99.61078766074412,4183600
2021-09-15,99.69661712646484,99.79960299259798,99.62795988237609,99.79960299259798,3448500
2021-09-16,99.5249252319336,99.64507206853455,99.47343560125076,99.50775765669829,4265500
2021-09-17,99.43915557861328,99.44773282290976,99.32758592761185,99.37908213096432,5742500
2021-09-20,99.6279296875,99.69658691078037,99.53353418988098,99.56785625400798,5464700
2021-09-21,99.67085266113281,99.69659748571544,99.59361818738493,99.66226887043398,5225200
2021-09-22,99.70516204833984,99.76523547661881,99.55927037216416,99.64508862006087,7139900
2021-09-23,99.21601104736328,99.49921721588431,99.18168243170796,99.490633425092,8265000
2021-09-24,99.04437255859375,99.13019082227856,98.96713153801774,99.12160703165594,4461900
2021-09-27,98.90705871582031,99.0186218045553,98.85556906679092,98.87273010062943,5630600
2021-09-28,98.49513244628906,98.69252036793134,98.4350590001396,98.60670209450561,7017100
2021-09-29,98.56377410888672,98.74399441885652,98.45221102581405,98.6667599492324,6161300
2021-09-30,98.5466079711914,98.57235279306586,98.42646110410183,98.4951117799293,5348800
2021-10-01,98.84746551513672,98.89903600734618,98.66696223460957,98.6927474807143,7064500
2021-10-04,98.77871704101562,98.87326733110771,98.67557603931162,98.77871704101562,4180600
2021-10-05,98.54659271240234,98.73569319564977,98.51221021019447,98.69271342844199,7421900
2021-10-06,98.589599609375,98.61539141318765,98.49504933544395,98.5724116312939,4893400
2021-10-07,98.31454467773438,98.41769221815747,98.28016216426002,98.3833097046831,4456100
2021-10-08,98.09966278076172,98.28876333347979,98.04809228740014,98.25438081864067,4581900
2021-10-11,97.94495391845703,98.04810147263734,97.9363632072881,97.99653097444458,2178400
2021-10-12,98.30595397949219,98.31454468951638,98.082470920779,98.13404141209976,3688400
2021-10-13,98.52941131591797,98.53800858206385,98.3489080736102,98.35750533975609,5522700
2021-10-14,98.71853637695312,98.71853637695312,98.52943582146771,98.58960358386814,4094500
2021-10-15,98.4778823852539,98.52945288830301,98.42631188220481,98.51226490655178,4644800
2021-10-18,98.40910339355469,98.46927115784857,98.20281485280346,98.27157988565203,5575100
2021-10-19,98.12544250488281,98.30594576722055,98.12544250488281,98.30594576722055,5041000
2021-10-20,98.05670928955078,98.23721261043697,98.03951474977373,98.13406504516108,6183700
2021-10-21,97.85040283203125,98.02231542092413,97.85040283203125,97.99653017203889,5228300
2021-10-22,98.03948974609375,98.1082547720734,97.90196625192829,97.96213401021201,3528600
2021-10-25,98.13401794433594,98.2199709285804,98.03946769432932,98.03946769432932,8569600
2021-10-26,98.31454467773438,98.31454467773438,98.08247090902482,98.20280642728812,5429800
2021-10-27,98.64115142822266,98.77867489107695,98.35750067898327,98.5551984442147,8048500
2021-10-28,98.56381225585938,98.7013423087435,98.47785925170372,98.59819476908041,5916000
2021-10-29,98.53804016113281,98.6583756945693,98.28877182535874,98.28877182535874,10047900
2021-11-01,98.47776794433594,98.50359374066406,98.26254421745905,98.27976579374906,6197900
2021-11-02,98.67578125,98.73604363360256,98.51220910817567,98.51220910817567,5317000
2021-11-03,98.47776794433594,98.73603904383094,98.35724318273343,98.70160245935782,6421700
2021-11-04,98.80492401123047,98.86518640323372,98.55527022157995,98.58109602270875,6618100
2021-11-05,99.19231414794922,99.27840232668768,98.91682803512188,98.9943054255544,7283100
2021-11-08,99.01152038574219,99.13204514154341,98.95986222746552,99.12343435381287,4922800
2021-11-09,99.28701782226562,99.43336838987032,99.25258123551616,99.33005862962194,8960500
2021-11-10,98.6155014038086,99.12342618021567,98.48636587092518,99.0976003872602,11620300
2021-11-11,98.43473052978516,98.6327392685103,98.40030050993585,98.58108767062878,3937100
2021-11-12,98.41752624511719,98.64996502902216,98.36587464160681,98.5724876237566,4554700
2021-11-15,98.05592346191406,98.40888693043904,98.05592346191406,98.40028271108685,6405000
2021-11-16,98.02149200439453,98.23671572536534,98.0042704285771,98.07314359563338,7484000
2021-11-17,98.25393676757812,98.25393676757812,97.94401406489696,97.9612356417721,7173100
2021-11-18,98.34002685546875,98.38306765940266,98.16784393541268,98.18506551147169,4226900
2021-11-19,98.5294189453125,98.64994370619124,98.50359314913946,98.56385552957883,5685900
2021-11-22,98.05592346191406,98.34002033508958,97.98705029845823,98.26253638417518,6995300
2021-11-23,97.66851806640625,97.94400415557242,97.66851806640625,97.89235256638702,6268600
2021-11-24,97.89234924316406,97.9095708177122,97.61686316335003,97.6857363253301,8472400
2021-11-26,98.58966827392578,98.64132642753992,98.31418220437229,98.42610273044795,3258900
2021-11-29,98.64134979248047,98.65856480235887,98.25394310508723,98.27116468307317,8982800
2021-11-30,98.80492401123047,99.0976317496092,98.5724852329631,98.89101877247064,13109000
2021-12-01,98.82386779785156,98.83249075704391,98.46178244046092,98.51350704083367,12772700
2021-12-02,98.806640625,98.96182102261957,98.62559792400909,98.8583652317427,7759700
2021-12-03,99.20318603515625,99.34974343521051,98.6772974091829,98.71178266402916,7600800
2021-12-06,98.85833740234375,99.17732106804077,98.8152357679888,99.12559647585896,9416700
2021-12-07,98.70318603515625,98.89285169870932,98.668700771111,98.72904833884229,6786900
2021-12-08,98.44452667236328,98.5997070249778,98.32383157337306,98.5997070249778,8050100
2021-12-09,98.45315551757812,98.61695884868476,98.38419157898782,98.52212603355886,8646500
2021-12-10,98.47900390625,98.7203940845726,98.47038094919876,98.5996989954113,6501300
2021-12-13,98.82386779785156,98.89283831660902,98.67731037853497,98.72041859710606,8659300
2021-12-14,98.63422393798828,98.74629611519771,98.50490583973635,98.67732558581112,7503600
2021-12-15,98.55661010742188,98.66868226150123,98.37556743819044,98.47902321091856,7459100
2021-12-16,98.69213104248047,98.79569283618387,98.60583283979304,98.60583283979304,7566600
2021-12-17,98.81291961669922,98.96825896767142,98.78703082222532,98.85607199690826,7428000
2021-12-20,98.66621398925781,98.90785152124754,98.65758219622134,98.87333093323058,7382600
2021-12-21,98.58854675292969,98.6575879329782,98.35554100042758,98.44183918342357,12970200
2021-12-22,98.67488098144531,98.68351277813687,98.52817335834753,98.66625576888549,6171700
2021-12-23,98.55404663085938,98.64897662710906,98.44185962807823,98.63171962057761,5506700
2021-12-27,98.6058120727539,98.64033266338478,98.4936185071712,98.51088209455136,5436800
2021-12-28,98.56265258789062,98.76976953262552,98.52813199974665,98.75251253061802,5253800
2021-12-29,98.26924896240234,98.42458833516054,98.21746478206313,98.37280415482131,5933800
2021-12-30,98.48501586914062,98.49364108067806,98.23474646780527,98.37282227784456,5455400
2021-12-31,98.45046997070312,98.64895513115225,98.43320638380278,98.51087935659581,7989500
2022-01-03,97.77735900878906,98.1052948152235,97.77735900878906,98.09666301964788,9399200
2022-01-04,97.76868438720703,97.77731617900164,97.58745626428806,97.70827501290071,7772100
2022-01-05,97.46666717529297,97.82912353142828,97.4321465817377,97.81185994258564,8530900
2022-01-06,97.36310577392578,97.38036277870565,97.22502998329679,97.30269638100123,8866500
2022-01-07,97.07830047607422,97.26816041930566,96.94884991622287,97.25090341725235,9018900
2022-01-10,96.99201202392578,97.01790082166639,96.77626326391454,96.853936241266,8074900
2022-01-11,97.17322540283203,97.19911419663246,96.88843550277005,96.94021967449955,6728600
2022-01-12,97.17322540283203,97.33719654240626,97.15596840167463,97.27678716216238,6713200
2022-01-13,97.34584045410156,97.34584045410156,97.09557110932579,97.17323750039614,8454300
2022-01-14,96.80213165283203,97.13007391275193,96.78487465268647,97.11281032847812,9113400
2022-01-18,96.21532440185547,96.5346349675931,96.198067396416,96.491482577799,7943800
2022-01-19,96.42244720458984,96.56052299939768,96.35340601512081,96.39655182044129,8321000
2022-01-20,96.47421264648438,96.56914262400821,96.43969205610031,96.51735844636741,7186400
2022-01-21,96.85393524169922,96.95749043159293,96.75037346767594,96.81941465035813,8679600
2022-01-24,96.7417221069336,97.01788019767733,96.7417221069336,96.98335961331833,12131400
2022-01-25,96.64681243896484,96.91434537788905,96.62092364129177,96.81078360306714,9541000
2022-01-26,96.10313415527344,96.7676374803645,96.10313415527344,96.7072280871744,10729400
2022-01-27,96.42244720458984,96.5518912046815,96.32751721510249,96.32751721510249,6146800
2022-01-28,96.491455078125,96.53460745562084,96.17215118751795,96.18940818803925,10855600
2022-01-31,96.48284912109375,96.56051551512894,96.3102461607994,96.34476675285826,12837400
2022-02-01,96.44914245605469,96.51828320968944,96.25900868037169,96.50100131809334,10356000
2022-02-02,96.5528335571289,96.76889342219816,96.50961894666554,96.53554507549403,7967900
2022-02-03,96.16392517089844,96.25035439481546,96.04293216976346,96.15528752340597,10290400
2022-02-04,95.55896759033203,95.71453097439657,95.47254495332385,95.71453097439657,6967200
2022-02-07,95.64540100097656,95.6799713783988,95.47255570749066,95.5589783542336,6723400
2022-02-08,95.35154724121094,95.48118448714335,95.34290299984899,95.44661411531976,7987000
2022-02-09,95.41204071044922,95.65402671189766,95.40339646936205,95.50710758153596,9194400
2022-02-10,94.53054809570312,95.11823143056904,94.53054809570312,95.04045301256728,10761200
2022-02-11,95.15278625488281,95.2046451186972,94.49596226011236,94.84165944649816,13868300
2022-02-14,94.59969329833984,94.85896789108813,94.5478410172409,94.77254522471429,8843700
2022-02-15,94.44409942626953,94.64287742913612,94.40952905213514,94.51324017453832,5820200
2022-02-16,94.55646514892578,94.61696166188197,94.28854636844089,94.58239128396052,8116000
2022-02-17,94.7552261352539,94.90214528000641,94.64287736461222,94.7033738709,10217000
2022-02-18,94.95398712158203,94.96262476834332,94.81570564991972,94.91941675366645,7110900
2022-02-22,94.85027313232422,94.87619925906631,94.68606553812657,94.78977663871824,7604400
2022-02-23,94.42681884765625,94.6774491183935,94.40089271510149,94.65151639221398,11732100
2022-02-24,94.59969329833984,94.86760554218677,94.34906295031696,94.78118287581293,12372100
2022-02-25,94.69474792480469,94.7033921684087,94.48733223368991,94.59103678243433,10089100
2022-02-28,95.37747192382812,95.43796842519501,95.08362706460032,95.09227130583105,16594600
2022-03-01,95.9149398803711,96.21786428657929,95.6985643611857,95.72452836696685,14355100
2022-03-02,94.76380920410156,95.53410543204879,94.7378452014245,95.464870292662,9028800
2022-03-03,95.08409118652344,95.20526099043236,94.90233648066007,95.02350628456898,15802600
2022-03-04,95.46490478515625,95.68128035665184,95.40431988926782,95.5514536931028,7838500
2022-03-07,94.91094970703125,95.32638695702828,94.89363596971536,95.09270432931196,12740600
2022-03-08,94.57343292236328,94.62536755030823,94.44361286064711,94.55612578188729,9933700
2022-03-09,94.3743667602539,94.52150055895082,94.27916098385987,94.42629478255678,11192300
2022-03-10,93.8464126586914,94.06278822909296,93.69062198387196,94.04548108889452,16234900
2022-03-11,93.82913208007812,93.95030190554364,93.76854056408513,93.855096099355,11997800
2022-03-14,92.92030334472656,93.31843350702627,92.92030334472656,93.29246950128493,10961600
2022-03-15,93.12804412841797,93.4050045942477,92.9809103254087,93.33576282697567,14001200
2022-03-16,93.19727325439453,93.24055100388394,92.60873151892898,93.15399550490513,16805400
2022-03-17,93.35307312011719,93.52617092864124,93.24056020490238,93.34441624871356,8035400
2022-03-18,93.56079864501953,93.5954195299048,93.40500796466513,93.4136648367011,7864100
2022-03-21,92.6433334350586,93.17129017512801,92.59140542890623,93.11070530019822,8024800
2022-03-22,92.3923568725586,92.50486977775995,92.27118709672403,92.38370000192539,16120500
2022-03-23,92.77316284179688,92.79046997661575,92.35771897032433,92.57409447347004,9060700
2022-03-24,92.56546783447266,92.64336647473854,92.30582110785615,92.36640600439252,7480500
2022-03-25,91.82977294921875,92.30580175308926,91.72591692165217,92.2365599992068,10538700
2022-03-28,92.05481719970703,92.2019509932078,91.88171939597176,91.95961142667525,8540500
2022-03-29,92.48757934570312,92.51354335903503,92.1413770936741,92.27120376359231,11396500
2022-03-30,92.73856353759766,92.73856353759766,92.25387780761106,92.26253467866204,11544400
2022-03-31,92.69529724121094,92.93763683452448,92.66067635598633,92.75588213953932,13799100
2022-04-01,92.53057861328125,92.70393536589708,92.09718011860546,92.18385849491338,11581600
2022-04-04,92.60861206054688,92.63462153225299,92.36590989639363,92.60861206054688,9956400
2022-04-05,91.6724853515625,92.42659477880675,91.65514570200594,92.38325888119263,11028300
2022-04-06,91.43844604492188,91.71582091857921,91.11773527380664,91.19574385711404,13116000
2022-04-07,91.23909759521484,91.45579694858634,91.12640969905242,91.34310905242393,7922500
2022-04-08,90.7796630859375,91.02236521554993,90.68431487599877,90.85767165053991,6503200
2022-04-11,90.38960266113281,90.58896890861384,90.2942544488337,90.52829337470868,8381800
2022-04-12,90.67567443847656,90.94437951003535,90.64967157518238,90.84036805685864,8498700
2022-04-13,90.85765838623047,91.09169065900835,90.78831304128292,90.81431589235423,6801000
2022-04-14,90.12091827392578,90.78834929947402,90.08624558760476,90.7796860877478,8510100
2022-04-18,89.8435287475586,90.1642394707436,89.80885606689093,90.12090357976226,8633000
2022-04-19,89.29744720458984,89.65283724112568,89.25411131122515,89.50548330003727,7847500
2022-04-20,89.80886840820312,89.92154967600418,89.54016336252602,89.59216908410518,8460900
2022-04-21,89.31478118896484,89.68750423658446,89.09808189646827,89.66150137958688,11395800
2022-04-22,89.22808074951172,89.43611016723325,88.99404186808104,89.04605418236339,9159000
2022-04-25,89.82620239257812,90.08624422949615,89.68751826252351,89.68751826252351,8777500
2022-04-26,90.10355377197266,90.25957751081368,89.97353950055256,90.25957751081368,8535100
2022-04-27,89.73949432373047,90.15555980265259,89.73949432373047,90.06888142337527,11185400
2022-04-28,89.704833984375,89.72217363049663,89.42745916466494,89.56614988108865,10372200
2022-04-29,89.16741180419922,89.514125321597,89.12406930795626,89.21074768730571,9924100
2022-05-02,88.68203735351562,88.88175503528944,88.56915747890973,88.8470212373812,12729000
2022-05-03,88.88172149658203,89.25510140221104,88.82093902937693,89.1856338326075,12165300
2022-05-04,89.454833984375,89.48088929786192,88.67334682440256,88.8470091655534,14656400
2022-05-05,88.56915283203125,89.0206789315596,88.21313639074637,88.98595176026792,17474400
2022-05-06,88.19575500488281,88.52571606391281,88.12628742673138,88.2739076865014,8314100
2022-05-09,88.62991333007812,88.65596201448137,88.1176048707007,88.1697022395072,8640900
2022-05-10,88.89910125732422,89.19433516947952,88.84700388303521,89.02066621386074,18465000
2022-05-11,89.2291030883789,89.25515178548635,88.53444024980013,88.6299565557246,16462000
2022-05-12,89.39405059814453,89.55903445792435,89.32458963726309,89.38537211853036,9015300
2022-05-13,89.01200103759766,89.24644588172941,88.98595234656015,89.22039719069191,6715600
2022-05-16,89.21171569824219,89.41143337894147,89.16830341968637,89.18566700614979,7239200
2022-05-17,88.72545623779297,88.94253750607639,88.69072243989227,88.80360231447361,6559000
2022-05-18,89.08147430419922,89.12489321178572,88.63863324583367,88.6646819404675,6093800
2022-05-19,89.3072280883789,89.62851073468485,89.22039691026207,89.61114052418493,10504300
2022-05-20,89.57642364501953,89.61983592666886,89.33328704364429,89.39406953778935,6731400
2022-05-23,89.28118133544922,89.61114246937335,89.20303526088603,89.44616521480847,8007200
2022-05-24,89.96715545654297,90.08003532372067,89.55035653386645,89.55904163897063,10332300
2022-05-25,90.34053802490234,90.36658671615496,90.1060865540402,90.24502174044655,7718100
2022-05-26,90.27105712890625,90.47077477373541,90.13212858776743,90.36657339928628,5720000
2022-05-27,90.4186782836914,90.57497704594957,90.32316200537842,90.38394448932361,5496300
2022-05-31,89.8455810546875,89.99319470199525,89.68928230318711,89.89767843025649,10491700
2022-06-01,89.47673797607422,90.05956171952592,89.38104970336148,89.93777785184118,8056700
2022-06-02,89.5898208618164,89.67680839039966,89.36365461484455,89.65071279549699,7456800
2022-06-03,89.44196319580078,89.52025663631127,89.28538295150445,89.31147855276639,6561100
2022-06-06,88.89392852783203,89.3984589307792,88.86783292866353,89.31147138797618,5144500
2022-06-07,89.23320007324219,89.38978033214536,89.07661981433901,89.09401467122814,5620200
2022-06-08,88.86783599853516,89.21578618176692,88.86783599853516,89.09400229029093,4150800
2022-06-09,88.77215576171875,88.92003526668228,88.7025630640683,88.7895506177689,5423500
2022-06-10,88.08493041992188,88.48507842006204,87.8848531014898,88.44158133096515,7830000
2022-06-13,86.64091491699219,87.29333145497665,86.23206615797939,87.0758592756485,9479000
2022-06-14,86.12769317626953,86.93669003729178,85.9972085270611,86.84969584666953,10943400
2022-06-15,87.08456420898438,87.12806130163146,86.27556739751017,86.71921252295719,10979000
2022-06-16,87.29334259033203,87.30204333689782,86.2407779045229,86.32776546000566,9329900
2022-06-17,87.2846450805664,87.48472243864886,86.97149119656069,87.35423778222338,9892200
2022-06-21,86.93668365478516,87.2150477888552,86.80619901515634,87.00626971075933,9022500
2022-06-22,87.67607116699219,87.79785503779937,87.57168214770466,87.57168214770466,9437000
2022-06-23,88.04142761230469,88.51986901439844,87.9718349289595,88.07622395397729,7773900
2022-06-24,87.90225219726562,88.2676038435205,87.85875510935365,87.95444339338094,7389600
2022-06-27,87.51081848144531,87.81527825681472,87.40643606516171,87.57171043651918,8319700
2022-06-28,87.54557800292969,87.56297948947322,87.3368066214651,87.44988973710788,6540000
2022-06-29,88.05013275146484,88.06752760480754,87.58039207052549,87.68478110075331,7326500
2022-06-30,88.45025634765625,88.69382404761208,88.36326883148946,88.38066368003399,7521300
2022-07-01,89.18754577636719,89.57971702225075,88.96967507828278,89.07425540696228,7393100
2022-07-05,89.3531265258789,89.50127699968935,89.19625936276024,89.36184321518711,6813100
2022-07-06,88.7518081665039,89.5884375338598,88.7518081665039,89.57100415389313,6647700
2022-07-07,88.55140686035156,88.87385803203962,88.4729699163673,88.83899790681207,8226500
2022-07-08,88.22019958496094,88.4119202002831,88.15919605988444,88.32477325715747,5270100
2022-07-11,88.62979888916016,88.82152617068812,88.54265193816187,88.60365546874928,5758400
2022-07-12,88.7518081665039,89.05683247594378,88.73438143542357,88.90867534177235,6690500
2022-07-13,89.07424926757812,89.10039268572457,88.18533980617111,88.22019991332823,6534700
2022-07-14,88.7605209350586,88.87381795317755,88.30735280924087,88.46421997757894,6233300
2022-07-15,89.109130859375,89.19627782383657,88.80411315931595,88.83897327487801,8640400
2022-07-18,88.82154846191406,88.91741212673661,88.64725451617554,88.89126869976461,6006400
2022-07-19,88.69951629638672,88.88252688234476,88.5949426180598,88.84766677327382,5936200
2022-07-20,88.63853454589844,89.0394159253806,88.60367442826248,89.03070588263729,6124000
2022-07-21,89.3792953491211,89.3967287326926,88.85640687306733,88.85640687306733,5920000
2022-07-22,90.07648468017578,90.28563874143211,89.86733061891945,89.98933770872628,7323100
2022-07-25,89.74532318115234,89.84118019515371,89.64945951826327,89.67560294470798,3729500
2022-07-26,89.7278823852539,90.20720066010321,89.7278823852539,90.14619712047578,6312200
2022-07-27,90.04159545898438,90.32046966681892,89.9195884086121,89.928305097606,5431400
2022-07-28,90.6865005493164,90.81722430271027,90.49477326419024,90.71264397021793,6473800
2022-07-29,90.69522857666016,90.98281954029989,90.48607453441632,90.5819381889629,7674600
2022-08-01,91.00956726074219,91.07941507271556,90.73015602778088,90.80000383975425,7733700
2022-08-02,90.07526397705078,91.114320714334,90.05779703193036,91.04446625722773,6869400
2022-08-03,90.47691345214844,90.49437373487471,89.69106749571766,89.96174517894316,6261700
2022-08-04,90.69522094726562,90.71268123332662,90.4332700245299,90.52058477821224,5199700
2022-08-05,89.6823501586914,89.7871318589631,89.51644746535005,89.76966491140684,4847100
2022-08-08,90.09275817871094,90.1888064279705,89.97051616359698,90.02290369530577,3425000
2022-08-09,89.89192199707031,89.9792434261421,89.79587375444312,89.86572823302467,3854000
2022-08-10,90.11893463134766,90.5293213153988,90.03161987471077,90.31103109296214,7156200
2022-08-11,89.63871765136719,90.48567828407013,89.60379040955105,90.26738801898695,8518200
2022-08-12,90.04035949707031,90.04035949707031,89.69109378498511,89.90938402232719,3643400
2022-08-15,90.15385437011719,90.32848386887065,90.145120896673,90.25863606638228,3782900
2022-08-16,90.02291107177734,90.04910483977805,89.7522332535157,90.04910483977805,4976100
2022-08-17,89.49028015136719,89.70857042850798,89.3593046527446,89.62125564998978,7222300
2022-08-18,89.6823501586914,89.87444661167852,89.62122916562174,89.67361668491328,4260600
2022-08-19,89.0536880493164,89.17593005572864,88.93144604290417,89.17593005572864,4575500
2022-08-22,88.66947937011719,88.96635083602096,88.64327895104799,88.90522984823559,7133200
2022-08-23,88.63456726074219,89.03622048638053,88.53851902616681,88.66076102259198,7369600
2022-08-24,88.3988037109375,88.53851264632162,88.32022243105045,88.4948519385919,6318900
2022-08-25,88.88780212402344,88.9489231341978,88.39882738093802,88.47741534355676,8217300
2022-08-26,88.72187042236328,88.93142715145589,88.55596773675045,88.77425793921435,5584800
2022-08-29,88.29403686523438,88.4337391518949,88.24164267875854,88.4250056772007,7509000
2022-08-30,88.40753173828125,88.58216123506426,88.12812054641545,88.4162652116269,6573600
2022-08-31,87.93602752685547,88.39007489487156,87.87490653443275,88.22417220328623,6116500
2022-09-01,87.55455780029297,87.62455405254208,87.19583868913384,87.55455780029297,8961600
2022-09-02,87.80829620361328,88.0795233586736,87.60705863116783,87.8170474046441,5966800
2022-09-06,86.9858627319336,87.46707869294227,86.97711820552325,87.45832749132093,5341300
2022-09-07,87.58956146240234,87.6070571889654,87.24833805513389,87.25708925602063,3607100
2022-09-08,87.30958557128906,87.65080898817313,87.30958557128906,87.49332074382582,5546200
2022-09-09,87.30084228515625,87.60706760048097,87.25709962594485,87.48457747435108,7496100
2022-09-12,87.1695785522461,87.57204695968674,87.06459085695433,87.49330618821793,8535500
2022-09-13,86.67961883544922,86.78461320675213,86.53088181584394,86.53963301558825,4957400
2022-09-14,86.79336547851562,86.92460678555655,86.59213459290167,86.61838151926783,7557300
2022-09-15,86.5308837890625,86.71461893662524,86.47838326460905,86.65337388743767,6016600
2022-09-16,86.46965026855469,86.62713851249289,86.27716389538458,86.3209132257271,6965400
2022-09-19,86.33840942382812,86.4783952663089,86.16342545192451,86.20716810729509,5982200
2022-09-20,85.95344543457031,86.09343796652783,85.81345957782413,85.92719850363112,11271700
2022-09-21,86.22467041015625,86.26841306547638,85.620964359927,86.09342909377459,7094400
2022-09-22,85.30595397949219,85.67342417920008,85.21846202840096,85.65592845906504,7092400
2022-09-23,85.04349517822266,85.26222845458148,84.77226805160488,85.21848580443562,11059300
2022-09-26,83.94981384277344,84.78975534856042,83.87982427996508,84.75475722955191,9009900
2022-09-27,83.59114074707031,84.06360560054361,83.45114819409497,83.96736238917615,11440200
2022-09-28,84.93855285644531,84.98229552996085,84.22985212327403,84.40484284297644,10539800
2022-09-29,84.4922866821289,84.69352422622435,84.24730648946286,84.41354590957607,8666100
2022-09-30,84.2910385131836,84.9472382359152,84.15980390880429,84.74600739239442,14376300
2022-10-03,84.97590637207031,85.47571277872747,84.73915209583794,84.9583655494571,9617900
2022-10-04,85.2038803100586,85.5370890284132,85.12496668088836,85.23895526408874,6964200
2022-10-05,84.7566909790039,85.0460476468636,84.41471184450874,84.78299552245811,9512800
2022-10-06,84.42347717285156,84.80052454934294,84.36209767853265,84.69529969199773,5625100
2022-10-07,83.97628784179688,84.1867375764113,83.8973742087143,84.01136279756594,6149600
2022-10-10,83.59925079345703,83.95876411726125,83.43265309523045,83.94122998213489,4074700
2022-10-11,83.65185546875,84.02890287760486,83.53786019104224,83.85352810030975,8892800
2022-10-12,83.72201538085938,83.83600398232016,83.50280190045166,83.52033603534389,5651200
2022-10-13,83.45892333984375,83.68690714196897,82.58206976690563,82.62591512149729,6254400
2022-10-14,83.00296020507812,83.85350252859163,82.95911485165936,83.85350252859163,8580700
2022-10-17,83.17833709716797,83.65183886709745,83.15203255826006,83.52030948269552,5460600
2022-10-18,83.31861114501953,83.45891090692278,82.98540924529058,83.39753143355532,6389100
2022-10-19,82.59957885742188,82.91524658318403,82.55574020598036,82.78372393899966,6316100
2022-10-20,82.09980010986328,82.65222215904001,82.038420625495,82.47684742522912,9012900
2022-10-21,82.22256469726562,82.31025541509442,81.72275837900901,81.78413786757166,8371100
2022-10-24,82.10855102539062,82.45052331280566,81.94194674028981,82.22253955790882,6090400
2022-10-25,82.91526794433594,83.04679731226555,82.7398999136708,82.76620444928442,11710400
2022-10-26,83.28356170654297,83.45015934910818,83.09065283528206,83.10818696455016,7884100
2022-10-27,83.7044448852539,83.84474467411752,83.2923226177947,83.4852314825511,6913500
2022-10-28,83.49398803710938,83.70443099562246,83.28354507859628,83.30984961217779,6229200
2022-10-31,83.21341705322266,83.35371016579474,82.95035826858866,83.30987149493093,10946400
2022-11-01,83.36808776855469,83.79872433454987,83.18352924027104,83.71084027895627,8096800
2022-11-02,83.22748565673828,83.93936208057833,83.0780820598691,83.47357045203026,8584100
2022-11-03,82.91986846923828,83.06048831906631,82.55075142112493,82.58590638358194,9314800
2022-11-04,82.91108703613281,83.17474593056725,82.76168345834459,82.99018738651283,6918300
2022-11-07,82.64741516113281,83.01653216132212,82.63862474537899,82.97259349279823,7597200
2022-11-08,82.99899291992188,83.1483965249191,82.80564392280763,82.82321805657918,5834900
2022-11-09,83.09564208984375,83.22746481576269,82.83198322775908,82.95502224203236,6694200
2022-11-10,84.87970733642578,84.87970733642578,84.18541198299674,84.35239636189517,8494800
2022-11-11,84.81816864013672,84.90605266514986,84.57209068805138,84.57209068805138,4953100
2022-11-14,84.58090209960938,84.76546062412152,84.52817300835547,84.74788649541138,7457600
2022-11-15,85.20490264892578,85.20490264892578,84.90609547220738,85.07307989750572,7962000
2022-11-16,85.73223114013672,85.80253438126486,85.3718976944308,85.46857219424821,11075000
2022-11-17,85.37187194824219,85.398236493855,85.11700349877921,85.27519747757957,6889000
2022-11-18,85.24880981445312,85.53883314779335,85.16971619906307,85.44215870334662,4714900
2022-11-21,85.19612121582031,85.54765750251546,85.16975666483067,85.48613798183133,6829100
2022-11-22,85.63551330566406,85.68824238610874,85.40700944853357,85.40700944853357,8039000
2022-11-23,86.1452407836914,86.1452407836914,85.75854969694971,85.75854969694971,5885600
2022-11-25,86.162841796875,86.162841796875,85.96070243874408,85.96070243874408,2718600
2022-11-28,86.02224731445312,86.29469667794102,85.98709234157967,86.25075128556783,7920700
2022-11-29,85.71463012695312,85.94313404593342,85.67947516210047,85.72342054444728,6643300
2022-11-30,86.38255310058594,86.40891764551856,85.50369917550738,85.67068356691178,8963500
2022-12-01,87.10134887695312,87.11015955233262,86.47592533653294,86.59044395473778,12471300
2022-12-02,87.46249389648438,87.47130456997559,86.59042539694693,86.75778786983155,6368000
2022-12-05,86.77542877197266,87.46251360648012,86.59044491041882,87.04849922656504,8072500
2022-12-06,87.03089904785156,87.13660028881924,86.8459084350034,86.95161639654843,7660100
2022-12-07,87.80603790283203,87.85008455054934,87.35678763429995,87.46249555647658,6752900
2022-12-08,87.54177856445312,87.73557307722204,87.41845600552298,87.55058923882683,6307200
2022-12-09,87.02208709716797,87.39205487629434,87.00446574354636,87.31277894672894,8994400
2022-12-12,87.03970336914062,87.41848183221008,86.88114478644697,87.37444188848136,10384200
2022-12-13,87.6210708618164,88.24649439985748,87.5594095755469,88.24649439985748,9120600
2022-12-14,87.81488037109375,87.90296697784649,87.35681926305583,87.66512574697906,10624000
2022-12-15,87.94373321533203,88.02318923261257,87.73184376673981,87.90841718459264,9423900
2022-12-16,87.71421813964844,87.86430627959032,87.35224046473878,87.36989511938324,7546100
2022-12-19,87.17567443847656,87.34342399623328,87.06090232497604,87.31693864202916,10351000
2022-12-20,86.58413696289062,86.75188650363903,86.50468090833441,86.61062231440937,10282200
2022-12-21,86.8224868774414,86.99906706316388,86.69006015795624,86.95492033277193,8489300
2022-12-22,86.79600524902344,86.93726940364851,86.71654921393106,86.80483594264892,8267800
2022-12-23,86.495849609375,86.61945240616538,86.43404821097981,86.56648170349729,4823400
2022-12-27,85.86897277832031,86.18681034701744,85.82482605206165,86.04554621166551,7925700
2022-12-28,85.7188949584961,86.08087932527515,85.71007100016932,86.05439397860275,12131200
2022-12-29,86.03672790527344,86.05438929265736,85.798353062356,85.8248384075862,7763300
2022-12-30,85.630615234375,85.95728358705122,85.61296058043013,85.86016615073792,8469000
2023-01-03,86.13381958007812,86.49580381893678,85.96607686514888,86.49580381893678,19930800
2023-01-04,86.610595703125,86.74302915587553,86.42519156361234,86.67239708296256,10080100
2023-01-05,86.53998565673828,86.57530170218357,86.14269193321101,86.20449332877851,9682000
2023-01-06,87.48466491699219,87.53764235122819,86.55764401594587,86.63710006352983,8503000
2023-01-09,87.70538330078125,87.84664747465035,87.40520703507924,87.45817773235687,7849600
2023-01-10,87.36990356445312,87.53765311110081,87.1756686653553,87.42287426935344,7291300
2023-01-11,87.90843963623047,87.90843963623047,87.63474874790525,87.65240339986185,6102900
2023-01-12,88.54412841796875,88.75601795307352,87.83782098649037,88.14682796181958,8342700
2023-01-13,88.21746063232422,88.51764365022318,88.13800458207994,88.30574737787794,6719000
2023-01-17,88.05855560302734,88.25279051520853,87.97909954032485,88.05855560302734,8174700
2023-01-18,88.9325942993164,89.06502104307567,88.61475664260101,88.95907964806827,7779300
2023-01-19,88.7295150756836,88.93258061127062,88.57942696529283,88.93258061127062,8633700
2023-01-20,88.3675308227539,88.51762566913723,88.19095736751483,88.43816289918776,6095800
2023-01-23,88.14682006835938,88.34105493141473,88.09384937328838,88.11151076220955,6573200
2023-01-24,88.53529357910156,88.57060962260732,88.00556639820843,88.14682383638487,6538600
2023-01-25,88.64124298095703,88.70304437401684,88.37637601878833,88.51764019483741,5431000
2023-01-26,88.49116516113281,88.69422401806546,88.34990096861668,88.57945191353168,5399100
2023-01-27,88.35870361328125,88.41167430073442,88.20861550826706,88.25275550252961,5123100
2023-01-30,88.1203384399414,88.36754400850107,88.11151448095467,88.1998012217479,6822000
2023-01-31,88.48233032226562,88.58827172584495,88.13800728893855,88.42935962047596,12083600
2023-02-01,89.10626983642578,89.19477292533377,88.38053370361573,88.67259997412965,11593300
2023-02-02,89.20361328125,89.52222976041571,89.15935836656233,89.4248743499844,9197800
2023-02-03,88.34514617919922,88.61950782729467,88.07963011485562,88.4601995391593,9083000
2023-02-06,87.85836029052734,87.99111830957094,87.82296445431217,87.89376287909586,9198900
2023-02-07,87.70787811279297,88.12384996358021,87.67247553481626,87.75213302335169,6224800
2023-02-08,87.8318099975586,87.99997060509482,87.57514629481767,87.74330690235391,4900600
2023-02-09,87.48663330078125,88.11501398369458,87.46893538468412,88.09731606759743,5594800
2023-02-10,87.10606384277344,87.46893526963696,87.08836592669958,87.46008293542374,5068200
2023-02-13,87.3715591430664,87.3715591430664,87.14144577452828,87.16799601852289,6832700
2023-02-14,87.06184387207031,87.4070107422924,86.83173037447068,87.3273532132809,9559500
2023-02-15,86.8936538696289,87.05296212146996,86.76089586770262,86.94675436945843,6486500
2023-02-16,86.53079986572266,86.76091333189116,86.46000143581635,86.62815530324187,5235600
2023-02-17,86.734375,86.7432273370879,86.31840293748039,86.31840293748039,5956300
2023-02-21,85.92012786865234,86.25644237202685,85.92012786865234,86.16793926612347,8369600
2023-02-22,86.15021514892578,86.3714762399214,86.1148193164368,86.20332240236452,5862300
2023-02-23,86.45999145507812,86.48654170727231,86.17677751108499,86.20332776327918,8527200
2023-02-24,85.9643783569336,86.07943847482059,85.82277473415141,86.04403588103646,4866800
2023-02-27,86.13253021240234,86.28298615638766,86.04402711313767,86.2121877283881,5040000
2023-02-28,86.12368774414062,86.17679501166697,85.78737322746115,85.84047374263305,8575000
2023-03-01,85.63040924072266,86.09174554621819,85.61266866064835,85.90543899660165,9125300
2023-03-02,85.45296478271484,85.47957903353401,85.26665825835126,85.30214618231996,9247400
2023-03-03,86.12721252441406,86.12721252441406,85.69249057909194,85.92315867572933,7267000
2023-03-06,85.91432189941406,86.31355609604077,85.88770764003193,86.29580874403162,4188500
2023-03-07,85.7989730834961,86.0828697380599,85.67476872016381,86.03851490465846,6013200
2023-03-08,85.71026611328125,86.12724085135734,85.59493541134503,85.96754854249056,8044000
2023-03-09,86.020751953125,86.18931788791276,85.79008384793579,85.8433191144434,7054400
2023-03-10,87.02326965332031,87.22732353137994,86.73050611506733,86.75712036685127,7515700
2023-03-13,87.71526336669922,88.40726090337466,87.49346893732228,87.87495562659578,10343900
2023-03-14,87.20069885253906,87.67090196084303,87.0232592474808,87.62654036742124,8159800
2023-03-15,88.07013702392578,88.45162374778783,87.66203604910605,88.21208872053931,11133700
2023-03-16,87.72411346435547,88.46934612397799,87.54668066229786,88.30078022398399,15217800
2023-03-17,88.27418518066406,88.54034121026841,88.01690282368091,88.08787866739262,8277500
2023-03-20,87.9192886352539,88.47821479051592,87.8483128109941,88.47821479051592,6346400
2023-03-21,87.65315246582031,87.8571995300892,87.56442928800446,87.72412153199357,5499100
2023-03-22,88.49598693847656,88.55808911470575,87.51121902353547,87.6531707227048,7585400
2023-03-23,88.7088851928711,88.76212045085641,88.28304374075562,88.43386230635369,9949700
2023-03-24,88.85972595214844,89.15248946306285,88.6734126697997,88.96618294934314,6217700
2023-03-27,87.90155029296875,88.291903799044,87.89267662255442,88.17657315816702,6823400
2023-03-28,87.76850128173828,87.87496505596962,87.67091118085027,87.81286287982539,6356200
2023-03-29,87.87494659423828,87.92817508585635,87.58217635308262,87.59991692741261,5111300
2023-03-30,87.97254943847656,88.03465161058404,87.78623615352504,87.85721199839904,4251900
2023-03-31,88.39839935302734,88.44276095243755,87.97255778066024,88.17660489323579,8521600
2023-04-03,88.78263854980469,88.81821645839798,88.24008731889329,88.3023469624835,7567100
2023-04-04,89.11172485351562,89.20956240102042,88.49801783476586,88.54249191482873,8925200
2023-04-05,89.41412353515625,89.81436988335855,89.30739660426894,89.38744180243442,9883500
2023-04-06,89.3340835571289,89.55644039052615,89.3340835571289,89.44081049425267,6105200
2023-04-10,88.7203598022461,88.86267140597562,88.58694437019734,88.84487906261405,4478000
2023-04-11,88.77372741699219,88.83598705009106,88.57805234559828,88.77372741699219,4543800
2023-04-12,88.8804702758789,89.12061266090207,88.59585381158134,89.09393092765414,7226000
2023-04-13,88.84488677978516,89.18286668931398,88.77373097173971,89.0850359354907,3964800
2023-04-14,88.4090805053711,88.5780670885994,88.3379246883317,88.55138535365768,4794100
2023-04-17,87.96434783935547,88.21338635944306,87.94655549604022,88.16891228694567,4441300
2023-04-18,88.0888900756836,88.1956238060423,87.97326695713936,87.97326695713936,4753000
2023-04-19,87.95545959472656,87.9910374987728,87.79536241941418,87.95545959472656,3592900
2023-04-20,88.35570526123047,88.37349760738188,88.22229659405396,88.24008215441356,5092400
2023-04-21,88.20448303222656,88.5513590550356,88.15111957819138,88.50689177193635,5367300
2023-04-24,88.55138397216797,88.57806570669342,88.37350121813684,88.42686468718776,3256900
2023-04-25,89.10281372070312,89.16507335086312,88.90713865854579,88.91603483022314,5065400
2023-04-26,88.77372741699219,89.13839582927923,88.69368222548981,89.08503236827765,3723600
2023-04-27,88.45355224609375,88.61364944958049,88.40018877352901,88.59586388732309,4018300
2023-04-28,88.90713500976562,88.93381673791193,88.69367439880483,88.93381673791193,5469900
2023-05-01,87.99678039550781,88.6387683146015,87.91652850425248,88.58526478618553,10631600
2023-05-02,88.85275268554688,88.87058265798755,88.2107648338978,88.23751319392709,6085800
2023-05-03,89.2450942993164,89.28076105532513,88.88844034470551,89.06676732201096,5637200
2023-05-04,89.13807678222656,89.53931577426803,88.94191307847782,88.95974305030212,5262200
2023-05-05,88.85275268554688,88.91516779319406,88.6744189474574,88.84383429795827,4003000
2023-05-08,88.36235046386719,88.58526255222343,88.34452049000299,88.4604323269629,5481300
2023-05-09,88.2821044921875,88.44260146630421,88.2821044921875,88.37126796608857,5712200
2023-05-10,88.85275268554688,88.87950104557616,88.62092222739881,88.6565889750167,4803000
2023-05-11,89.12025451660156,89.33425502975055,89.0578394009508,89.26292152536756,7703800
2023-05-12,88.62092590332031,89.12024678520922,88.62092590332031,89.06675006293163,4285900
2023-05-15,88.39801025390625,88.46934374922037,88.36234350624919,88.46042536162197,8532600
2023-05-16,88.19293212890625,88.22859207268273,88.04134675554275,88.17509535428168,6728500
2023-05-17,88.05919647216797,88.2999385430907,87.98786296865852,88.26427179133599,6318700
2023-05-18,87.64904022216797,87.83628556937178,87.62228505593536,87.81844879188338,4811300
2023-05-19,87.45286560058594,87.77385952804767,87.3815321049863,87.49744393328328,10285900
2023-05-22,87.37262725830078,87.67579126021504,87.35479728300588,87.5063758825942,8551100
2023-05-23,87.47069549560547,87.5687773512839,87.21211667633841,87.31019853201683,7641200
2023-05-24,87.24779510498047,87.55095910023,87.22104674125734,87.5331223225896,7719200
2023-05-25,86.92678833007812,87.20320392088713,86.88220999801868,87.14970039858476,5941300
2023-05-26,86.99813842773438,87.01596840341361,86.70389280849385,86.81089307078253,3889800
2023-05-30,87.57772064208984,87.59555061967572,87.24780823347406,87.29239338154647,7349900
2023-05-31,87.88978576660156,88.02353439209591,87.56879178651022,87.57771017560655,10559900
2023-06-01,88.15619659423828,88.32605657268185,88.03998055775017,88.14725480048067,9029800
2023-06-02,87.69132232666016,88.12938157069222,87.68238735313415,88.09362121481672,6877200
2023-06-05,87.68238067626953,87.89693597459404,87.40523964448582,87.47676035079064,7246200
2023-06-06,87.78966522216797,87.79860701665338,87.512530978437,87.71815132805695,3816000
2023-06-07,87.32479095458984,87.80754552990093,87.24432844840942,87.74496661202305,5131500
2023-06-08,87.78966522216797,87.79860701665338,87.40524990638431,87.43207528984055,5041900
2023-06-09,87.58404541015625,87.65556611972738,87.42312722391634,87.53040828827304,7140700
2023-06-12,87.73603057861328,87.75391416809006,87.36949884143075,87.6913284255123,5436300
2023-06-13,87.32479095458984,88.03998443370047,87.25327024256069,88.03998443370047,9568100
2023-06-14,87.40522766113281,87.60190616621126,87.1191516957248,87.50356691367205,8360100
2023-06-15,88.01315307617188,88.0220948697161,87.72707706806698,87.87011848241444,7472000
2023-06-16,87.73603057861328,87.86118842258692,87.530417043767,87.6913284255123,5653700
2023-06-20,87.89693450927734,88.06679447877211,87.76283489233883,87.86117415672108,6694200
2023-06-21,88.03994750976562,88.08464282059576,87.59295347793831,87.69128588999969,5579900
2023-06-22,87.58404541015625,87.90588178263607,87.53934326152672,87.76284036349381,7147600
2023-06-23,87.84329986572266,88.05785516651545,87.70025845146743,88.048913372977,4792900
2023-06-26,87.95056915283203,88.06679200051674,87.88799024276705,88.05785020748185,10632300
2023-06-27,87.78073120117188,88.13832113738108,87.70026869111122,88.01316329558969,7803300
2023-06-28,88.03994750976562,88.09358461099686,87.7896251226487,87.91478290591334,8622900
2023-06-29,87.36054229736328,87.49464191343488,87.26220303361676,87.43206300201344,8877500
2023-06-30,87.56616973876953,87.70026937619093,87.37843297461592,87.48571404867123,13417300
2023-07-03,87.46308898925781,87.87539622542559,87.42723529414846,87.67820432152075,3691600
2023-07-05,87.0687255859375,87.4182906471825,86.98805988183236,87.40036721462405,6046200
2023-07-06,86.5040054321289,86.62052478625716,86.2978484411726,86.54881741215135,9534200
2023-07-07,86.52194213867188,86.7191340285385,86.42334619373857,86.42334619373857,8311000
2023-07-10,86.7639389038086,86.88942338838585,86.5398584901504,86.55778191435078,8827400
2023-07-11,86.95218658447266,87.03285227040054,86.81773693619967,86.88944432706435,5978500
2023-07-12,87.66029357910156,87.70510557567846,87.34657541109272,87.40035938073675,7189100
2023-07-13,88.20703125,88.23391980974425,87.94709710848448,88.000874227973,7458500
2023-07-14,87.7857666015625,88.11740131864933,87.76783633456725,88.04570076584795,7208400
2023-07-17,87.88431549072266,87.92912745742649,87.70504710873867,87.79467788053589,4689500
2023-07-18,87.95604705810547,88.20702288149035,87.95604705810547,88.13531550338038,5593200
2023-07-19,88.2249526977539,88.26977152191725,88.00983738623322,88.15324531444952,7467900
2023-07-20,87.7678451538086,87.91125995060862,87.59754863060094,87.89332968181166,12562400
2023-07-21,87.83055877685547,87.9739735268889,87.78574679626377,87.93811983938055,7605200
2023-07-24,87.66922760009766,87.98294568123913,87.65130417410865,87.92916172648768,6656600
2023-07-25,87.57064819335938,87.65132072152036,87.45412880645296,87.46309394033607,5794800
2023-07-26,87.85743713378906,87.90225594756956,87.55269108293254,87.77677147505324,5907400
2023-07-27,87.10454559326172,87.77678688766174,87.04180334598674,87.69611437636986,6937900
2023-07-28,87.44512176513672,87.47201031550641,87.22104139420237,87.29274875411501,9233600
2023-07-31,87.55271911621094,87.66028020068929,87.40930433690647,87.41826947021126,11079100
2023-08-01,86.97301483154297,87.26061779908973,86.91909141793909,87.18872219994977,8810400
2023-08-02,86.76628875732422,86.78426093973589,86.48767535947947,86.71236535309477,8551900
2023-08-03,86.1821060180664,86.29894236333115,86.10122089988208,86.21805724514681,7532700
2023-08-04,86.89212036132812,86.95503328942827,86.50565327242865,86.50565327242865,6400400
2023-08-07,86.91009521484375,86.91009521484375,86.71237376116554,86.85617180538561,9732600
2023-08-08,87.1168212890625,87.27859838973933,87.03592931022622,87.1258108104878,6867300
2023-08-09,87.17974090576172,87.28759460014317,87.09885577772283,87.18873042787591,5634700
2023-08-10,86.61351013183594,87.37745481744449,86.61351013183594,87.23364991535598,15516100
2023-08-11,86.34388732910156,86.65845201017648,86.34388732910156,86.38882807939618,9016700
2023-08-14,86.28097534179688,86.4787036740745,86.12818776030812,86.26300315567885,7901300
2023-08-15,86.04730987548828,86.34390242248882,86.04730987548828,86.11022282270079,6522500
2023-08-16,85.84056854248047,86.21804609250337,85.78663828033822,86.06525853992189,8964600
2023-08-17,85.75068664550781,85.87651248484873,85.57093054859651,85.83157174637242,8162300
2023-08-18,85.93943786621094,86.05627420339972,85.7686712636316,85.80462248822698,6154600
2023-08-21,85.50804901123047,85.65185394153734,85.4181743582869,85.61590270896063,13362300
2023-08-22,85.597900390625,85.6698028362286,85.43612331651421,85.5349874649705,6156200
2023-08-23,86.41576385498047,86.41576385498047,86.0382863509647,86.05625853149195,7831600
2023-08-24,86.21807098388672,86.38883762548124,86.14616851826834,86.27199440460224,8247700
2023-08-25,86.16413116455078,86.35286995813117,85.92146210352227,86.11919041784321,7917900
2023-08-28,86.35285949707031,86.37982119903053,86.21804413027479,86.370831679379,6544500
2023-08-29,86.91009521484375,86.91908473541848,86.20008080032791,86.20008080032791,7386300
2023-08-30,86.87415313720703,87.02694070603049,86.83820191095529,86.981999958967,8752300
2023-08-31,86.99996948242188,87.14376751470145,86.92806703778483,86.98199044276535,7230100
2023-09-01,86.54937744140625,87.02700201403819,86.49530881068164,86.99996769867587,8132400
2023-09-05,86.08076477050781,86.39618346945892,86.08076477050781,86.37815600785264,6111400
2023-09-06,85.99967193603516,86.1889190523902,85.89152778006246,86.17990532052676,8379200
2023-09-07,86.2700424194336,86.27904927724684,86.05375407356401,86.14387077994435,5077800
2023-09-08,86.31505584716797,86.53133721361695,86.29703526473916,86.45023427949634,4774200
2023-09-11,86.21597290039062,86.2700484283565,86.12585618773345,86.20696604195003,4077200
2023-09-12,86.24299621582031,86.27003741408308,86.12584519186932,86.25200994857457,4583400
2023-09-13,86.36914825439453,86.46827867370332,86.14385309695865,86.16188055981256,5953600
2023-09-14,86.25199127197266,86.49531387540453,86.22495695502735,86.4772864137996,5952800
2023-09-15,86.0537338256836,86.24298092719289,86.0447269699896,86.18891229117948,5667700
2023-09-18,86.17990112304688,86.1889148544713,85.93658537828787,85.94559910971229,6066200
2023-09-19,85.92757415771484,86.143855589983,85.92757415771484,86.09880068246947,5327900
2023-09-20,85.88250732421875,86.24297403612226,85.88250732421875,86.1258230422998,6282700
2023-09-21,85.29674530029297,85.44093062128108,85.28773156914922,85.43192376559969,8028900
2023-09-22,85.65721893310547,85.69326010676296,85.36884141560914,85.41389632041216,7294200
2023-09-25,84.98133087158203,85.26970838022046,84.97231714071336,85.15255050531407,7485000
2023-09-26,84.87318420410156,85.17057543476666,84.84614988776146,85.13452738782587,15549200
2023-09-27,84.57579040527344,85.17057284854292,84.40457078183121,85.13452480269673,14560500
2023-09-28,84.82813262939453,84.855173824449,84.28742561117213,84.4406246725003,13334200
2023-09-29,84.74702453613281,85.2246491545496,84.68394216908649,85.16156678750328,13483500
2023-10-02,84.15694427490234,84.50033577807206,84.1298358708214,84.42804210432008,8880000
2023-10-03,83.49728393554688,84.12079791586278,83.47017553131195,84.03043427031163,12058400
2023-10-04,84.08466339111328,84.08466339111328,83.63283823993977,83.8316355152402,14097800
2023-10-05,84.13885498046875,84.23825703547318,84.03041449474502,84.19307177617931,7129400
2023-10-06,83.81354522705078,84.02138777970552,83.47016067734187,83.55148587557437,9569500
2023-10-09,84.6810531616211,84.69009159335876,84.17501129316575,84.23826652672267,4353100
2023-10-10,84.59973907470703,84.77142793446116,84.2744244324407,84.39189648325187,14553600
2023-10-11,84.9883041381836,84.9883041381836,84.72624475264985,84.88890206455686,15347000
2023-10-12,84.25634002685547,84.86179088119127,84.19308479064769,84.82564404702916,11189800
2023-10-13,84.6177978515625,84.75334675029146,84.50935735371866,84.6539446841771,7515500
2023-10-16,84.14790344238281,84.4099628100614,84.12982657878929,84.32863071249743,6332700
2023-10-17,83.54244995117188,83.75933094157246,83.45208631898991,83.59667364592363,8198300
2023-10-18,83.15390014648438,83.47921481609868,83.08161335991832,83.39788959584753,9352700
2023-10-19,82.83761596679688,83.28944108745483,82.78339915849527,83.03642012297504,11552700
2023-10-20,83.13582611083984,83.26233659902937,83.0454624613194,83.08160929998849,6629800
2023-10-23,83.46115112304688,83.5876616269378,82.75630491728155,82.86473855244213,12885800
2023-10-24,83.75934600830078,83.75934600830078,83.38884608711459,83.52439500692184,9165100
2023-10-25,83.13582611083984,83.45210233131365,83.06353243350168,83.43403235913138,8904400
2023-10-26,83.69607543945312,83.71414540810991,83.23521195421853,83.24425038569852,11574400
2023-10-27,83.6689682006836,83.71415346813077,83.47017094910599,83.64185979793682,7650000
2023-10-30,83.47016906738281,83.5966795402183,83.27136492598314,83.39787539881861,8166700
2023-10-31,83.41594696044922,83.70511474591984,83.41594696044922,83.54245743569862,12343600
2023-11-01,84.33772277832031,84.33772277832031,83.59449972972003,83.59449972972003,14404600
2023-11-02,84.84530639648438,84.98126329574893,84.62777950669418,84.90875202746714,11166700
2023-11-03,85.3619155883789,85.8241661634663,85.32565996336682,85.68820929843432,11890300
2023-11-06,84.93592834472656,85.18971082778403,84.86341708812327,85.13533084285858,8521600
2023-11-07,85.38912200927734,85.52507890047067,85.11721514194541,85.14440513717314,7306900
2023-11-08,85.67913055419922,85.76070742675822,85.42534813299763,85.44347248520388,6932200
2023-11-09,84.96310424804688,85.59756726553373,84.95404552876417,85.57943599686254,9163200
2023-11-10,85.16252136230469,85.3981794901966,85.0900101052527,85.37098949756562,6102000
2023-11-13,85.15345001220703,85.17158128278037,84.77277631081026,84.87247755380278,9679500
2023-11-14,86.22298431396484,86.2864299437669,86.04171306168898,86.1323486878269,12149600
2023-11-15,85.68820190429688,85.85134874524644,85.61569066052978,85.83321747677826,10956800
2023-11-16,86.15951538085938,86.2864066061436,85.96917854293304,85.96917854293304,10145400
2023-11-17,86.33174133300781,86.43144258486444,86.13233882929455,86.29548570369138,9244000
2023-11-20,86.46768188476562,86.48580623847394,86.16857818568144,86.16857818568144,10051600
2023-11-21,86.558349609375,86.62179524348123,86.35894706931101,86.51302833570392,7393800
2023-11-22,86.63988494873047,86.78490743442583,86.44048940347842,86.72146182569729,6329900
2023-11-24,86.2411117553711,86.39519300446318,86.21392176024364,86.32268174075348,2944300
2023-11-27,86.73053741455078,86.7577274049763,86.40424369933768,86.43143368976318,8854500
2023-11-28,87.1112060546875,87.1293304089014,86.62176551027494,86.65802113375584,9749400
2023-11-29,87.53721618652344,87.61878616722926,87.31968240786595,87.39219366741845,8006800
2023-11-30,87.24716186523438,87.38311872289025,87.12932936157455,87.35592181931665,8889100
2023-12-01,88.01433563232422,88.05069475592484,87.23263181189517,87.25989942089721,11774300
2023-12-04,87.67800903320312,87.86888920944317,87.54166406880512,87.78708639168013,9440200
2023-12-05,88.2597885131836,88.30523917067597,87.97801385416153,88.03254909531505,8850600
2023-12-06,88.48697662353516,88.61423006897228,88.30518796856575,88.38699078286417,11111200
2023-12-07,88.5142593383789,88.6778719296984,88.36882977653595,88.36882977653595,7157900
2023-12-08,88.0688705444336,88.23248313267123,87.91434947076296,88.15976488572257,6696600
2023-12-11,88.07795715332031,88.12340085403686,87.80526720984768,87.98706281709389,15008700
2023-12-12,88.34156799316406,88.34156799316406,88.00525127360703,88.11432865327819,11711400
2023-12-13,89.45050048828125,89.48685268142854,88.46882483823453,88.52336006275004,11194400
2023-12-14,90.17243957519531,90.2818304022811,89.88985529862656,89.95366487574603,12651200
2023-12-15,89.96278381347656,90.13597726545606,89.87162131222983,90.06305700107005,10079100
2023-12-18,89.78047943115234,89.86252430381793,89.71666984340065,89.86252430381793,11521000
2023-12-19,89.88985443115234,90.04481955198668,89.87161914945288,89.90808275812958,13787100
2023-12-20,90.218017578125,90.2818271529479,89.96277927883341,90.12686203619543,9994100
2023-12-21,90.20892333984375,90.48239699130002,90.09042180006543,90.44593337412425,9099100
2023-12-22,90.09040069580078,90.37298496931089,90.07216541412271,90.36386732847185,13234700
2023-12-26,90.2727279663086,90.31830922395233,90.1451087905743,90.18157240574459,5418500
2023-12-27,90.8470230102539,90.88347967142244,90.52796810987864,90.61001298431684,6919900
2023-12-28,90.6464614868164,90.83789022229068,90.52795301624487,90.73761703398667,7172200
2023-12-29,90.47325897216797,90.63734173514266,90.36386814527742,90.42767772228301,7327600
2024-01-02,90.04483032226562,90.21803074551596,89.99925602201027,90.09952226446129,9754400
2024-01-03,90.09040069580078,90.19067388086351,89.61638073828203,89.74399989113965,10002100
2024-01-04,89.72579956054688,89.83519042058093,89.63464398788071,89.71668191686294,9896600
2024-01-05,89.51612091064453,89.96279496702024,89.39761938094338,89.45231132469418,9038700
2024-01-08,89.85343170166016,89.98105091272839,89.52526602899172,89.55261200925986,7946500
2024-01-09,89.83515930175781,89.93543248337338,89.68930487223628,89.68930487223628,7157400
2024-01-10,89.66197967529297,90.0630724946671,89.66197967529297,90.0083735935647,7679400
2024-01-11,90.17243957519531,90.2089031842239,89.70754420820589,89.81692808056937,7275900
2024-01-12,90.33651733398438,90.57352730217917,90.2088981868153,90.37298094099295,6359400
2024-01-16,89.66197967529297,90.10864679840823,89.57993480100117,89.99014526301296,14489800
2024-01-17,89.41583251953125,89.5252233431714,89.27910268338364,89.4796490493629,8977500
2024-01-18,89.33382415771484,89.51613530267757,89.23355094156803,89.47967863746453,10575100
2024-01-19,89.35203552246094,89.35203552246094,89.03298760200086,89.23353399621092,9126000
2024-01-22,89.51612091064453,89.66197536694435,89.42496535281879,89.57081980911859,8712600
2024-01-23,89.2973403930664,89.33380400477796,89.16972122943741,89.32468636316936,5642800
2024-01-24,89.0967788696289,89.63460835760044,89.06031526411206,89.59814475208358,11278500
2024-01-25,89.49787902832031,89.51610735523585,89.29733265863841,89.34291390801056,16521600
2024-01-26,89.3976058959961,89.51610740782219,89.31556799274469,89.51610740782219,5022800
2024-01-29,89.7531509399414,89.81696054012144,89.50703018345402,89.6073034058405,6423600
2024-01-30,89.92633056640625,89.96279418016228,89.59816499732524,89.91721292428645,6740000
2024-01-31,90.33651733398438,90.48237176201869,90.07216139921361,90.24536179382388,10829000
2024-02-01,90.85126495361328,91.03411667176209,90.53126398383397,90.69583332030626,11937400
2024-02-02,90.01927947998047,90.1655664443434,89.8364277498732,90.04670654196192,8422500
2024-02-05,89.27873992919922,89.51645280926923,89.19645175037397,89.49816344715344,7656800
2024-02-06,89.74500274658203,89.78156751267748,89.39757469055715,89.40671936975424,6608400
2024-02-07,89.56214904785156,89.85471602040126,89.54386666378146,89.58957611163015,8785200
2024-02-08,89.28787994384766,89.45244234220198,89.2513081968753,89.3975882094172,12446900
2024-02-09,89.26042938232422,89.26042938232422,89.1415764581713,89.17814819837517,7120500
2024-02-12,89.27873992919922,89.37016581373449,89.1598800014903,89.32444938379292,5696300
2024-02-13,88.45587158203125,88.77586558803397,88.45587158203125,88.72101146567526,15872600
2024-02-14,88.84900665283203,88.88557839185907,88.53815035877521,88.53815035877521,8776900
2024-02-15,89.0593032836914,89.18730089824321,88.89473392564669,89.13243979533041,7194500
2024-02-16,88.77588653564453,88.77588653564453,88.59303476773894,88.63874422204142,7723700
2024-02-20,88.85814666748047,89.01357131867803,88.83071960848628,88.89471840458795,8735700
2024-02-21,88.59302520751953,88.9404463191885,88.56559814282816,88.9404463191885,7785100
2024-02-22,88.66616821289062,88.76673179109426,88.5381636194513,88.62045178842321,7538200
2024-02-23,88.99530792236328,89.04102435091951,88.67531384851269,88.67531384851269,7737900
2024-02-26,88.80328369140625,89.00442475356013,88.65700372142328,88.99528007564074,9374600
2024-02-27,88.68445587158203,88.88559699064534,88.62960173923656,88.77588175060696,9065300
2024-02-28,88.85814666748047,88.89471840458795,88.69357733816963,88.74843145615804,7942500
2024-02-29,89.00444793701172,89.1964443712565,88.94959380589816,89.03187500256851,16774100
2024-03-01,89.43174743652344,89.45009068541884,88.77153039428167,88.93658465484211,8994800
2024-03-04,89.21165466308594,89.29417827436447,89.15663892223358,89.18414679265976,7428200
2024-03-05,89.69766235351562,89.7893576039303,89.49592860506382,89.57845922756646,6815500
2024-03-06,89.835205078125,90.00943094396554,89.78018932929068,89.81686183124764,16536100
2024-03-07,90.02776336669922,90.0827791131941,89.83520125806852,90.06444286299535,7726600
2024-03-08,90.11030578613281,90.2386875479028,90.03695377413575,90.17449316906779,7168700
2024-03-11,90.00941467285156,90.1469540200742,89.94522031628416,90.11944615062968,11354600
2024-03-12,89.7801742553711,89.89937735646444,89.6793074021776,89.88103411266688,7471900
2024-03-13,89.61515045166016,89.79854097648331,89.61515045166016,89.69767408906056,5846600
2024-03-14,89.04663848876953,89.38591869274092,89.03746686274305,89.38591869274092,10541000
2024-03-15,89.03744506835938,89.1291403184767,88.96408606990586,89.08329619136761,5756800
2024-03-18,88.94575500488281,89.0557935089797,88.87239600215155,89.00994238329778,5227200
2024-03-19,89.16584777832031,89.25754305719143,89.04664461537799,89.0833241261067,5076600
2024-03-20,89.34918975830078,89.5234085810244,89.06492547593606,89.21164342759488,8681200
2024-03-21,89.41342163085938,89.56930428518591,89.32172636336733,89.51428852387077,10100300
2024-03-22,89.69766235351562,89.78019297601826,89.6243033548242,89.78019297601826,8359200
2024-03-25,89.53260803222656,89.64264653017496,89.46842065739811,89.64264653017496,11037700
2024-03-26,89.62430572509766,89.64264897320521,89.42257197131066,89.5509537203655,8830500
2024-03-27,89.91773223876953,89.93607548636852,89.6701543633764,89.6793259871759,9366800
2024-03-28,89.8077163696289,89.93609114157145,89.72518573286563,89.7985447442329,8863300
2024-04-01,89.15472412109375,89.52259439748187,89.10873682820736,89.50420369033277,8667400
2024-04-02,89.09033966064453,89.10873036646004,88.7868403896245,88.89720567454322,10624600
2024-04-03,89.1455307006836,89.16392140895528,88.74086495194469,88.82364068085772,6919300
2024-04-04,89.35706329345703,89.36625513934284,89.13633269202539,89.31107599732304,9327500
2024-04-05,88.91559600830078,89.20989641684397,88.91559600830078,88.98917286460538,12343600
2024-04-08,88.83283233642578,88.93399877339387,88.75006362436616,88.80524276573924,11457100
2024-04-09,89.13631439208984,89.19150053945602,89.05354569605281,89.05354569605281,5736500
2024-04-10,88.06950378417969,88.53854056517099,88.05110605746815,88.49256028174587,11248700
2024-04-11,88.08788299560547,88.3178054327486,87.9131396980404,88.27182515532553,16217600
2024-04-12,88.25341033935547,88.47413387159702,88.25341033935547,88.36377561381353,17284600
2024-04-15,87.71998596191406,87.85794079650483,87.56364042382589,87.80276166933827,11705300
2024-04-16,87.4717025756836,87.53608058479682,87.2785685483439,87.37973499361851,17565900
2024-04-17,87.87637329101562,87.93155244001763,87.60046351265139,87.7384184018335,7567800
2024-04-18,87.62803649902344,87.89474736317284,87.57285736046694,87.87635665587928,7717500
2024-04-19,87.71998596191406,87.8763385166766,87.67400569483338,87.85794079650483,9121700
2024-04-22,87.77519989013672,87.85796860708619,87.66483458419417,87.67403344719186,9029000
2024-04-23,87.95909881591797,88.14303390004157,87.6464077695731,87.71997759321833,10837100
2024-04-24,87.72917938232422,87.8027562251004,87.5544361348993,87.71998052280873,7961000
2024-04-25,87.48089599609375,87.49928670469185,87.23257582162334,87.31535155200558,6758100
2024-04-26,87.67401885986328,87.80277485370202,87.64642929213719,87.66481999839611,8442500
2024-04-29,87.94072723388672,87.98670750657762,87.78437466004706,87.92232951147018,7384600
2024-04-30,87.58203887939453,87.83035197040343,87.5084620314384,87.66480757083936,11228300
2024-05-01,87.89111328125,88.1771078446521,87.63280106022629,87.82653522599408,11017700
2024-05-02,88.28777313232422,88.31545546343752,87.8449543731933,87.89107751476091,7607300
2024-05-03,88.73985290527344,88.98893765194683,88.49998856658394,88.85978155537849,9146700
2024-05-06,88.8044204711914,88.86899851185287,88.70293968751218,88.75829028279956,10155500
2024-05-07,88.98892974853516,89.18266387618146,88.91512426034264,89.05350779108393,7687000
2024-05-08,88.8044204711914,88.88744636412247,88.77674517354772,88.79519302581733,4587200
2024-05-09,88.97046661376953,89.05349249486616,88.73982978164216,88.74905018722342,6732500
2024-05-10,88.78595733642578,88.86899026012556,88.71215889572117,88.80441222546034,5326400
2024-05-13,88.83212280273438,88.99818167761103,88.82289535455214,88.97050637154503,5263200
2024-05-14,89.07196807861328,89.15499397900076,88.95203239341468,89.02583788607856,5243300
2024-05-15,89.66239166259766,89.74541755716962,89.46865753678439,89.58858617510346,5846300
2024-05-16,89.5609359741211,89.7362152579391,89.49635791408696,89.69931954233158,7894400
2024-05-17,89.27490997314453,89.48709897486069,89.27490997314453,89.41329349265696,5267100
2024-05-20,89.19189453125,89.26570002209829,89.18266708527422,89.21956983069836,5263000
2024-05-21,89.35796356201172,89.4409894698299,89.33028825940565,89.41331416722385,5227900
2024-05-22,89.24725341796875,89.38563696654035,89.16422751191358,89.17345495874626,3823600
2024-05-23,88.99816131591797,89.3302789896868,88.9059079706442,89.3302789896868,5094900
2024-05-24,89.0996322631836,89.13653500491176,88.9243459995944,88.96124874132256,3072100
2024-05-28,88.68450927734375,89.2011407837255,88.675288867903,89.18268588788304,6046100
2024-05-29,88.3431625366211,88.49999394362857,88.22322684074966,88.48154608806055,8249100
2024-05-30,88.75828552246094,88.77674041221931,88.58299926214725,88.6383568929442,5568800
2024-05-31,89.04427337646484,89.10885141395947,88.94279963624032,88.9889227838918,8762900
2024-06-03,89.5829086303711,89.5829086303711,89.1942171027811,89.21272992153717,6095500
2024-06-04,89.90678405761719,89.990070534093,89.71244188527095,89.76796620292147,3979100
2024-06-05,90.18443298339844,90.18443298339844,89.8050049598607,90.03636574951597,4602500
2024-06-06,90.21221160888672,90.23071736733617,90.05488088949379,90.05488088949379,6568700
2024-06-07,89.41630554199219,89.60139131846844,89.41630554199219,89.60139131846844,5365000
2024-06-10,89.34226989746094,89.38853781206689,89.24047060052999,89.32375708316263,8235900
2024-06-11,89.6476821899414,89.70320652061636,89.36079000678838,89.43482715473569,4650200
2024-06-12,90.07339477539062,90.51760358915571,90.0548819561502,90.32326135056202,7627000
2024-06-13,90.52685546875,90.62865478776284,90.3047510729817,90.41579974058013,7094800
2024-06-14,90.61936950683594,90.7396816058308,90.55458878451917,90.55458878451917,6239500
2024-06-17,90.29547882080078,90.3232409828293,90.18442311211648,90.29547882080078,5265000
2024-06-18,90.61936950683594,90.73042519962291,90.39726518183116,90.41577093367773,7030700
2024-06-20,90.46205139160156,90.4805571445707,90.24919639932364,90.27696561963177,5621600
2024-06-21,90.47130584716797,90.6749044282855,90.36950655660921,90.59161089029675,4715000
2024-06-24,90.54536437988281,90.56387719884158,90.43431570841695,90.52685862149573,5017300
2024-06-25,90.53611755371094,90.58238548125372,90.42506181857888,90.48984256559628,5701300
2024-06-26,90.12889862060547,90.22144151405202,90.11039286614424,90.16591719009813,4964100
2024-06-27,90.2769775390625,90.38802619267848,90.26772113107099,90.28622688648346,5276500
2024-06-28,89.832763671875,90.50834025835135,89.832763671875,90.48057103378052,12781500
2024-07-01,89.3509521484375,89.73156739616549,89.32310363421966,89.5180503162761,12238900
2024-07-02,89.64805603027344,89.74088681456752,89.52737671894462,89.71303828753278,5441900
2024-07-03,90.1307601928711,90.2050276367042,89.83369750007193,89.8615531034093,4061100
2024-07-05,90.58564758300781,90.63205942586477,90.33499671795249,90.46496121000577,3489900
2024-07-08,90.61349487304688,90.65062859634766,90.46495997984374,90.59492447012973,4602900
2024-07-09,90.52993774414062,90.61349038806527,90.36283953882452,90.52065962567481,5004600
2024-07-10,90.62276458740234,90.66917642169656,90.50207823666628,90.61347938753057,4586000
2024-07-11,91.08695220947266,91.2633285637055,91.05909660166645,91.14264926001624,3789000
2024-07-12,91.33757781982422,91.33757781982422,91.09621217800505,91.13334589847976,6329000
2024-07-15,91.02195739746094,91.23546745010833,91.00338699481908,91.11478816306995,6984700
2024-07-16,91.39327239990234,91.39327239990234,91.10549492713353,91.14262864660898,8936100
2024-07-17,91.45825958251953,91.50467850500644,91.1890524962017,91.21690101668057,5680400
2024-07-18,91.2076187133789,91.49539621084759,91.17048499071628,91.31901988136683,10584200
2024-07-19,91.02195739746094,91.06836923899873,90.94768995196034,91.01267219614,7735700
2024-07-22,90.98480987548828,91.16118617863525,90.84556020692736,91.0869258269308,11657500
2024-07-23,90.97552490234375,91.1426230885269,90.95696158500445,91.06835565410498,7225900
2024-07-24,90.69703674316406,91.15191952316452,90.69703674316406,90.80843790852742,6578500
2024-07-25,90.94767761230469,91.10549060068152,90.80842794151765,90.82699125910744,12766200
2024-07-26,91.2725830078125,91.30971672317246,91.14261854531868,91.24473449192554,4243800
2024-07-29,91.42112731933594,91.47682435686718,91.31901136217348,91.47682435686718,6822600
2024-07-30,91.51395416259766,91.56965119774709,91.32828557454545,91.45825004491577,5845800
2024-07-31,92.00596618652344,92.0152513868276,91.57893904545607,91.72746683765953,11725100
2024-08-01,92.39148712158203,92.48460350557991,92.19594058388907,92.19594058388907,9642700
2024-08-02,93.4250717163086,93.4623196813605,92.93154861193604,93.00603743771693,9397500
2024-08-05,93.35057067871094,93.94652387828907,93.13639666746136,93.88134171909529,12066100
2024-08-06,92.7918701171875,93.26677278913876,92.77324258258078,93.24814525453202,10945200
2024-08-07,92.51251983642578,92.7546280715034,92.41008970252076,92.66151170549611,8085200
2024-08-08,92.37284851074219,92.44734445074158,92.25179793648606,92.28904590648575,5558000
2024-08-09,92.69878387451172,92.83845490782622,92.63360169085655,92.78258649450042,3879200
2024-08-12,92.8570785522461,92.91294696322768,92.56841562307469,92.62428403405627,7300600
2024-08-13,93.22953033447266,93.22953033447266,93.05260426686613,93.1550344002885,3925500
2024-08-14,93.39716339111328,93.4902797773763,93.24817148963254,93.2574852595563,9871500
2024-08-15,93.00604248046875,93.02467001616613,92.79187555021193,92.83843018080879,8628400
2024-08-16,93.22953033447266,93.22953033447266,92.97810833268197,93.14572063243466,6507900
2024-08-19,93.33196258544922,93.4343856168721,93.15503651382852,93.18297071370053,4690300
2024-08-20,93.611328125,93.63926232977677,93.4250953569384,93.49959130589292,5516700
2024-08-21,93.78823852539062,93.95585083031382,93.51819608388529,93.68580838880848,6366700
2024-08-22,93.4064712524414,93.64857954328448,93.33198240507235,93.62064533748047,7893700
2024-08-23,93.8348159790039,93.87206395630409,93.51821882844027,93.60202144912174,6179500
2024-08-26,93.75099182128906,93.97447252942557,93.7323713890792,93.97447252942557,6653200
2024-08-27,93.7789306640625,93.80686486592192,93.51820197427591,93.56476371359092,7965400
2024-08-28,93.69513702392578,93.83480804658765,93.67650948468776,93.77893963752291,6960300
2024-08-29,93.57406616210938,93.62994166763478,93.44370182308951,93.53681819320032,6912700
2024-08-30,93.35057067871094,93.71372943769379,93.32263648253111,93.59267888614035,7213200
2024-09-03,93.74476623535156,93.90355896663192,93.62333775728469,93.70740198213808,6837200
2024-09-04,94.15576934814453,94.20246932149755,93.78213392880609,93.81015533811846,10867700
2024-09-05,94.39862823486328,94.45467818113194,94.10906416407019,94.36126397951853,11921900
2024-09-06,94.52007293701172,94.9030441197482,94.31457307610272,94.46402298535236,8830200
2024-09-09,94.6601791381836,94.74425050165546,94.38930073472801,94.48270781797169,7569300
2024-09-10,94.94976043701172,94.99646042033767,94.63216776847507,94.66018918377151,5979300
2024-09-11,94.92171478271484,95.13655032946394,94.77225777062628,94.8189648685296,4184400
2024-09-12,94.8376693725586,94.94976216228554,94.69755516702602,94.86569078836419,6419400
2024-09-13,95.03382110595703,95.10854962827115,94.92173544899,95.05250679978762,5330600
2024-09-16,95.25800323486328,95.3140460613241,95.04316052259031,95.11788904220734,8425900
2024-09-17,95.16458892822266,95.3047031207404,95.11788894838598,95.26733886096875,9256000
2024-09-18,94.86568450927734,95.30470566518544,94.83766309532645,94.97777729158496,6280000
2024-09-19,94.87501525878906,94.91237951479403,94.68820110526735,94.72556536127232,5079800
2024-09-20,94.79094696044922,94.94973969677964,94.6414899428421,94.74423986082128,8464900
2024-09-23,94.75360870361328,94.8937157879326,94.52008739440801,94.66019447872733,8428100
2024-09-24,94.88434600830078,94.92171025954245,94.54807487362795,94.59477484280336,5803600
2024-09-25,94.52007293701172,94.74425136413804,94.52007293701172,94.73490851777753,9259100
2024-09-26,94.53874206542969,94.66951339540712,94.34258507046353,94.64149198562667,8124400
2024-09-27,94.80963134765625,94.86567416944968,94.65083860157269,94.72556711496611,5033300
2024-09-30,94.59477996826172,94.7909440795349,94.47335149002356,94.75357982626869,9105400
2024-10-01,94.84495544433594,95.05107301495512,94.76999970147092,94.88242616759537,8811400
2024-10-02,94.648193359375,94.73252035582914,94.45143989854597,94.51702438548898,11700900
2024-10-03,94.2640609741211,94.52639893102598,94.24531846395747,94.48892105887197,8751200
2024-10-04,93.65503692626953,93.82368373881833,93.58945245184341,93.78620587512175,9639700
2024-10-07,93.33650970458984,93.47704279421902,93.2990318312976,93.35524506714926,6382100
2024-10-08,93.49578094482422,93.49578094482422,93.21470048232707,93.24280709894217,7340100
2024-10-09,93.2521743774414,93.38334334816732,93.19596114660824,93.35523673275073,8218300
2024-10-10,93.19595336914062,93.2709091027781,92.97109331640038,93.17721086164515,5757700
2024-10-11,93.22406005859375,93.33649365914208,93.09289109870679,93.13974021931165,4878600
2024-10-14,93.1397476196289,93.14911172595613,92.91488040066565,92.94298701599287,3512600
2024-10-15,93.5145034790039,93.54261009176359,93.39270577432129,93.44891899984063,7158700
2024-10-16,93.63631439208984,93.73000549007658,93.57072990868187,93.65504975241817,4741300
2024-10-17,93.17721557617188,93.37397617396888,93.14910896167875,93.31775579681008,5306300
2024-10-18,93.24281311035156,93.3927246061944,93.22407774745798,93.34587547670013,4973000
2024-10-21,92.59632873535156,92.95235777455132,92.59632873535156,92.92425115937407,6873900
2024-10-22,92.61505126953125,92.76496272727853,92.5400955406576,92.69000699840488,11401800
2024-10-23,92.38082885742188,92.5307403295784,92.2684024014769,92.35272224343564,19659700
2024-10-24,92.55885314941406,92.70875748344889,92.38083505133561,92.45579079243947,7559300
2024-10-25,92.37144470214844,92.74621618202421,92.3246027347711,92.72748082470757,9028500
2024-10-28,92.2215576171875,92.42768232701195,92.09038864696699,92.41831107251826,7362900
2024-10-29,92.32461547851562,92.34335083841835,91.90299482489398,91.93110858700669,5421700
2024-10-30,92.23092651367188,92.69938915196046,92.19344864482808,92.52137106199558,11188400
2024-10-31,92.21219635009766,92.3621078455423,91.95922963675177,92.11850523953154,12754500
2024-11-01,91.84562683105469,92.46594763102887,91.8080305445777,92.38136136452448,10387300
2024-11-04,92.23098754882812,92.46595899010576,92.06180782427785,92.34377642211474,6629800
2024-11-05,92.44715118408203,92.475346605674,91.97720836886029,92.19337804823765,6663000
2024-11-06,91.72343444824219,91.93961129652826,91.50726477071434,91.57305647745216,9158100
2024-11-07,92.41895294189453,92.61632805777285,92.01480184630806,92.07119268777099,17402300
2024-11-08,92.5787353515625,92.78551133926295,92.45655280008421,92.55994079393443,6199800
2024-11-11,92.3719711303711,92.41896828656536,92.25918942871967,92.39077286115251,4501200
2024-11-12,91.83622741699219,92.24037853955396,91.77983657176541,92.09000056202973,16775400
2024-11-13,91.81742095947266,92.29675742329616,91.70463211287779,92.26856200433686,15834900
2024-11-14,91.77983093261719,92.09938859694596,91.7046383630958,91.96780518566257,7312000
2024-11-15,91.78924560546875,91.99601444662217,91.41328987206029,91.58246959355614,11844300
2024-11-18,91.87381744384766,91.93960914904874,91.61065062304336,91.68584319206117,5260600
2024-11-19,92.00540161132812,92.15578675060122,91.98660705429805,92.06179245317648,4735900
2024-11-20,91.91143035888672,92.04301379309769,91.79864148495187,91.81744321598737,5551100
2024-11-21,91.86444091796875,92.11821411294731,91.79864919533726,91.96782893506965,6348500
2024-11-22,91.93020629882812,92.03359428630412,91.84562003857934,91.98660430975188,4989600
2024-11-25,92.75732421875,92.76671791302554,92.51295192316499,92.60693906123338,9246200
2024-11-26,92.61634063720703,92.61634063720703,92.39077006995956,92.56934348243257,11303100
2024-11-27,92.8700942993164,92.98288315334548,92.71971633136906,92.86070060621589,8749800
2024-11-29,93.23665618896484,93.25545791810929,93.1238744971327,93.189666207621,9623200
2024-12-02,93.24797821044922,93.90797112420047,92.94626613653675,93.7099732500751,18397600
2024-12-03,93.0688247680664,93.39882119152085,93.03110986347411,93.31396805122507,6889800
2024-12-04,93.37055206298828,93.42712083242566,92.85198822525034,92.88969594261945,7448900
2024-12-05,93.38938903808594,93.44595779293917,93.20081453293874,93.30452871242423,8786700
2024-12-06,93.65341186523438,93.75712607319547,93.47426783450452,93.71941116181108,12890600
2024-12-09,93.3799819946289,93.54969549524446,93.37055146865481,93.53083444329626,10689000
2024-12-10,93.26683807373047,93.33283736935552,93.15370053459252,93.21969983021756,5984500
2024-12-11,93.04998779296875,93.48369848438728,93.021703407739,93.41769918772323,8095800
2024-12-12,92.67283630371094,92.94626398834072,92.63512139617065,92.89911855556959,12353100
2024-12-13,92.32396697998047,92.61625567763825,92.27682874662946,92.58796410556904,6566300
2024-12-16,92.40882873535156,92.49368187272202,92.28625350130676,92.46539749359853,7124100
2024-12-17,92.40882873535156,92.5219662518455,92.35225278372232,92.39939821118298,7239200
2024-12-18,91.705078125,92.50909956474528,91.65778741578869,92.37667403231318,14261400
2024-12-19,91.4686050415039,91.58211573620312,91.27942776698897,91.52536399717873,15490100
2024-12-20,91.71453857421875,91.96047479717512,91.69562373398375,91.79967339690182,8657700
2024-12-23,91.4307861328125,91.72401310785543,91.37402717045,91.70509104818417,10540800
2024-12-24,91.53482055664062,91.54428158564548,91.25105463635107,91.27943050671496,4739300
2024-12-26,91.60103607177734,91.6388729722801,91.2888942717686,91.29834808440614,10620200
2024-12-27,91.41185760498047,91.64833281757959,91.3834817341327,91.5537441758701,8601300
2024-12-30,91.77130126953125,91.82806023031401,91.71454952539958,91.75238642703772,10154500
2024-12-31,91.65779113769531,91.9510180833233,91.59157836879058,91.89426634330513,12276700
2025-01-02,91.66725158691406,91.95101750186109,91.54427986211822,91.81859196488904,5547700
2025-01-03,91.5726547241211,91.81859095435554,91.55373988332634,91.7807540561156,5331000
2025-01-06,91.47806549072266,91.56320031537037,91.35510098473196,91.48752651938361,9248300
2025-01-07,91.1564712524414,91.44969821864362,91.03349951823967,91.38348544509309,9153300
2025-01-08,91.26051330566406,91.298342987404,91.0240381032119,91.06186778495183,7444500
2025-01-10,90.74972534179688,91.0240374406427,90.66459051687556,90.66459051687556,9822000
2025-01-13,90.66461181640625,90.7592004755899,90.56056212630861,90.74974666132802,10420700
2025-01-14,90.69297790527344,90.7402758380871,90.57001338326974,90.67406306213876,5487600
2025-01-15,91.47806549072266,91.69562585002201,91.32672511539953,91.69562585002201,9563000
2025-01-16,91.67669677734375,91.78074643470079,91.27942020378954,91.40238470037066,9810800
2025-01-17,91.67669677734375,91.84695919695982,91.62940607095864,91.81858332979878,5360200
2025-01-21,91.97940826416016,92.01724516894274,91.8375216753884,91.89428064088811,7725900
2025-01-22,91.76185607910156,91.98887029361097,91.71455814344672,91.95103338841744,7283400
2025-01-23,91.6104965209961,91.67670929229395,91.48753200762887,91.53482272046973,7707000
2025-01-24,91.76185607910156,91.8564447337595,91.56321773932437,91.6294305192501,6459400
2025-01-27,92.27262878417969,92.28208259648417,92.04560738916095,92.2158698270997,7602000
2025-01-28,92.24424743652344,92.25370846565691,92.02669428300858,92.0739849953745,5730300
2025-01-29,92.1875,92.36722347867516,91.96048580675055,92.30101070495027,5912800
2025-01-30,92.31993103027344,92.44290277210222,92.24425722247904,92.3388530905478,6802900
2025-01-31,92.13074493408203,92.44289394895245,91.99831939140687,92.33884427732897,10750100
2025-02-03,92.2180404663086,92.56918720810046,92.1041605159013,92.37937522311017,9977100
2025-02-04,92.38887786865234,92.41734785940848,92.05671590885134,92.07569348915953,8483500
2025-02-05,92.88239288330078,93.00576527143673,92.6830956837326,92.72105084886017,9716700
2025-02-06,92.7874755859375,92.89187038288831,92.65461079719792,92.7874755859375,6629400
2025-02-07,92.49327850341797,92.61665088468226,92.39837611470789,92.5502184885264,6422300
2025-02-10,92.52174377441406,92.70206337217287,92.4458262116731,92.5976685777428,6038700
2025-02-11,92.31295776367188,92.37939015901256,92.26551019019314,92.31295776367188,8001100
2025-02-12,91.82893371582031,91.94281366021013,91.68657654474654,91.83841888412847,6404900
2025-02-13,92.37939453125,92.46481175249534,91.90487533047575,92.20857456993613,7041200
2025-02-14,92.7210464477539,92.89187364507363,92.69257645496532,92.76850126279369,6257500
2025-02-18,92.3509292602539,92.60717369650509,92.3509292602539,92.4932864758836,8159400
2025-02-19,92.48379516601562,92.53124998532056,92.31296795334225,92.31296795334225,5604800
2025-02-20,92.62614440917969,92.69257680613414,92.53124201932879,92.5692044233868,27958700
2025-02-21,93.02473449707031,93.17658410629326,92.72104251921232,92.76849733224147,7070600
2025-02-24,93.18608093261719,93.23352850730673,92.94882133740477,92.96779891916295,7298300
2025-02-25,93.76499938964844,93.77448456068512,93.53722495417345,93.62264217762372,5801200
2025-02-26,93.91683197021484,93.97377195284623,93.62263240583556,93.73651237109834,5035900
2025-02-27,93.77445983886719,93.88834702658053,93.69854228764495,93.73649744296274,6263200
2025-02-28,94.19205474853516,94.23001715080561,93.87887036024478,94.03071996932661,14453000
2025-03-03,94.3957748413086,94.42433230310208,93.8626755907737,93.91979777719429,7533500
2025-03-04,94.15778350830078,94.62423898366355,94.06258228804302,94.52904502623919,7532400
2025-03-05,93.83412170410156,94.30057721111233,93.8150858164585,94.21490482246773,7302600
2025-03-06,93.73892211914062,93.88171668781946,93.51045516695456,93.77700115497721,9946200
2025-03-07,93.62468719482422,94.22442294469363,93.57709384604377,94.10066425963048,6450700
2025-03-10,94.07210540771484,94.23393586427757,93.98643302347583,94.062583832966,12318600
2025-03-11,93.73892211914062,94.18634171167871,93.69132150863652,94.02450399366484,10187900
2025-03-12,93.46286010742188,93.70084864841013,93.44382421978973,93.57709722171644,8436700
2025-03-13,93.7484359741211,93.76747185905515,93.30101641842565,93.37716722099474,7959500
2025-03-14,93.55803680419922,93.6913097815291,93.52947934660462,93.61515171938844,8949800
2025-03-17,93.68180847167969,93.91027542697486,93.62468628573072,93.75795928155571,10605800
2025-03-18,93.7770004272461,93.88171595927572,93.5580477885932,93.57709093778044,9022000
2025-03-19,94.05308532714844,94.08164279336067,93.60566565559743,93.69133805423415,6763800
2025-03-20,94.11018371582031,94.4814452369843,94.05306879343615,94.45288777579222,6556800
2025-03-21,93.9959487915039,94.28153793572515,93.9959487915039,94.20537986222168,5028800
2025-03-24,93.63421630859375,93.9007623242926,93.59613726880332,93.86268328450217,4894800
2025-03-25,93.71987915039062,93.82459468343465,93.6151636173466,93.64372834140418,5663000
2025-03-26,93.49142456054688,93.67229818932854,93.48190298460194,93.63421914838322,6744000
2025-03-27,93.44381713867188,93.51045363458556,93.30102257233304,93.44381713867188,9513000
2025-03-28,93.98643493652344,94.07210732250628,93.72940325290757,93.80556132678143,8534000
2025-03-31,94.16728973388672,94.32912017389505,93.95785868783699,94.22441191370297,13350700
2025-04-01,94.51590728759766,94.67827118537195,94.19117949204905,94.37264202441928,10295200
2025-04-02,94.41085052490234,94.75468425618634,94.19118342738851,94.71647969862431,8225100
2025-04-03,94.90750122070312,95.2513349474016,94.60187205105717,95.00300896994733,9905000
2025-04-04,94.99346160888672,96.0345158113093,94.97436297262169,95.43280311072873,14914300
2025-04-07,93.79003143310547,94.8501841354575,93.59901594792123,94.76422935315668,21796300
2025-04-08,93.30293273925781,94.25802466686034,93.25517522816844,93.69451664045282,13173300
2025-04-09,93.51307678222656,93.5894786169951,92.29055269785638,92.71079557957034,16244400
2025-04-10,92.77764129638672,93.46530873932551,92.74898970072663,93.28383891777942,9940000
2025-04-11,92.68213653564453,92.80629588309786,91.8321051653868,92.3192041676295,8437400
2025-04-14,93.22653198242188,93.30294109229622,92.90179690884275,93.0641680890192,7940600
2025-04-15,93.41755676269531,93.56082203626706,93.13103350232633,93.21698829440467,10074400
2025-04-16,93.713623046875,93.78047919068388,93.3315848164929,93.48439573658183,10105000
2025-04-17,93.47486114501953,93.70408119571317,93.4175506672656,93.6563236787139,5589400
2025-04-21,92.9113540649414,93.4366576105819,92.9113540649414,93.22653619232571,7925700
2025-04-22,93.08326721191406,93.37934340576476,93.07371425143616,93.22653247198737,6521400
2025-04-23,93.31249237060547,94.04791734546406,93.2647421391463,93.91420503853963,13376700
2025-04-24,93.8282241821289,93.83777714121828,93.59900417139329,93.656307352384,8524400
2025-04-25,94.17207336425781,94.20072495947589,93.94285331573923,94.04791402272149,9058900
2025-04-28,94.42996215820312,94.45861375641392,94.07657544446218,94.09567408101114,4890800
2025-04-29,94.6591796875,94.6591796875,94.31534594465853,94.32489890606371,6731100
2025-04-30,94.57321166992188,94.71647693490561,94.43949936574349,94.54456007427994,7370300
2025-05-01,94.31546020507812,94.73706980198885,94.17172899608829,94.6987409922267,6912600
2025-05-02,93.85551452636719,94.22921125450252,93.7309513871462,93.96091691742816,9879200
2025-05-05,93.69263458251953,93.81720504817056,93.56807142734183,93.80762101762664,14273800
2025-05-06,93.92259979248047,93.92259979248047,93.5680710788822,93.69263423359601,11730100
2025-05-07,94.06632232666016,94.22921427790001,93.98966471061577,94.05674560750909,6557000
2025-05-08,93.57765197753906,94.12382473065621,93.5680679473516,94.10465667028126,7814200
2025-05-09,93.67345428466797,93.87467502126081,93.65428622757999,93.7692726386924,5739200
2025-05-12,93.35726165771484,93.57765048567487,93.26144328878685,93.37642240731125,10768200
2025-05-13,93.26144409179688,93.47224889153732,93.17520244168806,93.4243360514243,6305500
2025-05-14,92.99314880371094,93.27101988007807,92.95481999409786,93.21353032089493,7350600
2025-05-15,93.52014923095703,93.52014923095703,93.15603652191406,93.24227085676401,7638900
2025-05-16,93.57765197753906,93.82677827862895,93.53932316726222,93.81720155891453,5262500
2025-05-19,93.54888916015625,93.57764124742181,93.04104527554807,93.07937408142993,7232700
2025-05-20,93.38601684570312,93.46267447357859,93.21354083822023,93.44350641137284,7496600
2025-05-21,92.77276611328125,93.2135364872806,92.69610848898394,93.10813408149016,12393200
2025-05-22,93.04105377197266,93.05063780193639,92.61945148971637,92.72484657742578,6084800
2025-05-23,93.17520904541016,93.30935623466657,93.02190110503436,93.27102742195423,5210500
2025-05-27,93.5968017578125,93.6542913112534,93.34766817544823,93.4339098160818,7461500
2025-05-28,93.42434692382812,93.58723890241235,93.30936048045898,93.48183649027577,4909200
2025-05-29,93.769287109375,93.84594472861325,93.61597187089852,93.65430068051764,7724100
2025-05-30,93.999267578125,93.999267578125,93.71181242606016,93.76930199437831,15488400
2025-06-02,93.75216674804688,93.82907758954988,93.4733777831862,93.4733777831862,28390000
2025-06-03,93.68489074707031,93.9733027943549,93.60798722446773,93.8290967707126,7177600
2025-06-04,94.24248504638672,94.30016452296532,93.91562489961039,93.973304376189,7761500
2025-06-05,94.00213623046875,94.3290036844537,93.9925205403044,94.24247714221964,10456500
2025-06-06,93.52143859863281,93.76177946975784,93.49259886763721,93.69448431922768,6299900
2025-06-09,93.63682556152344,93.77141589234337,93.51184358674568,93.53107496807593,7096500
2025-06-10,93.84832763671875,93.96368658730036,93.74257704227028,93.94446254041108,4990900
2025-06-11,94.16555786132812,94.19440492923906,93.92521697109031,94.0117435055793,5992400
2025-06-12,94.51165008544922,94.52126577482973,94.32899599495146,94.44435492902963,5726200
2025-06-13,94.17517852783203,94.36745565095735,93.98290873932899,94.31938453652045,8050300
2025-06-16,93.98291015625,94.28093053330946,93.9732944662932,94.10788478719891,5680900
2025-06-17,94.27131652832031,94.32900333446983,93.98291183606283,94.16556594077248,5312000
2025-06-18,94.338623046875,94.59819536923997,94.24248813788269,94.4155339079182,5907900
2025-06-20,94.4251480102539,94.51166722650404,94.16557569225692,94.21364681325585,6213000
2025-06-23,94.61740112304688,94.83851797213761,94.50204218840996,94.59817707881471,5884600
2025-06-24,95.001953125,95.001953125,94.54049535778614,94.55972673767384,7907600
2025-06-25,94.99234008789062,94.99234008789062,94.71354374871211,94.8096859815908,8434800
2025-06-26,95.25191497802734,95.27113902435362,94.96350294077375,94.98273432172282,9775100
2025-06-27,94.98272705078125,95.27113173133463,94.94427162644969,95.05002220970593,25931600
2025-06-30,95.36727142333984,95.39611849400664,95.11732215454161,95.22307274311878,14036800
2025-07-01,95.2795181274414,95.43382873335392,95.16377965429287,95.35667710954043,18480200
2025-07-02,95.16376495361328,95.19269772785955,95.03838714578458,95.17341166445684,8756000
2025-07-03,94.97089385986328,95.08662497996933,94.91302829981026,95.02875941991631,4583200
2025-07-07,94.63331604003906,94.83585282329156,94.57544313176363,94.82620611219824,8088100
2025-07-08,94.5947494506836,94.5947494506836,94.45007819769793,94.46936426422941,7804200
2025-07-09,94.99016571044922,94.99016571044922,94.64295768552411,94.72011665957073,11043600
2025-07-10,94.96122741699219,94.98052083852518,94.80691683614995,94.92264793221054,5125300
2025-07-11,94.56580352783203,94.75869359947897,94.53686339462888,94.68153462750637,6106500
2025-07-14,94.55614471435547,94.64294302800175,94.45005298104316,94.52721194314005,6231400
2025-07-15,94.27647399902344,94.67190826593249,94.22824779535165,94.67190826593249,9681000
2025-07-16,94.4114990234375,94.53687685202719,94.2186089243325,94.4114990234375,23556800
2025-07-17,94.45006561279297,94.57544342425572,94.38255335150001,94.4982918101242,8355500
2025-07-18,94.62367248535156,94.68153803727265,94.55616022201535,94.66225197272723,8443800
2025-07-21,94.88407135009766,95.03838929394509,94.864785286259,94.96123032202136,6865700
2025-07-22,95.06732177734375,95.13483403799884,94.93229725603355,94.98052345290914,6172700
2025-07-23,94.85513305664062,94.98051821829304,94.82620028342365,94.95157808679193,7466900
2025-07-24,94.7972640991211,94.86477635362613,94.60436668747536,94.62366010778187,9643800
2025-07-25,94.95159149169922,94.980531627286,94.75870140416511,94.80692760519123,5530400
2025-07-28,94.82621765136719,94.92266269918294,94.7876381605838,94.86479714215059,7032200
2025-07-29,95.3373794555664,95.3373794555664,94.92265914303869,94.92265914303869,12015200
2025-07-30,95.06732177734375,95.3084380451526,95.01909558046816,95.16376681281038,8305400
2025-07-31,95.11555480957031,95.31809160609063,95.06732860922901,95.21199985196783,19774600
2025-08-01,95.93809509277344,95.95745329133541,95.65746027754103,95.67681847610302,12416200
2025-08-04,96.01551055908203,96.03486137413813,95.83164459259697,95.95745073092436,6717900
2025-08-05,96.04454803466797,96.10260786739663,95.90907016964113,95.92842098622071,9092400
2025-08-06,96.00582122802734,96.08323924597947,95.64776843224023,95.93808230806638,8102700
2025-08-07,95.92842102050781,96.11228700153421,95.8897120043449,96.02519725241008,7869300
2025-08-08,95.74456024169922,95.91874711896995,95.69617212685021,95.8026200731262,8238100
2025-08-11,95.81230926513672,95.91875722262547,95.74457032700667,95.81230926513672,9698300
2025-08-12,95.81230926513672,95.81230926513672,95.60909245074654,95.71554040823528,12239500
2025-08-13,96.16067504882812,96.1993840649634,96.05422710020358,96.07357791677626,5386800
2025-08-14,95.88971710205078,96.06390399254911,95.821978165912,95.97681423879511,5208500
2025-08-15,95.74456024169922,95.89938891983445,95.67682131070447,95.87035900412094,6884600
2025-08-18,95.63811492919922,95.80262271143258,95.56069689650471,95.79294361159828,7906400
2025-08-19,95.82196807861328,95.84132627718097,95.71552751844916,95.74455743331116,9946800
2025-08-20,95.88003540039062,95.95745342877035,95.78326655641075,95.79293827271606,5615200
2025-08-21,95.65746307373047,95.79294093566637,95.54134341092242,95.76391101996435,7129200
2025-08-22,96.189697265625,96.238077994679,95.80261451824634,95.8316444322766,9451400
2025-08-25,96.04454803466797,96.13163778376097,95.95745828557496,96.00583901851888,5624900
2025-08-26,96.16067504882812,96.18002586540081,95.95745825136032,96.03486890064097,4696000
2025-08-27,96.25743865966797,96.25743865966797,95.96712474594621,96.01551285922967,7320800
2025-08-28,96.37356567382812,96.3929238738147,96.1993861718894,96.21873698888591,7068500
2025-08-29,96.24776458740234,96.3251826195036,96.18970475482135,96.25744368716248,9181400
2025-09-02,95.99241638183594,96.07008237253663,95.9147429837923,95.94386865622293,8529800
2025-09-03,96.34193420410156,96.43902224288385,96.07007732523158,96.07007732523158,8400000
2025-09-04,96.73029327392578,96.74000430070096,96.4487327561902,96.54582820925583,6297100
2025-09-05,97.1866226196289,97.31284375526532,97.1672079719468,97.22545932233675,7617200
2025-09-08,97.5167236328125,97.5264272522597,97.38079888712093,97.40992456014868,7202700
2025-09-09,97.32254791259766,97.53614607499794,97.24488191409692,97.45847266915354,7090000
2025-09-10,97.5167236328125,97.66235199795126,97.41962817959588,97.48759795978475,5952400
2025-09-11,97.7011947631836,97.8468305447067,97.60410671128271,97.62352876606901,6776500
2025-09-12,97.61380767822266,97.61380767822266,97.41962418709063,97.55555633455444,6525900
2025-09-15,97.77886962890625,97.80799530417744,97.69149260309271,97.74003292609679,5039000
2025-09-16,97.81768798828125,98.0312861100061,97.72059995313603,97.81768798828125,8264600
2025-09-17,97.64293670654297,98.07983661375864,97.56526330742012,97.93420824958211,7878300
2025-09-18,97.37109375,97.48760385650142,97.24488002346443,97.35167169524466,7123700
2025-09-19,97.37109375,97.43905612695661,97.29342034566571,97.38080477737766,7238500
2025-09-22,97.25458526611328,97.37109537455859,97.20604494310214,97.34196969928318,5642100
2025-09-23,97.40991973876953,97.43904541035569,97.2448693282195,97.32253531666834,8095500
2025-09-24,97.22545623779297,97.34196634222015,97.19633056352203,97.33225531501537,6610800
2025-09-25,97.08953094482422,97.14778229304123,96.9438951669383,97.08953094482422,8743500
2025-09-26,97.15747833251953,97.29340306228684,97.06039029802034,97.17689297648248,6868100
2025-09-29,97.34197235107422,97.40993473101616,97.22546223945494,97.26429894332803,7751600
2025-09-30,97.3322525024414,97.56526529721909,97.28370477516376,97.40992590314836,12400700
2025-10-01,97.58064270019531,97.65856873401171,97.43453324464845,97.58064270019531,6961300
2025-10-02,97.68778991699219,97.7170103220472,97.50271744306288,97.54168046028146,6055800
2025-10-03,97.58064270019531,97.77545035330071,97.56116490745902,97.71700954365622,5268700
2025-10-06,97.36634826660156,97.55142073609841,97.35660565467134,97.40531128288697,6950200
2025-10-07,97.53192901611328,97.62934026605647,97.42478258632376,97.48323082257669,6379200
2025-10-08,97.54168701171875,97.72675949807854,97.51246660470113,97.70727427244269,5726900
2025-10-09,97.42478942871094,97.50271546156443,97.40531163621532,97.48323766906881,5199500
2025-10-10,97.82415008544922,97.9312965176291,97.648820235649,97.75596666782887,10204100
2025-10-13,98.00922393798828,98.01895911818997,97.75596805547407,97.85337187753791,8320400
2025-10-14,98.16507720947266,98.17481982196736,97.92156391715646,97.96052693569936,8508700
2025-10-15,98.12610626220703,98.31117872747272,98.03844505114559,98.2040322929963,6297000
2025-10-16,98.47676849365234,98.48651110560958,98.05792535671763,98.07741058063209,10035200
2025-10-17,98.34040069580078,98.38910632367784,98.2429968714821,98.38910632367784,11738900
2025-10-20,98.50599670410156,98.50599670410156,98.39885025838787,98.44755589059812,7299100
2025-10-21,98.6033935546875,98.72027516460862,98.5741657207722,98.64234913703787,12965900
2025-10-22,98.59364318847656,98.61312097811971,98.46701154577556,98.53520238811267,13263200
2025-10-23,98.41831970214844,98.54494392157997,98.38909930008231,98.48650311744771,9975000
2025-10-24,98.51573181152344,98.57417262057463,98.39884276198552,98.54495221604904,6544500
2025-10-27,98.58390808105469,98.58390808105469,98.35013743037265,98.45728386015088,8527600
2025-10-28,98.64234161376953,98.67156944545567,98.51571740220069,98.5644230235765,10300500
2025-10-29,98.17481994628906,98.62288351294593,98.14559954020386,98.62288351294593,9275700
2025-10-30,97.98974609375,98.14559816593668,97.85337924630457,97.87286447104582,13563800
2025-10-31,97.9312973022461,98.08714193029758,97.89233428737441,98.04818634686113,13111900
2025-11-03,97.81108856201172,97.86972751666498,97.72314131355783,97.79154721424997,9042100
2025-11-04,97.85995483398438,97.99676663777193,97.8501804320898,97.86972923587895,29687500
2025-11-05,97.59610748291016,97.83064094304788,97.54724292819284,97.82086654096757,8164900
2025-11-06,97.95767974853516,98.01631870617156,97.859958093387,97.89904824658313,7247600
2025-11-07,97.91858673095703,98.05539853529922,97.83063948060169,97.85018082878592,5708300
2025-11-10,97.87950897216797,97.98699757612987,97.82087001328884,97.91859167050801,7945000
2025-11-11,98.17266845703125,98.2019842069901,98.04563105531481,98.09448815335153,5186200
2025-11-12,98.13358306884766,98.21176337632244,98.07495156608381,98.13358306884766,6267300
2025-11-13,97.84041595458984,98.04563366544922,97.84041595458984,97.95767895754702,7541600
2025-11-14,97.72314453125,98.04563269756734,97.70360318284482,98.01631694711745,6350400
2025-11-17,97.74269104003906,97.85996150371426,97.73292409316295,97.77201424772134,7821800
2025-11-18,97.80133056640625,97.98699948202865,97.72315025683646,97.96745813247854,7731800
2025-11-19,97.80133056640625,97.96745813247854,97.75246600900395,97.91859357507626,8951700
2025-11-20,97.91858673095703,97.99676703506233,97.85995523072013,97.89904538277278,12968000
2025-11-21,98.15313720703125,98.21176871298103,97.99677658358532,98.16290415423296,9334500
2025-11-24,98.34857177734375,98.36812058137704,98.21175997184766,98.2215343738643,7717600
2025-11-25,98.50492858886719,98.65150733504414,98.40719948383732,98.41697388547709,16788400
2025-11-26,98.66129302978516,98.67106743254375,98.36812804819068,98.48539105855455,8935000
2025-11-28,98.52448272705078,98.6417531949005,98.40721225920107,98.6124374418593,5064800
2025-12-01,98.0989761352539,98.17741005397167,98.05975917589502,98.10878224506116,7249300
2025-12-02,98.22643280029297,98.25584364974792,98.07937107314807,98.10878192260301,7972000
2025-12-03,98.41270446777344,98.42251057759441,98.24603800016793,98.33427802881626,9744400
2025-12-04,98.17741394042969,98.34408041439998,98.14800308971381,98.28525871296823,6953200
2025-12-05,98.069580078125,98.20683571664908,98.00095225886295,98.20683571664908,6870000
2025-12-08,97.91271209716797,98.06957246621842,97.78525509995184,98.05976635569316,8039100
2025-12-09,97.824462890625,98.07936938128772,97.81465678101911,98.07936938128772,5967900
2025-12-10,98.13819885253906,98.16760970381627,97.80486589823666,97.81466452874865,9279700
2025-12-11,98.1578140258789,98.38330221236717,98.11859706303946,98.3538913602053,9961200
2025-12-12,97.85387420654297,97.96171897311223,97.824463357455,97.88328505563094,7588300
2025-12-15,97.95191955566406,98.11858601906903,97.9225012269426,98.04995821179229,9960300
2025-12-16,98.13819885253906,98.18722192458148,97.90290456245086,97.91271067283347,8614000
2025-12-17,98.1087875366211,98.17741534923307,98.05976446481085,98.06957057514703,12011000
2025-12-18,98.3538818359375,98.40290490470728,98.25584317826805,98.3538818359375,8191000
2025-12-19,98.21026611328125,98.31847113743498,98.17092565436782,98.25945294420812,6216400
2025-12-22,98.1709213256836,98.20043042099587,98.11189563020265,98.19059155427298,6178400
2025-12-23,98.1709213256836,98.19059155427298,97.95451128691838,97.97418151550777,9744100
2025-12-24,98.38733673095703,98.40701446697712,98.22011349907315,98.26930033426599,4483900
2025-12-26,98.40699768066406,98.51520269574476,98.33814062605417,98.49552496308131,6503700
2025-12-29,98.52505493164062,98.554564029784,98.42668126468654,98.4857069658304,7886700
2025-12-30,98.4856948852539,98.54471307430131,98.39716009682661,98.42666919135031,7955800
2025-12-31,98.24961853027344,98.48570632359517,98.24961853027344,98.38733265728258,13535500
2026-01-02,98.22010803222656,98.37749989219748,98.18076006723383,98.36766102473506,6730300
2026-01-05,98.40699768066406,98.43650677480315,98.24960583878082,98.29879266558336,9364900
2026-01-06,98.38733673095703,98.39717559896708,98.18076553189034,98.29880943343875,8573800
2026-01-07,98.4856948852539,98.56438330236504,98.39716009682661,98.53487420784134,7151800
2026-01-08,98.30863189697266,98.37748895183825,98.27912280272399,98.30863189697266,6184100
2026-01-09,98.52505493164062,98.63325245654732,98.33815397025639,98.4463590000202,9879700
2026-01-12,98.47586822509766,98.57423438732143,98.3971722933758,98.42668139155721,9871200
2026-01-13,98.56438446044922,98.6037324218952,98.45617944268683,98.6037324218952,7561600
2026-01-14,98.7119369506836,98.77096264498833,98.59390057178662,98.59390057178662,8585300
2026-01-15,98.58406829833984,98.78080061289597,98.58406829833984,98.78080061289597,9923600
2026-01-16,98.4168472290039,98.60374068045525,98.40700836160428,98.58407045051291,10332500
2026-01-20,98.04304504394531,98.2299459997342,98.03321368142991,98.08239300857754,14336900
2026-01-21,98.36766052246094,98.39716961984057,98.09223227377515,98.14141160112224,16939600
2026-01-22,98.38733673095703,98.44636243415992,98.23979123509324,98.27913920227604,10154200
2026-01-23,98.47586822509766,98.5152161909586,98.32831522933344,98.41685002873481,8621400
2026-01-26,98.6234130859375,98.67259241056429,98.57422625645422,98.6234130859375,6526700
2026-01-27,98.55455780029297,98.69227191949545,98.53488006620312,98.61357599284928,7571800
2026-01-28,98.51522064208984,98.53489087348049,98.36766763965886,98.51522064208984,14730100
2026-01-29,98.51522064208984,98.60374794063395,98.37750650778291,98.46603380632703,10066400
2026-01-30,98.49552917480469,98.58406396586382,98.47585894615621,98.525045775062,12469600
2026-02-02,98.38204956054688,98.53994641313543,98.35244437126748,98.53007550694385,13264100
2026-02-03,98.39191436767578,98.4116561803459,98.28335698587644,98.31296970488162,9358800
2026-02-04,98.33269500732422,98.44125237920878,98.29321891488485,98.31296072575192,12574000
2026-02-05,98.7570571899414,98.79653328382,98.50046634437805,98.55968424984346,11442200
2026-02-06,98.81626892089844,98.82613982682717,98.66824297844303,98.77679282647861,9471900
2026-02-09,98.84588623046875,98.85574960756054,98.68798184545419,98.72745794170783,9307600
2026-02-10,99.13207244873047,99.18141945022482,99.05312778735293,99.08273297653143,8566100
2026-02-11,98.90509796142578,99.08273663234628,98.87549277115495,98.90509796142578,8484800
2026-02-12,99.34918212890625,99.37878731657108,99.07285700497457,99.08272791062781,11167500
2026-02-13,99.66498565673828,99.68472746850247,99.56629918580262,99.6057752800359,5927000
2026-02-17,99.67486572265625,99.71434182051736,99.6156553405125,99.67486572265625,6588800
2026-02-18,99.53669738769531,99.63538386199225,99.51695557525872,99.54656829391362,5460200
2026-02-19,99.55642700195312,99.61564490719044,99.44786962652888,99.46761143803965,6600700
2026-02-20,99.57616424560547,99.60576943221855,99.41825987794286,99.57616424560547,8651000
2026-02-23,99.77354431152344,99.85249650100128,99.62551083857629,99.63538174458482,9817100
2026-02-24,99.763671875,99.82288978084749,99.68472721602848,99.763671875,7890400
2026-02-25,99.71432495117188,99.80314050936198,99.6847197651085,99.6847197651085,6869000
2026-02-26,99.87222290039062,99.88209380562,99.75380215481651,99.76366553075128,8920400
2026-02-27,100.06961059570312,100.12882097277237,100.01039268933873,100.04000540716851,9033500
2026-03-02,99.66966247558594,99.7884609778875,99.5508639732844,99.76865745108765,10358800
2026-03-03,99.5607681274414,99.69936260703837,99.23407790289168,99.25388143016707,10855000
2026-03-04,99.52117156982422,99.61027233953392,99.47167785583696,99.57067283664438,13744100
2026-03-05,99.23407745361328,99.31327645669089,99.14498423977545,99.21428147926021,8741400
2026-03-06,99.11528015136719,99.3627713555031,98.90738844623289,98.96678391831921,9356500
2026-03-09,99.43207550048828,99.47167500224181,98.95688903227854,99.07568753753915,8948500
2026-03-10,99.10538482666016,99.43207505002226,99.10538482666016,99.352876046874,10177700
2026-03-11,98.65989685058594,98.99648126151567,98.61039558882233,98.91728226382675,5932700
2026-03-12,98.29361724853516,98.5708062160897,98.18472050373403,98.50150897420106,10196000
2026-03-13,98.21440887451172,98.5410990777537,98.14511163923301,98.45199831649126,8749900
2026-03-16,98.60049438476562,98.6499956468098,98.44210394132216,98.59059262179035,6168700
2026-03-17,98.79849243164062,98.82819016790005,98.71929343306068,98.73908940628957,7377300
2026-03-18,98.3827133178711,98.73910130158336,98.3827133178711,98.6698040576856,8241300
2026-03-19,98.49160766601562,98.62030793928498,98.14512145496916,98.16492498293348,13223500
2026-03-20,97.66993713378906,98.17481377652503,97.66993713378906,98.14511603905027,14458600
2026-03-23,98.03621673583984,98.24410844555875,97.77882376306924,97.86792452599582,27624700
2026-03-24,97.76892852783203,97.97682023537165,97.58083279360618,97.64022826637972,16738600
2026-03-25,98.11541748046875,98.21441245550032,98.00652074208428,98.15501698104786,16242700
2026-03-26,97.56104278564453,97.97682622614677,97.56104278564453,97.8481259568251,12299400
2026-03-27,97.55113983154297,97.67983254646148,97.30364861243092,97.35314232455376,15511300
2026-03-30,98.0461196899414,98.20451013853253,97.95701892593256,98.03621792664433,12882500
2026-03-31,98.2738037109375,98.48170296826062,98.18471050308369,98.2837054738653,23478400
2026-04-01,98.34036254882812,98.50922801919903,98.26089377033836,98.31056365153442,20860900
2026-04-02,98.56883239746094,98.62843019144681,98.22115838971729,98.2310938815682,12024600
2026-04-06,98.39002990722656,98.50922549334511,98.34036002730406,98.34036002730406,14350300
2026-04-07,98.50923156738281,98.55890145036794,98.08209634081516,98.40989937997269,14034000
2026-04-08,98.76750183105469,99.055570481034,98.67809755692862,99.00590059779061,8881800
2026-04-09,98.82710266113281,98.97610473687574,98.55890498764384,98.67810058538988,8004800
2026-04-10,98.65823364257812,98.82709911903957,98.63837023651918,98.79730022067109,4512200
2026-04-13,98.85689544677734,98.89662983642212,98.60856119541747,98.66816656916458,5838900
2026-04-14,99.11516571044922,99.12510120255254,98.8370325600358,98.86683145778582,5810800
2026-04-15,98.95623779296875,99.03569899577235,98.88670450391552,99.01583558971147,6536700
2026-04-16,98.81716918945312,99.0853668478584,98.7476359018251,99.06550344220466,10659900
2026-04-17,99.18470001220703,99.3337020810406,99.1449656219474,99.22443440246666,5614200
2026-04-20,99.17476654052734,99.21450093159649,99.03569996106543,99.21450093159649,5687900
2026-04-21,98.80723571777344,99.10523228003278,98.80723571777344,99.10523228003278,7583600
2026-04-22,98.94630432128906,99.10523430870197,98.91650542230917,99.10523430870197,7874000
2026-04-23,98.78736114501953,99.0356953938291,98.62843116663252,98.93636321001723,5063400
2026-04-24,98.92642974853516,98.97609963074048,98.6582320888824,98.73770086898692,4791800
2026-04-27,98.77743530273438,98.91650187869881,98.69796652259471,98.85689650431405,7852000
2026-04-28,98.73770141601562,98.74763690822373,98.60856275299032,98.67809604132701,8672900
2026-04-29,98.30062866210938,98.56883389624352,98.22115988321335,98.56883389624352,6764300
2026-04-30,98.439697265625,98.55890043642691,98.37016397729724,98.48936714809913,13320100
2026-05-01,98.56926727294922,98.79849386536239,98.44966583089831,98.50946274998333,11661600
2026-05-04,98.26029968261719,98.469604109095,98.08090892371781,98.4396980453975,7580400
2026-05-05,98.439697265625,98.51943156042485,98.33007211512628,98.36993165864534,10045700
2026-05-06,98.8582992553711,98.88819771517582,98.72872912437599,98.78853364786639,6968700
2026-05-07,98.61909484863281,99.05762586269005,98.56926661768682,99.00779002786325,10903100
2026-05-08,98.84832763671875,98.92806192975462,98.79849180260115,98.87822609563703,8204700
2026-05-11,98.58919525146484,98.77856229696421,98.58919525146484,98.71876537896682,6848100
2026-05-12,98.30016326904297,98.39983493666178,98.2802334978476,98.37989756158575,6336400
2026-05-13,98.34003448486328,98.35997186076436,98.15067503708883,98.29020625287252,5396300
2026-05-14,98.31013488769531,98.55929885640984,98.30016619986009,98.52940039678504,5123900
2026-05-15,97.69220733642578,97.87160570141334,97.68224625228498,97.81180878104449,8026900
2026-05-18,97.68224334716797,97.88157147839003,97.53274344681103,97.78190741277899,7774500
2026-05-19,97.30351257324219,97.47294985483246,97.19387981616421,97.3234499493733,8945400
2026-05-20,97.89154052734375,97.95133744615485,97.34337675863912,97.36331413416339,15851000
2026-05-21,98.01113891601562,98.01113891601562,97.51281095910146,97.6423810943831,7072600
2026-05-22,98.11080932617188,98.18057493508556,97.86164535092571,98.16063755889246,6948900
2026-05-26,98.3898696899414,98.5194322169439,98.28023693483124,98.44966660949935,5334500
2026-05-27,98.4696044921875,98.5692685599241,98.42973734431668,98.4795655762445,6898700
2026-05-28,98.66893005371094,98.76859411884762,98.43969586040387,98.4895316949126,10300400
2026-05-29,98.72872924804688,98.85829937920428,98.68886210029699,98.75862770788908,8936700
2026-06-01,98.35000610351562,98.36993587612962,98.03107651452338,98.11081081274173,8816600
2026-06-02,98.37989807128906,98.50946059443186,98.33006984110214,98.4696010518346,6863300
2026-06-03,98.17060089111328,98.2602962674455,98.08090551478108,98.18056957866598,7331000
2026-06-04,98.33007049560547,98.66892983710247,98.28023466120615,98.37989872612405,7000900
2026-06-05,97.84170532226562,98.04104105938725,97.84170532226562,98.00117391196292,13805200
2026-06-08,97.84170532226562,98.1008379785833,97.8217755504939,98.07093951898528,8965200
2026-06-09,98.0410385131836,98.09086674325927,97.89153861519522,98.00117136679465,14475600
2026-06-10,97.98123931884766,98.15067660118305,97.89154393750634,98.09087207640776,4780900
2026-06-11,98.54933166503906,98.58919881310447,98.01113657197752,98.06097240802953,7137700
2026-06-12,98.42973327636719,98.48953019376164,98.2602960039485,98.39983481766997,6316800
2026-06-15,98.5194320678711,98.69883043015437,98.48953360813736,98.62906482281537,7115800
2026-06-16,98.63903045654297,98.75862429177492,98.54932747623833,98.56926485136411,6353200
2026-06-17,98.28023529052734,98.73869607518994,98.24036814352876,98.66893046891259,9348600
2026-06-18,98.56926727294922,98.77856409362766,98.53936881340671,98.66893133938454,4635600
2026-06-22,98.30016326904297,98.43969447905252,98.25033503911422,98.40979602031913,6323300
2026-06-23,98.37989807128906,98.51942928202152,98.3699293836994,98.39983544646837,12089100
2026-06-24,98.8582992553711,98.90812748708534,98.73869781227121,98.76859627207594,6516700
2026-06-25,98.91809844970703,99.09749681654185,98.90812976158257,98.98786405881606,8177800
2026-06-26,99.0077896118164,99.0875239056519,98.89816446264358,98.90812554646243,9919900
2026-06-29,99.0376968383789,99.077563985765,98.96793123142345,99.00779077492868,8163500
2026-06-30,98.64900207519531,98.96793165175777,98.61909601161808,98.96793165175777,19005200
2026-07-01,98.5,98.61000061035156,98.41999816894531,98.4800033569336,10914700
2026-07-02,98.61000061035156,98.66000366210938,98.48999786376953,98.54000091552734,8407100
2026-07-06,98.66000366210938,98.66999816894531,98.4800033569336,98.5999984741211,6837100
2026-07-07,98.20999908447266,98.48999786376953,98.16000366210938,98.45999908447266,9137100
